codigo,titulo_oficial,titulo_amigavel,descricao_oficial,descricao_amigavel,termos_de_busca,familia,divisao_id,anexo,fator_r,anexo_inciso,mei_ocupacoes,mei_permitido,atende_me,atende_mei,motivo_nao_atende,exige_conselho,conselho_qual
7729201,ALUGUEL DE APARELHOS DE JOGOS ELETRÔNICOS,Aluguel de videogames e jogos eletrônicos,Esta subclasse compreende - o aluguel de aparelhos de jogos eletrônicos || Esta subclasse NÃO compreende - a exploração de jogos eletrônicos recreativos (9329-8/04),"Aluguel de consoles, videogames, fliperamas e brinquedos eletrônicos. Você aluga o aparelho; explorar o jogo no seu ponto é outra atividade.","APARELHOS DE JOGOS ELETRÔNICOS; ALUGUEL DE, LOCAÇÃO DE || APARELHOS DE VIDEOGAMES; ALUGUEL DE, LOCAÇÃO DE || BRINQUEDOS ELETRÔNICOS; ALUGUEL DE, LOCAÇÃO DE || CONSOLES DE JOGOS ELETRÔNICOS; ALUGUEL DE, LOCAÇÃO DE || FLIPERAMAS; ALUGUEL DE, LOCAÇÃO DE",aluguel,77,III,nao,§5º-F,LOCADOR(A) DE APARELHOS DE JOGOS ELETRÔNICOS INDEPENDENTE,sim,sim,sim,atendemos,nao,nao-se-aplica
7729202,"ALUGUEL DE MÓVEIS, UTENSÍLIOS E APARELHOS DE USO DOMÉSTICO E PESSOAL; INSTRUMENTOS MUSICAIS","Aluguel de móveis, eletrodomésticos e instrumentos","Esta subclasse compreende - o aluguel de móveis, utensílios e aparelhos eletroeletrônicos de uso doméstico e pessoal | - o aluguel de instrumentos musicais || Esta subclasse compreende ainda - o aluguel de móveis de escritório","Aluguel de móveis, cadeiras, eletrodomésticos, ar-condicionado e instrumentos musicais para uso doméstico ou pessoal.","APARELHOS DE DVD; ALUGUEL DE || APARELHOS ELETRODOMÉSTICOS; ALUGUEL DE, LOCAÇÃO DE || APARELHOS ELETROELETRÔNICOS; ALUGUEL DE || AR CONDICIONADO; ALUGUEL DE || CADEIRAS; ALUGUEL DE, LOCAÇÃO DE || GELADEIRA, FREEZER; ALUGUEL DE || INSTRUMENTOS MUSICAIS; ALUGUEL DE, LOCAÇÃO DE  || MESAS; ALUGUEL DE, LOCAÇÃO DE || MÓVEIS E UTENSÍLIOS PARA FESTAS; ALUGUEL DE, LOCAÇÃO DE || MÓVEIS; ALUGUEL DE, LOCAÇÃO DE || OBJETOS E UTENSÍLIOS DOMÉSTICOS; ALUGUEL DE, LOCAÇÃO DE || TELEVISOR, TELEVISÃO; ALUGUEL DE, LOCAÇÃO DE || UTENSÍLIOS E APARELHOS DE USO DOMÉSTICO; ALUGUEL DE, LOCAÇÃO DE || UTENSÍLIOS E APARELHOS ELETROELETRÔNICOS DE USO DOMÉSTICO; ALUGUEL DE || VIDEOCASSETE; ALUGUEL DE, LOCAÇÃO DE",aluguel,77,III,nao,"§5º-F (residual, conferido 2026-09-24)","LOCADOR(A) DE MÓVEIS E UTENSÍLIOS, INCLUSIVE PARA FESTAS INDEPENDENTE || LOCADOR(A) DE INSTRUMENTOS MUSICAIS INDEPENDENTE",sim,sim,sim,atendemos,nao,nao-se-aplica
7729203,ALUGUEL DE MATERIAL MÉDICO,Aluguel de material médico,"Esta subclasse compreende - o aluguel de material médico, como cadeiras de roda, camas hospitalares, muletas, inaladores, etc.","Aluguel de cadeira de rodas, cama hospitalar, muletas, inaladores e material médico em geral.","CADEIRAS DE RODA; ALUGUEL DE, LOCAÇÃO DE  || CAMAS HOSPITALARES; ALUGUEL DE, LOCAÇÃO DE || INALADORES; ALUGUEL DE || MATERIAL MÉDICO; ALUGUEL DE, LOCAÇÃO DE || MULETAS; ALUGUEL DE, LOCAÇÃO DE",aluguel,77,III,nao,"§5º-F (residual, conferido 2026-09-24)",LOCADOR(A) DE MATERIAL MÉDICO INDEPENDENTE,sim,sim,sim,atendemos,nao,nao-se-aplica
5590601,"ALBERGUES, EXCETO ASSISTENCIAIS",Albergue e hostel,Esta subclasse compreende - as atividades dos albergues não assistenciais || Esta subclasse NÃO compreende - as atividades dos albergues assistenciais (8730-1/02),"Hospedagem em albergue ou hostel, com cama por noite ou quarto compartilhado. Não cobre albergue assistencial, que é serviço social.",ALBERGUE (EXCETO ASSISTENCIAL); SERVIÇO DE ALOJAMENTO || ALOJAMENTO EM ALBERGUES NÃO ASSISTENCIAIS; SERVIÇO DE || ALOJAMENTO EM HOSTEL; SERVIÇOS DE,hospedagem,55,III,nao,"§5º-F (residual, conferido 2026-09-24)",PROPRIETÁRIO(A) DE ALBERGUE NÃO ASSISTENCIAL INDEPENDENTE,sim,sim,sim,atendemos,nao,nao-se-aplica
5590603,PENSÕES(ALOJAMENTO),Pensão e casa de cômodos,Esta subclasse compreende - as atividades das pensões (alojamento) combinadas ou não com serviço de alimentação,"Hospedagem em pensão, com ou sem refeição incluída.",PENSÃO COM SERVIÇO DE ALIMENTAÇÃO; SERVIÇO DE ALOJAMENTO || PENSÃO SEM SERVIÇO DE ALIMENTAÇÃO; SERVIÇO DE ALOJAMENTO || PENSÃO; HOSPEDAGEM || PENSÃO; SERVIÇO DE ALOJAMENTO,hospedagem,55,III,nao,"§5º-F (residual, conferido 2026-09-24)",PROPRIETÁRIO(A) DE PENSÃO INDEPENDENTE,sim,sim,sim,atendemos,nao,nao-se-aplica
5811500,EDIÇÃO DE LIVROS,Edição de livros,"Esta subclasse compreende - a edição de livros (literários, didáticos, infantis), dicionários, atlas, enciclopédias, etc., na forma impressa, eletrônica (CDs) e na internet | - a aquisição de direitos autorais para a edição e disseminação de livros || Esta subclasse compreende ainda - a gestão de direitos autorais de obras literárias || Esta subclasse NÃO compreende - a impressão de livros sob contrato (1811-3/02) | - a edição de jornais (5812-3/00) | - a edição de revistas (5813-1/00) | - a edição de material publicitário (5819-1/00) | - a edição integrada à impressão de livros (5821-2/00) | - as atividades de escritores de todos os tipos de assuntos, inclusive técnicos (9002-7/01)","Edição de livros impressos e digitais, e-books, audiolivros, apostilas, dicionários e atlas.","LIVROS DIGITAIS, VIRTUAIS (E-BOOKS); EDIÇÃO DE || APOSTILAS; EDIÇÃO DE || ATLAS; EDIÇÃO DE || AUDIOLIVROS (AUDIOBOOKS); PRODUÇÃO DE || DICIONÁRIOS; EDIÇÃO DE || DIREITOS AUTORAIS DE OBRAS LITERÁRIAS; GESTÃO DE || ENCICLOPÉDIAS; EDIÇÃO DE || LIVROS ELETRÔNICOS; EDIÇÃO DE || LIVROS EM GERAL; EDIÇÃO DE || LIVROS INFANTIS; EDIÇÃO DE || LIVROS NA INTERNET; EDIÇÃO DE || LIVROS TÉCNICOS; EDIÇÃO DE || MAPAS; EDIÇÃO DE || OBRAS LITERÁRIAS; AQUISIÇÃO DE DIREITOS AUTORAIS || OBRAS LITERÁRIAS; EDIÇÃO DE",edicao,58,III,nao,"§5º-F (residual, conferido 2026-09-24)",EDITOR(A) DE LIVROS INDEPENDENTE,sim,sim,sim,atendemos,nao,nao-se-aplica
5812301,EDIÇÃO DE JORNAIS DIÁRIOS,Edição de jornal diário,"Esta subclasse compreende - a edição diária de jornais, inclusive publicitários, na forma impressa, eletrônica e na internet; a receita das unidades nessa categoria inclui também a venda de espaços para publicidade. || Esta subclasse NÃO compreende - a edição de jornais não diário (5812-3/02) | - a impressão de jornais sob contrato (1811-3/01) | - a edição integrada à impressão de jornais diários (5822-1/01) | - a edição integrada à impressão de jornais não diários (5822-1/02) | - as atividades de jornalistas independente (9002-7/01)","Edição de jornal que sai todo dia, impresso, eletrônico ou na internet.",JORNAIS ELETRÔNICOS DIÁRIOS; EDIÇÃO DE || JORNAIS IMPRESSOS DIÁRIOS; EDIÇÃO DE || JORNAIS NA INTERNET DIÁRIOS; EDIÇÃO DE || JORNAIS PUBLICITÁRIOS DIÁRIOS; EDIÇÃO DE,edicao,58,III,nao,"§5º-F (residual, conferido 2026-09-24)",EDITOR(A) DE JORNAIS DIÁRIOS INDEPENDENTE,sim,sim,sim,atendemos,nao,nao-se-aplica
5812302,EDIÇÃO DE JORNAIS NÃO DIÁRIOS,Edição de jornal semanal ou mensal,"Esta subclasse compreende - a edição de jornais com periodicidade não diária, inclusive publicitários, na forma impressa, eletrônica e na internet; a receita das unidades nessa categoria inclui também a venda de espaços para publicidade || Esta subclasse NÃO compreende - a edição de jornais diário (5812-3/01) | - a impressão de jornais sob contrato (1811-3/01) | - a edição integrada à impressão de jornais diários (5822-1/01) | - a edição integrada à impressão de jornais não diários (5822-1/02) | - as atividades de jornalistas independente (9002-7/01)","Edição de jornal que não sai todo dia: semanal, quinzenal ou mensal, impresso ou na internet.",JORNAIS ELETRÔNICOS NÃO DIÁRIOS; EDIÇÃO DE || JORNAIS IMPRESSOS NÃO DIÁRIOS; EDIÇÃO DE || JORNAIS NA INTERNET NÃO DIÁRIOS; EDIÇÃO DE || JORNAIS PUBLICITÁRIOS NÃO DIÁRIOS; EDIÇÃO DE,edicao,58,III,nao,"§5º-F (residual, conferido 2026-09-24)",EDITOR(A) DE JORNAIS NÃO DIÁRIOS INDEPENDENTE,sim,sim,sim,atendemos,nao,nao-se-aplica
5813100,EDIÇÃO DE REVISTAS,Edição de revistas,"Esta subclasse compreende - a edição de revistas periódicas, de conteúdo geral ou técnico, como revistas industriais, revistas com programações de televisão, etc., na forma impressa, eletrônica e na Internet; | - a venda de espaços para publicidade. || Esta subclasse NÃO compreende - a impressão de revistas sob contrato (1811-3/02) | - a edição integrada à impressão de revistas (5823-9/00)","Edição de revistas e publicações periódicas, impressas, eletrônicas ou na internet.",PUBLICAÇÕES PERIÓDICAS; EDIÇÃO DE || REVISTAS DE CONTEÚDO TÉCNICO OU GERAL; EDIÇÃO DE || REVISTAS DE PROGRAMAÇÃO DE TELEVISÃO; EDIÇÃO DE || REVISTAS ELETRÔNICAS; EDIÇÃO DE || REVISTAS NA INTERNET; EDIÇÃO DE || VENDA DE ESPAÇOS PARA PUBLICIDADE EM REVISTAS,edicao,58,III,nao,"§5º-F (residual, conferido 2026-09-24)",EDITOR(A) DE REVISTAS INDEPENDENTE,sim,sim,sim,atendemos,nao,nao-se-aplica
6201502,WEB DESIGN,Web design,Esta subclasse compreende - o desenvolvimento/criação de interfaces para a internet (web design) || Esta subclasse NÃO compreende - o desenvolvimento e licenciamento de programas de computador customizáveis (6202-3/00) | - o desenvolvimento e licenciamento de programas de computador não-customizáveis (6203-1/00) | - os serviços de customização dos programas de computador (6204-0/00) | - os serviços de design gráfico (7410-2/99),"Criação e desenvolvimento de sites, portais e páginas na internet.","DESENVOLVIMENTO DE SITES, WEBSITES; SERVIÇOS DE || EDIÇÃO DE SITES, WEBSITES; SERVIÇOS DE || PORTAIS NA INTERNET; CONFECÇÃO DE, DESENVOLVIMENTO DE, CRIAÇÃO DE, SERVIÇOS DE  || PÁGINAS NA INTERNET; CONFECÇÃO DE, DESENVOLVIMENTO DE, CRIAÇÃO DE, SERVIÇOS DE || WEB DESIGN; DESENVOLVIMENTO, CRIAÇÃO DE INTERFACES PARA A INTERNET",tech,62,III-ou-V,sim,"5o-D, VI",nao-se-aplica,nao,sim,nao,atendemos,nao,nao-se-aplica
5819100,"EDIÇÃO DE CADASTROS, LISTAS E DE OUTROS PRODUTOS GRÁFICOS","Edição de catálogos, listas e guias","Esta subclasse compreende - a edição de listas de dados e de outras informações, cujo formato está sujeito a direitos autorais, na forma impressa, eletrônica e na internet: | #- cadastros e listas para malas diretas | #- listas telefônicas | #- listas de produtos farmacêuticos, etc. | #- material publicitário | #- calendários, cartões de felicitações e cartões postais | #- gravuras, reproduções de trabalhos de arte, etc. || Esta subclasse compreende ainda - a edição de estatísticas e de outras informações para divulgação na internet || Esta subclasse NÃO compreende - a impressão de produtos gráficos sob contrato, tais como: | #- material de segurança (1812-1/00) | #- material publicitário (1813-0/01) | #- material impresso para usos diversos (1813-0/99) | - a edição de jornais publicitários (5812-3/00) | - os portais, provedores de conteúdo e outros serviços de informação na internet (6319-4/00) | - a criação de material publicitário (7311-4/00)","Edição de catálogos, listas, guias, calendários, cartões-postais e cartões de felicitação.",CADASTROS ON-LINE; EDIÇÃO DE || CADASTROS PARA MALA DIRETA; EDIÇÃO DE || CALENDÁRIOS; EDIÇÃO DE || CARTÕES DE FELICITAÇÕES; EDIÇÃO DE || CARTÕES POSTAIS; EDIÇÃO DE || ESTATÍSTICAS E OUTRAS INFORMAÇÕES PARA DIVULGAÇÃO NA INTERNET; EDIÇÃO DE || GRAVURAS; EDIÇÃO DE || LISTAS DE PRODUTOS FARMACÊUTICOS; EDIÇÃO DE || LISTAS PARA MALAS DIRETAS; EDIÇÃO DE || LISTAS TELEFÔNICAS; EDIÇÃO DE || MATERIAL PUBLICITÁRIO; EDIÇÃO DE || PANFLETOS E FOLHETOS; EDIÇÃO DE || REPRODUÇÃO DE TRABALHOS DE ARTE; EDIÇÃO DE,edicao,58,III,nao,"§5º-F (residual, conferido 2026-09-24)",EDITOR(A) DE LISTA DE DADOS E DE OUTRAS INFORMAÇÕES INDEPENDENTE,sim,sim,sim,atendemos,nao,nao-se-aplica
5911102,PRODUÇÃO DE FILMES PARA PUBLICIDADE,Produção de vídeo publicitário,"Esta subclasse compreende - a produção de filmes em qualquer suporte (película, vídeo e DVD) para publicidade de qualquer tipo: | #- filmes institucionais | #- comerciais de televisão | #- filmes para campanhas políticas | #- filmes para campanhas de responsabilidade social | - os arquivos de filmes de publicidade || Esta subclasse NÃO compreende - a produção de filmes em estúdios cinematográficos (5911-1/01) | - a produção de filmes destinados à difusão pela televisão e internet (5911-1/99)","Produção de comercial de TV, filme institucional e vídeo para campanha publicitária.",ARQUIVOS DE FILMES DE PUBLICIDADE; ATIVIDADES DE || COMERCIAIS DE TELEVISÃO; PRODUÇÃO DE || FILMES DE PUBLICIDADE; ARQUIVOS DE || FILMES INSTITUCIONAIS; PRODUÇÃO DE || FILMES PARA CAMPANHAS DE RESPONSABILIDADE SOCIAL; PRODUÇÃO DE || FILMES PARA CAMPANHAS POLÍTICAS; PRODUÇÃO DE || FILMES PARA PUBLICIDADE; PRODUÇÃO DE || PRODUTORA DE FILMES DE PUBLICIDADE || VÍDEOS PARA PUBLICIDADE; PRODUÇÃO DE,mkt,59,III,nao,§5º-B XV,nao-se-aplica,nao,sim,nao,atendemos,nao,nao-se-aplica
5912001,SERVIÇOS DE DUBLAGEM,Dublagem,"Esta subclasse compreende - os serviços de dublagem de filmes cinematográficos, de vídeos e de programas de televisão || Esta subclasse NÃO compreende - os serviços de mixagem sonora de filmes cinematográficos, vídeos e gravações de programas de televisão (5912-0/02) | - a edição de filmes em películas, fitas de vídeo e DVDs, envolvendo telecinagem (transposição do filme em película para fita), colocação de títulos e legendas, edição dos créditos, animação e efeitos especiais (5912-0/99) | - o processamento e montagem de filmes cinematográficos (5912-0/99) | - os laboratórios de filmes cinematográficos e laboratórios especiais para filmes de animação (5912-0/99)","Dublagem de filmes, séries, programas de televisão e vídeos.",DUBLAGEM DE FILMES CINEMATOGRÁFICOS || DUBLAGEM DE FILMES; SERVIÇOS DE || DUBLAGEM DE PROGRAMAS DE TELEVISÃO || DUBLAGEM DE VÍDEOS,foto,59,III,nao,§5º-B XV,DUBLADOR(A) INDEPENDENTE,sim,sim,sim,atendemos,nao,nao-se-aplica
5912002,SERVIÇOS DE MIXAGEM SONORA EM PRODUÇÃO AUDIOVISUAL,Mixagem e edição de som,"Esta subclasse compreende - os serviços de mixagem sonora de filmes cinematográficos, vídeos e gravações de programas de televisão || Esta subclasse NÃO compreende - os serviços de dublagem (5912-0/01) | - a edição de filmes em películas, envolvendo telecinagem (transposição do filme em película para fita), colocação de títulos e legendas, edição dos créditos, animação e efeitos especiais (5912-0/99) | - o processamento e montagem de filmes cinematográficos (5912-0/99) | - os laboratórios de filmes cinematográficos e laboratórios especiais para filmes de animação (5912-0/99) | - os serviços de mixagem sonora de material gravado (5920-1/00)","Mixagem sonora para filme, vídeo e programa de televisão.",MIXAGEM SONORA EM FILMES || MIXAGEM SONORA EM PRODUÇÃO AUDIOVISUAL || MIXAGEM SONORA EM PROGRAMAS DE TELEVISÃO || MIXAGEM SONORA EM VÍDEOS,foto,59,III,nao,§5º-B XV,nao-se-aplica,nao,sim,nao,atendemos,nao,nao-se-aplica
7220700,PESQUISA E DESENVOLVIMENTO EXPERIMENTAL EM CIÊNCIAS SOCIAIS E HUMANAS,Pesquisa em ciências sociais e humanas,"Esta subclasse compreende - as atividades de pesquisa e desenvolvimento realizadas no âmbito das ciências sociais e ciências humanas e em áreas interdisciplinares dessas ciências: sociologia, economia, psicologia, direito, lingüística, artes, arqueologia, etc. || Esta subclasse NÃO compreende - as pesquisas de mercado e de opinião pública (7320-3/00)","Pesquisa e desenvolvimento em direito, economia, linguística, arqueologia, artes e áreas afins.","ARQUEOLOGIA; PESQUISA E DESENVOLVIMENTO EM || ARTES; PESQUISA E DESENVOLVIMENTO EM || DIREITO; PESQUISA E DESENVOLVIMENTO EM || ECONOMIA; PESQUISA E DESENVOLVIMENTO EM || LINGÜÍSTICA; PESQUISA E DESENVOLVIMENTO EM || PESQUISA E DESENVOLVIMENTO EM CIÊNCIAS SOCIAIS E HUMANAS || PESQUISA ECONÔMICA, COMERCIAL E NÃO COMERCIAL || PESQUISA EDUCACIONAL || SOCIOLOGIA; PESQUISA E DESENVOLVIMENTO EM",consult,72,III-ou-V,sim,§5º-I XII,nao-se-aplica,nao,sim,nao,atendemos,nao,nao-se-aplica
5920100,ATIVIDADES DE GRAVAÇÃO DE SOM E DE EDIÇÃO DE MÚSICA,Estúdio de gravação e edição musical,"Esta subclasse compreende - a gravação de matrizes originais para reprodução de som em qualquer suporte e para qualquer finalidade, inclusive para publicidade | - a atividade de reprodução, promoção e distribuição das gravações de composições musicais para o comércio atacadista e varejista ou diretamente ao público. Estas atividades podem estar integradas ou não com a produção de matrizes originais em uma mesma unidade. Se não, a unidade que exerce estas atividades tem que obter os direitos de reprodução e distribuição da gravadora das matrizes originais  | - as atividades de promoção e autorização das composições musicais em gravações, no rádio, televisão, filmes, apresentações ao vivo e em outros veículos de comunicação. As unidades ligadas a estas atividades podem ter a propriedade dos direito autorais ou atuarem como administradoras de direitos autorais musicais em nome dos proprietários desses direitos | - as atividades de serviços de gravação em estúdios ou outros locais, inclusive a produção de programas de rádio para serem transmitidos posteriormente | - os serviços de mixagem sonora de material gravado | - os serviços de masterização e remasterização de material sonoro | - a edição de música e de partituras musicai || Esta subclasse compreende ainda o registro e cessão de direitos autorais de composições musicais || Esta subclasse NÃO compreende - a reprodução em escala industrial de matrizes originais de som em qualquer suporte (1830-0/01) | - os serviços de mixagem sonora de filmes cinematográficos, vídeos e gravações de programas de televisão (5912-0/02) | - os serviços de disponibilização de música através da internet (6319-4/00)","Gravação de som, edição de música e gestão de direitos autorais de obras musicais.","ATIVIDADES FONOGRÁFICAS || COMPOSIÇÕES MUSICAIS; AUTORIZAÇÃO DE USO DE || DIREITOS AUTORAIS DE OBRAS MUSICAIS; GESTÃO DE || DIREITOS AUTORAIS MUSICAIS; CESSÃO DE, ADMINISTRAÇÃO DE, REGISTRO DE || EDIÇÃO DE MATERIAL SONORO || EDIÇÃO DE MÚSICA || EQUALIZAÇÃO SONORA; ATIVIDADE DE || ESTUDIO MUSICAL; PRESTAÇÃO DE SERVIÇOS || ESTÚDIO DE GRAVAÇÃO DE SOM || ESTÚDIO DE GRAVAÇÃO SONORA || FITAS E CDS; MASTERIZAÇÃO DE || FITAS E CDS; PRODUÇÃO DE MATRIZES ORIGINAIS DE || GRAVAÇÃO DE FONOGRAMAS; SERVIÇOS DE || GRAVAÇÃO DE PODCASTS; SERVIÇOS DE || GRAVAÇÃO DE PROGRAMAS DE RÁDIO || GRAVAÇÃO DE SOM EM ESTÚDIO MUSICAL; SERVIÇOS DE || GRAVAÇÃO DE SOM; MASTERIZAÇÃO DE || GRAVAÇÃO DE SOM; PROMOÇÃO DE || GRAVAÇÕES SONORAS; PRODUÇÃO DE || MASTERIZAÇÃO DE GRAVAÇÃO DE SOM || MASTERIZAÇÃO E REMASTERIZAÇÃO DE SONS EM MEIOS MAGNÉTICOS;  || MATERIAL SONORO GRAVADO; DISTRIBUIÇÃO DE || MATRIZES ORIGINAIS DE SOM; PRODUÇÃO DE || MIXAGEM SONORA EM FITAS E CDS || MIXAGEM SONORA EM MATERIAL GRAVADO || PARTITURAS MUSICAIS; EDIÇÃO DE || PARTITURAS MUSICAIS; EDIÇÃO INTEGRADA À IMPRESSÃO DE || SOM PARA PUBLICIDADE; PRODUÇÃO DE || SONS EM MEIOS MAGNÉTICOS; REEDIÇÃO DE || SONS EM MEIOS MAGNÉTICOS; TRANSCRIÇÃO DE",foto,59,III,nao,"5o-B, XV",nao-se-aplica,nao,sim,nao,atendemos,nao,nao-se-aplica
6201501,DESENVOLVIMENTO DE PROGRAMAS DE COMPUTADOR SOB ENCOMENDA,Desenvolvimento de software sob encomenda,"Esta subclasse compreende - o desenvolvimento de sistemas para atender às necessidades do cliente, ou seja, as atividades voltadas para a definição dos módulos, especificações funcionais internas, tipos de relatórios e testes de avaliação do desempenho | - a programação com o uso de ferramentas e de linguagens de programação | - o fornecimento de documentação de programas de computador desenvolvidos sob encomenda | - o desenvolvimento de projetos e modelagem de banco de dados sob encomenda || Esta subclasse NÃO compreende - o desenho de páginas para a internet (web design) (6201-5/02) | - o desenvolvimento e licenciamento de programas de computador customizáveis (6202-3/00) | - o desenvolvimento e licenciamento de programas de computador não-customizáveis (6203-1/00) | - os serviços de customização dos programas de computador (6204-0/00)","Criação de sistema, aplicativo ou banco de dados feito sob medida para um cliente específico.","BANCO DE DADOS SOB ENCOMENDA; DESENVOLVIMENTO DE || CRIAÇÃO, CONFIGURAÇÃO DE SOFTWARE DE BANCO DE DADOS SOB ENCOMENDA || DESENVOLVIMENTO DE APLICATIVO INFORMÁTICO SOB ENCOMENDA || DESENVOLVIMENTO DE PROJETOS E MODELAGEM DE BANCO DE DADOS SOB ENCOMENDA || DOCUMENTAÇÃO DE PROGRAMAS DE COMPUTADOR DESENVOLVIDOS SOB ENCOMENDA; FORNECIMENTO DE || EDIÇÃO DE SOFTWARE SOB ENCOMENDA; SERVIÇOS DE || EDIÇÃO ON LINE DE BANCO DE DADOS; SERVIÇOS DE || PROGRAMAS DE BANCO DE DADOS SOB ENCOMENDA; ELABORAÇÃO DE  || PROGRAMAS DE COMPUTADOR SOB ENCOMENDA; ELABORAÇÃO DE  || PROGRAMAS DE INFORMÁTICA SOB ENCOMENDA; DESENVOLVIMENTO, PRODUÇÃO, DOCUMENTAÇÃO DE || PROGRAMAS DE INFORMÁTICA SOB ENCOMENDA; ELABORAÇÃO DE  || PROGRAMAÇÃO COM O USO DE LINGUAGENS DE PROGRAMAÇÃO; ATIVIDADES DE || PROGRAMAÇÃO DE SISTEMAS INFORMÁTICOS SOB ENCOMENDA; SERVIÇOS DE || SOFTWARE DE BANCO DE DADOS SOB ENCOMENDA; PRODUÇÃO, CRIAÇÃO, DESENVOLVIMENTO DE || SOFTWARE SOB ENCOMENDA; DESENVOLVIMENTO, PRODUÇÃO DE || TRADUÇÃO DE SOFTWARE; SERVIÇOS DE",tech,62,III-ou-V,sim,"5o-D, IV",nao-se-aplica,nao,sim,nao,atendemos,nao,nao-se-aplica
6202300,DESENVOLVIMENTO E LICENCIAMENTO DE PROGRAMAS DE COMPUTADOR CUSTOMIZÁVEIS,Desenvolvimento de software customizável,Esta subclasse compreende - o desenvolvimento de sistemas ou programas de computador (software) que permitem a realização de customizações (adaptações às necessidades específicas de um cliente ou mercado particular) || Esta subclasse compreende ainda - o licenciamento ou a outorga de autorização de uso dos programas de computador customizáveis; este licenciamento é freqüentemente obtido através da própria empresa que os desenvolveu ou de seus representantes || Esta subclasse NÃO compreende - a produção de programas de computador sob encomenda (6201-5/00) | - o desenvolvimento e licenciamento de programas de computador não-customizáveis (6203-1/00) | - os serviços de customização dos programas de computador (6204-0/00),Desenvolvimento e licenciamento de software que você adapta para cada cliente.,CESSÃO DE DIREITO DE USO DE PROGRAMAS DE COMPUTADOR CUSTOMIZÁVEIS; SERVIÇOS DE || CESSÃO DE DIREITO DE USO DE SOFTWARE CUSTOMIZÁVEL; SERVIÇOS DE || PROGRAMAS DE COMPUTADOR CUSTOMIZÁVEIS; DESENVOLVIMENTO DE || PROGRAMAS DE COMPUTADOR CUSTOMIZÁVEIS; LICENCIAMENTO DE || PROGRAMAS DE INFORMÁTICA CUSTOMIZÁVEIS; DESENVOLVIMENTO DE || PROGRAMAS DE INFORMÁTICA CUSTOMIZÁVEIS; LICENCIAMENTO DE || SOFTWARE CUSTOMIZÁVEIS; DESENVOLVIMENTO DE || SOFTWARE CUSTOMIZÁVEIS; LICENCIAMENTO DE || SOFTWARE CUSTOMIZÁVEIS; REPRESENTAÇÃO DE,tech,62,III-ou-V,sim,"5o-D, V",nao-se-aplica,nao,sim,nao,atendemos,nao,nao-se-aplica
6203100,DESENVOLVIMENTO E LICENCIAMENTO DE PROGRAMAS DE COMPUTADOR NÃO CUSTOMIZÁVEIS,Desenvolvimento de software pronto,"Esta subclasse compreende - o desenvolvimento de sistemas ou programas de computador que não permitem customizações (adaptações às necessidades específicas de um cliente ou mercado particular). Esses programas são, em geral, adquiridos no comércio, embora possam ser também obtidos diretamente da empresa que os desenvolveu ou através de seus distribuidores e representantes, como, por exemplo: | #- sistemas operacionais | #- aplicativos para empresas e para outras finalidades | #- jogos de computador para todas as plataformas || Esta subclasse compreende ainda - o licenciamento ou a outorga de autorização de uso dos programas de computador não-customizáveis | - os distribuidores autorizados de programas de computador não-customizáveis, que são responsáveis pela concessão e regularização de licenças para uso, treinamento, etc. || Esta subclasse NÃO compreende - a reprodução de programas de computador (software) em qualquer suporte (1830-0/03) | - o comércio varejista de programas de computador não-customizáveis (4751-2/00) | - o desenvolvimento de programas de computador sob encomenda (6201-5/00) | - o desenvolvimento e licenciamento de programas de computador customizáveis (6202-3/00) | - o acesso a programas de computador pela internet (6319-4/00)","Desenvolvimento e licenciamento de software vendido igual para todo mundo, sem adaptação por cliente.","APLICATIVOS E PROGRAMAS DE COMPUTADOR NÃO-CUSTOMIZÁVEIS; LICENCIAMENTO DE || APLICATIVOS E PROGRAMAS DE COMPUTADOR NÃO-CUSTOMIZÁVEIS; PRODUÇÃO, DESENVOLVIMENTO DE || APLICATIVOS E PROGRAMAS DE COMPUTADOR NÃO-CUSTOMIZÁVEIS; REPRESENTAÇÃO DE || CRIAÇÃO E DESENVOLVIMENTO DE ITENS VIRTUAIS PARA USO EM JOGOS ELETRÔNICOS (DIGITAIS); ATIVIDADES DE || JOGOS DE COMPUTADOR PARA TODAS AS PLATAFORMAS; DESENVOLVIMENTO DE || JOGOS ELETRÔNICOS; DESENVOLVIMENTO DE || PROGRAMAS DE INFORMÁTICA NÃO-CUSTOMIZÁVEIS; LICENCIAMENTO DE || PROGRAMAS DE INFORMÁTICA NÃO-CUSTOMIZÁVEIS; PRODUÇÃO, DESENVOLVIMENTO DE || PROGRAMAS DE INFORMÁTICA NÃO-CUSTOMIZÁVEIS; REPRESENTAÇÃO DE || SISTEMAS OPERACIONAIS; DESENVOLVIMENTO DE || SOFTWARE NÃO-CUSTOMIZÁVEIS; DESENVOLVIMENTO DE || SOFTWARE NÃO-CUSTOMIZÁVEIS; LICENCIAMENTO DE",tech,62,III-ou-V,sim,"5o-D, V",nao-se-aplica,nao,sim,nao,atendemos,nao,nao-se-aplica
6204000,CONSULTORIA EM TECNOLOGIA DA INFORMAÇÃO,Consultoria em TI,"Esta subclasse compreende - a análise para determinação das necessidades do cliente ou do mercado potencial e a especificação técnica do sistema quanto à definição das funcionalidades e campo de aplicação | - os serviços de assessoria para auxiliar o usuário na definição de um sistema quanto aos tipos e configurações de equipamentos de informática (hardware), assim como os programas de computador (software) correspondentes e suas aplicações, redes e comunicação, etc. | - o acompanhamento, gerência e fiscalização de projetos de informática, ou seja, a coordenação de atividades envolvidas na definição, implantação e operacionalização de projetos destinados à informatização de um determinado segmento | - a consultoria para integração de sistemas e soluções, ou seja, atividades de estruturação e operacionalização de uma solução final funcional, a partir da união de diferentes sistemas, mantendo suas características essenciais | - atividades de atualização de websites, isto é, atividades de inserção e retirada de informações, atualização de arquivos, banco de dados, inserção de banners e links, etc. | - os serviços de customização de programas de computador customizáveis, ou seja, atividades que consistem em adaptar as necessidades do usuário às telas, terminologias, tabelas e a outras características inerentes ao sistema || Esta subclasse NÃO compreende - a assessoria em informática associada à venda de computadores e periféricos (4751-2/01) e (4651-6/01) | - o desenvolvimento de programas de computador sob encomenda (6201-5/00)","Consultoria, assessoria e auditoria em sistemas, software e infraestrutura de informática.","ASSESSORIA EM SOFTWARE, PROGRAMAS DE INFORMÁTICA || ASSESSORIA PARA COMPRA E INSTALAÇÃO DE PERIFÉRICOS  || ASSESSORIA, CONSULTORIA EM INFORMÁTICA || ASSESSORIA, CONSULTORIA EM SISTEMAS DE INFORMÁTICA || AUDITORIA DE SISTEMAS DE INFORMÁTICA; SERVIÇOS DE || CONSULTORIA EM ANÁLISE DE SISTEMAS || CONSULTORIA EM HARDWARE E SOFTWARE || CONSULTORIA EM INFORMÁTICA || CONSULTORIA EM PROGRAMAS DE COMPUTADOR || CONSULTORIA EM TECNOLOGIA DA INFORMAÇÃO || CONSULTORIA TÉCNICA EM INFORMÁTICA; SERVIÇOS DE || CUSTOMIZAÇÃO DE PROGRAMAS DE COMPUTADOR || CUSTOMIZAÇÃO DE SOFTWARE || GATEWAY (PONTE DE LIGAÇÃO), SISTEMA INTERMEDIÁRIO (SOFTWARE) DE INTERLIGAÇÃO DE REDES COMERCIAIS; SERVIÇOS DE || HARDWARE; ASSESSORIA EM || HARDWARE; CONSULTORIA EM || PERSONALIZAÇÂO DE PROGRAMAS DE COMPUTADOR CUSTOMIZÁVEIS; SERVIÇOS DE || PERSONALIZAÇÂO DE SOFTWARE CUSTOMIZÁVEIS; SERVIÇOS DE || PROJETOS PARA INSTALAÇÕES DE REDE; DESENVOLVIMENTO DE || SOFTWARE, PROGRAMAS DE INFORMÁTICA, SOB ENCOMENDA; ATUALIZAÇÃO DE || SOFTWARE, PROGRAMAS DE INFORMÁTICA; ASSESSORIA EM",tech,62,III-ou-V,sim,"5o-I, IX",nao-se-aplica,nao,sim,nao,atendemos,nao,nao-se-aplica
6209100,"SUPORTE TÉCNICO, MANUTENÇÃO E OUTROS SERVIÇOS EM TECNOLOGIA DA INFORMAÇÃO",Suporte técnico em TI,"Esta subclasse compreende - as atividades de assessoramento ao usuário na utilização de sistemas, remotamente ou em suas instalações, de modo a superar qualquer perda de performance ou dificuldade de utilização (help-desk) | - as atividades voltadas para solucionar os problemas que dificultem a navegabilidade entre as páginas ou impeçam o usuário da plena utilização do website | - a recuperação de panes informáticas | - o serviço de instalação de equipamentos de informática e programas de computador || Esta subclasse compreende ainda - a manutenção em tecnologias da informação, ou seja, a disponibilização para o usuário final de modificações necessárias ao sistema para atender a alterações técnicas, aprimorar os recursos, funções e características técnicas dos programas e para corrigir falhas no sistema || Esta subclasse NÃO compreende - a assessoria em informática associada à venda de computadores e periféricos (47.51-2) e (46.51-6) | - o desenvolvimento de programas de computador sob encomenda (6201-5/00) | - os serviços de customização dos programas de computador (6204-0/00) | - a reparação e manutenção de computadores e equipamentos periféricos (9511-8/00)","Help-desk, instalação, configuração e manutenção de sistemas e equipamentos de informática.","APOIO NA CONFIGURAÇÃO DE EQUIPAMENTOS, INSTALAÇÃO E USO DE APLICATIVOS INFORMÁTICOS; SERVIÇOS DE || CONFIGURAÇÃO DE EQUIPAMENTOS DE INFORMÁTICA; SERVIÇOS DE APOIO A CLIENTES || HELP-DESK; SERVIÇOS DE APOIO A CLIENTES || INSTALAÇÃO DE EQUIPAMENTOS DE INFORMÁTICA (HARDWARE) E PROGRAMAS DE COMPUTADOR; SERVIÇOS DE || INSTALAÇÃO E MANUTENÇÃO DE SOFTWARE; SERVIÇOS DE || MANUTENÇÃO DE PROGRAMAS DE INFORMÁTICA; SERVIÇOS DE || MANUTENÇÃO DE SISTEMAS INFORMÁTICOS; SERVIÇOS DE || MANUTENÇÃO EM TECNOLOGIA DA INFORMAÇÃO (INFORMÁTICA); SERVIÇOS DE || MONITORAMENTO, TESTE E ANÁLISE DE REDES E SISTEMAS DE SEGURANÇA CIBERNÉTICA (CIBERSEGURANÇA) || PANES INFORMÁTICAS; RECUPERAÇÃO DE || RECUPERAÇÃO DE DADOS, ARQUIVOS; SERVIÇOS DE || RECUPERAÇÃO DE PANES EM PROGRAMAS DE INFORMÁTICA; SERVIÇOS DE || SEGURANÇA DIGITAL (INFORMÁTICA); SERVIÇOS DE || SEGURANÇA EM INFORMÁTICA, ANTIVÍRUS, CRIPTOGRAFIA, AUTENTICAÇÃO, DETECÇÃO DE HACKERS; SERVIÇOS DE || SEGURANÇA EM TECNOLOGIA DA INFORMAÇÃO (INFORMÁTICA); SERVIÇOS DE || SUPORTE TÉCNICO EM TECNOLOGIA DA INFORMAÇÃO (INFORMÁTICA); SERVIÇOS DE",tech,62,III,nao,"§5º-F (residual, conferido 2026-09-24)",nao-se-aplica,nao,sim,nao,atendemos,nao,nao-se-aplica
6311900,"TRATAMENTO DE DADOS, PROVEDORES DE SERVIÇOS DE APLICAÇÃO E SERVIÇOS DE HOSPEDAGEM NA INTERNET",Hospedagem de sites e tratamento de dados,"Esta subclasse compreende - as atividades de disponibilização de infra-estrutura para os serviços de tratamento de dados, hospedagem na internet e outras atividades relacionadas, como: | #- a hospedagem de aplicações ou serviços de transferência contínua de som e imagem através da internet | #- a hospedagem de páginas da internet (webhosting) | #- os serviços de compartilhamento de computadores | - as atividades de tratamento de dados a partir dos dados fornecidos pelos clientes, como: | #- o processamento de dados com a respectiva emissão de relatórios e críticas | #- a gestão de bancos de dados de terceiros, permitindo a produção de listagens, de tabulações e a realização de consultas | #- os serviços de entrada de dados para processamento | #- as atividades de escaneamento e leitura ótica de documentos || Esta subclasse NÃO compreende - o desenvolvimento de programas de computador sob encomenda (6201-5/00) | - o desenvolvimento e licenciamento de programas de computador customizáveis (6202-3/00) | - o desenvolvimento e licenciamento de programas de computador não-customizáveis (6203-1/00) | - o aluguel de computadores e periféricos (7733-1/00) | - os serviços de digitação para edição de textos (8219-9/99) | - os provedores de acesso às redes de comunicações (6190-6/01) | - os provedores de voz sobre protocolo internet – VOIP (6190-6/02) | - os portais e provedores de conteúdo (6319-4/00)","Hospedagem na internet, gestão de banco de dados de terceiros e processamento de dados.","ALUGUEL DE HORA EM COMPUTADOR || BANCO DE DADOS DE TERCEIROS; GESTÃO DE || BANCO DE DADOS; PRODUÇÃO DE LISTAGENS, TABULAÇÕES, CONSULTAS || BANCOS DE DADOS DE TERCEIROS; GESTÃO E OPERAÇÃO DE  || COMPUTADORES; SERVIÇOS DE COMPARTILHAMENTO DE || CPD; SERVIÇOS DE || DIGITALIZAÇÃO PARA ENTRADA DE DADOS || DIGITAÇÃO DE DADOS PARA PROCESSAMENTO; SERVIÇOS DE || ENTRADA DE DADOS PARA PROCESSAMENTO; SERVIÇOS DE || ESCANEAMENTO E LEITURA ÓTICA DE DOCUMENTOS (DIGITALIZAÇÃO DE DOCUMENTOS); ATIVIDADES DE || HOSPEDAGEM DE DADOS NA INTERNET; SERVIÇOS DE || HOSPEDAGEM DE PÁGINAS, SITES - WEB HOSTING; SERVIÇOS DE || HOSPEDAGEM NA INTERNET - WEB HOSTING; SERVIÇOS DE || INSTALAÇÕES INFORMÁTICAS; USO COMPARTILHADO DE || PROCESSAMENTO DE DADOS DE TERCEIROS; GESTÃO E OPERAÇÃO DE EQUIPAMENTOS DE  || PROCESSAMENTO DE DADOS; SERVIÇOS DE || PROCESSAMENTO E ARMAZENAMENTO DE MÍDIA ELETRÔNICA; SERVIÇOS DE || PROCESSAMENTO E GUARDA DE DOCUMENTOS NA FORMA ELETRÔNICA; SERVIÇOS DE || TRANSCRIÇÃO DE DADOS PARA PROCESSAMENTO; SERVIÇOS DE || TRATAMENTO DE DADOS PARA PROCESSAMENTO || VALIDAÇÃO E MINERAÇÃO DE CRIPTOATIVOS NÃO FINANCEIROS; ATIVIDADE DE || WEB HOSTING; SERVIÇOS DE HOSPEDAGEM DE SITES",tech,63,III,nao,"§5º-F (residual, conferido 2026-09-24)",nao-se-aplica,nao,sim,nao,atendemos,nao,nao-se-aplica
6391700,AGÊNCIAS DE NOTÍCIAS,Agência de notícias,"Esta subclasse compreende - a atividade de agências de notícias cuja função é a coleta, síntese e difusão de materiais para os meios de comunicação (textos, fotos, filmes, etc.) || Esta subclasse NÃO compreende - as atividades dos fotógrafos independentes (7420-0/01) | - as atividades de jornalistas independentes (9002-7/01)","Apuração, produção e distribuição de material noticioso para veículos de imprensa.",AGENCIAMENTO DE NOTÍCIAS; SERVIÇOS DE || AGÊNCIA DE NOTÍCIAS; SERVIÇOS DE || DISTRIBUIÇÃO DE MATERIAL DE IMPRENSA; SERVIÇOS DE || DISTRIBUIÇÃO DE MATÉRIA NOTICIOSA; SERVIÇOS DE || DIVULGAÇÃO DE NOTÍCIAS; SERVIÇOS DE,edicao,63,III,nao,"§5º-F (residual, conferido 2026-09-24)",nao-se-aplica,nao,sim,nao,atendemos,nao,nao-se-aplica
7722500,"ALUGUEL DE FITAS DE VÍDEO, DVDS E SIMILARES",Locadora de filmes e mídias,"Esta subclasse compreende - o aluguel de fitas de vídeo, DVDs, CDs e similares || Esta subclasse NÃO compreende - a distribuição de filmes em vídeo a distribuidores e exibidores (5913-8/00) | - o empréstimo de fitas de vídeo e DVDs por bibliotecas (9101-5/00)","Aluguel de DVD, Blu-ray, CD e cartuchos de videogame.","BLU-RAY; ALUGUEL DE, LOCAÇÃO DE || CARTUCHOS DE VÍDEO GAME; ALUGUEL DE, LOCAÇÃO DE || CD; ALUGUEL DE, LOCAÇÃO DE || CDs; ALUGUEL DE, LOCAÇÃO DE || DISCOS; ALUGUEL DE, LOCAÇÃO DE || DVDs; ALUGUEL DE, LOCAÇÃO DE || FILMES EM DVD OU CARTUCHO; ALUGUEL DE, LOCAÇÃO DE || FITAS DE VÍDEO; ALUGUEL DE, LOCAÇÃO DE || LOCADORA DE FITAS DE VÍDEO || LOCADORA DE VÍDEO || VHS; ALUGUEL DE, LOCAÇÃO DE || VIDEOLOCADORA",aluguel,77,III,nao,"§5º-F (residual, conferido 2026-09-24)","LOCADOR(A) DE FITAS DE VÍDEO, DVDS E SIMILARES INDEPENDENTE || LOCADOR(A) DE VÍDEO GAMES, INDEPENDENTE",sim,sim,sim,atendemos,nao,nao-se-aplica
7723300,"ALUGUEL DE OBJETOS DO VESTUÁRIO, JÓIAS E ACESSÓRIOS","Aluguel de roupas, joias e acessórios","Esta subclasse compreende - o aluguel de objetos do vestuário, de jóias, de calçados e de outros acessórios","Aluguel de roupa, traje de festa, enxoval de noiva, calçado, joia e acessório.","ACESSÓRIOS DO VESTUÁRIO; ALUGUEL DE, LOCAÇÃO DE || ACESSÓRIOS PARA NOIVAS; ALUGUEL DE, LOCAÇÃO DE || ARTIGOS DO VESTUÁRIO; ALUGUEL DE, LOCAÇÃO DE || CALÇADOS; ALUGUEL DE, LOCAÇÃO DE || ENXOVAL; ALUGUEL DE, LOCAÇÃO DE || FANTASIAS; ALUGUEL DE, LOCAÇÃO DE || JÓIAS; ALUGUEL DE, LOCAÇÃO DE || ROUPAS; ALUGUEL DE, LOCAÇÃO DE || TERNO; ALUGUEL DE, LOCAÇÃO DE || TRAJES; ALUGUEL DE, LOCAÇÃO DE || UNIFORMES DE TRABALHO; LOCAÇÃO DE || VESTIDOS; ALUGUEL DE, LOCAÇÃO DE || VESTUÁRIO; ALUGUEL DE; LOCAÇÃO DE",aluguel,77,III,nao,"§5º-F (residual, conferido 2026-09-24)","LOCADOR(A) DE OBJETOS DO VESTUÁRIO, JÓIAS E ACESSÓRIOS INDEPENDENTE",sim,sim,sim,atendemos,nao,nao-se-aplica
7210000,PESQUISA E DESENVOLVIMENTO EXPERIMENTAL EM CIÊNCIAS FÍSICAS E NATURAIS,Pesquisa em ciências exatas e naturais,"Esta subclasse compreende - as atividades de pesquisa e desenvolvimento realizadas no âmbito das ciências da vida, tais como: medicina, biologia, bioquímica, farmácia, agronomia e conexas | - as atividades de pesquisa e desenvolvimento realizadas no âmbito das ciências físicas e de engenharia, tais como: matemática, física, astronomia, química, geociências e conexas","Pesquisa e desenvolvimento em agronomia, biologia, biomedicina, física, química e áreas afins.","AGRONOMIA; PESQUISA E DESENVOLVIMENTO EM || BIOLOGIA MOLECULAR APLICADA À SAÚDE HUMANA; PESQUISA E DESENVOLVIMENTO EXPERIMENTAL EM || BIOMARCADORES APLICADOS À SAÚDE HUMANA; PESQUISA E DESENVOLVIMENTO EXPERIMENTAL EM || BIOMEDICINA E CIÊNCIAS BIOMÉDICAS; PESQUISA E DESENVOLVIMENTO EXPERIMENTAL EM || BIOQUÍMICA; PESQUISA E DESENVOLVIMENTO EM || BIOTECNOLOGIA APLICADA À SAÚDE HUMANA; PESQUISA E DESENVOLVIMENTO EXPERIMENTAL EM || FARMÁCIA; PESQUISA E DESENVOLVIMENTO EM || FAZENDA EXPERIMENTAL; PESQUISA || IMUNOLOGIA; PESQUISA E DESENVOLVIMENTO EXPERIMENTAL EM || LABORATÓRIO DE PESQUISA FÍSICA, COMERCIAL E NÃO COMERCIAL || LABORATÓRIO DE PESQUISA QUÍMICA, COMERCIAL E NÃO COMERCIAL || LABORATÓRIO INDUSTRIAL; PESQUISA || MEDICINA; PESQUISA E DESENVOLVIMENTO EM || MICROBIOLOGIA MÉDICA; PESQUISA E DESENVOLVIMENTO EXPERIMENTAL EM || PARASITOLOGIA; PESQUISA E DESENVOLVIMENTO EXPERIMENTAL EM || PESQUISA BIOGENÉTICA || PESQUISA BIOLÓGICA || PESQUISA E DESENVOLVIMENTO COM ACESSO A PATRIMÔNIO GENÉTICO EXISTENTE NO TERRITÓRIO NACIONAL; ATIVIDADES DE || PESQUISA E DESENVOLVIMENTO DAS CIÊNCIAS FÍSICAS E NATURAIS || PESQUISA E DESENVOLVIMENTO DE ALIMENTOS; ATIVIDADES DE || PESQUISA E DESENVOLVIMENTO EXPERIMENTAL EM CIÊNCIAS FÍSICAS E NATURAIS; ATIVIDADES DE || PESQUISA MATEMÁTICA, FÍSICA, ASTRONOMIA; DESENVOLVIMENTO DE || PESQUISA MÉDICA NÃO COMERCIAL || QUÍMICA; PESQUISA E DESENVOLVIMENTO EM",consult,72,III-ou-V,sim,§5º-I VI,nao-se-aplica,nao,sim,nao,atendemos,nao,nao-se-aplica
7311400,AGÊNCIAS DE PUBLICIDADE,Agência de publicidade,"Esta subclasse compreende - a criação e a produção de campanhas de publicidade para qualquer finalidade, para veiculação em quaisquer tipos de veículos de comunicação | - a colocação, em nome de clientes, de material publicitário em jornais, revistas, rádio, televisão, internet e em outros veículos de comunicação | - os representantes dos veículos de comunicação para venda de tempo ou espaço de publicidade a clientes | - a prestação de serviços para merchandising em rádio e televisão || Esta subclasse NÃO compreende - a operação de páginas de publicidade na internet (6319-4/00) | - o agenciamento de espaços para publicidade, exceto em veículos de comunicação (7312-2/00) | - a distribuição ou entrega de material publicitário (7319-0/02) | - a promoção de vendas e a publicidade no local da venda (7319-0/02) | - a publicidade por mala direta, por telefone, em visitas (7319-0/03) | - as pesquisas de mercado e de opinião pública (7320-3/00)","Criação de campanha publicitária, propaganda e material de anúncio para clientes.","AGÊNCIAS DE LANÇAMENTOS PUBLICITÁRIOS DE PRODUTOS DIGITAIS; ATIVIDADES DE || CAMPANHAS DE PUBLICIDADE; SERVIÇOS DE CRIAÇÃO DE || EMPRESA DE PROPAGANDA || EMPRESA DE PUBLICIDADE || MATERIAL PUBLICITÁRIO, ANÚNCIOS; COLOCAÇÃO EM NOME DE CLIENTES EM JORNAIS, REVISTAS, RÁDIO, TELEVISÃO E INTERNET || MERCHANDISING; SERVIÇOS DE  || PROPAGANDA; AGÊNCIA DE, SERVIÇOS DE || PUBLICIDADE EM DIÁRIO OFICIAL; SERVIÇOS DE COLOCAÇÃO DE || PUBLICIDADE; AGÊNCIA DE, SERVIÇOS DE",mkt,73,III-ou-V,sim,"5o-I, X",nao-se-aplica,nao,sim,nao,atendemos,nao,nao-se-aplica
7312200,"AGENCIAMENTO DE ESPAÇOS PARA PUBLICIDADE, EXCETO EM VEÍCULOS DE COMUNICAÇÃO",Venda de espaço publicitário,"Esta subclasse compreende - o aluguel e revenda de espaços físicos para publicidade em: | #- espaços externos ou equipamentos urbanos, como: outdoors, busdoors, painéis eletrônicos, empena de prédios, cartazes ou triedros em táxis, etc. | #- espaços internos em painéis de trens, ônibus, metrôs, aeronaves, etc. || Esta subclasse compreende ainda - as atividades de gestão de infra-estrutura de publicidade para terceiros, sob contrato || Esta subclasse NÃO compreende - a representação dos veículos de comunicação para a venda de tempo ou espaço de publicidade a clientes (7311-4/00) | - a colocação, em nome de clientes, de material publicitário em jornais, revistas, rádio, televisão, internet e em outros veículos de comunicação (7311-4/00) | - a publicidade aérea (7319-0/99)","Aluguel e revenda de espaço físico para publicidade: outdoor, busdoor, cartaz e painel. Não cobre espaço em rádio, TV e jornal.","AGENCIAMENTO DE ESPAÇOS FÍSICOS PARA PUBLICIDADE || ALUGUEL DE ESPAÇO FÍSICO PARA PUBLICIDADE || BUSDOOR; ALUGUEL E REVENDA DE ESPAÇO PARA COLOCAÇÃO DE PUBLICIDADE EM || CARTAZES PUBLICITÁRIOS; AGÊNCIA DE ALUGUEL E REVENDA DE ESPAÇO PARA COLOCAÇÃO DE || EMPENA DE PRÉDIOS, CARTAZES OU TRIEDROS EM TÁXIS; ALUGUEL E REVENDA DE ESPAÇO PARA COLOCAÇÃO DE PUBLICIDADE EM || ESPAÇO FÍSICO PARA PUBLICIDADE; LOCAÇÃO DE || ESPAÇO PUBLICITÁRIO; LOCAÇÃO DE || EXIBIÇÃO DE CARTAZES; SERVIÇOS DE ALUGUEL DE ESPAÇO PARA  || EXIBIÇÃO DE PROPAGANDA, PUBLICIDADE EM ESPAÇO PÚBLICO; SERVIÇOS DE ALUGUEL DE ESPAÇO PARA || EXPLORAÇÃO DE PAINEL ELETRÔNICO || FRONT LIGHT, OUTDOOR; SERVIÇOS DE || LOCAÇÃO DE PAINÉIS ELETRÔNICOS PARA PUBLICIDADE; SERVIÇOS DE || OUTDOORS; AGÊNCIA DE ALUGUEL E REVENDA DE ESPAÇO PARA COLOCAÇÃO DE || OUTDOORS; ALUGUEL E REVENDA DE ESPAÇO PARA COLOCAÇÃO DE || PAINÉIS DE TRENS, ÔNIBUS, METRÔS E AERONAVES; ALUGUEL E REVENDA DE ESPAÇO PARA COLOCAÇÃO DE PUBLICIDADE EM || PAINÉIS PUBLICITÁRIOS; AGÊNCIA DE ALUGUEL E REVENDA DE ESPAÇO PARA COLOCAÇÃO DE || PROPAGANDA EM OUTDOOR; SERVIÇOS DE || PUBLICIDADE; GESTÃO DE INFRA-ESTRUTURA SOB CONTRATO DE",mkt,73,III,nao,"§5º-F (SC COSIT 13/2022, itens 10-11)",nao-se-aplica,nao,sim,nao,atendemos,nao,nao-se-aplica
7319002,PROMOÇÃO DE VENDAS,Promoção de vendas,Esta subclasse compreende - a promoção de vendas e a publicidade no local da venda | - a distribuição ou entrega de material publicitário (fullfilment) || Esta subclasse NÃO compreende - a produção de filmes para publicidade de qualquer tipo (5911-1/02),"Demonstração de produto em ponto de venda, panfletagem e distribuição de material promocional.",DEMONSTRAÇÃO DE PRODUTOS EM PONTOS DE VENDA; SERVIÇOS DE || DISTRIBUIÇÃO DE FOLHETOS; SERVIÇOS DE || DISTRIBUIÇÃO DE MATERIAL PROMOCIONAL; SERVIÇOS DE || DISTRIBUIÇÃO DE MATERIAL PUBLICITÁRIO; ATIVIDADE DE || FULLFILMENT; ATIVIDADE DE || MATERIAL PUBLICITÁRIO; ATIVIDADE DE DISTRIBUIÇÃO DE || PANFLETAGEM; SERVIÇOS DE || PROMOTORA DE VENDAS; SERVIÇOS DE || PROMOÇÃO DE VENDA NO LOCAL DE VENDA; ATIVIDADE DE || PROMOÇÃO NO PONTO DE VENDAS; SERVIÇOS DE || PROPAGANDA EM VIA PÚBLICA; SERVIÇOS DE,mkt,73,III,nao,"§5º-F (SC COSIT 13/2022, ementa)",PANFLETEIRO(A) INDEPENDENTE || PROMOTOR(A) DE VENDAS INDEPENDENTE,sim,sim,sim,atendemos,nao,nao-se-aplica
7319003,MARKETING DIRETO,Marketing direto,"Esta subclasse compreende - a publicidade por mala direta, por telefone, em visitas de representantes (de laboratórios farmacêuticos, de empresas de produtos de beleza, etc.) || Esta subclasse NÃO compreende - os serviços de despacho de correspondência de material de publicidade (8299-7/99)","Marketing e publicidade por mala direta, telefone e canais diretos com o cliente.",MARKETING DE PROPAGANDA POLÍTICA || MARKETING DIRETO; SERVIÇOS DE || MARKETING PROMOCIONAL; SERVIÇOS DE || PUBLICIDADE POR MALA DIRETA; SERVIÇOS DE || PUBLICIDADE POR TELEFONE; ATIVIDADE DE || PUBLICIDADE; ATIVIDADES DE REPRESENTANTES || TELEMARKETING SEM COMERCIALIZAÇÃO DE MERCADORIAS; SERVIÇOS DE,mkt,73,III,nao,"§5º-F (SC COSIT 13/2022, ementa)",nao-se-aplica,nao,sim,nao,atendemos,nao,nao-se-aplica
7319004,CONSULTORIA EM PUBLICIDADE,Consultoria em publicidade,Esta subclasse compreende - as atividades de consultoria em publicidade e propaganda || Esta subclasse NÃO compreende - as atividades de agências de publicidade (7311-4/00),"Consultoria e assessoria em marketing, branding e gestão de marca.",ASSESSORIA E CONSULTORIA EM BRANDING (GESTÃO DE MARCAS); SERVIÇOS DE || ASSESSORIA EM MARKETING || ASSESSORIA NA DIVULGAÇÃO DE PRODUTOS || CONSULTORIA EM MARKETING || CONSULTORIA EM PUBLICIDADE E PROPAGANDA,mkt,73,III-ou-V,sim,"§5º-I X (SC COSIT 13/2022, item 9)",nao-se-aplica,nao,sim,nao,atendemos,nao,nao-se-aplica
7320300,PESQUISAS DE MERCADO E DE OPINIÃO PÚBLICA,Pesquisa de mercado e de opinião,"Esta subclasse compreende - os estudos sobre o potencial de mercado, sobre a avaliação de produtos e sobre o hábito de consumidores, com o objetivo de: promover a venda de produtos existentes, lançar e vender novos produtos, realizar análises estatísticas dos resultados | - a realização de pesquisas de opinião pública para colher a avaliação da população sobre questões políticas, econômicas e sociais, bem como, para a realização de análises estatísticas dos resultados | - as atividades de checking de publicidade || Esta subclasse NÃO compreende - as atividades de agências de publicidade (7311-4/00) | - a produção estatística realizada pela administração pública (8411-6/00)","Levantamento e análise de dados de mercado e de opinião pública, incluindo a análise estatística.","ANÁLISE DE MERCADO; SERVIÇOS DE || ANÁLISE ESTATÍSTICA DOS RESUTADOS DE PESQUISAS DE MERCADO, DE OPINIÃO PÚBLICA || CENTROS DE EMISSÃO DE CHAMADAS TELEFÔNICAS PARA PESQUISAS DE MERCADO E DE OPINIÃO PÚBLICA || CHECKING DE PUBLICIDADE; SERVIÇOS DE || COLETA DE DADOS E DE INFORMAÇÕES; SERVIÇOS DE || COLETA E ANÁLISE DE DADOS RESULTANTES DE PESQUISAS DE MERCADO, DE OPINIÃO PÚBLICA || CONTROLE DE VEICULAÇÃO PUBLICITÁRIA; SERVIÇOS DE || ESTUDO DE MERCADO || MONITORAMENTO DE VEÍCULOS DE PROPAGANDA (RÁDIO, TV, REVISTAS, ETC.) SERVIÇOS DE || MONITORAÇÃO DE PROPAGANDA, DE PUBLICIDADE; SERVIÇOS DE || OPINIÃO PÚBLICA; SERVIÇOS DE CONSULTA, COLETA DE INFORMAÇÕES DE || PESQUISA DE MERCADO E DE OPINIÃO PÚBLICA || PESQUISA DE OPINIÃO PÚBLICA || PESQUISA E COLETA DE DADOS PARA PESQUISAS DE MERCADO E OPINIÃO || PESQUISA MERCADOLÓGICA || PESQUISA POLÍTICA; SERVIÇOS DE",mkt,73,III-ou-V,sim,§5º-I VI,nao-se-aplica,nao,sim,nao,atendemos,nao,nao-se-aplica
7410202,DESIGN DE INTERIORES,Design de interiores,Esta subclasse compreende - as atividades de design de interiores || Esta subclasse NÃO compreende - a atividade de design de produtos (7410-2/03),"Projeto e decoração de ambientes, além de vitrine e organização visual de loja.","ARRUMAÇÃO DE PRODUTOS EM LOJAS, VITRINES (VISUAL MERCHANDISING); SERVIÇOS DE || DECORAÇÃO DE  INTERIORES || DECORAÇÃO DE AMBIENTES || DESIGN DE AMBIENTES || DESIGN DE INTERIORES",design,74,III-ou-V,sim,"5o-I, VI",nao-se-aplica,nao,sim,nao,atendemos,nao,nao-se-aplica
7410203,DESIGN DE PRODUTO,Design de produto,"Esta subclasse compreende - as atividades de design de mobiliário, jóias, sapatos, roupas (estilistas de moda), eletrodomésticos e de outros objetos pessoais e domésticos || Esta subclasse NÃO compreende - os serviços de desenho técnico relacionados à arquitetura e engenharia (7119-7/03) | - a atividade de design de interiores (7410-2/02) | - os serviços de design gráfico ligados à comunicação (7410-2/99)","Desenho industrial e criação de produto, roupa, joia e maquete.",CONFECÇÃO DE MAQUETES EXCETO PARA ENGENHARIA E ARQUITETURA || DESENHO DE ROUPAS; SERVIÇOS DE || DESENHO INDUSTRIAL; SERVIÇOS DE || DESENHOS DE JÓIAS; SERVIÇOS DE || DESIGN DE JÓIAS || DESIGN DE MOBILIÁRIO || DESIGN DE MODA || DESIGN DE MÓVEIS; SERVIÇOS DE || DESIGN DE OBJETOS DOMÉSTICOS || DESIGN DE OBJETOS PESSOAIS || DESIGN DE PRODUTO || DESIGN DE ROUPAS; SERVIÇOS DE || DESIGN DE SAPATOS || DESIGNER DE MODAS || ESTILISTA DE MODAS || PRODUTOR DE MODA,design,74,III-ou-V,sim,"5o-I, VI",nao-se-aplica,nao,sim,nao,atendemos,nao,nao-se-aplica
7410299,ATIVIDADES DE DESIGN NÃO ESPECIFICADAS ANTERIORMENTE,Design gráfico e outros designs,"Esta subclasse compreende - os serviços de design gráfico e de diagramação || Esta subclasse NÃO compreende - as atividades de design de mobiliário, jóias, sapatos, roupas (estilistas de moda) , eletrodomésticos e de outros objetos pessoais e domésticos (7410-2/03)","Criação de logotipo, identidade visual, arte gráfica digital e design de jogos, sem a programação.","CRIAÇÃO DE ARTES GRÁFICAS DIGITAIS; ATIVIDADES DE || CRIAÇÃO DE IMAGENS DIGITAIS; ATIVIDADES DE || CRIAÇÃO DE LOGO, LOGOTIPO; SERVIÇOS DE || DESIGN DE JOGOS NÃO DIGITAIS E DIGITAIS (EXCETO PROGRAMAÇÃO); SERVIÇOS DE || DESIGN DE TEMPLATES PARA USO NA INTERNET; SERVIÇOS DE || DESIGN GRÁFICO || DIAGRAMAÇÃO; SERVIÇOS DE || TIPOGRAFIA; ATIVIDADES DE",design,74,III-ou-V,sim,§5º-I VI,nao-se-aplica,nao,sim,nao,atendemos,nao,nao-se-aplica
7420001,"ATIVIDADES DE PRODUÇÃO DE FOTOGRAFIAS, EXCETO AÉREA E SUBMARINA",Fotografia,"Esta subclasse compreende - as atividades de produção fotográfica, para fins comerciais, de publicidade e pessoais, tais como: | #- a fotografia para passaportes, escolas, casamentos | #- a fotografia para anúncios, editoriais, comerciais, atividades relacionadas com a moda, atividades imobiliárias e para fins turísticos || Esta subclasse compreende ainda - as atividades dos fotógrafos independentes || Esta subclasse NÃO compreende - o serviço de aerofotogrametria (7119-7/99)","Fotografia em estúdio, de evento, de imprensa e por conta própria. Não cobre foto aérea nem submarina.","ATELIER FOTOGRÁFICO || COBERTURA FOTOGRÁFICA PARA JORNAIS, REVISTAS E EVENTOS; SERVIÇOS DE || ESTÚDIO FOTOGRÁFICO || FOTÓGRAFO DE IMPRENSA; SERVIÇOS DE || FOTÓGRAFOS INDEPENDENTES; PRODUÇÃO POR || PRODUÇÃO FOTOGRÁFICA PARA FESTAS E OUTROS EVENTOS || PRODUÇÃO FOTOGRÁFICA PARA FINS PESSOAIS || PRODUÇÃO FOTOGRÁFICA PARA PUBLICIDADE",foto,74,III,nao,"§5º-F (residual, conferido 2026-09-24)",FOTÓGRAFO(A) INDEPENDENTE,sim,sim,sim,atendemos,nao,nao-se-aplica
7420003,LABORATÓRIOS FOTOGRÁFICOS,Laboratório e revelação fotográfica,"Esta subclasse compreende - as atividades de laboratório de revelação de filmes e de processamento de fotografias, tais como: | #- as atividades dos laboratórios de revelação, impressão e ampliação fotográfica | #- a revelação de filmes fotográficos, a impressão e a ampliação de fotografias | #- os serviços de foto em 1 hora (que não sejam parte de loja de material fotográfico) | #- a revelação de películas de filmes não destinada à indústria cinematográfica | #- a montagem de slides | #- a cópia, a restauração e o retoque de fotografias || Esta subclasse NÃO compreende - o processamento e montagem de filmes cinematográficos (5912-0/99) | - as bibliotecas e os serviços de armazenamento de fotos e filmes (9101-5/00)","Revelação de fotos, montagem de slides e edição de imagem fotográfica.","DIAPOSITIVOS; MONTAGEM DE || LABORATÓRIO FOTOGRÁFICO || MONTAGEM DE SLIDES; SERVIÇOS DE || REVELAÇÃO DE FOTOS; SERVIÇOS DE || EDIÇÃO DE FOTOGRAFIAS, EXCETO PARA SERVIÇOS GRÁFICOS DE PRÉ-IMPRESSÃO; SERVIÇOS DE || FILMES FOTOGRÁFICOS; ATIVIDADES DE REVELAÇÃO, IMPRESSÃO, AMPLIAÇÃO DE || FOTOGRAFIAS; CÓPIAS, RESTAURAÇÃO DE, RETOQUE DE || LABORATÓRIO DE REVELAÇÃO DE FILMES FOTOGRÁFICOS",foto,74,III,nao,"§5º-F (residual, conferido 2026-09-24)",REVELADOR(A) FOTOGRÁFICO INDEPENDENTE,sim,sim,sim,atendemos,nao,nao-se-aplica
7420004,FILMAGEM DE FESTAS E EVENTOS,Filmagem de festas e eventos,Esta subclasse compreende - a atividade de filmagem e de gravação de vídeos de festas e eventos || Esta subclasse NÃO compreende - a produção de filmes em estúdios cinematográficos (5911-1/01) | - a produção de filmes para publicidade (5911-1/02) | - os serviços de microfilmagem (7420-0/05),"Gravação e produção de vídeo de festa, casamento e evento cultural.",FESTAS E EVENTOS; PRODUÇÃO DE VÍDEO PARA || FILMAGEM DE EVENTOS CULTURAIS; SERVIÇOS DE || FILMAGEM DE EVENTOS; SERVIÇOS DE || FILMAGEM DE FESTAS; SERVIÇOS DE || GRAVAÇÃO DE VÍDEOS PARA FESTAS E EVENTOS,foto,74,III,nao,§5º-B XV,FILMADOR(A) INDEPENDENTE,sim,sim,sim,atendemos,nao,nao-se-aplica
7420005,SERVIÇOS DE MICROFILMAGEM,Microfilmagem e digitalização de acervo,Esta subclasse compreende - os serviços de microfilmagem de documentos || Esta subclasse NÃO compreende - os serviços de fotocópias mecânicas ou eletrostáticas para terceiros (8219-9/01),Microfilmagem de documentos e acervos.,MICROFILMAGEM DE DOCUMENTOS; SERVIÇOS DE || MICROFILMAGEM; SERVIÇOS DE,foto,74,III,nao,"§5º-F (residual, conferido 2026-09-24)",nao-se-aplica,nao,sim,nao,atendemos,nao,nao-se-aplica
7490101,"SERVIÇOS DE TRADUÇÃO, INTERPRETAÇÃO E SIMILARES",Tradução e interpretação,"Esta subclasse compreende - os serviços de tradução, de interpretação e similares | - os serviços de tradução simultânea | - os serviços de revisão gramatical | - os serviços de tradução de textos juramentados","Tradução de textos, interpretação, revisão gramatical e copywriting.","COPYWRITING; ATIVIDADES DE || REVISÃO GRAMATICAL DE TEXTOS; SERVIÇOS DE || TRADUTOR; SERVIÇOS DE  || TRADUÇÃO DE LIVROS EM GERAL || TRADUÇÃO DE MANUAIS EM GERAL || TRADUÇÃO DE TEXTOS JURAMENTADOS; SERVIÇOS DE || TRADUÇÃO SIMULTÂNEA; SERVIÇOS DE || TRADUÇÃO, INTERPRETAÇÃO DE LIBRAS; SERVIÇOS DE || TRADUÇÃO, INTERPRETAÇÃO DE LÍNGUAS, IDIOMAS; SERVIÇOS DE || TRADUÇÃO, INTERPRETAÇÃO; SERVIÇOS DE",consult,74,III-ou-V,sim,"5o-I, V",nao-se-aplica,nao,sim,nao,atendemos,nao,nao-se-aplica
7490104,"ATIVIDADES DE INTERMEDIAÇÃO E AGENCIAMENTO DE SERVIÇOS E NEGÓCIOS EM GERAL, EXCETO IMOBILIÁRIOS",Intermediação de negócios e representação,"Esta subclasse compreende - as atividades de corretagem, intermediação, mediação de negócios ou serviços em geral, sem especificação definida, promovendo a integração entre profissionais e empresas | - as atividades de intermediação na compra e venda de patentes || Esta subclasse NÃO compreende - os representantes comerciais e agentes do comércio (grupo 46.1) | - as atividades de operador de transporte multimodal - OTM (5250-8/05) | - agenciamento e corretagem ou intermediação de títulos e valores mobiliários (divisões 64 e 66) | - as atividades de corretores e agentes de seguros, de planos de previdência complementar e de saúde (6622-3/00) | - as atividades imobiliárias por contrato ou comissão (grupo 68.2) | - a venda e o licenciamento de franquias (7740-3/00) | - as atividades de intermediação na locação de mão-de-obra temporária (7820-5/00)","Aproximar quem compra e quem vende: intermediação de contratos, serviços e negócios em geral. Não cobre negócio imobiliário.","INTERMEDIAÇÃO DE CONTRATOS DE LOCAÇÃO OU LEASING; SERVIÇOS DE || ATIVIDADES DE INTERMEDIAÇÃO E AGENCIAMENTO DE SERVIÇOS E NEGÓCIOS EM GERAL, SEM ESPECIALIZAÇÃO DEFINIDA || DIVULGAÇÃO DE SERVIÇOS NA INTERNET (AFILIADOS DIGITAIS), EXCETO POR PROVEDORES DE CONTEÚDO; SERVIÇOS DE || INTERMEDIAÇÃO NA COMPRA E VENDA DE ITENS VIRTUAIS PARA USO EM JOGOS ELETRÔNICOS (DIGITAIS); ATIVIDADES DE || INTERMEDIAÇÃO NA COMPRA E VENDA DE PATENTES; SERVIÇOS DE || INTERMEDIAÇÃO NA VENDA DE CURSOS ONLINE; SERVIÇOS DE || LICITAÇÕES; SERVIÇOS DE INTERMEDIAÇÃO EM",consult,74,III-ou-V,sim,"5o-I, XI",nao-se-aplica,nao,sim,nao,atendemos,nao,nao-se-aplica
7490105,"AGENCIAMENTO DE PROFISSIONAIS PARA ATIVIDADES ESPORTIVAS, CULTURAIS E ARTÍSTICAS",Agenciamento de atletas e artistas,"Esta subclasse compreende - as atividades realizadas por agências ou agentes em nome de pessoas para: | - obter contrato de atuação em filmes, peças de teatro e outros espetáculos culturais, artísticos e esportivos | - oferecer a editores obras literárias, obras de arte, fotografias, etc || Esta subclasse compreende ainda - as agências de modelos | - a cessão de uso de imagem de artistas, esportistas, etc. || Esta subclasse NÃO compreende - as atividades de agenciamento de elenco, inclusive para o teatro (7810-8/00) | - os serviços de organização de feiras, congressos, exposições e festas (8230-0/01) | - as atividades de diretores, produtores e empresários de eventos artísticos ao vivo (9001-9/99)","Empresariamento de atleta, ator, modelo e artista para atividade esportiva, cultural ou artística.","AGENCIAMENTO DE ATLETAS DE FUTEBOL; SERVIÇOS DE || AGENCIAMENTO DE JOGADORES DE FUTEBOL; SERVIÇOS DE || AGENCIAMENTO DE MODELOS E MANEQUINS PARA DESFILES || AGENTE DE ATLETAS DE FUTEBOL || AGENTE DE ATORES; SERVIÇOS DE || AGENTE DE OBRAS DE ARTE; SERVIÇOS DE || AGENTE DE OBRAS LITERÁRIAS; SERVIÇOS DE || AGENTE LITERÁRIO; SERVIÇOS DE || AGÊNCIA DE MODELOS || CESSÃO DE USO DE IMAGEM DE ARTISTAS, ESPORTISTAS; ATIVIDADE DE  || EMPRESÁRIO ARTÍSTICO; SERVIÇOS DE || MODELO AUTÔNOMO; ATIVIDADES DE",arte,74,III-ou-V,sim,"5o-I, XI",nao-se-aplica,nao,sim,nao,atendemos,nao,nao-se-aplica
7721700,ALUGUEL DE EQUIPAMENTOS RECREATIVOS E ESPORTIVOS,Aluguel de equipamento esportivo e de lazer,"Esta subclasse compreende - o aluguel de material e equipamento esportivo, tais como: | #- barcos de lazer, canoas, barco à vela | #- bicicletas | #- cadeiras e guarda-sóis de praia | #- mesas de sinuca e bilhar | #- brinquedos não-eletrônicos | #- outros equipamentos esportivos e recreativos || Esta subclasse NÃO compreende - o aluguel de fitas de vídeo, DVDs, CDs e similares (7722-5/00) | - o aluguel de equipamentos de lazer e entretenimento quando parte integrante das atividades de recreação e de lazer (9329-8/99)","Aluguel de bicicleta, barco de lazer, pula-pula, tobogã e brinquedo não eletrônico, sem operar o equipamento.","TOBOGÃ, PULA-PULA, ESCORREGADOR, SEM EXPLORAÇÃO; ALUGUEL DE || BARCOS DE LAZER, CANOAS, BARCOS À VELA, SEM TRIPULAÇÃO; ALUGUEL DE, LOCAÇÃO DE || BICICLETAS; ALUGUEL DE, LOCAÇÃO DE || BRINQUEDOS NÃO ELETRÔNICOS; ALUGUEL DE, LOCAÇÃO DE || CADEIRAS DE PRAIA, GUARDA-SÓIS; ALUGUEL DE, LOCAÇÃO DE || EQUIPAMENTOS DE GINÁSTICA; LOCAÇÃO DE || JET SKI; LOCAÇÃO DE || MATERIAIS E EQUIPAMENTOS ESPORTIVOS; ALUGUEL DE; LOCAÇÃO DE  || MESA DE BILHAR; ALUGUEL DE, LOCAÇÃO DE || MESA DE SINUCA; ALUGUEL DE, LOCAÇÃO DE || TOTÓ; ALUGUEL DE, LOCAÇÃO DE",aluguel,77,III,nao,"§5º-F (residual, conferido 2026-09-24)","LOCADOR(A) DE BICICLETAS, INDEPENDENTE || LOCADOR(A) DE EQUIPAMENTOS RECREATIVOS E ESPORTIVOS INDEPENDENTE || LOCADOR(A) DE MATERIAL E EQUIPAMENTO ESPORTIVO, INDEPENDENTE",sim,sim,sim,atendemos,nao,nao-se-aplica
7729299,ALUGUEL DE OUTROS OBJETOS PESSOAIS E DOMÉSTICOS NÃO ESPECIFICADOS ANTERIORMENTE,Aluguel de outros objetos pessoais e domésticos,"Esta subclasse compreende - o aluguel de plantas e flores | - o aluguel de livros e revistas | - o aluguel de outros objetos de uso pessoal e doméstico não especificados anteriormente || Esta subclasse NÃO compreende - a locação de automóveis, caminhões, motos e outros veículos terrestres, sem condutor (grupo 77.1) | - o aluguel de material telefônico (7733-1/00) | - o empréstimo de livros e revistas por bibliotecas (9101-5/00) | - os serviços associados de aluguel e lavagem de roupas de cama, mesa e banho, de uniformes de trabalho e artigos relacionados (9601-7/03)","Aluguel de itens que não cabem nas outras listas: livros, plantas e flores, peruca, decoração de Natal.","ESSAS E ANDORES, LOCAÇÃO DE, ALUGUEL DE || LIVROS E REVISTAS; ALUGUEL DE, LOCAÇÃO DE  || PERUCA; ALUGUEL DE || PLANTAS E FLORES; ALUGUEL DE, LOCAÇÃO DE || ÁRVORES E OUTRAS DECORAÇÕES DE NATAL; ALUGUEL DE",aluguel,77,III,nao,§5º-F,"LOCADOR(A) DE LIVROS, REVISTAS, PLANTAS E FLORES INDEPENDENTE",sim,sim,sim,atendemos,nao,nao-se-aplica
7733100,ALUGUEL DE MÁQUINAS E EQUIPAMENTOS PARA ESCRITÓRIOS,Aluguel de equipamento de escritório,"Esta subclasse compreende - o aluguel e leasing operacional, de curta ou longa duração, de todo tipo de máquinas e equipamentos de escritório, tais como: | - computadores e equipamentos periféricos | - reprodutoras de cópias | - projetores, data-show | - máquinas e equipamentos de contabilidade: caixas registradoras, calculadoras eletrônicas, etc. || Esta subclasse compreende ainda - o aluguel e leasing operacional de equipamento telefônico || Esta subclasse NÃO compreende - o arrendamento mercantil (leasing financeiro) de máquinas e equipamentos para escritório, inclusive computadores e material telefônico (6440-9/00)","Aluguel de computador, celular, data-show, caixa registradora e máquina de escritório.","CAIXAS REGISTRADORAS; ALUGUEL DE || CALCULADORAS ELETRÔNICAS; ALUGUEL DE || CELULAR; ALUGUEL, LOCAÇÃO DE || COMPUTADORES; ALUGUEL DE, LOCAÇÃO DE, LEASING OPERACIONAL DE  || DATA-SHOW; ALUGUEL DE || EQUIPAMENTO TELEFÔNICO; ALUGUEL DE, LOCAÇÃO DE || EQUIPAMENTOS DE PROCESSAMENTO DE DADOS; ALUGUEL DE, LOCAÇÃO DE || EQUIPAMENTOS PERIFÉRICOS DE INFORMÁTICA; ALUGUEL DE || FAX; ALUGUEL, LOCAÇÃO DE || FOTOCOPIADORAS; ALUGUEL DE, LOCAÇÃO DE || IMPRESSORAS; ALUGUEL DE, LOCAÇÃO DE, LEASING OPERACIONAL DE  || MATERIAL TELEFÔNICO; ALUGUEL DE, LOCAÇÃO DE || MICROCOMPUTADORES; ALUGUEL DE, LOCAÇÃO DE || MÁQUINAS COPIADORAS; ALUGUEL DE, LOCAÇÃO DE || MÁQUINAS DE ESCREVER; ALUGUEL DE , LOCAÇÃO DE || MÁQUINAS E EQUIPAMENTOS DE CONTABILIDADE; ALUGUEL DE, LOCAÇÃO DE || MÁQUINAS REPRODUTORAS DE CÓPIAS; ALUGUEL DE, LOCAÇÃO DE, LEASING OPERACIONAL DE || MÁQUINAS, EQUIPAMENTOS E MÓVEIS DE ESCRITÓRIO; ALUGUEL DE, LOCAÇÃO DE || MÁQUINAS, EQUIPAMENTOS E MÓVEIS DE ESCRITÓRIO; LEASING OPERACIONAL DE || PROJETORES; ALUGUEL DE || RECEPTORES DE MENSAGENS - BIP; ALUGUEL DE, LOCAÇÃO DE || REPRODUTORAS DE CÓPIAS; ALUGUEL, LOCAÇÃO DE || TELEFONES PARA ESCRITÓRIO; ALUGUEL DE, LOCAÇÃO DE",aluguel,77,III,nao,"§5º-F (residual, conferido 2026-09-24)",LOCADOR(A) DE MÁQUINAS E EQUIPAMENTOS PARA ESCRITÓRIO INDEPENDENTE,sim,sim,sim,atendemos,nao,nao-se-aplica
8591100,ENSINO DE ESPORTES,Aulas de esporte,"Esta subclasse compreende - as atividades de ensino de esportes em escolas esportivas ou por professores independentes, tais como futebol, basquete, vôlei, tênis, natação, artes marciais, equitação, mergulho, etc. || Esta subclasse compreende ainda - as atividades dos técnicos e assistentes de atividades esportivas praticadas por atletas profissionais || Esta subclasse NÃO compreende - as atividades de condicionamento físico e esportes recreacionais (9313-1/00)","Escolinha e aulas de futebol, natação, artes marciais, capoeira, atletismo e outros esportes.","CAPOEIRA; ENSINO, CURSO, ESCOLA DE || AIKIDO; ENSINO DE || ARTES MARCIAIS; ENSINO, CURSO DE || ATLETISMO; ENSINO, CURSO, ESCOLA DE || ATLETISMO; ESCOLINHA DE || AULAS DE EQUITAÇÃO; ATIVIDADE DE || BASQUETE; ENSINO, CURSO, ESCOLA DE || BASQUETE; ESCOLINHA DE || BOXE; ENSINO, ACADEMIA DE || ESCOLINHA DE ESPORTE || ESCOLINHA DE FUTEBOL || ESCOLINHA DE NATAÇÃO || ESCOLINHA DE VÔLEI || ESPORTES; ENSINO, CURSO, ESCOLA DE || FUTEBOL; ENSINO, CURSO, ESCOLA DE || HALTEROFILISMO; ENSINO DE || JIU-JITSU; ENSINO DE, ACADEMIA DE || JUDÔ; ENSINO DE, ACADEMIA DE || KARATÊ; ENSINO DE, ACADEMIA DE || MERGULHO; ENSINO, CURSO, ESCOLA DE || NATAÇÃO; ENSINO, CURSO, ESCOLA DE || SQUASH; ENSINO, CURSO, ESCOLA DE || SURF; ENSINO, CURSO, ESCOLA DE || TIRO AO ALVO; ENSINO, CURSO, ESCOLA DE || TIRO ESPORTIVO; ENSINO, CURSO, ESCOLA DE || TÉCNICOS E ASSISTENTES DE ATIVIDADES ESPORTIVAS; ATIVIDADES DE || TÊNIS; ENSINO, CURSO, ESCOLA DE || VÔLEI; ENSINO, CURSO, ESCOLA DE",cursos,85,III,nao,"§5º-F (residual, conferido 2026-09-24)",nao-se-aplica,nao,sim,nao,atendemos,nao,nao-se-aplica
8220200,ATIVIDADES DE TELEATENDIMENTO,Teleatendimento e call center,Esta subclasse compreende - as atividades de centros de recepção de chamadas e de respostas a chamadas dos clientes com operadores humanos e distribuição automática de chamadas | - as atividades baseadas em sistemas de integração telefone-computador | - os sistemas de resposta vocal interativa ou métodos similares para o recebimento de pedidos e fornecimento de informação sobre produtos | - o atendimento telefônico a solicitações de consumidores ou de atendimento a reclamações || Esta subclasse compreende ainda - os centros de emissão de chamadas telefônicas que usam métodos para vender ou promover mercadorias e serviços a possíveis clientes (telemarketing) | - os centros de emissão de chamadas telefônicas para a realização de pesquisas de mercado e de opinião pública e atividades similares || Esta subclasse NÃO compreende - os serviços de comunicação de pager (6120-5/99),"Atendimento a clientes por telefone para outras empresas: SAC, central de atendimento e call center.","ATENDIMENTO A CLIENTES - SAC POR TELEFONE, POR TERCEIROS; SERVIÇO DE || ATENDIMENTO A CLIENTES POR TELEFONE; SERVIÇO PRESTADO POR TERCEIROS || CALL CENTER; SERVIÇO DE || CENTRAL DE ATENDIMENTO POR TELEFONE; SERVIÇO PRESTADO POR TERCEIROS || CENTRAL DE RECADOS; SERVIÇO DE || CENTROS DE RECEPÇÃO DE CHAMADAS || CONSULTA SOBRE PRODUTOS POR TELEFONE; SERVIÇOS DE || CONTACT CENTER; SERVIÇOS DE || CONTATOS TELEFÔNICOS, RECADOS; SERVIÇOS PRESTADOS POR TERCEIROS || PRESTAÇÃO DE INFORMAÇÕES POR TELEFONE; SERVIÇO DE || SISTEMAS DE INTEGRAÇÃO TELEFONE-COMPUTADOR; ATIVIDADES DE || SISTEMAS DE RESPOSTA VOCAL INTERATIVA; ATIVIDADES DE || TELEATENDIMENTO; SERVIÇO DE",admin,82,III,nao,"§5º-F (residual, conferido 2026-09-24)",nao-se-aplica,nao,sim,nao,atendemos,nao,nao-se-aplica
8592901,ENSINO DE DANÇA,Aulas de dança,"Esta subclasse compreende - as instituições que oferecem cursos independentes ligados ao ensino da dança || Esta subclasse compreende ainda - os instrutores independentes de dança | - as atividades das academias e cursos de danças folclóricas e populares || Esta subclasse NÃO compreende - os salões de dança, discotecas, danceterias e similares (9329-8/01)","Aulas e academia de dança: balé, dança de salão, dança popular e folclórica.","ACADEMIA DE DANÇA POPULAR E FOLCLÓRICA; ATIVIDADE DE || AULAS DE DANÇA, DE BALET || BALLET; CURSO, ENSINO DE || DANÇA  - BALLET; CURSO, ENSINO DE || DANÇA DE SALÃO; CURSO, ENSINO DE || INSTRUTOR DE DANÇA; ATIVIDADE DE",cursos,85,III,nao,"§5º-F (residual, conferido 2026-09-24)",nao-se-aplica,nao,sim,nao,atendemos,nao,nao-se-aplica
8211300,SERVIÇOS COMBINADOS DE ESCRITÓRIO E APOIO ADMINISTRATIVO,Serviços de escritório e apoio administrativo,"Esta subclasse compreende - o fornecimento de uma combinação ou de um pacote de serviços administrativos de rotina a empresas clientes, sob contrato, tais como: serviços de recepção, planejamento financeiro, contabilidade, arquivamento, preparação de material para envio por correio, etc., | - os centros de prestação de serviços às empresas ou escritórios virtuais || Esta subclasse NÃO compreende - as unidades que fornecem uma equipe operacional para desenvolver todas as operações de uma empresa, que devem ser classificadas de acordo com a atividade que desenvolvem | - as unidades que desenvolvem apenas uma atividade específica contida no conjunto destas atividades devem ser classificadas de acordo com a atividade específica","Recepção, arquivo de documentos e apoio operacional combinados, para empresas e profissionais liberais.","ARQUIVAMENTO DE DOCUMENTOS; SERVIÇOS DE || CENTROS DE NEGÓCIOS, APOIO OPERACIONAL A EMPRESAS OU A PROFISSIONAIS LIBERAIS || CENTROS DE SERVIÇOS DE APOIO ÀS EMPRESAS || COMBINAÇÃO DE SERVIÇOS DE RECEPÇÃO, PLANEJAMENTO FINANCEIRO, CONTABILIDADE, ARQUIVAMENTO, PREPARAÇÃO DE MATERIAL PARA ENVIO POR CORREIO, ETC.; FORNECIMENTO DE || COWORKING; ESCRITORIOS COMPARTILHADOS; SERVIÇOS DE || ESCRITÓRIO VIRTUAL; SERVIÇOS DE || ORGANIZAÇÃO DE ARQUIVO DE DOCUMENTOS NO LOCAL DO CONTRATANTE; SERVIÇOS DE || ORGANIZAÇÃO DE ARQUIVOS; SERVIÇOS DE || PREPARO DE FOLHA DE PAGAMENTO; SERVIÇOS DE || SERVIÇOS ADMINISTRATIVOS COMBINADOS PARA TERCEIROS",admin,82,III,nao,§5º-F,nao-se-aplica,nao,sim,nao,atendemos,nao,nao-se-aplica
8219901,FOTOCÓPIAS,Fotocópias e impressão,"Esta subclasse compreende - os serviços de fotocópias mecânicas ou eletrostáticas para terceiros | - o serviço de plotagem || Esta subclasse compreende ainda - os serviços de encadernação, quando combinada com a reprodução de cópias || Esta subclasse NÃO compreende - a impressão de documentos por gráficas (impressão offset, impressão rápida, etc.) (18.11-3/01 e 18.11-3/02) | - os serviços de microfilmagem (7420-0/05)","Xerox, cópia, digitalização e impressão de documentos.",COPIADORA; LOJA || CÓPIA FOTOSTÁTICA; SERVIÇO DE || CÓPIA HELIOGRÁFICA; SERVIÇO DE || CÓPIA XEROGRÁFICA; SERVIÇOS DE || DIGITALIZAÇÃO PARA REPRODUÇÃO DE CÓPIAS || DIGITALIZAÇÃO PARA REPRODUÇÃO DE FOTOS || ESCANEAMENTO PARA REPRODUÇÃO DE CÓPIAS || FOTOCÓPIA; SERVIÇOS DE || FOTOPLOTAGEM; SERVIÇOS DE || IMPRESSÃO A LASER; SERVIÇOS DE || PLOTAGEM; SERVIÇO DE || REPRODUÇÃO DE DOCUMENTOS; SERVIÇO DE || REPROGRAFIA; SERVIÇOS DE || SERVIÇO DE ENCADERNAÇÃO COMBINADO COM A REPRODUÇÃO DE CÓPIAS || XEROCÓPIAS; SERVIÇOS DE || XEROGRAFIAS; SERVIÇOS DE || XEROX; SERVIÇOS DE,admin,82,III,nao,"§5º-F (residual, conferido 2026-09-24)",FOTOCOPIADOR(A) INDEPENDENTE,sim,sim,sim,atendemos,nao,nao-se-aplica
8230001,"SERVIÇOS DE ORGANIZAÇÃO DE FEIRAS, CONGRESSOS, EXPOSIÇÕES E FESTAS",Organização de eventos e festas,"Esta subclasse compreende - as atividades de organização e promoção de feiras, leilões, congressos, convenções, conferências e exposições comerciais e profissionais, incluindo ou não o fornecimento de pessoal para operar a infra-estrutura dos lugares onde ocorrem esses eventos | - a gestão de espaço para exposição para uso de terceiros | - a organização de festas e eventos, familiares ou não, inclusive festas de formaturas || Esta subclasse NÃO compreende - os serviços de alimentação para eventos e recepções - bufê (5620-1/02) | - as casas de festas e eventos (8230-0/02) | - a organização, produção e promoção de eventos culturais (90.01-9/01, 90.01-9/02, 90.01-9/03, 90.01-9/04, 90.01-9/05, 90.01-9/06 e 90.01-9/99) | - a produção e promoção de eventos esportivos (9319-1/01)","Organização de feira, congresso, exposição, festa infantil e festa de família, e a gestão do espaço do evento.","EXPOSIÇÃO DE ANIMAIS EM FEIRAS || GESTÃO DE ESPAÇO PARA EXPOSIÇÃO, PARA USO DE TERCEIROS; ATIVIDADES DE || ORGANIZAÇÃO DE FESTAS FAMILIARES; SERVIÇO DE || ORGANIZAÇÃO DE FESTAS INFANTIS; SERVIÇO DE || ORGANIZAÇÃO DE FESTAS; SERVIÇO DE || ORGANIZAÇÃO DE FORMATURAS; SERVIÇO DE || ORGANIZAÇÃO, PRODUÇÃO E PROMOÇÃO DE ENCONTROS E CONGRESSOS; SERVIÇOS DE || ORGANIZAÇÃO, PRODUÇÃO E PROMOÇÃO DE EVENTOS, EXCETO CULTURAIS E ESPORTIVOS; SERVIÇOS DE || ORGANIZAÇÃO, PRODUÇÃO E PROMOÇÃO DE FEIRAS E EXPOSIÇÕES; SERVIÇOS DE || PARQUE DE LEILÃO DE GADO; ORGANIZAÇÃO DE || PARQUE PARA FEIRAS AGROPECUÁRIAS; GESTÃO DE || REMATES RURAIS; SERVIÇOS DE || SHOW-ROOM; GESTÃO DE",eventos,82,III,nao,"§5º-F (residual, conferido 2026-09-24)",PROMOTOR(A) DE EVENTOS INDEPENDENTE,sim,sim,sim,atendemos,nao,nao-se-aplica
8291100,ATIVIDADES DE COBRANÇAS E INFORMAÇÕES CADASTRAIS,Cobrança e consulta cadastral,"Esta subclasse compreende - as atividades de cobrança de faturas e de dívidas para clientes e a transferência aos clientes dos pagamentos recebidos | - as atividades de compilação de informações, como históricos de crédito, de emprego, para empresas clientes | - o fornecimento de informações sobre a capacidade de endividamento de pessoas e de empresas a instituições financeiras, ao comércio e a empresas de outras atividades que necessitam avaliar a capacidade de crédito de pessoas e empresas || Esta subclasse NÃO compreende - os serviços advocatícios (6911-7/01)","Cobrança de faturas e dívidas para terceiros, análise de cadastro e aprovação de crédito.","ANÁLISE DE CADASTRO PARA APROVAÇÃO DE CRÉDITO; SERVIÇOS DE || ANÁLISE E APROVAÇÃO DE CRÉDITO; SERVIÇOS DE || CADASTRO PARA RECEPÇÃO DE INFORMAÇÕES DE ADIMPLEMENTO; GESTÃO DE || COBRANÇA DE FATURAS E DÍVIDAS DE CLIENTES; ATIVIDADES DE || COMPILAÇÃO DE INFORMAÇÕES SOBRE HISTÓRICO DE CRÉDITO DE PESSOAS PARA EMPRESAS CLIENTES; ATIVIDADES DE || CONSULTA DE INFORMAÇÕES CADASTRAIS; SERVIÇOS DE || CONSULTA SOBRE HISTÓRICO DE CRÉDITO DE PESSOAS POR TELEFONE; SERVIÇOS DE || GESTÃO DE CADASTRO POSITIVO DE PESSOAS FÍSICAS E JURÍDICAS PARA PAGAMENTO, CRÉDITO E CONSUMO; ATIVIDADES DE || INFORMAÇÕES PARA AVALIAÇÃO DE CAPACIDADE DE CRÉDITO DE PESSOAS E EMPRESAS; SERVIÇO DE || INFORMAÇÕES SOBRE A CAPACIDADE DE ENDIVIDAMENTO DE PESSOAS E DE EMPRESAS; FORNECIMENTO DE || RECUPERAÇÃO E RENEGOCIAÇÃO DE CRÉDITO; SERVIÇOS ESPECIALIZADOS DE",admin,82,III,nao,"§5º-F (residual, conferido 2026-09-24)",COBRADOR(A) DE DÍVIDAS INDEPENDENTE,sim,sim,sim,atendemos,nao,nao-se-aplica
8292000,ENVASAMENTO E EMPACOTAMENTO SOB CONTRATO,Envase e empacotamento para terceiros,"Esta subclasse compreende - as atividades de envasamento, fracionamento e empacotamento para terceiros sob contrato, por processo automatizado ou não, tais como: | #- o engarrafamento de produtos líquidos, incluindo alimentos e bebidas | #- o empacotamento de sólidos (a vácuo, com papel alumínio, etc.) | #- o envasamento em aerossóis | #- o empacotamento de preparados farmacêuticos | #- a embalagem de pacotes e de presentes | #- a embalagem e a etiquetagem de produtos diversos || Esta subclasse NÃO compreende - as atividades de produção de água mineral (1121-6/00) e de refrigerantes (1122-4/01) | - as atividades de envasamento e fracionamento, quando realizadas pelo comércio atacadista (grupo 46.2) e (grupo 46.3)","Envasar, fracionar e empacotar produtos de outras empresas, sob contrato.","ACONDICIONAMENTO DE PRODUTOS SÓLIDOS/LÍQUIDOS POR CONTA DE TERCEIROS; SERVIÇOS DE || ACONDICIONAMENTO, FRACIONAMENTO E EMPACOTAMENTO DE ARROZ, ALGODÃO E FUMO, FORA DA UNIDADE AGRÍCOLA E NÃO COMPLEMENTAR AO CULTIVO; SERVIÇOS DE || ACONDICIONAMENTO, FRACIONAMENTO E EMPACOTAMENTO DE PRODUTOS AGRÍCOLAS PARA TERCEIROS, SEM TRANSFORMAÇÃO, FORA DA UNIDADE AGRÍCOLA E NÃO COMPLEMENTAR AO CULTIVO; SERVIÇOS DE || EMBALADORA DE PRODUTOS SÓLIDOS/LÍQUIDOS POR CONTA DE TERCEIROS || EMBALAGEM E ETIQUETAGEM DE PRODUTOS POR CONTA DE TERCEIROS; SERVIÇO DE || EMBALAMENTO DE PRODUTOS SÓLIDOS/LÍQUIDOS POR CONTA DE TERCEIROS || EMPACOTADEIRA DE PRODUTOS SÓLIDOS POR CONTA DE TERCEIROS; SERVIÇO DE || EMPACOTAMENTO DE PREPARADOS FARMACÊUTICOS; SERVIÇO DE || EMPACOTAMENTO DE PRODUTOS SÓLIDOS POR CONTA DE TERCEIROS; SERVIÇO DE || ENCARTELAGEM DE PRODUTOS POR CONTA DE TERCEIROS; SERVIÇOS DE || ENCARTELAMENTO DE PRODUTOS POR CONTA DE TERCEIROS; SERVIÇOS DE || ENGARRAFAMENTO DE PRODUTOS LÍQUIDOS, POR CONTA DE TERCEIROS; SERVIÇO DE || ENSACAGEM DE PRODUTOS POR CONTA DE TERCEIROS; SERVIÇOS DE || ENVASAMENTO E EMPACOTAMENTO POR CONTA DE TERCEIROS; SERVIÇOS DE || ENVASAMENTO EM AEROSSÓIS SOB CONTRATO; SERVIÇO DE || ENVASE DE PRODUTOS POR CONTA DE TERCEIROS; SERVIÇO DE || ENVASILHAMENTO DE PRODUTOS POR CONTA DE TERCEIROS; SERVIÇOS DE || ENVELOPAMENTO À VACUO; SERVIÇOS DE || REEMBALAGEM DE PRODUTOS POR CONTA DE TERCEIROS; SERVIÇOS DE || REEMBALAMENTO DE PRODUTOS POR CONTA DE TERCEIROS; SERVIÇOS DE || ROTULAGEM E ETIQUETAGEM DE PRODUTOS POR CONTA DE TERCEIROS; SERVIÇOS DE",admin,82,III,nao,"§5º-F (residual, conferido 2026-09-24)",ENVASADOR(A) E EMPACOTADOR(A) INDEPENDENTE,sim,sim,sim,atendemos,nao,nao-se-aplica
8299703,"SERVIÇOS DE GRAVAÇÃO DE CARIMBOS, EXCETO CONFECÇÃO",Gravação de carimbos,Esta subclasse compreende - os serviços de gravação de carimbos || Esta subclasse NÃO compreende - a fabricação de carimbos (3299-0/02),"Gravação de carimbos. Não cobre a fabricação do carimbo, que é indústria.",GRAVAÇÃO DE CARIMBOS; SERVIÇO DE,admin,82,III,nao,"§5º-F (residual, conferido 2026-09-24)",GRAVADOR(A) DE CARIMBOS INDEPENDENTE,sim,sim,sim,atendemos,nao,nao-se-aplica
8299707,SALAS DE ACESSO À INTERNET,Lan house e sala de internet,"Esta subclasse compreende - as atividades realizadas mediante o uso de computadores e periféricos, conectados ou não a redes de comunicação, que propiciam a clientes serviços, tais como: | #- acesso à internet para consultas, envio de e-mails ou qualquer outra finalidade | #- outros usos de computadores e periféricos || Esta subclasse compreende ainda - os postos telefônicos || Esta subclasse NÃO compreende - a exploração de estabelecimentos de jogos eletrônicos recreativos (9329-8/04)","Sala com computadores para acesso à internet, digitação, escaneamento e apoio administrativo.","ACESSO À INTERNET COMBINADO COM FAX , DIGITAÇÃO, ESCANEAMENTO, ETC; SALA DE || ACESSO À INTERNET MEDIANTE O USO DE COMPUTADORES E PERIFÉRICOS || ACESSO À INTERNET PARA APOIO ADMINISTRATIVO OU ESCRITÓRIO; SALA DE || COMPUTADORES E PERIFÉRICOS PARA USO TEMPORÁRIO PREDOMINANTE PARA APOIO ADMINISTRATIVO OU ESCRITÓRIO; DISPONIBILIZAÇÃO DE || LAN HOUSE COM ACESSO À INTERNET PREDOMINANTE PARA APOIO ADMINISTRATIVO OU ESCRITÓRIO || POSTO TELEFÔNICO",eventos,82,III,nao,"§5º-F (residual, conferido 2026-09-24)",PROPRIETÁRIO(A) DE SALA DE ACESSO À INTERNET INDEPENDENTE,sim,sim,sim,atendemos,nao,nao-se-aplica
8599603,TREINAMENTO EM INFORMÁTICA,Curso de informática,Esta subclasse compreende - as atividades dos cursos de informática || Esta subclasse NÃO compreende - a atividade de ensino de informática de nível superior (grupo 85.3),"Aulas e cursos de informática, computador e uso da internet.","AULAS DE INFORMÁTICA || COMPUTADOR; CURSO, ENSINO DE || INFORMÁTICA; CURSO, ENSINO DE || MICROCOMPUTADOR; CURSO, ENSINO DE || TECNOLOGIAS DA INFORMAÇÃO E ACESSO À INTERNET; ENSINO DE",cursos,85,III,nao,§5º-B I,INSTRUTOR(A) DE INFORMÁTICA INDEPENDENTE,sim,sim,sim,atendemos,nao,nao-se-aplica
8599604,TREINAMENTO EM DESENVOLVIMENTO PROFISSIONAL E GERENCIAL,Curso profissionalizante e de gestão,Esta subclasse compreende - as atividades de treinamento em desenvolvimento profissional e gerencial || Esta subclasse NÃO compreende - a educação profissional de nível técnico (8541-4/00) | - a educação profissional de nível tecnológico (8542-2/00) | - o ensino médio (8520-1/00) | - a educação superior (grupo 85.3),"Cursos de capacitação profissional, aperfeiçoamento e treinamento gerencial, presenciais ou a distância.","CAPACITAÇÃO PROFISSIONAL E GERENCIAL; SERVIÇOS DE || CURSO DE APERFEIÇOAMENTO JURÍDICO || CURSO DE APERFEIÇOAMENTO PROFISSIONAL || CURSO DE APRENDIZAGEM E TREINAMENTO GERENCIAL; PRESENCIAL E À DISTÂNCIA || CURSO DE COMISSÁRIAS || CURSO DE TREINAMENTO PROFISSIONAL, GERENCIAL COM ACESSO À INTERNET || PALESTRANTE; SERVIÇOS DE || TREINAMENTO EM DESENVOLVIMENTO PROFISSIONAL E GERENCIAL",cursos,85,III,nao,§5º-B I,INSTRUTOR(A) DE CURSOS GERENCIAIS INDEPENDENTE,sim,sim,sim,atendemos,nao,nao-se-aplica
8599605,CURSOS PREPARATÓRIOS PARA CONCURSOS,Curso preparatório para concursos,Esta subclasse compreende - as atividades dos cursos preparatórios para concursos em geral,"Cursinho para concurso público, vestibular e ENEM.","ESCOLA PREPARATÓRIA PARA CONCURSOS || PREPARATÓRIO PARA CONCURSOS PÚBLICOS; CURSO || PREPARATÓRIO PARA O EXAME NACIONAL DE ENSINO MÉDIO (ENEM); CURSO || PRÉ-VESTIBULAR; CURSO, ENSINO DE || VESTIBULAR; CURSO, ENSINO DE",cursos,85,III,nao,"5o-B, I",INSTRUTOR(A) DE CURSOS PREPARATÓRIOS INDEPENDENTE,sim,sim,sim,atendemos,nao,nao-se-aplica
8592902,"ENSINO DE ARTES CÊNICAS, EXCETO DANÇA",Aulas de teatro e artes cênicas,"Esta subclasse compreende - as instituições que oferecem cursos independentes com atividades de ensino e aprimoramento dos recursos expressivos como a voz, o corpo, o movimento e o gesto || Esta subclasse compreende ainda - os cursos de ensino de técnicas usadas na criação, direção, montagem e interpretação de espetáculos teatrais | - os instrutores independentes de artes cênicas || Esta subclasse NÃO compreende - o ensino de artes cênicas de nível superior (grupo 85.3) | - o ensino de dança (8592-9/01) | - as atividades de apresentação ao vivo de grupos e companhias de teatro em casas de espetáculos e em teatros | (9001-9/01)","Aulas de teatro, impostação de voz e direção de espetáculo. Não cobre dança nem curso de nível técnico ou superior.",ENSINO DE TEATRO (EXCETO DE NÍVEL SUPERIOR E TÉCNICO) || IMPOSTAÇÃO DE VOZ PARA PRÁTICAS DE ARTES CÊNICAS; CURSO DE || INSTRUTORES INDEPENDENTES DE ARTES CÊNICAS || TÉCNICAS DE DIREÇÃO E MONTAGEM DE ESPETÁCULOS TEATRAIS; ENSINO DE,cursos,85,III,nao,"5o-B, XV",INSTRUTOR(A) DE ARTES CÊNICAS INDEPENDENTE,sim,sim,sim,atendemos,nao,nao-se-aplica
8592903,ENSINO DE MÚSICA,Aulas de música,"Esta subclasse compreende - as instituições que oferecem cursos independentes com atividades de ensino de instrumento musical ou canto || Esta subclasse compreende ainda - os instrutores independentes de instrumentos musicais ou canto || Esta subclasse NÃO compreende - o ensino de música de nível superior (grupo 85.3) | - as atividades de bandas, grupos, orquestras e outras companhias musicais, de artistas ligados ou não a uma sala de espetáculos (9001-9/02)","Aulas de música e conservatório, sem ser curso superior.","AULAS DE MÚSICA; ATIVIDADE DE || CONSERVATÓRIO DE MÚSICA, EXCETO DE GRADUAÇÃO EDUCACIONAL || MÚSICA, EXCETO ENSINO SUPERIOR; CURSO, ENSINO DE",cursos,85,III,nao,§5º-B I,INSTRUTOR(A) DE MÚSICA INDEPENDENTE,sim,sim,sim,atendemos,nao,nao-se-aplica
8592999,ENSINO DE ARTE E CULTURA NÃO ESPECIFICADO ANTERIORMENTE,Aulas de arte e cultura,"Esta subclasse compreende - o ensino de outras atividades ligadas à arte e cultura, tais como artesanato, pintura, escultura, etc.","Aulas de artesanato, pintura, escultura e outras artes não listadas em outra atividade.","ARTESANATO; CURSO, ENSINO DE || ESCULTURA; CURSO, ENSINO DE || PINTURA; CURSO, ENSINO DE",cursos,85,III,nao,§5º-B I,INSTRUTOR(A) DE ARTE E CULTURA EM GERAL INDEPENDENTE,sim,sim,sim,atendemos,nao,nao-se-aplica
8593700,ENSINO DE IDIOMAS,Aulas de idiomas,Esta subclasse compreende - o ensino de idiomas em cursos especializados || Esta subclasse compreende ainda - as atividades dos professores de idiomas independentes,"Cursos de inglês, espanhol, francês e outros idiomas, incluindo exame de proficiência.","APLICAÇÃO DE EXAMES DE PROFICIÊNCIA PARA LÍNGUA ESTRANGEIRA; ATIVIDADES DE || ESPANHOL; CURSO, ENSINO DE || FRANCÊS; CURSO, ENSINO DE || IDIOMAS; CURSO, ENSINO DE || INGLÊS; CURSO, ENSINO DE || ITALIANO; CURSO, ENSINO DE || LÍNGUA BRASILEIRA DE SINAIS (LIBRAS); CURSO, ENSINO DE || LÍNGUAS ESTRANGEIRAS; CURSO, ENSINO DE || PORTUGUÊS, CURSO, ENSINO DE || PROFESSORES DE IDIOMA INDEPENDENTES; ATIVIDADE DE",cursos,85,III,nao,§5º-B I,INSTRUTOR(A) DE IDIOMAS INDEPENDENTE,sim,sim,sim,atendemos,nao,nao-se-aplica
9609202,AGÊNCIAS MATRIMONIAIS,Agência matrimonial,Esta subclasse compreende - as atividades de agências matrimoniais,Agência de casamento e de encontros.,AGÊNCIA DE CASAMENTO || AGÊNCIA MATRIMONIAL,fora-da-lista,96,III,nao,"§5º-F (residual, conferido 2026-09-24)",AGENTE MATRIMONIAL INDEPENDENTE,sim,sim,sim,atendemos,nao,nao-se-aplica
9529103,REPARAÇÃO DE RELÓGIOS,Conserto de relógios,Esta subclasse compreende - a reparação de relógios e cronômetros,"Conserto de relógio, cronômetro e artigos de relojoaria.","ARTIGOS DE RELOJOARIA; CONSERTO DE, REPARAÇÃO DE || CRONÔMETROS; REPARAÇÃO E MANUTENÇÃO DE || RELÓGIOS; REPARAÇÃO DE, CONSERTO DE",reparos,95,III,nao,§5º-B IX,RELOJOEIRO(A) INDEPENDENTE,sim,sim,sim,atendemos,nao,nao-se-aplica
9002702,RESTAURAÇÃO DE OBRAS DE ARTE,Restauração de obras de arte,"Esta subclasse compreende - as atividades de restauração de obras de arte, como quadros, esculturas, etc. || Esta subclasse NÃO compreende - a restauração de órgãos e outros instrumentos musicais históricos (3319-8/00) | - as obras de reforma de prédios históricos (4120-4/00) | - a restauração de móveis (9529-1/05)","Restauração de quadro, escultura, imagem sacra e objeto de arte.",OBJETOS DE ARTE; RESTAURAÇÃO DE || RESTAURAÇÃO DE ESCULTURAS; SERVIÇOS DE || RESTAURAÇÃO DE OBRAS DE ARTE; SERVIÇOS DE || RESTAURAÇÃO DE OBRAS E IMAGENS SACRAS || RESTAURAÇÃO DE QUADROS; SERVIÇOS DE,arte,90,III,nao,"§5º-F (residual, conferido 2026-09-24)",RESTAURADOR(A) DE OBRAS DE ARTE INDEPENDENTE,sim,sim,sim,atendemos,nao,nao-se-aplica
9001901,PRODUÇÃO TEATRAL,Produção de teatro,"Esta subclasse compreende - as atividades de produção e promoção de apresentações ao vivo de grupos e companhias de teatro em casas de espetáculos e em teatros | - as demais atividades das companhias de teatro || Esta subclasse compreende ainda - as atividades de atores independentes || Esta subclasse NÃO compreende - as atividades de agenciamento de profissionais para atividades culturais e artísticas (7490-1/05) | - as atividades de agenciamento de elenco, inclusive para o teatro (7810-8/00) | - as atividades de reserva e de venda de ingressos para teatro (7990-2/00) | - as atividades de gestão de salas de teatro (9003-5/00)","Companhia de teatro, ator independente e produção de espetáculo teatral.","ARTES CÊNICAS TEATRAIS INDEPENDENTES; ATIVIDADES DE || ATOR INDEPENDENTE; ATIVIDADE DE  || COMPANHIA DE TEATRO || COMPANHIA TEATRAL; ATIVIDADE DE || EVENTO CULTURAL TEATRAL || GRUPO, CONJUNTO TEATRAL; ATIVIDADE DE || ORGANIZAÇÃO, PROMOÇÃO DE EVENTOS DE TEATRO; ATIVIDADE DE || PRODUÇÃO TEATRAL; ATIVIDADE DE || SERVIÇOS DE FIGURAÇÃO",arte,90,III,nao,"5o-B, XV",HUMORISTA E CONTADOR DE HISTÓRIAS INDEPENDENTE,sim,sim,sim,atendemos,nao,nao-se-aplica
9001902,PRODUÇÃO MUSICAL,Produção musical,"Esta subclasse compreende - as atividades de produção e promoção de bandas, grupos musicais, orquestras e outras companhias musicais | - as atividades de concertos e óperas || Esta subclasse compreende ainda - as atividades de músicos independentes || Esta subclasse NÃO compreende - as atividades de reserva e de venda de ingressos para as atividades musicais (7990-2/00) | - as atividades de gestão de espaços para produção musical (9003-5/00)","Banda, cantor, intérprete, autoria e arranjo musical.","ARRANJO MUSICAL; PRODUÇÃO DE || ARTES CÊNICAS MUSICAIS INDEPENDENTES; ATIVIDADES DE || AUTORIA DE MÚSICAS; ATIVIDADES DE || BANDA MUSICAL; ATIVIDADE DE || CANTOR, INTERPRETE MUSICAL; ATIVIDADES DE || COMPANHIAS MUSICAIS; ATIVIDADE DE || COMPOSIÇÃO DE PARTITURAS; ATIVIDADE DE || COMPOSIÇÃO MUSICAL; ATIVIDADES DE || CONCERTOS E ÓPERAS; ATIVIDADES DE || CONJUNTO MUSICAL; ATIVIDADE DE || CORAL; ATIVIDADES DE || EVENTO CULTURAL MUSICAL || EVENTOS MUSICAIS; ORGANIZAÇÃO DE, PROMOÇÃO DE || GRUPO MUSICAL; ATIVIDADE DE || MÚSICO; ATIVIDADE DE || ORQUESTRA MUSICAL; ATIVIDADE DE || ORQUESTRA; ATIVIDADE DE || PRODUÇÃO MUSICAL; ATIVIDADE DE  || TRIO ELÉTRICO; ATIVIDADE DE",arte,90,III,nao,"5o-B, XV",CANTOR(A)/MÚSICO(A) INDEPENDENTE,sim,sim,sim,atendemos,nao,nao-se-aplica
9001903,PRODUÇÃO DE ESPETÁCULOS DE DANÇA,Produção de espetáculo de dança,Esta subclasse compreende - a produção e promoção de espetáculos das companhias e grupos de dança || Esta subclasse compreende ainda - as atividades de profissionais da dança independentes || Esta subclasse NÃO compreende - as atividades de reserva e de venda de ingressos para espetáculos de dança (7990-2/00) | - as atividades de gestão de espaços para produção de espetáculos de dança (9003-5/00),"Companhia e conjunto de dança, incluindo dança folclórica, e a produção do espetáculo.","ARTES CÊNICAS DE DANÇA INDEPENDENTES; ATIVIDADES DE || CONJUNTO DE DANÇA FOLCLÓRICA; ATIVIDADE DE || CONJUNTO DE FOLCLORE; ATIVIDADE DE || ESPETÁCULO DE DANÇA; ATIVIDADE DE || ESPETÁCULOS DE DANÇA; PRODUÇÃO, CRIAÇÃO, PROMOÇÃO || EVENTO CULTURAL DE DANÇA || EVENTOS DE DANÇA; ORGANIZAÇÃO DE, PROMOÇÃO DE || GRUPO DE DANÇA FOLCLÓRICA; ATIVIDADE DE || GRUPO DE DANÇA; ATIVIDADE DE || PROFISSIONAIS DE DANÇA INDEPENDENTES; ATIVIDADES DE",arte,90,III,nao,"5o-B, XV",nao-se-aplica,nao,sim,nao,atendemos,nao,nao-se-aplica
9001904,"PRODUÇÃO DE ESPETÁCULOS CIRCENSES, DE MARIONETES E SIMILARES",Produção de circo e teatro de bonecos,"Esta subclasse compreende - a produção e promoção de espetáculos circenses, de marionetes e similares","Circo, espetáculo circense, fantoche e marionete.","CIRCENSE; PRODUÇÃO DE ESPETÁCULO || CIRCO; ATIVIDADE DE || ESPETÁCULO CIRCENSE || EVENTO CULTURAL DE CIRCO, FANTOCHE, MARIONETE || EVENTOS DE CIRCO, FANTOCHE, MARIONETE; ORGANIZAÇÃO DE, PROMOÇÃO DE || FANTOCHES; PRODUÇÃO DE ESPETÁCULO || MARIONETE; ESPETÁCULO DE || MARIONETES; PRODUÇÃO DE ESPETÁCULO",arte,90,III,nao,"5o-B, XV",nao-se-aplica,nao,sim,nao,atendemos,nao,nao-se-aplica
9002701,"ATIVIDADES DE ARTISTAS PLÁSTICOS, JORNALISTAS INDEPENDENTES E ESCRITORES","Artista plástico, jornalista ou escritor","Esta subclasse compreende - as atividades de artistas plásticos, escultores, pintores | - as atividades de criadores de desenho animado, gravadores, etc. | - as atividades de escritores de todos os tipos de assuntos, inclusive técnicos | - as atividades de jornalistas independentes","Trabalho independente de artista plástico, escritor, jornalista, cartunista, caligrafista e criador de desenho animado.",ARTISTAS PLÁSTICOS; ATIVIDADES DE || ATIVIDADES LITERÁRIAS || CALIGRAFISTA; ATIVIDADES DE || CARTUNISTA; SERVIÇOS DE || CRIADOR DE DESENHO ANIMADO; ATIVIDADE DE || CRIAÇÃO ARTISTICA; ATIVIDADES DE || CRIAÇÃO DE FOTOGRAVURAS; ATIVIDADE DE || DESENHISTAS E COLORISTAS; ATIVIDADES DE  || DIREITOS AUTORAIS DE OBRAS DE ARTE; GESTÃO DE || ESCRITOR; ATIVIDADE DE || ESCULTOR; ATIVIDADE DE || ILUSTRADOR DE LIVROS; SERVIÇOS DE || JORNALISTA INDEPENDENTE; ATIVIDADE DE || PINTOR ARTÍSTICO; ATIVIDADE DE || PINTURA DE ARTESANATO; SERVIÇOS DE || REDATOR DE TEXTOS; SERVIÇOS DE,arte,90,III,nao,"§5º-F (residual, conferido 2026-09-24)",nao-se-aplica,nao,sim,nao,atendemos,nao,nao-se-aplica
9102302,RESTAURAÇÃO E CONSERVAÇÃO DE LUGARES E PRÉDIOS HISTÓRICOS,Restauração de prédios históricos,Esta subclasse compreende - a restauração e a conservação de lugares e prédios históricos e atrações similares || Esta subclasse NÃO compreende - as obras de reforma de prédios históricos (4120-4/00) | - a restauração de obras de arte (9002-7/02) | - a restauração de móveis (9529-1/05),Conservação e restauro de prédio tombado e imóvel de valor histórico. Não cobre o projeto de arquitetura.,ASSISTÊNCIA TÉCNICA E ACOMPANHAMENTO EM CONSERVAÇÃO E RESTAURAÇÃO DE PRÉDIOS TOMBADOS E IMÓVEIS DE VALOR HISTÓRICO (EXCETO SERVIÇOS DE ARQUITETURA); SERVIÇOS DE || CONSERVAÇÃO DE LUGARES E EDIFÍCIOS HISTÓRICOS; ATIVIDADE DE || CONSERVAÇÃO DO PATRIMÔNIO HISTÓRICO; ATIVIDADE DE || RESTAURAÇÃO ARTÍSTICA DE PRÉDIOS HISTÓRICOS; ATIVIDADES DE,arte,91,III,nao,"§5º-F (residual, conferido 2026-09-24)",nao-se-aplica,nao,sim,nao,atendemos,nao,nao-se-aplica
9319101,PRODUÇÃO E PROMOÇÃO DE EVENTOS ESPORTIVOS,Organização de eventos esportivos,"Esta subclasse compreende - as atividades de produtores ou promotores de eventos e competições esportivas com ou sem infra-estrutura, tais como: | #- as atividades ligadas à organização de campeonatos de futebol, basquete, voleibol, tênis,atletismo, etc. | #- as atividades ligadas à organização de eventos e competições de esportes motorizados, como corrida de automóveis, karts, motos, etc. | #- as atividades ligadas à organização de eventos e competições hípicas e kennels clubes || Esta subclasse compreende ainda - as atividades de regulação esportiva | - as atividades de ligas esportivas | - as atividades ligadas à organização de eventos e competições de esportes motorizados como automóveis, karts, motos, etc. || Esta subclasse NÃO compreende - as atividades de ensino de esportes em escolas esportivas ou por professores independentes (8591-1/00)","Produção e promoção de competição esportiva, além de associação e federação de esporte.","ASSOCIAÇÃO ESPORTIVA || FEDERAÇÃO DE ESPORTE  || FEDERAÇÃO ESPORTIVA || KENNELS CLUBES || ORGANIZAÇÃO DE COMPETIÇÕES HÍPICAS; ATIVIDADES DE || ORGANIZAÇÃO DE CORRIDA DE AUTOMÓVEIS; ATIVIDADE DE || ORGANIZAÇÃO DE CORRIDA DE KARTS; ATIVIDADE DE || ORGANIZAÇÃO DE CORRIDA DE MOTOS; ATIVIDADE DE || ORGANIZAÇÃO, PRODUÇÃO E PROMOÇÃO DE EVENTOS ESPORTIVOS; SERVIÇOS DE || REGULAÇÃO ESPORTIVA; ATIVIDADES DE",eventos,93,III,nao,"§5º-F (residual, conferido 2026-09-24)",nao-se-aplica,nao,sim,nao,atendemos,nao,nao-se-aplica
9329803,"EXPLORAÇÃO DE JOGOS DE SINUCA, BILHAR E SIMILARES",Salão de sinuca e bilhar,"Esta subclasse compreende - as atividades de exploração de estabelecimentos de jogos de sinuca, bilhar e similares",Exploração de mesa de sinuca e bilhar no seu ponto.,"BILHAR; SALÃO DE, EXPLORAÇÃO DE || SINUCA; SALÃO DE, EXPLORAÇÃO DE",eventos,93,III,nao,"§5º-F (residual, conferido 2026-09-24)",PROPRIETÁRIO(A) DE SALÃO DE JOGOS DE SINUCA E BILHAR INDEPENDENTE,sim,sim,sim,atendemos,nao,nao-se-aplica
9329804,EXPLORAÇÃO DE JOGOS ELETRÔNICOS RECREATIVOS,Fliperama e jogos eletrônicos,Esta subclasse compreende - a exploração de estabelecimentos de jogos eletrônicos recreativos || Esta subclasse NÃO compreende - as salas de acesso à internet (8299-7/07) | - as atividades de exploração de casas de bingo (9200-3/01),"Exploração de fliperama, jogo eletrônico e cyber café com foco em jogos.","ACESSO À INTERNET PARA JOGOS EM REDE || CYBER CAFÉ COM PREDOMINANCIA DE EXPLORAÇÃO DE JOGOS ELETRÔNICOS E ACESSO À INTERNET || EXPLORAÇÃO DE JOGOS NO COMPUTADOR; SERVIÇOS DE || JOGO DE FLIPERAMA; EXPLORAÇÃO DE || JOGOS ELETRÔNICOS; EXPLORAÇÃO DE || LAN HOUSE COM ACESSO À INTERNET PREDOMINANTEMENTE PARA JOGOS EM REDE || VENDA DE ITENS VIRTUAIS PARA USO EM JOGOS ELETRONICOS (DIGITAIS), EXCETO O DESENVOLVIMENTO E A INTERMEDIAÇÃO; ATIVIDADES DE",eventos,93,III,nao,§5º-F,PROPRIETÁRIO(A) DE FLIPERAMA INDEPENDENTE,sim,sim,sim,atendemos,nao,nao-se-aplica
9511800,REPARAÇÃO E MANUTENÇÃO DE COMPUTADORES E DE EQUIPAMENTOS PERIFÉRICOS,Conserto de computadores,"Esta subclasse compreende - a reparação e manutenção de computadores, inclusive portáteis e de equipamentos de informática periféricos, tais como impressoras, teclados, drivers, projetores, scanners, mouses, etc. || Esta subclasse compreende ainda - a reparação e manutenção dos terminais de auto-atendimento, como caixas eletrônicos de bancos || Esta subclasse NÃO compreende - a instalação de computadores e equipamentos de informática associada à fabricação (grupo 26.2) e à venda (4751-2/00) | - o serviço de instalação de equipamentos e programas de computador (6209-1/00)","Assistência técnica em computador, notebook e equipamento de informática.","APARELHOS DE INFORMÁTICA; MANUTENÇÃO DE, REPARAÇÃO DE || ASSISTÊNCIA TÉCNICA EM COMPUTADORES; SERVIÇOS DE || ASSISTÊNCIA TÉCNICA EM EQUIPAMENTOS DE INFORMÁTICA; SERVIÇOS DE || ASSISTÊNCIA TÉCNICA EM MICROCOMPUTADORES; SERVIÇOS DE || CAIXAS ELETRÔNICOS DE BANCOS; MANUTENÇÃO DE, REPARAÇÃO DE || COMPUTADORES; CONSERTO DE, REPARO DE || COMPUTADORES; MANUTENÇÃO, REPARAÇÃO DE || EQUIPAMENTO PERIFÉRICO CONEXO; MANUTENÇÃO DE, REPARAÇÃO DE || EQUIPAMENTOS DE INFORMÁTICA; MANUTENÇÃO DE, REPARAÇÃO DE, CONSERTO DE || EQUIPAMENTOS DE PROCESSAMENTO DE DADOS; MANUTENÇÃO DE, REPARAÇÃO DE || EQUIPAMENTOS EMISSORES DE CUPOM FISCAL; MANUTENÇÃO DE || IMPRESSORAS; MANUTENÇÃO DE, REPARAÇÃO DE, CONSERTO DE || MICROCOMPUTADORES; MANUTENÇÃO DE, REPARAÇÃO DE || MÁQUINA COPIADORA, XEROGRÁFICA, FOTOSTÁTICA; ASSISTÊNCIA TÉCNICA EM || MÁQUINA DE CARTÃO DE CRÉDITO; MANUTENÇÃO DE, REPARAÇÃO DE, CONSERTO DE  || PROJETOR; CONSERTO, REPARAÇÃO, MANUTENÇÃO DE || SCANNERS (ESCÂNER); MANUTENÇÃO DE, REPARAÇÃO DE, CONSERTO DE || SUPORTE E MANUTENÇÃO DE HARDWARE, INCLUSIVE UPGRADE; SERVIÇOS DE || TECLADO E MOUSE; CONSERTO, REPARAÇÃO, MANUTENÇÃO DE || TERMINAIS DE AUTO-ATENDIMENTO DE BANCOS; MANUTENÇÃO DE, REPARAÇÃO DE",reparos,95,III,nao,"5o-B, IX",TÉCNICO(A) DE MANUTENÇÃO DE COMPUTADOR INDEPENDENTE,sim,sim,sim,atendemos,nao,nao-se-aplica
9512600,REPARAÇÃO E MANUTENÇÃO DE EQUIPAMENTOS DE COMUNICAÇÃO,Conserto de celulares e equipamentos de comunicação,"Esta subclasse compreende - a reparação e manutenção de equipamentos de comunicação, tais como: | #- telefones fixos e móveis, celulares | #- aparelhos telefônicos de uso público | #- aparelhos de fax | #- equipamentos de comunicação: modems, roteadores, pontes | #- equipamentos de rádio de transmissão-recepção | #- câmeras de televisão e de vídeo de uso profissional","Conserto de celular, telefone, câmera de vídeo e equipamento de comunicação.","APARELHO TELEFÔNICO DE USO PÚBLICO; REPARAÇÃO DE, MANUTENÇÃO DE || APARELHO TELEFÔNICO; REPARAÇÃO DE, MANUTENÇÃO DE || CELULAR, TELEFONE; REPARAÇÃO DE, MANUTENÇÃO DE || CÂMERAS DE TELEVISÃO E DE VÍDEO DE USO PROFISSIONAL; REPARAÇÃO E MANUTENÇÃO DE || EQUIPAMENTOS DE CENTRAIS TELEFONICAS, MANUTENÇÃO E REPARAÇÃO EXECUTADA POR UNIDADE ESPECIALIZADA || EQUIPAMENTOS DE COMUNICAÇÃO; REPARAÇÃO DE, MANUTENÇÃO DE || EQUIPAMENTOS DE RADIOTELEFONIA E RADIOTELEGRAFIA, MANUTENÇÃO E REPARAÇÃO EXECUTADA POR UNIDADE ESPECIALIZADA || EQUIPAMENTOS PARA ESTAÇÕES TELEFÔNICAS, MANUTENÇÃO E REPARAÇÃO EXECUTADA POR UNIDADE ESPECIALIZADA || EQUIPAMENTOS TRANSMISSORES DE RADIO E TELEVISÃO, MANUTENÇÃO E REPARAÇÃO EXECUTADA POR UNIDADE ESPECIALIZADA || FAX; REPARAÇÃO, MANUTENÇÃO DE || MODEMS; REPARAÇÃO E MANUTENÇÃO DE || ROTEADORES; REPARAÇÃO E MANUTENÇÃO DE || RÁDIO DE TRANSMISSÃO-RECEPÇÃO; REPARAÇÃO E MANUTENÇÃO DE EQUIPAMENTOS DE || SISTEMAS DE CIRCUITOS INTERNOS DE SEGURANÇA; MANUTENÇÃO DE,  REPARAÇÃO DE || SISTEMAS DE INTERCOMUNICAÇÃO; MANUTENÇÃO DE, REPARAÇÃO DE || TELEFONE; CONSERTO, REPARAÇÃO, MANUTENÇÃO, ASSISTÊNCIA TÉCNICA DE || TELEFONIA FIXA, EQUIPAMENTOS DE; MANUTENÇÃO DE, REPARAÇÃO DE || TELEFONIA MÓVEL CELULAR; MANUTENÇÃO,  REPARAÇÃO DE EQUIPAMENTOS DE",reparos,95,III,nao,"5o-B, IX",TÉCNICO(A) DE MANUTENÇÃO DE TELEFONIA INDEPENDENTE,sim,sim,sim,atendemos,nao,nao-se-aplica
9521500,REPARAÇÃO E MANUTENÇÃO DE EQUIPAMENTOS ELETROELETRÔNICOS DE USO PESSOAL E DOMÉSTICO,Conserto de eletrodomésticos e eletrônicos,"Esta subclasse compreende - a reparação e manutenção de máquinas e aparelhos eletrodomésticos, tais como: | #- televisores, rádios, videocassetes, DVDs, aparelhos de som, reprodutores de CDs | #- máquinas de lavar, secadoras | #- máquinas de costura de uso doméstico | #- fogões, geladeiras | #- filmadoras, câmeras fotográficas de uso doméstico, etc. || Esta subclasse compreende ainda - a reparação e manutenção de equipamentos de jardinagem | - a reparação e manutenção de ar condicionado de uso doméstico ou industrial || Esta subclasse NÃO compreende - a reparação e manutenção de sistema de ar condicionado central (4322-3/02) | - a reparação e manutenção de aparelhos telefônicos fixos e móveis e celulares (9512-6/00) | - a reparação de câmeras de televisão e de vídeo de uso profissional (9512-6/00)","Conserto de eletrodoméstico, eletrônico de uso pessoal, antena e alarme residencial.","ALARMES DE USO DOMÉSTICO; MANUTENÇÃO DE, REPARAÇÃO DE, CONSERTO DE || ALARMES RESIDENCIAIS; MANUTENÇÃO DE, REPARAÇÃO DE, CONSERTO DE || ANTENAS E SEUS RECEPTORES PARA USO INDIVIDUAL E COLETIVO; MANUTENÇÃO E REPARAÇÃO DE || APARELHO DE REPRODUÇÃO E GRAVAÇÃO DE CDS E DVDS; REPARAÇÃO E MANUTENÇÃO DE || APARELHOS DE REFRIGERAÇÃO DOMÉSTICOS; MANUTENÇÃO DE, REPARAÇÃO DE, CONSERTO DE || APARELHOS DE SOM E VÍDEO; MANUTENÇÃO DE, REPARAÇÃO DE, CONSERTO DE || APARELHOS DOMÉSTICOS; MANUTENÇÃO DE, REPARAÇÃO DE, CONSERTO DE || APARELHOS E EQUIPAMENTOS DE AR CONDICIONADO PARA USO NÃO INDUSTRIAL, QUANDO EXECUTADA POR UNIDADE ESPECIALIZADA; INSTALAÇÃO E MANUTENÇÃO DE || APARELHOS ELETRODOMÉSTICOS; CONSERTO, MANUTENÇÃO, REPARAÇÃO DE || AQUECEDORES; MAUTENÇÃO DE, REPARAÇÃO DE, CONSERTO DE || AR CONDICIONADO DOMÉSTICO; CONSERTO, MANUTENÇÃO, REPARAÇÃO DE || AR CONDICIONANDO PARA RESIDÊNCIAS; MANUTENÇÃO DE, REPARAÇÃO DE || CÂMERAS FOTOGRÁFICAS DE USO DOMÉSTICO; REPARAÇÃO DE, CONSERTO DE || ELETRODOMÉSTICOS; CONSERTO, MANUTENÇÃO, REPARAÇÃO DE || ELETRÔNICOS DOMÉSTICOS; CONSERTO, MANUTENÇÃO, REPARAÇÃO DE || EQUIPAMENTOS DOMÉSTICOS; CONSERTO, MANUTENÇÃO, REPARAÇÃO DE || FILMADORAS; REPARAÇÃO, CONSERTO DE || FILTRO, PURIFICADOR DE ÁGUA, OZONIZADORES; MANUTENÇÃO DE, REPARAÇÃO DE, CONSERTO DE || FOGÃO DOMÉSTICO; MANUTENÇÃO, REPARAÇÃO, CONSERTO DE || GELADEIRA, REFRIGERADOR E FREEZER PARA USO DOMÉSTICO; CONSERTO, MANUTENÇÃO, REPARAÇÃO DE || MÁQUINA DE LAVAR LOUÇAS; REPARAÇÃO DE, CONSERTO DE || MÁQUINA DE LAVAR ROUPAS; REPARAÇÃO DE, CONSERTO DE || MÁQUINAS DE COSTURA DE USO DOMÉSTICO; REPARAÇÃO E MANUTENÇÃO DE || MÁQUINAS DOMÉSTICAS; MANUTENÇÃO DE, REPARAÇÃO DE || MÁQUINAS E EQUIPAMENTOS FOTOGRÁFICOS; REPARAÇÃO DE, CONSERTO DE || MÁQUINAS SECADORAS DE ROUPA E LOUÇA; REPARAÇÃO E MANUTENÇÃO DE || OFICINA DE ELETRODOMÉSTICOS || OFICINA DE ELETRÔNICOS DOMÉSTICOS || PEÇAS E ACESSÓRIOS PARA ELETRODOMÉSTICOS; INSTALAÇÃO DE || RÁDIOS; REPARAÇÃO DE, CONSERTO DE || TELEVISÃO, TELEVISOR, TV; MANUTENÇÃO DE, REPARAÇÃO DE, CONSERTO DE || VÍDEO CASSETE; CONSERTO, MANUTENÇÃO , REPARAÇÃO DE",reparos,95,III,nao,"5o-B, IX",TÉCNICO(A) DE MANUTENÇÃO DE ELETRODOMÉSTICOS INDEPENDENTE,sim,sim,sim,atendemos,nao,nao-se-aplica
9529101,"REPARAÇÃO DE CALÇADOS, DE BOLSAS E ARTIGOS DE VIAGEM",Conserto de calçados e bolsas,Esta subclasse compreende - a reparação de calçados de qualquer material | - a reparação de bolsas e artigos de viagem,"Sapataria: conserto e renovação de calçado, bolsa e artigo de viagem.","ARTIGOS DE VIAGEM; REPARAÇÃO DE, CONSERTO DE || BOLSAS; REPARAÇÃO DE, CONSERTO DE || CALÇADOS DE QUALQUER MATERIAL; RENOVAÇÃO, REPARAÇÃO, CONSERTO DE || RENOVADORA DE CALÇADOS || SAPATEIRO || SAPATOS; RENOVAÇÃO, REPARAÇÃO, CONSERTO DE || TÊNIS; REPARAÇÃO DE, CONSERTO DE",reparos,95,III,nao,§5º-B IX,SAPATEIRO(A),sim,sim,sim,atendemos,nao,nao-se-aplica
9529102,CHAVEIROS,Chaveiro,Esta subclasse compreende - as atividades de execução de cópias de chaves (chaveiros) | - as atividades de reparação e conserto de cadeados e fechaduras,Cópia de chave e conserto de fechadura e cadeado.,"CADEADOS; REPARAÇÃO DE, CONSERTO DE || CHAVEIRO || CÓPIA DE CHAVES; OFICINA DE || FECHADURAS; REPARAÇÃO DE, CONSERTO DE",reparos,95,III,nao,§5º-B IX,CHAVEIRO(A) INDEPENDENTE,sim,sim,sim,atendemos,nao,nao-se-aplica
9529104,"REPARAÇÃO DE BICICLETAS, TRICICLOS E OUTROS VEÍCULOS NÃO MOTORIZADOS",Conserto de bicicletas,"Esta subclasse compreende - a reparação e manutenção de bicicletas, triciclos e outros veículos não motorizados, inclusive instalação de acessórios || Esta subclasse compreende ainda - o conserto de pneus e câmaras-de-ar de bicicletas, triciclos e outros veículos não motorizados || Esta subclasse NÃO compreende - a manutenção e reparação de motocicletas e motonetas (4543-9/00)","Oficina de bicicleta, bicicleta elétrica, triciclo e cadeira de rodas não motorizada.","BICICLETA ELÉTRICA; REPARAÇÃO E MANUTENÇÃO ||  CADEIRA DE RODA NÃO MOTORIZADA; REPARAÇÃO E MANUTENÇÃO || BICICLETAS; CONSERTO, REPARAÇÃO, MANUTENÇÃO DE || BICICLETAS; INSTALAÇÃO DE ACESSÓRIOS || OFICINA DE BICICLETAS || PINTURA DE BICICLETAS, TRICICLOS E DE OUTROS VEÍCULOS RECREATIVOS; SERVIÇOS DE || PNEUS E CÂMARAS DE AR DE BICICLETAS; REPARAÇÃO DE, CONSERTO DE || TRICICLO; REPARAÇÃO DE, CONSERTO DE || VEÍCULOS NÃO MOTORIZADOS; REPARAÇÃO E MANUTENÇÃO DE",reparos,95,III,nao,§5º-B IX,REPARADOR(A) DE BICICLETA INDEPENDENTE,sim,sim,sim,atendemos,nao,nao-se-aplica
9529105,REPARAÇÃO DE ARTIGOS DO MOBILIÁRIO,Conserto e restauro de móveis,Esta subclasse compreende - a restauração de móveis e a reparação de artigos de madeira e do mobiliário | - os serviços de estofador || Esta subclasse NÃO compreende - a restauração de obras de arte (9002-7/02),"Conserto de móvel, armário, tapeçaria e estofamento.","ARMÁRIOS; CONSERTO DE, REPARAÇÃO DE || ARTIGOS DE MADEIRA; REPARAÇÃO DE, CONSERTO DE || ARTIGOS DE TAPEÇARIA; REPARAÇÃO DE, CONSERTO DE || ARTIGOS DO MOBILIÁRIO; ESTOFAMENTO DE || ARTIGOS DO MOBILIÁRIO; REPARAÇÃO DE, CONSERTO DE || CORTINAS; REPARAÇÃO DE, CONSERTO DE || EMPALHADOR; SERVIÇOS DE || EMPALHAMENTO DE CADEIRAS; SERVIÇOS DE || ENVERNIZAÇÃO DE MÓVEIS; SERVIÇOS DE || ESTOFADOR; SERVIÇOS DE || ESTOFADOS; REPARAÇÃO DE, CONSERTO DE, REFORMA DE || ESTOFARIA; SERVIÇOS DE || IMPERMEABILIZAÇÃO DE MÓVEIS; SERVIÇOS DE || MOBILIÁRIO; REPARAÇÃO DE, CONSERTO DE || MÓVEIS; REPARAÇÃO, CONSERTO, RESTAURAÇÃO DE || PERSIANAS; REPARAÇÃO DE, CONSERTO DE || SOFÁS; REPARAÇÃO DE || TOLDOS; REPARAÇÃO DE, MANUTENÇÃO DE, CONSERTO DE",reparos,95,III,nao,§5º-B IX,ESTOFADOR(A) INDEPENDENTE || REPARADOR (A) DE ARTIGOS DE TAPEÇARIA INDEPENDENTE || REPARADOR(A) DE MÓVEIS INDEPENDENTE || REPARADOR(A) DE TOLDOS E PERSIANAS INDEPENDENTE,sim,sim,sim,atendemos,nao,nao-se-aplica
9529106,REPARAÇÃO DE JÓIAS,Conserto de joias,Esta subclasse compreende - a reparação de jóias,Conserto e gravação em joias.,"GRAVAÇÃO EM JÓIAS; SERVIÇOS DE || JÓIAS; REPARAÇÃO, CONSERTO DE",reparos,95,III,nao,§5º-B IX,OURIVES INDEPENDENTE,sim,sim,sim,atendemos,nao,nao-se-aplica
9529199,REPARAÇÃO E MANUTENÇÃO DE OUTROS OBJETOS E EQUIPAMENTOS PESSOAIS E DOMÉSTICOS NÃO ESPECIFICADOS ANTERIORMENTE,Conserto de outros objetos pessoais e domésticos,"Esta subclasse compreende - a reparação de equipamentos esportivos | - a reparação de livros | - a reparação de instrumentos musicais, exceto históricos | - a recuperação de artigos e acessórios do vestuário | - a reparação de brinquedos | - a reparação de artigos de tecidos | - a reparação de artigos de borracha | - os serviços rápidos que prestam diversos serviços conjuntamente || Esta subclasse compreende ainda - o serviço de afinação de pianos || Esta subclasse NÃO compreende - a restauração de obras de arte (9002-7/02) | - a reparação e manutenção de equipamentos eletroeletrônicos de uso pessoal e doméstico (9521-5/00) | - a reparação de câmeras fotográficas e filmadoras de uso doméstico (9521-5/00) | - a reparação de calçados (9529-1/01) | - a reparação e manutenção de bicicletas, triciclos e outros veículos não-motorizados (9529-1/04) | - a reparação de jóias (9529-1/06)","Conserto que não cabe nas outras listas: amolar facas e cutelaria, artigos de borracha, acessórios de roupa.","ACESSÓRIOS DO VESTUÁRIO; RECUPERAÇÃO, REPARAÇÃO, CONSERTO DE || AFIADOR DE ARTIGOS DE CUTELARIA || AMOLADOR DE ARTIGOS DE CUTELARIA || AMOLADOR DE FACAS;ATIVIDADE DE || ARTIGOS DE BORRACHA; REPARAÇÃO DE, CONSERTO DE || ARTIGOS DE CUTELARIA; REPARAÇÃO DE, CONSERTO DE || ARTIGOS DE METAL; REPARAÇÃO DE, CONSERTO DE || ARTIGOS DE PELE; REPARAÇÃO DE, CONSERTO DE || ARTIGOS DE TECIDOS; REPARAÇÃO DE, CONSERTO DE || ARTIGOS DO VESTUÁRIO; RECUPERAÇÃO, REPARAÇÃO, CONSERTO DE || ARTIGOS ÓTICOS; CONSERTO DE, REPARAÇÃO DE || BRINQUEDOS; REPARAÇÃO DE, CONSERTO DE || CADEIRA DE RODA MOTORIZADA; REPARAÇÃO E MANUTENÇÃO || CALÇAS, CAMISAS, TERNOS, VESTIDOS; CONSERTO DE, REPARAÇÃO DE || CERZIDEIRA; SERVIÇOS DE || CONSERTO DE ROUPAS; SERVIÇOS DE || EQUIPAMENTOS ESPORTIVOS (ESTEIRAS, BIKES E MÁQUINAS); REPARAÇÃO E MANUTENÇÃO DE || EQUIPAMENTOS PARA CONDICIONAMENTO FÍSICO; REPARAÇÃO E MANUTENÇÃO DE || GUARDA-CHUVA; REPARAÇÃO DE, CONSERTO DE || INSTRUMENTOS MUSICAIS; REPARAÇÃO DE, CONSERTO DE || LIVROS; RESTAURAÇÃO DE || LONA; REPARAÇÃO DE, CONSERTO DE || MALA; REPARAÇÃO DE, CONSERTO DE || PANELAS, BALDES; REPARAÇÃO DE, CONSERTO DE || PANELEIRO; SERVIÇOS DE || PIANOS; AFINAÇÃO DE || REDES DE DORMIR DOMÉSTICAS; REPARAÇÃO DE, CONSERTO DE || SELAS, ARREIOS, RÉDEAS; REPARAÇÃO DE, CONSERTO DE || VIOLÃO; CONSERTO DE, REPARAÇÃO DE || ÓCULOS; REPARAÇÃO DE, CONSERTO DE",reparos,95,III,nao,"5o-B, IX",AMOLADOR(A) DE ARTIGOS DE CUTELARIA INDEPENDENTE || REPARADOR(A) DE ARTIGOS E ACESSÓRIOS DO VESTUÁRIO INDEPENDENTE || REPARADOR(A) DE BRINQUEDOS INDEPENDENTE || REPARADOR(A) DE EQUIPAMENTOS ESPORTIVOS INDEPENDENTE || REPARADOR(A) DE GUARDA CHUVA E SOMBRINHAS INDEPENDENTE || REPARADOR(A) DE INSTRUMENTOS MUSICAIS INDEPENDENTE || REPARADOR(A) DE PANELAS (PANELEIRO) INDEPENDENTE || RESTAURADOR(A) DE LIVROS INDEPENDENTE,sim,sim,sim,atendemos,nao,nao-se-aplica
9602501,"CABELEIREIROS, MANICURE E PEDICURE","Cabeleireiro, manicure e pedicure","Esta subclasse compreende - as atividades de lavagem, corte, penteado, tingimento e outros tratamentos do cabelo | - os serviços de barbearia | - as atividades de manicure e pedicure || Esta subclasse NÃO compreende - a fabricação de perucas (3299-0/99) | - a atividade de podologia (8690-9/04) | - as atividades de limpeza de pele, massagem facial, maquilagem, etc. (9602-5/02) | - a atividade de depilação (9602-5/02)","Salão de beleza, barbearia, corte, alisamento, manicure, pedicure e podologia.","ALISAMENTO, PERMANENTE DE CABELO; SERVIÇOS DE || BARBEARIA || BARBEIRO; SALÃO DE || CABELEIREIRO; SERVIÇOS DE || CALISTA; SERVIÇOS DE || COIFFURE || CORTE DE CABELO; SERVIÇOS DE || EMBELEZAMENTO DOS CABELOS; SERVIÇOS DE || HIDRATAÇÃO DE CABELOS; SERVIÇOS DE || LAVAGEM E PENTEADO DE CABELO; SERVIÇOS DE || MANICURA; SERVIÇOS DE || PEDICURE, MANICURE; SERVIÇOS DE || PEDICURO; SERVIÇOS DE || RELAXAMENTO DE CABELOS; SERVIÇOS DE || SALÃO DE CABELEIREIRO || SALÃO DE CABELEIREIRO UNISSEX || TINGIMENTO DE CABELO; SERVIÇOS DE || TINTURA E PINTURA DE CABELO; SERVIÇO DE || TRATAMENTO DOS CABELOS; SERVIÇOS DE",salao,96,III,nao,"§5º-F (residual, conferido 2026-09-24)",BARBEIRO INDEPENDENTE || CABELEIREIRO(A) INDEPENDENTE || MANICURE/PEDICURE INDEPENDENTE,sim,sim,sim,atendemos,nao,nao-se-aplica
7490199,"OUTRAS ATIVIDADES PROFISSIONAIS, CIENTÍFICAS E TÉCNICAS NÃO ESPECIFICADAS ANTERIORMENTE",Outros serviços profissionais e técnicos,"Esta subclasse compreende - o serviço de previsão meteorológica | - os serviços de avaliação não-imobiliária (jóias, antiguidades, etc.) | - as atividades de assessoria e consultoria técnica em áreas profissionais, científicas e técnicas não especificadas anteriormente, inclusive as realizadas por profissionais autônomos ou constituídos como empresas individuais || Esta subclasse NÃO compreende - os serviços de avaliação de imóveis (6821-8/01) | - as atividades de escritores de todos os tipos de assuntos, inclusive técnicos (9002-7/01) | - as atividades de jornalistas independentes (9002-7/01)","Consultoria técnica que não cabe nas outras listas: culinária, moda e imagem pessoal, projetos culturais, sommelier.","SOMMELIER, DEGUSTAÇÃO DE CERVEJAS; SERVIÇOS DE || ASSESSORIA E CONSULTORIA EM CULINÁRIA || ASSESSORIA E CONSULTORIA EM MODA E IMAGEM PESSOAL || ASSESSORIA E CONSULTORIA EM PROJETOS CULTURAIS || ASSESSORIA E CONSULTORIA EM SAÚDE E MEDICINA DO TRABALHO || ASSESSORIA E CONSULTORIA NA PRODUÇÃO DE PROGRAMAS DE TELEVISÃO || ASSESSORIA EM ESPORTE || ASSISTÊNCIA TÉCNICA PARA DESENVOLVIMENTO DE PRÁTICAS SUSTENTÁVEIS E DE REDUÇÃO DE IMPACTO AMBIENTAL; SERVIÇOS DE || AVALIAÇÃO DE ANTIGUIDADES; SERVIÇOS DE || AVALIAÇÃO DE JÓIAS; SERVIÇOS DE || AVALIAÇÃO NÃO-IMOBILIÁRIA; SERVIÇOS DE || CONSULTORIA E CERTIFICAÇÃO EM QUESTÕES DE SUSTENTABILIDADE DO MEIO AMBIENTE; SERVIÇOS DE || CONSULTORIA EM ENOLOGIA; ATIVIDADES DE || CONSULTORIA EM ESPORTES || CONSULTORIA EM ESTATÍSTICA; SERVIÇOS DE  || CONSULTORIA EM MUSEOLOGIA; SERVIÇOS DE || CONSULTORIA EM QUESTÕES DE SUSTENTABILIDADE DO MEIO AMBIENTE || CONSULTORIA EM SISTEMAS DE SEGURANÇA; SERVIÇOS DE || CONSULTORIA MÉDICA EM MEDICINA DO TRABALHO || CONSULTORIA NA ÁREA DE ESTATÍSTICA || CONSULTORIA, ASSESSORIA EM PROJETOS DE MEIO AMBIENTE; SERVIÇOS DE || DESENVOLVIMENTO E ELABORAÇÃO DE PLANILHAS PARA ORGANIZAR, CALCULAR E ANALISAR DADOS E INFORMAÇÕES; ATIVIDADES DE || ELABORAÇÃO DE PLANO DE GERENCIAMENTO DE RISCOS AMBIENTAIS (PGRA); SERVIÇOS DE || ELABORAÇÃO DE PROGRAMA DE CONTROLE MÉDICO DE SAÚDE OCUPACIONAL (PCMSO); SERVIÇOS DE || ELABORAÇÃO DE PROGRAMA DE PREVENÇÃO DE RISCOS AMBIENTAIS (PPRA); SERVIÇOS DE || ELABORAÇÃO DE QUESTÕES PARA PROVAS; ATIVIDADES DE || EMISSÃO DE LAUDO TÉCNICO DAS CONDIÇÕES AMBIENTAIS DE TRABALHO (LTCAT); SERVIÇOS DE || ERGONOMIA; ASSESSORIA E CONSULTORIA EM || LOCUTOR; SERVIÇOS DE || LOCUÇÃO; SERVIÇOS DE || MESTRE DE CERIMÔNIAS EM EVENTOS; ATIVIDADES DE || METEOROLOGIA; SERVIÇOS DE || NARRADOR, NARRAÇÃO; SERVIÇOS DE || ORGANIZAÇÃO DE CONCURSOS PÚBLICOS; SERVIÇOS DE || PERÍCIA GRAFOTÉCNICA; SERVIÇOS DE || PREVISÃO METEOROLÓGICA; SERVIÇOS DE || RATING OU AVALIAÇÃO DE RISCOS PARA CLASSIFICAÇÃO DE EMPRESAS || SERVIÇOS DE PROMOÇÃO EM SAÚDE JUNTO A ÁREA DE RECURSOS HUMANOS DE EMPRESAS || SOMMELIER , DEGUSTAÇÃO DE CERVEJAS; SERVIÇOS DE || SOMMELIER, DEGUSTAÇÃO DE VINHOS; SERVIÇOS DE",consult,74,III-ou-V,sim,§5º-I XII,nao-se-aplica,nao,sim,nao,atendemos,nao,nao-se-aplica
8219999,PREPARAÇÃO DE DOCUMENTOS E SERVIÇOS ESPECIALIZADOS DE APOIO ADMINISTRATIVO NÃO ESPECIFICADOS ANTERIORMENTE,Preparação de documentos e apoio administrativo,"Esta subclasse compreende - o serviço de preparo de documentos | - o serviço de digitação de textos  | - os serviços de preenchimento de formulários, colocação de selos e despacho de correspondência, inclusive de material de publicidade | - os serviços de apoio à secretaria | - a redação de cartas e resumos | - o serviço de transcrição de documentos | - as atividades de registro e de cadastramento de usuários, exceto para fins de certificação digital || Esta subclasse NÃO compreende - a impressão de material para uso industrial e comercial (1813-0/99) | - as atividades de registro e de cadastramento de usuários para fins de certificação digital (6319-4/00) | - os serviços de taquigrafia (8299-7/99)","Redação e conferência de texto, elaboração de crachá e cartão de visita, assessoria para visto e passaporte.","ASSESSORIA PARA SOLICITAÇÃO DE VISTOS, PASSAPORTES E OUTROS DOCUMENTOS DE VIAGEM; SERVIÇO DE || CARTAS E RESUMOS; REDAÇÃO DE || CARTÕES DE VISITA, CRACHÁS; SERVIÇOS DE ELABORAÇÃO DE || CONFERÊNCIA DE TEXTOS DIGITADOS POR TERCEIROS; SERVIÇO DE || DATILOGRAFIA; SERVIÇO DE || DIGITAÇÃO DE FATURAS, DOCUMENTOS, CARNÊS; SERVIÇOS DE || DIGITAÇÃO DE TEXTOS; SERVIÇO DE || EDITORAÇÃO ELETRÔNICA; SERVIÇOS DE || ENVIO DE CORRESPONDÊNCIA POR MALA DIRETA; SERVIÇO DE || ESTENOTIPIA; SERVIÇOS DE || PREENCHIMENTO, SELAGEM E DESPACHO DE ENCOMENDAS; SERVIÇOS DE || PREPARAÇÃO DE DOCUMENTAÇÃO PARA OBTENÇÃO DE PASSAPORTE OU CIDADANIA ESTRANGEIRA; SERVIÇOS DE || PREPARAÇÃO DE DOCUMENTOS E SERVIÇOS ESPECIALIZADOS DE APOIO ADMINISTRATIVO || ROTULAÇÃO E DESPACHO DE ENCOMENDAS E DOCUMENTOS POR CORREIO; SERVIÇOS DE || SECRETARIA; SERVIÇOS DE  || TRANSCRIÇÃO DE DOCUMENTOS; SERVIÇO DE",admin,82,III,nao,§5º-F,DIGITADOR(A) INDEPENDENTE,sim,sim,sim,atendemos,nao,nao-se-aplica
6319400,"PORTAIS, PROVEDORES DE CONTEÚDO E OUTROS SERVIÇOS DE INFORMAÇÃO NA INTERNET",Portal de conteúdo e sites de informação,"Esta subclasse compreende - a operação de páginas de internet (websites) ou de ferramentas de busca (search engine) para gerar e manter grandes bases de dados de endereços e conteúdos de internet | - a operação de portais da internet que atualizam periodicamente seu conteúdo, como, por exemplo, os dos meios de comunicação | - as atividades para certificação digital || Esta subclasse compreende ainda - as páginas de entretenimento (jogos) na internet, exceto jogos de azar | - as páginas de publicidade na internet | - o acesso a programas na internet | - os serviços de disponibilização de música através da internet | - os serviços de e-mail || Esta subclasse NÃO compreende - a edição de livros, jornais, revistas, etc. (divisão 58) | - os provedores de acesso às redes de comunicações (6190-6/01) | - o desenho de páginas para a internet (6201-5/00) | - a operação de jogos de azar e apostas na internet (9200-3/99)","Portal de conteúdo na internet, gestão de redes sociais para terceiros e banco de informação para consulta.","ADMINISTRAÇÃO (GESTÃO) DE CONTEÚDO RELACIONADO ÀS REDES SOCIAIS PARA TERCEIROS; SERVIÇOS DE || BANCO DE INFORMAÇÃO PARA PESQUISA E ANÁLISE; SERVIÇOS DE  || CERTIFICAÇÃO DIGITAL; SERVIÇOS DE  || CONSULTA A BANCO DE DADOS; SERVIÇOS DE || DISTRIBUIÇÃO ON LINE DE CONTEÚDO; SERVIÇOS DE || EMISSÃO, EXPEDIÇÃO, DISTRIBUIÇÃO, REVOGAÇÃO E GERENCIAMENTO DE CERTIFICADOS DIGITAIS; SERVIÇO DE || FORNECIMENTO DE BOLETINS METEOROLÓGICOS DISPONÍVEIS NA INTERNET; SERVIÇOS DE || GESTÃO E MEDIÇÃO DE TRÁFEGO DIGITAL NA INTERNET (WEB); SERVIÇOS DE || IDENTIFICAÇÃO E CADASTRAMENTO DE USUÁRIOS PARA FINS DE EMISSÃO DE CERTIFICADOS DIGITAIS; SERVIÇO DE || MÚSICA ATRAVÉS DA INTERNET; SERVIÇOS DE DISPONIBILIZAÇÃO DE || OPERAÇÃO DE APLICATIVOS DE CONTEÚDO NA INTERNET; ATIVIDADES DE || OPERAÇÃO DE PLATAFORMAS ONLINE DE REDES SOCIAIS; SERVIÇOS DE || OPERAÇÃO DE PORTAIS DE CONTEÚDO DA INTERNET, ATIVIDADES DE || PORTAIS, PROVEDORES DE CONTEÚDO E OUTROS SERVIÇOS DE INFORMAÇÃO NA INTERNET; OPERAÇÕES DE || PORTAL DE BUSCA DA WEB; SERVIÇOS DE || PROVEDORES DE E-MAIL; SERVIÇOS DE || PÁGINA DE PUBLICIDADE NA INTERNET || PÁGINAS DE ENTRETENIMENTO NA INTERNET, EXCETO JOGOS DE AZAR; OPERAÇÃO DE || SEARCH ENGINE; ATIVIDADE DE || SITE DE BUSCA NA INTERNET || SITE DE JOGOS NA INTERNET, EXCETO JOGOS DE AZAR; SERVIÇOS DE || SITES DE PUBLICIDADE NA INTERNET || STREAMING DE ÁUDIO E VÍDEO PELA INTERNET; SERVIÇOS DE",tech,63,III,nao,§5º-F (SC COSIT 99/2017),nao-se-aplica,nao,sim,nao,atendemos,nao,nao-se-aplica
