cnae,descricao,secao_id,secao,divisao_id,classe_id,anexo_base,anexo_just,fator_r,aliquota_inicial,contabilizei_atende,contabilizei_just
4929902,"TRANSPORTE RODOVIÁRIO COLETIVO DE PASSAGEIROS, SOB REGIME DE FRETAMENTO, INTERMUNICIPAL, INTERESTADUAL E INTERNACIONAL",H,"Transporte, Armazenagem E Correio",49,49299,III/IV/V*,serviço — anexo exato depende da atividade + Fator R (determinar na camada fiscal),,,nao,divisão/classe recusada (mapeado das 17 categorias do suporte)
1610204,SERRARIAS SEM DESDOBRAMENTO DE MADEIRA EM BRUTO - RESSERRAGEM,C,Indústrias De Transformação,16,16102,II,indústria (regra por seção),,,nao,divisão/classe recusada (mapeado das 17 categorias do suporte)
1610203,SERRARIAS COM DESDOBRAMENTO DE MADEIRA EM BRUTO,C,Indústrias De Transformação,16,16102,II,indústria (regra por seção),,,nao,divisão/classe recusada (mapeado das 17 categorias do suporte)
4623105,COMÉRCIO ATACADISTA DE CACAU,G,Comércio; Reparação De Veículos Automotores E Motocicletas,46,46231,I,comércio (regra por seção),,,atende,presumido (serviço/comércio leve no Simples; validar)
3314705,MANUTENÇÃO E REPARAÇÃO DE EQUIPAMENTOS DE TRANSMISSÃO PARA FINS INDUSTRIAIS,C,Indústrias De Transformação,33,33147,II,indústria (regra por seção),,,nao,divisão/classe recusada (mapeado das 17 categorias do suporte)
4623106,"COMÉRCIO ATACADISTA DE SEMENTES, FLORES, PLANTAS E GRAMAS",G,Comércio; Reparação De Veículos Automotores E Motocicletas,46,46231,I,comércio (regra por seção),,,atende,presumido (serviço/comércio leve no Simples; validar)
4623107,COMÉRCIO ATACADISTA DE SISAL,G,Comércio; Reparação De Veículos Automotores E Motocicletas,46,46231,I,comércio (regra por seção),,,atende,presumido (serviço/comércio leve no Simples; validar)
5620102,SERVIÇOS DE ALIMENTAÇÃO PARA EVENTOS E RECEPÇÕES - BUFÊ,I,Alojamento E Alimentação,56,56201,III/IV/V*,serviço — anexo exato depende da atividade + Fator R (determinar na camada fiscal),,,atende,presumido (serviço/comércio leve no Simples; validar)
6611802,BOLSA DE MERCADORIAS,K,"Atividades Financeiras, De Seguros E Serviços Relacionados",66,66118,III/IV/V*,serviço — anexo exato depende da atividade + Fator R (determinar na camada fiscal),,,nao,divisão/classe recusada (mapeado das 17 categorias do suporte)
6611803,BOLSA DE MERCADORIAS E FUTUROS,K,"Atividades Financeiras, De Seguros E Serviços Relacionados",66,66118,III/IV/V*,serviço — anexo exato depende da atividade + Fator R (determinar na camada fiscal),,,nao,divisão/classe recusada (mapeado das 17 categorias do suporte)
6611804,ADMINISTRAÇÃO DE MERCADOS DE BALCÃO ORGANIZADOS,K,"Atividades Financeiras, De Seguros E Serviços Relacionados",66,66118,III/IV/V*,serviço — anexo exato depende da atividade + Fator R (determinar na camada fiscal),,,nao,divisão/classe recusada (mapeado das 17 categorias do suporte)
0111301,CULTIVO DE ARROZ,A,"Agricultura, Pecuária, Produção Florestal, Pesca E Aqüicultura",01,01113,III/IV/V*,serviço — anexo exato depende da atividade + Fator R (determinar na camada fiscal),,,nao,divisão/classe recusada (mapeado das 17 categorias do suporte)
0111302,CULTIVO DE MILHO,A,"Agricultura, Pecuária, Produção Florestal, Pesca E Aqüicultura",01,01113,III/IV/V*,serviço — anexo exato depende da atividade + Fator R (determinar na camada fiscal),,,nao,divisão/classe recusada (mapeado das 17 categorias do suporte)
0111303,CULTIVO DE TRIGO,A,"Agricultura, Pecuária, Produção Florestal, Pesca E Aqüicultura",01,01113,III/IV/V*,serviço — anexo exato depende da atividade + Fator R (determinar na camada fiscal),,,nao,divisão/classe recusada (mapeado das 17 categorias do suporte)
7729201,ALUGUEL DE APARELHOS DE JOGOS ELETRÔNICOS,N,Atividades Administrativas E Serviços Complementares,77,77292,III/IV/V*,serviço — anexo exato depende da atividade + Fator R (determinar na camada fiscal),,,nao,divisão/classe recusada (mapeado das 17 categorias do suporte)
0111399,CULTIVO DE OUTROS CEREAIS NÃO ESPECIFICADOS ANTERIORMENTE,A,"Agricultura, Pecuária, Produção Florestal, Pesca E Aqüicultura",01,01113,III/IV/V*,serviço — anexo exato depende da atividade + Fator R (determinar na camada fiscal),,,nao,divisão/classe recusada (mapeado das 17 categorias do suporte)
0112101,CULTIVO DE ALGODÃO HERBÁCEO,A,"Agricultura, Pecuária, Produção Florestal, Pesca E Aqüicultura",01,01121,III/IV/V*,serviço — anexo exato depende da atividade + Fator R (determinar na camada fiscal),,,nao,divisão/classe recusada (mapeado das 17 categorias do suporte)
0112102,CULTIVO DE JUTA,A,"Agricultura, Pecuária, Produção Florestal, Pesca E Aqüicultura",01,01121,III/IV/V*,serviço — anexo exato depende da atividade + Fator R (determinar na camada fiscal),,,nao,divisão/classe recusada (mapeado das 17 categorias do suporte)
0112199,CULTIVO DE OUTRAS FIBRAS DE LAVOURA TEMPORÁRIA NÃO ESPECIFICADAS ANTERIORMENTE,A,"Agricultura, Pecuária, Produção Florestal, Pesca E Aqüicultura",01,01121,III/IV/V*,serviço — anexo exato depende da atividade + Fator R (determinar na camada fiscal),,,nao,divisão/classe recusada (mapeado das 17 categorias do suporte)
0113000,CULTIVO DE CANA DE AÇÚCAR,A,"Agricultura, Pecuária, Produção Florestal, Pesca E Aqüicultura",01,01130,III/IV/V*,serviço — anexo exato depende da atividade + Fator R (determinar na camada fiscal),,,nao,divisão/classe recusada (mapeado das 17 categorias do suporte)
0114800,CULTIVO DE FUMO,A,"Agricultura, Pecuária, Produção Florestal, Pesca E Aqüicultura",01,01148,III/IV/V*,serviço — anexo exato depende da atividade + Fator R (determinar na camada fiscal),,,nao,divisão/classe recusada (mapeado das 17 categorias do suporte)
0115600,CULTIVO DE SOJA,A,"Agricultura, Pecuária, Produção Florestal, Pesca E Aqüicultura",01,01156,III/IV/V*,serviço — anexo exato depende da atividade + Fator R (determinar na camada fiscal),,,nao,divisão/classe recusada (mapeado das 17 categorias do suporte)
0116401,CULTIVO DE AMENDOIM,A,"Agricultura, Pecuária, Produção Florestal, Pesca E Aqüicultura",01,01164,III/IV/V*,serviço — anexo exato depende da atividade + Fator R (determinar na camada fiscal),,,nao,divisão/classe recusada (mapeado das 17 categorias do suporte)
0116402,CULTIVO DE GIRASSOL,A,"Agricultura, Pecuária, Produção Florestal, Pesca E Aqüicultura",01,01164,III/IV/V*,serviço — anexo exato depende da atividade + Fator R (determinar na camada fiscal),,,nao,divisão/classe recusada (mapeado das 17 categorias do suporte)
0116403,CULTIVO DE MAMONA,A,"Agricultura, Pecuária, Produção Florestal, Pesca E Aqüicultura",01,01164,III/IV/V*,serviço — anexo exato depende da atividade + Fator R (determinar na camada fiscal),,,nao,divisão/classe recusada (mapeado das 17 categorias do suporte)
0133406,CULTIVO DE GUARANÁ,A,"Agricultura, Pecuária, Produção Florestal, Pesca E Aqüicultura",01,01334,III/IV/V*,serviço — anexo exato depende da atividade + Fator R (determinar na camada fiscal),,,nao,divisão/classe recusada (mapeado das 17 categorias do suporte)
0721901,EXTRAÇÃO DE MINÉRIO DE ALUMÍNIO,B,Indústrias Extrativas,07,07219,II,indústria (regra por seção),,,nao,divisão/classe recusada (mapeado das 17 categorias do suporte)
0116499,CULTIVO DE OUTRAS OLEAGINOSAS DE LAVOURA TEMPORÁRIA NÃO ESPECIFICADAS ANTERIORMENTE,A,"Agricultura, Pecuária, Produção Florestal, Pesca E Aqüicultura",01,01164,III/IV/V*,serviço — anexo exato depende da atividade + Fator R (determinar na camada fiscal),,,nao,divisão/classe recusada (mapeado das 17 categorias do suporte)
0119901,CULTIVO DE ABACAXI,A,"Agricultura, Pecuária, Produção Florestal, Pesca E Aqüicultura",01,01199,III/IV/V*,serviço — anexo exato depende da atividade + Fator R (determinar na camada fiscal),,,nao,divisão/classe recusada (mapeado das 17 categorias do suporte)
0119902,CULTIVO DE ALHO,A,"Agricultura, Pecuária, Produção Florestal, Pesca E Aqüicultura",01,01199,III/IV/V*,serviço — anexo exato depende da atividade + Fator R (determinar na camada fiscal),,,nao,divisão/classe recusada (mapeado das 17 categorias do suporte)
0119903,CULTIVO DE BATATA INGLESA,A,"Agricultura, Pecuária, Produção Florestal, Pesca E Aqüicultura",01,01199,III/IV/V*,serviço — anexo exato depende da atividade + Fator R (determinar na camada fiscal),,,nao,divisão/classe recusada (mapeado das 17 categorias do suporte)
0119904,CULTIVO DE CEBOLA,A,"Agricultura, Pecuária, Produção Florestal, Pesca E Aqüicultura",01,01199,III/IV/V*,serviço — anexo exato depende da atividade + Fator R (determinar na camada fiscal),,,nao,divisão/classe recusada (mapeado das 17 categorias do suporte)
0119905,CULTIVO DE FEIJÃO,A,"Agricultura, Pecuária, Produção Florestal, Pesca E Aqüicultura",01,01199,III/IV/V*,serviço — anexo exato depende da atividade + Fator R (determinar na camada fiscal),,,nao,divisão/classe recusada (mapeado das 17 categorias do suporte)
0119906,CULTIVO DE MANDIOCA,A,"Agricultura, Pecuária, Produção Florestal, Pesca E Aqüicultura",01,01199,III/IV/V*,serviço — anexo exato depende da atividade + Fator R (determinar na camada fiscal),,,nao,divisão/classe recusada (mapeado das 17 categorias do suporte)
0119907,CULTIVO DE MELÃO,A,"Agricultura, Pecuária, Produção Florestal, Pesca E Aqüicultura",01,01199,III/IV/V*,serviço — anexo exato depende da atividade + Fator R (determinar na camada fiscal),,,nao,divisão/classe recusada (mapeado das 17 categorias do suporte)
0119908,CULTIVO DE MELANCIA,A,"Agricultura, Pecuária, Produção Florestal, Pesca E Aqüicultura",01,01199,III/IV/V*,serviço — anexo exato depende da atividade + Fator R (determinar na camada fiscal),,,nao,divisão/classe recusada (mapeado das 17 categorias do suporte)
0119909,CULTIVO DE TOMATE RASTEIRO,A,"Agricultura, Pecuária, Produção Florestal, Pesca E Aqüicultura",01,01199,III/IV/V*,serviço — anexo exato depende da atividade + Fator R (determinar na camada fiscal),,,nao,divisão/classe recusada (mapeado das 17 categorias do suporte)
0133403,CULTIVO DE CAJU,A,"Agricultura, Pecuária, Produção Florestal, Pesca E Aqüicultura",01,01334,III/IV/V*,serviço — anexo exato depende da atividade + Fator R (determinar na camada fiscal),,,nao,divisão/classe recusada (mapeado das 17 categorias do suporte)
0151203,"CRIAÇÃO DE BOVINOS, EXCETO PARA CORTE E LEITE",A,"Agricultura, Pecuária, Produção Florestal, Pesca E Aqüicultura",01,01512,III/IV/V*,serviço — anexo exato depende da atividade + Fator R (determinar na camada fiscal),,,nao,divisão/classe recusada (mapeado das 17 categorias do suporte)
0133404,"CULTIVO DE CÍTRICOS, EXCETO LARANJA",A,"Agricultura, Pecuária, Produção Florestal, Pesca E Aqüicultura",01,01334,III/IV/V*,serviço — anexo exato depende da atividade + Fator R (determinar na camada fiscal),,,nao,divisão/classe recusada (mapeado das 17 categorias do suporte)
0133405,CULTIVO DE COCO DA BAÍA,A,"Agricultura, Pecuária, Produção Florestal, Pesca E Aqüicultura",01,01334,III/IV/V*,serviço — anexo exato depende da atividade + Fator R (determinar na camada fiscal),,,nao,divisão/classe recusada (mapeado das 17 categorias do suporte)
0119999,CULTIVO DE OUTRAS PLANTAS DE LAVOURA TEMPORÁRIA NÃO ESPECIFICADAS ANTERIORMENTE,A,"Agricultura, Pecuária, Produção Florestal, Pesca E Aqüicultura",01,01199,III/IV/V*,serviço — anexo exato depende da atividade + Fator R (determinar na camada fiscal),,,nao,divisão/classe recusada (mapeado das 17 categorias do suporte)
0121101,"HORTICULTURA, EXCETO MORANGO",A,"Agricultura, Pecuária, Produção Florestal, Pesca E Aqüicultura",01,01211,III/IV/V*,serviço — anexo exato depende da atividade + Fator R (determinar na camada fiscal),,,nao,divisão/classe recusada (mapeado das 17 categorias do suporte)
0121102,CULTIVO DE MORANGO,A,"Agricultura, Pecuária, Produção Florestal, Pesca E Aqüicultura",01,01211,III/IV/V*,serviço — anexo exato depende da atividade + Fator R (determinar na camada fiscal),,,nao,divisão/classe recusada (mapeado das 17 categorias do suporte)
0122900,CULTIVO DE FLORES E PLANTAS ORNAMENTAIS,A,"Agricultura, Pecuária, Produção Florestal, Pesca E Aqüicultura",01,01229,III/IV/V*,serviço — anexo exato depende da atividade + Fator R (determinar na camada fiscal),,,nao,divisão/classe recusada (mapeado das 17 categorias do suporte)
0131800,CULTIVO DE LARANJA,A,"Agricultura, Pecuária, Produção Florestal, Pesca E Aqüicultura",01,01318,III/IV/V*,serviço — anexo exato depende da atividade + Fator R (determinar na camada fiscal),,,nao,divisão/classe recusada (mapeado das 17 categorias do suporte)
0132600,CULTIVO DE UVA,A,"Agricultura, Pecuária, Produção Florestal, Pesca E Aqüicultura",01,01326,III/IV/V*,serviço — anexo exato depende da atividade + Fator R (determinar na camada fiscal),,,nao,divisão/classe recusada (mapeado das 17 categorias do suporte)
0133401,CULTIVO DE AÇAÍ,A,"Agricultura, Pecuária, Produção Florestal, Pesca E Aqüicultura",01,01334,III/IV/V*,serviço — anexo exato depende da atividade + Fator R (determinar na camada fiscal),,,nao,divisão/classe recusada (mapeado das 17 categorias do suporte)
0133402,CULTIVO DE BANANA,A,"Agricultura, Pecuária, Produção Florestal, Pesca E Aqüicultura",01,01334,III/IV/V*,serviço — anexo exato depende da atividade + Fator R (determinar na camada fiscal),,,nao,divisão/classe recusada (mapeado das 17 categorias do suporte)
0139301,CULTIVO DE CHÁ DA ÍNDIA,A,"Agricultura, Pecuária, Produção Florestal, Pesca E Aqüicultura",01,01393,III/IV/V*,serviço — anexo exato depende da atividade + Fator R (determinar na camada fiscal),,,nao,divisão/classe recusada (mapeado das 17 categorias do suporte)
0133407,CULTIVO DE MAÇÃ,A,"Agricultura, Pecuária, Produção Florestal, Pesca E Aqüicultura",01,01334,III/IV/V*,serviço — anexo exato depende da atividade + Fator R (determinar na camada fiscal),,,nao,divisão/classe recusada (mapeado das 17 categorias do suporte)
0133408,CULTIVO DE MAMÃO,A,"Agricultura, Pecuária, Produção Florestal, Pesca E Aqüicultura",01,01334,III/IV/V*,serviço — anexo exato depende da atividade + Fator R (determinar na camada fiscal),,,nao,divisão/classe recusada (mapeado das 17 categorias do suporte)
0133409,CULTIVO DE MARACUJÁ,A,"Agricultura, Pecuária, Produção Florestal, Pesca E Aqüicultura",01,01334,III/IV/V*,serviço — anexo exato depende da atividade + Fator R (determinar na camada fiscal),,,nao,divisão/classe recusada (mapeado das 17 categorias do suporte)
0133410,CULTIVO DE MANGA,A,"Agricultura, Pecuária, Produção Florestal, Pesca E Aqüicultura",01,01334,III/IV/V*,serviço — anexo exato depende da atividade + Fator R (determinar na camada fiscal),,,nao,divisão/classe recusada (mapeado das 17 categorias do suporte)
0133411,CULTIVO DE PÊSSEGO,A,"Agricultura, Pecuária, Produção Florestal, Pesca E Aqüicultura",01,01334,III/IV/V*,serviço — anexo exato depende da atividade + Fator R (determinar na camada fiscal),,,nao,divisão/classe recusada (mapeado das 17 categorias do suporte)
0133499,CULTIVO DE FRUTAS DE LAVOURA PERMANENTE NÃO ESPECIFICADAS ANTERIORMENTE,A,"Agricultura, Pecuária, Produção Florestal, Pesca E Aqüicultura",01,01334,III/IV/V*,serviço — anexo exato depende da atividade + Fator R (determinar na camada fiscal),,,nao,divisão/classe recusada (mapeado das 17 categorias do suporte)
0134200,CULTIVO DE CAFÉ,A,"Agricultura, Pecuária, Produção Florestal, Pesca E Aqüicultura",01,01342,III/IV/V*,serviço — anexo exato depende da atividade + Fator R (determinar na camada fiscal),,,nao,divisão/classe recusada (mapeado das 17 categorias do suporte)
0135100,CULTIVO DE CACAU,A,"Agricultura, Pecuária, Produção Florestal, Pesca E Aqüicultura",01,01351,III/IV/V*,serviço — anexo exato depende da atividade + Fator R (determinar na camada fiscal),,,nao,divisão/classe recusada (mapeado das 17 categorias do suporte)
0139302,CULTIVO DE ERVA MATE,A,"Agricultura, Pecuária, Produção Florestal, Pesca E Aqüicultura",01,01393,III/IV/V*,serviço — anexo exato depende da atividade + Fator R (determinar na camada fiscal),,,nao,divisão/classe recusada (mapeado das 17 categorias do suporte)
0139303,CULTIVO DE PIMENTA DO REINO,A,"Agricultura, Pecuária, Produção Florestal, Pesca E Aqüicultura",01,01393,III/IV/V*,serviço — anexo exato depende da atividade + Fator R (determinar na camada fiscal),,,nao,divisão/classe recusada (mapeado das 17 categorias do suporte)
0152103,CRIAÇÃO DE ASININOS E MUARES,A,"Agricultura, Pecuária, Produção Florestal, Pesca E Aqüicultura",01,01521,III/IV/V*,serviço — anexo exato depende da atividade + Fator R (determinar na camada fiscal),,,nao,divisão/classe recusada (mapeado das 17 categorias do suporte)
0721902,BENEFICIAMENTO DE MINÉRIO DE ALUMÍNIO,B,Indústrias Extrativas,07,07219,II,indústria (regra por seção),,,nao,divisão/classe recusada (mapeado das 17 categorias do suporte)
0139304,"CULTIVO DE PLANTAS PARA CONDIMENTO, EXCETO PIMENTA DO REINO",A,"Agricultura, Pecuária, Produção Florestal, Pesca E Aqüicultura",01,01393,III/IV/V*,serviço — anexo exato depende da atividade + Fator R (determinar na camada fiscal),,,nao,divisão/classe recusada (mapeado das 17 categorias do suporte)
0139305,CULTIVO DE DENDÊ,A,"Agricultura, Pecuária, Produção Florestal, Pesca E Aqüicultura",01,01393,III/IV/V*,serviço — anexo exato depende da atividade + Fator R (determinar na camada fiscal),,,nao,divisão/classe recusada (mapeado das 17 categorias do suporte)
0139306,CULTIVO DE SERINGUEIRA,A,"Agricultura, Pecuária, Produção Florestal, Pesca E Aqüicultura",01,01393,III/IV/V*,serviço — anexo exato depende da atividade + Fator R (determinar na camada fiscal),,,nao,divisão/classe recusada (mapeado das 17 categorias do suporte)
0139399,CULTIVO DE OUTRAS PLANTAS DE LAVOURA PERMANENTE NÃO ESPECIFICADAS ANTERIORMENTE,A,"Agricultura, Pecuária, Produção Florestal, Pesca E Aqüicultura",01,01393,III/IV/V*,serviço — anexo exato depende da atividade + Fator R (determinar na camada fiscal),,,nao,divisão/classe recusada (mapeado das 17 categorias do suporte)
0141501,"PRODUÇÃO DE SEMENTES CERTIFICADAS, EXCETO DE FORRAGEIRAS PARA PASTO",A,"Agricultura, Pecuária, Produção Florestal, Pesca E Aqüicultura",01,01415,III/IV/V*,serviço — anexo exato depende da atividade + Fator R (determinar na camada fiscal),,,nao,divisão/classe recusada (mapeado das 17 categorias do suporte)
0141502,PRODUÇÃO DE SEMENTES CERTIFICADAS DE FORRAGEIRAS PARA FORMAÇÃO DE PASTO,A,"Agricultura, Pecuária, Produção Florestal, Pesca E Aqüicultura",01,01415,III/IV/V*,serviço — anexo exato depende da atividade + Fator R (determinar na camada fiscal),,,nao,divisão/classe recusada (mapeado das 17 categorias do suporte)
0142300,"PRODUÇÃO DE MUDAS E OUTRAS FORMAS DE PROPAGAÇÃO VEGETAL, CERTIFICADAS",A,"Agricultura, Pecuária, Produção Florestal, Pesca E Aqüicultura",01,01423,III/IV/V*,serviço — anexo exato depende da atividade + Fator R (determinar na camada fiscal),,,nao,divisão/classe recusada (mapeado das 17 categorias do suporte)
0151201,CRIAÇÃO DE BOVINOS PARA CORTE,A,"Agricultura, Pecuária, Produção Florestal, Pesca E Aqüicultura",01,01512,III/IV/V*,serviço — anexo exato depende da atividade + Fator R (determinar na camada fiscal),,,nao,divisão/classe recusada (mapeado das 17 categorias do suporte)
0151202,CRIAÇÃO DE BOVINOS PARA LEITE,A,"Agricultura, Pecuária, Produção Florestal, Pesca E Aqüicultura",01,01512,III/IV/V*,serviço — anexo exato depende da atividade + Fator R (determinar na camada fiscal),,,nao,divisão/classe recusada (mapeado das 17 categorias do suporte)
0161002,SERVIÇO DE PODA DE ÁRVORES PARA LAVOURAS,A,"Agricultura, Pecuária, Produção Florestal, Pesca E Aqüicultura",01,01610,III/IV/V*,serviço — anexo exato depende da atividade + Fator R (determinar na camada fiscal),,,nao,divisão/classe recusada (mapeado das 17 categorias do suporte)
0152101,CRIAÇÃO DE BUFALINOS,A,"Agricultura, Pecuária, Produção Florestal, Pesca E Aqüicultura",01,01521,III/IV/V*,serviço — anexo exato depende da atividade + Fator R (determinar na camada fiscal),,,nao,divisão/classe recusada (mapeado das 17 categorias do suporte)
0152102,CRIAÇÃO DE EQÜINOS,A,"Agricultura, Pecuária, Produção Florestal, Pesca E Aqüicultura",01,01521,III/IV/V*,serviço — anexo exato depende da atividade + Fator R (determinar na camada fiscal),,,nao,divisão/classe recusada (mapeado das 17 categorias do suporte)
0153901,CRIAÇÃO DE CAPRINOS,A,"Agricultura, Pecuária, Produção Florestal, Pesca E Aqüicultura",01,01539,III/IV/V*,serviço — anexo exato depende da atividade + Fator R (determinar na camada fiscal),,,nao,divisão/classe recusada (mapeado das 17 categorias do suporte)
0153902,"CRIAÇÃO DE OVINOS, INCLUSIVE PARA PRODUÇÃO DE LÃ",A,"Agricultura, Pecuária, Produção Florestal, Pesca E Aqüicultura",01,01539,III/IV/V*,serviço — anexo exato depende da atividade + Fator R (determinar na camada fiscal),,,nao,divisão/classe recusada (mapeado das 17 categorias do suporte)
0154700,CRIAÇÃO DE SUÍNOS,A,"Agricultura, Pecuária, Produção Florestal, Pesca E Aqüicultura",01,01547,III/IV/V*,serviço — anexo exato depende da atividade + Fator R (determinar na camada fiscal),,,nao,divisão/classe recusada (mapeado das 17 categorias do suporte)
0155501,CRIAÇÃO DE FRANGOS PARA CORTE,A,"Agricultura, Pecuária, Produção Florestal, Pesca E Aqüicultura",01,01555,III/IV/V*,serviço — anexo exato depende da atividade + Fator R (determinar na camada fiscal),,,nao,divisão/classe recusada (mapeado das 17 categorias do suporte)
0155502,PRODUÇÃO DE PINTOS DE UM DIA,A,"Agricultura, Pecuária, Produção Florestal, Pesca E Aqüicultura",01,01555,III/IV/V*,serviço — anexo exato depende da atividade + Fator R (determinar na camada fiscal),,,nao,divisão/classe recusada (mapeado das 17 categorias do suporte)
0155503,"CRIAÇÃO DE OUTROS GALINÁCEOS, EXCETO PARA CORTE",A,"Agricultura, Pecuária, Produção Florestal, Pesca E Aqüicultura",01,01555,III/IV/V*,serviço — anexo exato depende da atividade + Fator R (determinar na camada fiscal),,,nao,divisão/classe recusada (mapeado das 17 categorias do suporte)
0155504,"CRIAÇÃO DE AVES, EXCETO GALINÁCEOS",A,"Agricultura, Pecuária, Produção Florestal, Pesca E Aqüicultura",01,01555,III/IV/V*,serviço — anexo exato depende da atividade + Fator R (determinar na camada fiscal),,,nao,divisão/classe recusada (mapeado das 17 categorias do suporte)
0155505,PRODUÇÃO DE OVOS,A,"Agricultura, Pecuária, Produção Florestal, Pesca E Aqüicultura",01,01555,III/IV/V*,serviço — anexo exato depende da atividade + Fator R (determinar na camada fiscal),,,nao,divisão/classe recusada (mapeado das 17 categorias do suporte)
0159801,APICULTURA,A,"Agricultura, Pecuária, Produção Florestal, Pesca E Aqüicultura",01,01598,III/IV/V*,serviço — anexo exato depende da atividade + Fator R (determinar na camada fiscal),,,nao,divisão/classe recusada (mapeado das 17 categorias do suporte)
0159802,CRIAÇÃO DE ANIMAIS DE ESTIMAÇÃO,A,"Agricultura, Pecuária, Produção Florestal, Pesca E Aqüicultura",01,01598,III/IV/V*,serviço — anexo exato depende da atividade + Fator R (determinar na camada fiscal),,,nao,divisão/classe recusada (mapeado das 17 categorias do suporte)
0159803,CRIAÇÃO DE ESCARGÔ,A,"Agricultura, Pecuária, Produção Florestal, Pesca E Aqüicultura",01,01598,III/IV/V*,serviço — anexo exato depende da atividade + Fator R (determinar na camada fiscal),,,nao,divisão/classe recusada (mapeado das 17 categorias do suporte)
0159804,CRIAÇÃO DE BICHO DA SEDA,A,"Agricultura, Pecuária, Produção Florestal, Pesca E Aqüicultura",01,01598,III/IV/V*,serviço — anexo exato depende da atividade + Fator R (determinar na camada fiscal),,,nao,divisão/classe recusada (mapeado das 17 categorias do suporte)
0159899,CRIAÇÃO DE OUTROS ANIMAIS NÃO ESPECIFICADOS ANTERIORMENTE,A,"Agricultura, Pecuária, Produção Florestal, Pesca E Aqüicultura",01,01598,III/IV/V*,serviço — anexo exato depende da atividade + Fator R (determinar na camada fiscal),,,nao,divisão/classe recusada (mapeado das 17 categorias do suporte)
0161001,SERVIÇO DE PULVERIZAÇÃO E CONTROLE DE PRAGAS AGRÍCOLAS,A,"Agricultura, Pecuária, Produção Florestal, Pesca E Aqüicultura",01,01610,III/IV/V*,serviço — anexo exato depende da atividade + Fator R (determinar na camada fiscal),,,nao,divisão/classe recusada (mapeado das 17 categorias do suporte)
0210106,CULTIVO DE MUDAS EM VIVEIROS FLORESTAIS,A,"Agricultura, Pecuária, Produção Florestal, Pesca E Aqüicultura",02,02101,III/IV/V*,serviço — anexo exato depende da atividade + Fator R (determinar na camada fiscal),,,nao,divisão/classe recusada (mapeado das 17 categorias do suporte)
0161003,"SERVIÇO DE PREPARAÇÃO DE TERRENO, CULTIVO E COLHEITA",A,"Agricultura, Pecuária, Produção Florestal, Pesca E Aqüicultura",01,01610,III/IV/V*,serviço — anexo exato depende da atividade + Fator R (determinar na camada fiscal),,,nao,divisão/classe recusada (mapeado das 17 categorias do suporte)
0210107,EXTRAÇÃO DE MADEIRA EM FLORESTAS PLANTADAS,A,"Agricultura, Pecuária, Produção Florestal, Pesca E Aqüicultura",02,02101,III/IV/V*,serviço — anexo exato depende da atividade + Fator R (determinar na camada fiscal),,,nao,divisão/classe recusada (mapeado das 17 categorias do suporte)
0210109,PRODUÇÃO DE CASCA DE ACÁCIA NEGRA - FLORESTAS PLANTADAS,A,"Agricultura, Pecuária, Produção Florestal, Pesca E Aqüicultura",02,02101,III/IV/V*,serviço — anexo exato depende da atividade + Fator R (determinar na camada fiscal),,,nao,divisão/classe recusada (mapeado das 17 categorias do suporte)
0161099,ATIVIDADES DE APOIO À AGRICULTURA NÃO ESPECIFICADAS ANTERIORMENTE,A,"Agricultura, Pecuária, Produção Florestal, Pesca E Aqüicultura",01,01610,III/IV/V*,serviço — anexo exato depende da atividade + Fator R (determinar na camada fiscal),,,nao,divisão/classe recusada (mapeado das 17 categorias do suporte)
0162801,SERVIÇO DE INSEMINAÇÃO ARTIFICIAL DE ANIMAIS,A,"Agricultura, Pecuária, Produção Florestal, Pesca E Aqüicultura",01,01628,III/IV/V*,serviço — anexo exato depende da atividade + Fator R (determinar na camada fiscal),,,nao,divisão/classe recusada (mapeado das 17 categorias do suporte)
0162802,SERVIÇO DE TOSQUIAMENTO DE OVINOS,A,"Agricultura, Pecuária, Produção Florestal, Pesca E Aqüicultura",01,01628,III/IV/V*,serviço — anexo exato depende da atividade + Fator R (determinar na camada fiscal),,,nao,divisão/classe recusada (mapeado das 17 categorias do suporte)
0162803,SERVIÇO DE MANEJO DE ANIMAIS,A,"Agricultura, Pecuária, Produção Florestal, Pesca E Aqüicultura",01,01628,III/IV/V*,serviço — anexo exato depende da atividade + Fator R (determinar na camada fiscal),,,nao,divisão/classe recusada (mapeado das 17 categorias do suporte)
0162899,ATIVIDADES DE APOIO À PECUÁRIA NÃO ESPECIFICADAS ANTERIORMENTE,A,"Agricultura, Pecuária, Produção Florestal, Pesca E Aqüicultura",01,01628,III/IV/V*,serviço — anexo exato depende da atividade + Fator R (determinar na camada fiscal),,,nao,divisão/classe recusada (mapeado das 17 categorias do suporte)
0163600,ATIVIDADES DE PÓS COLHEITA,A,"Agricultura, Pecuária, Produção Florestal, Pesca E Aqüicultura",01,01636,III/IV/V*,serviço — anexo exato depende da atividade + Fator R (determinar na camada fiscal),,,nao,divisão/classe recusada (mapeado das 17 categorias do suporte)
0170900,CAÇA E SERVIÇOS RELACIONADOS,A,"Agricultura, Pecuária, Produção Florestal, Pesca E Aqüicultura",01,01709,III/IV/V*,serviço — anexo exato depende da atividade + Fator R (determinar na camada fiscal),,,nao,divisão/classe recusada (mapeado das 17 categorias do suporte)
0210101,CULTIVO DE EUCALIPTO,A,"Agricultura, Pecuária, Produção Florestal, Pesca E Aqüicultura",02,02101,III/IV/V*,serviço — anexo exato depende da atividade + Fator R (determinar na camada fiscal),,,nao,divisão/classe recusada (mapeado das 17 categorias do suporte)
0210102,CULTIVO DE ACÁCIA NEGRA,A,"Agricultura, Pecuária, Produção Florestal, Pesca E Aqüicultura",02,02101,III/IV/V*,serviço — anexo exato depende da atividade + Fator R (determinar na camada fiscal),,,nao,divisão/classe recusada (mapeado das 17 categorias do suporte)
0210103,CULTIVO DE PINUS,A,"Agricultura, Pecuária, Produção Florestal, Pesca E Aqüicultura",02,02101,III/IV/V*,serviço — anexo exato depende da atividade + Fator R (determinar na camada fiscal),,,nao,divisão/classe recusada (mapeado das 17 categorias do suporte)
0210104,CULTIVO DE TECA,A,"Agricultura, Pecuária, Produção Florestal, Pesca E Aqüicultura",02,02101,III/IV/V*,serviço — anexo exato depende da atividade + Fator R (determinar na camada fiscal),,,nao,divisão/classe recusada (mapeado das 17 categorias do suporte)
0210105,"CULTIVO DE ESPÉCIES MADEIREIRAS, EXCETO EUCALIPTO, ACÁCIA NEGRA, PINUS E TECA",A,"Agricultura, Pecuária, Produção Florestal, Pesca E Aqüicultura",02,02101,III/IV/V*,serviço — anexo exato depende da atividade + Fator R (determinar na camada fiscal),,,nao,divisão/classe recusada (mapeado das 17 categorias do suporte)
0210108,PRODUÇÃO DE CARVÃO VEGETAL - FLORESTAS PLANTADAS,A,"Agricultura, Pecuária, Produção Florestal, Pesca E Aqüicultura",02,02101,III/IV/V*,serviço — anexo exato depende da atividade + Fator R (determinar na camada fiscal),,,nao,divisão/classe recusada (mapeado das 17 categorias do suporte)
0210199,PRODUÇÃO DE PRODUTOS NÃO MADEIREIROS NÃO ESPECIFICADOS ANTERIORMENTE EM FLORESTAS PLANTADAS,A,"Agricultura, Pecuária, Produção Florestal, Pesca E Aqüicultura",02,02101,III/IV/V*,serviço — anexo exato depende da atividade + Fator R (determinar na camada fiscal),,,nao,divisão/classe recusada (mapeado das 17 categorias do suporte)
0220901,EXTRAÇÃO DE MADEIRA EM FLORESTAS NATIVAS,A,"Agricultura, Pecuária, Produção Florestal, Pesca E Aqüicultura",02,02209,III/IV/V*,serviço — anexo exato depende da atividade + Fator R (determinar na camada fiscal),,,nao,divisão/classe recusada (mapeado das 17 categorias do suporte)
0220902,PRODUÇÃO DE CARVÃO VEGETAL - FLORESTAS NATIVAS,A,"Agricultura, Pecuária, Produção Florestal, Pesca E Aqüicultura",02,02209,III/IV/V*,serviço — anexo exato depende da atividade + Fator R (determinar na camada fiscal),,,nao,divisão/classe recusada (mapeado das 17 categorias do suporte)
0220903,COLETA DE CASTANHA DO PARÁ EM FLORESTAS NATIVAS,A,"Agricultura, Pecuária, Produção Florestal, Pesca E Aqüicultura",02,02209,III/IV/V*,serviço — anexo exato depende da atividade + Fator R (determinar na camada fiscal),,,nao,divisão/classe recusada (mapeado das 17 categorias do suporte)
0220904,COLETA DE LÁTEX EM FLORESTAS NATIVAS,A,"Agricultura, Pecuária, Produção Florestal, Pesca E Aqüicultura",02,02209,III/IV/V*,serviço — anexo exato depende da atividade + Fator R (determinar na camada fiscal),,,nao,divisão/classe recusada (mapeado das 17 categorias do suporte)
0220905,COLETA DE PALMITO EM FLORESTAS NATIVAS,A,"Agricultura, Pecuária, Produção Florestal, Pesca E Aqüicultura",02,02209,III/IV/V*,serviço — anexo exato depende da atividade + Fator R (determinar na camada fiscal),,,nao,divisão/classe recusada (mapeado das 17 categorias do suporte)
0220906,CONSERVAÇÃO DE FLORESTAS NATIVAS,A,"Agricultura, Pecuária, Produção Florestal, Pesca E Aqüicultura",02,02209,III/IV/V*,serviço — anexo exato depende da atividade + Fator R (determinar na camada fiscal),,,nao,divisão/classe recusada (mapeado das 17 categorias do suporte)
0220999,COLETA DE PRODUTOS NÃO MADEIREIROS NÃO ESPECIFICADOS ANTERIORMENTE EM FLORESTAS NATIVAS,A,"Agricultura, Pecuária, Produção Florestal, Pesca E Aqüicultura",02,02209,III/IV/V*,serviço — anexo exato depende da atividade + Fator R (determinar na camada fiscal),,,nao,divisão/classe recusada (mapeado das 17 categorias do suporte)
0230600,ATIVIDADES DE APOIO À PRODUÇÃO FLORESTAL,A,"Agricultura, Pecuária, Produção Florestal, Pesca E Aqüicultura",02,02306,III/IV/V*,serviço — anexo exato depende da atividade + Fator R (determinar na camada fiscal),,,nao,divisão/classe recusada (mapeado das 17 categorias do suporte)
0311601,PESCA DE PEIXES EM ÁGUA SALGADA,A,"Agricultura, Pecuária, Produção Florestal, Pesca E Aqüicultura",03,03116,III/IV/V*,serviço — anexo exato depende da atividade + Fator R (determinar na camada fiscal),,,nao,divisão/classe recusada (mapeado das 17 categorias do suporte)
0311602,PESCA DE CRUSTÁCEOS E MOLUSCOS EM ÁGUA SALGADA,A,"Agricultura, Pecuária, Produção Florestal, Pesca E Aqüicultura",03,03116,III/IV/V*,serviço — anexo exato depende da atividade + Fator R (determinar na camada fiscal),,,nao,divisão/classe recusada (mapeado das 17 categorias do suporte)
0311603,COLETA DE OUTROS PRODUTOS MARINHOS,A,"Agricultura, Pecuária, Produção Florestal, Pesca E Aqüicultura",03,03116,III/IV/V*,serviço — anexo exato depende da atividade + Fator R (determinar na camada fiscal),,,nao,divisão/classe recusada (mapeado das 17 categorias do suporte)
0311604,ATIVIDADES DE APOIO À PESCA EM ÁGUA SALGADA,A,"Agricultura, Pecuária, Produção Florestal, Pesca E Aqüicultura",03,03116,III/IV/V*,serviço — anexo exato depende da atividade + Fator R (determinar na camada fiscal),,,nao,divisão/classe recusada (mapeado das 17 categorias do suporte)
0312401,PESCA DE PEIXES EM ÁGUA DOCE,A,"Agricultura, Pecuária, Produção Florestal, Pesca E Aqüicultura",03,03124,III/IV/V*,serviço — anexo exato depende da atividade + Fator R (determinar na camada fiscal),,,nao,divisão/classe recusada (mapeado das 17 categorias do suporte)
0312402,PESCA DE CRUSTÁCEOS E MOLUSCOS EM ÁGUA DOCE,A,"Agricultura, Pecuária, Produção Florestal, Pesca E Aqüicultura",03,03124,III/IV/V*,serviço — anexo exato depende da atividade + Fator R (determinar na camada fiscal),,,nao,divisão/classe recusada (mapeado das 17 categorias do suporte)
4633803,COMÉRCIO ATACADISTA DE COELHOS E OUTROS PEQUENOS ANIMAIS VIVOS PARA ALIMENTAÇÃO,G,Comércio; Reparação De Veículos Automotores E Motocicletas,46,46338,I,comércio (regra por seção),,,atende,presumido (serviço/comércio leve no Simples; validar)
0312403,COLETA DE OUTROS PRODUTOS AQUÁTICOS DE ÁGUA DOCE,A,"Agricultura, Pecuária, Produção Florestal, Pesca E Aqüicultura",03,03124,III/IV/V*,serviço — anexo exato depende da atividade + Fator R (determinar na camada fiscal),,,nao,divisão/classe recusada (mapeado das 17 categorias do suporte)
0312404,ATIVIDADES DE APOIO À PESCA EM ÁGUA DOCE,A,"Agricultura, Pecuária, Produção Florestal, Pesca E Aqüicultura",03,03124,III/IV/V*,serviço — anexo exato depende da atividade + Fator R (determinar na camada fiscal),,,nao,divisão/classe recusada (mapeado das 17 categorias do suporte)
0710301,EXTRAÇÃO DE MINÉRIO DE FERRO,B,Indústrias Extrativas,07,07103,II,indústria (regra por seção),,,nao,divisão/classe recusada (mapeado das 17 categorias do suporte)
0710302,"PELOTIZAÇÃO, SINTERIZAÇÃO E OUTROS BENEFICIAMENTOS DE MINÉRIO DE FERRO",B,Indústrias Extrativas,07,07103,II,indústria (regra por seção),,,nao,divisão/classe recusada (mapeado das 17 categorias do suporte)
0321301,CRIAÇÃO DE PEIXES EM ÁGUA SALGADA E SALOBRA,A,"Agricultura, Pecuária, Produção Florestal, Pesca E Aqüicultura",03,03213,III/IV/V*,serviço — anexo exato depende da atividade + Fator R (determinar na camada fiscal),,,nao,divisão/classe recusada (mapeado das 17 categorias do suporte)
0321302,CRIAÇÃO DE CAMARÕES EM ÁGUA SALGADA E SALOBRA,A,"Agricultura, Pecuária, Produção Florestal, Pesca E Aqüicultura",03,03213,III/IV/V*,serviço — anexo exato depende da atividade + Fator R (determinar na camada fiscal),,,nao,divisão/classe recusada (mapeado das 17 categorias do suporte)
0321303,CRIAÇÃO DE OSTRAS E MEXILHÕES EM ÁGUA SALGADA E SALOBRA,A,"Agricultura, Pecuária, Produção Florestal, Pesca E Aqüicultura",03,03213,III/IV/V*,serviço — anexo exato depende da atividade + Fator R (determinar na camada fiscal),,,nao,divisão/classe recusada (mapeado das 17 categorias do suporte)
0321304,CRIAÇÃO DE PEIXES ORNAMENTAIS EM ÁGUA SALGADA E SALOBRA,A,"Agricultura, Pecuária, Produção Florestal, Pesca E Aqüicultura",03,03213,III/IV/V*,serviço — anexo exato depende da atividade + Fator R (determinar na camada fiscal),,,nao,divisão/classe recusada (mapeado das 17 categorias do suporte)
0321305,ATIVIDADES DE APOIO À AQÜICULTURA EM ÁGUA SALGADA E SALOBRA,A,"Agricultura, Pecuária, Produção Florestal, Pesca E Aqüicultura",03,03213,III/IV/V*,serviço — anexo exato depende da atividade + Fator R (determinar na camada fiscal),,,nao,divisão/classe recusada (mapeado das 17 categorias do suporte)
0321399,CULTIVOS E SEMICULTIVOS DA AQÜICULTURA EM ÁGUA SALGADA E SALOBRA NÃO ESPECIFICADOS ANTERIORMENTE,A,"Agricultura, Pecuária, Produção Florestal, Pesca E Aqüicultura",03,03213,III/IV/V*,serviço — anexo exato depende da atividade + Fator R (determinar na camada fiscal),,,nao,divisão/classe recusada (mapeado das 17 categorias do suporte)
0322101,CRIAÇÃO DE PEIXES EM ÁGUA DOCE,A,"Agricultura, Pecuária, Produção Florestal, Pesca E Aqüicultura",03,03221,III/IV/V*,serviço — anexo exato depende da atividade + Fator R (determinar na camada fiscal),,,nao,divisão/classe recusada (mapeado das 17 categorias do suporte)
0322102,CRIAÇÃO DE CAMARÕES EM ÁGUA DOCE,A,"Agricultura, Pecuária, Produção Florestal, Pesca E Aqüicultura",03,03221,III/IV/V*,serviço — anexo exato depende da atividade + Fator R (determinar na camada fiscal),,,nao,divisão/classe recusada (mapeado das 17 categorias do suporte)
0322103,CRIAÇÃO DE OSTRAS E MEXILHÕES EM ÁGUA DOCE,A,"Agricultura, Pecuária, Produção Florestal, Pesca E Aqüicultura",03,03221,III/IV/V*,serviço — anexo exato depende da atividade + Fator R (determinar na camada fiscal),,,nao,divisão/classe recusada (mapeado das 17 categorias do suporte)
0322104,CRIAÇÃO DE PEIXES ORNAMENTAIS EM ÁGUA DOCE,A,"Agricultura, Pecuária, Produção Florestal, Pesca E Aqüicultura",03,03221,III/IV/V*,serviço — anexo exato depende da atividade + Fator R (determinar na camada fiscal),,,nao,divisão/classe recusada (mapeado das 17 categorias do suporte)
0322105,RANICULTURA,A,"Agricultura, Pecuária, Produção Florestal, Pesca E Aqüicultura",03,03221,III/IV/V*,serviço — anexo exato depende da atividade + Fator R (determinar na camada fiscal),,,nao,divisão/classe recusada (mapeado das 17 categorias do suporte)
0322106,CRIAÇÃO DE JACARÉ,A,"Agricultura, Pecuária, Produção Florestal, Pesca E Aqüicultura",03,03221,III/IV/V*,serviço — anexo exato depende da atividade + Fator R (determinar na camada fiscal),,,nao,divisão/classe recusada (mapeado das 17 categorias do suporte)
0322107,ATIVIDADES DE APOIO À AQÜICULTURA EM ÁGUA DOCE,A,"Agricultura, Pecuária, Produção Florestal, Pesca E Aqüicultura",03,03221,III/IV/V*,serviço — anexo exato depende da atividade + Fator R (determinar na camada fiscal),,,nao,divisão/classe recusada (mapeado das 17 categorias do suporte)
0322199,CULTIVOS E SEMICULTIVOS DA AQÜICULTURA EM ÁGUA DOCE NÃO ESPECIFICADOS ANTERIORMENTE,A,"Agricultura, Pecuária, Produção Florestal, Pesca E Aqüicultura",03,03221,III/IV/V*,serviço — anexo exato depende da atividade + Fator R (determinar na camada fiscal),,,nao,divisão/classe recusada (mapeado das 17 categorias do suporte)
0500301,EXTRAÇÃO DE CARVÃO MINERAL,B,Indústrias Extrativas,05,05003,II,indústria (regra por seção),,,nao,divisão/classe recusada (mapeado das 17 categorias do suporte)
0500302,BENEFICIAMENTO DE CARVÃO MINERAL,B,Indústrias Extrativas,05,05003,II,indústria (regra por seção),,,nao,divisão/classe recusada (mapeado das 17 categorias do suporte)
0600001,EXTRAÇÃO DE PETRÓLEO E GÁS NATURAL,B,Indústrias Extrativas,06,06000,II,indústria (regra por seção),,,nao,divisão/classe recusada (mapeado das 17 categorias do suporte)
0600002,EXTRAÇÃO E BENEFICIAMENTO DE XISTO,B,Indústrias Extrativas,06,06000,II,indústria (regra por seção),,,nao,divisão/classe recusada (mapeado das 17 categorias do suporte)
0600003,EXTRAÇÃO E BENEFICIAMENTO DE AREIAS BETUMINOSAS,B,Indústrias Extrativas,06,06000,II,indústria (regra por seção),,,nao,divisão/classe recusada (mapeado das 17 categorias do suporte)
0722701,EXTRAÇÃO DE MINÉRIO DE ESTANHO,B,Indústrias Extrativas,07,07227,II,indústria (regra por seção),,,nao,divisão/classe recusada (mapeado das 17 categorias do suporte)
0722702,BENEFICIAMENTO DE MINÉRIO DE ESTANHO,B,Indústrias Extrativas,07,07227,II,indústria (regra por seção),,,nao,divisão/classe recusada (mapeado das 17 categorias do suporte)
0723501,EXTRAÇÃO DE MINÉRIO DE MANGANÊS,B,Indústrias Extrativas,07,07235,II,indústria (regra por seção),,,nao,divisão/classe recusada (mapeado das 17 categorias do suporte)
0723502,BENEFICIAMENTO DE MINÉRIO DE MANGANÊS,B,Indústrias Extrativas,07,07235,II,indústria (regra por seção),,,nao,divisão/classe recusada (mapeado das 17 categorias do suporte)
0724301,EXTRAÇÃO DE MINÉRIO DE METAIS PRECIOSOS,B,Indústrias Extrativas,07,07243,II,indústria (regra por seção),,,nao,divisão/classe recusada (mapeado das 17 categorias do suporte)
0724302,BENEFICIAMENTO DE MINÉRIO DE METAIS PRECIOSOS,B,Indústrias Extrativas,07,07243,II,indústria (regra por seção),,,nao,divisão/classe recusada (mapeado das 17 categorias do suporte)
0725100,EXTRAÇÃO DE MINERAIS RADIOATIVOS,B,Indústrias Extrativas,07,07251,II,indústria (regra por seção),,,nao,divisão/classe recusada (mapeado das 17 categorias do suporte)
0729401,EXTRAÇÃO DE MINÉRIOS DE NIÓBIO E TITÂNIO,B,Indústrias Extrativas,07,07294,II,indústria (regra por seção),,,nao,divisão/classe recusada (mapeado das 17 categorias do suporte)
0729402,EXTRAÇÃO DE MINÉRIO DE TUNGSTÊNIO,B,Indústrias Extrativas,07,07294,II,indústria (regra por seção),,,nao,divisão/classe recusada (mapeado das 17 categorias do suporte)
0729403,EXTRAÇÃO DE MINÉRIO DE NÍQUEL,B,Indústrias Extrativas,07,07294,II,indústria (regra por seção),,,nao,divisão/classe recusada (mapeado das 17 categorias do suporte)
0729404,"EXTRAÇÃO DE MINÉRIOS DE COBRE, CHUMBO, ZINCO E OUTROS MINERAIS METÁLICOS NÃO FERROSOS NÃO ESPECIFICADOS ANTERIORMENTE",B,Indústrias Extrativas,07,07294,II,indústria (regra por seção),,,nao,divisão/classe recusada (mapeado das 17 categorias do suporte)
0729405,"BENEFICIAMENTO DE MINÉRIOS DE COBRE, CHUMBO, ZINCO E OUTROS MINERAIS METÁLICOS NÃO FERROSOS NÃO ESPECIFICADOS ANTERIORMENTE",B,Indústrias Extrativas,07,07294,II,indústria (regra por seção),,,nao,divisão/classe recusada (mapeado das 17 categorias do suporte)
0810001,EXTRAÇÃO DE ARDÓSIA E BENEFICIAMENTO ASSOCIADO,B,Indústrias Extrativas,08,08100,II,indústria (regra por seção),,,nao,divisão/classe recusada (mapeado das 17 categorias do suporte)
0810002,EXTRAÇÃO DE GRANITO E BENEFICIAMENTO ASSOCIADO,B,Indústrias Extrativas,08,08100,II,indústria (regra por seção),,,nao,divisão/classe recusada (mapeado das 17 categorias do suporte)
0810003,EXTRAÇÃO DE MÁRMORE E BENEFICIAMENTO ASSOCIADO,B,Indústrias Extrativas,08,08100,II,indústria (regra por seção),,,nao,divisão/classe recusada (mapeado das 17 categorias do suporte)
1012102,ABATE DE PEQUENOS ANIMAIS,C,Indústrias De Transformação,10,10121,II,indústria (regra por seção),,,nao,divisão/classe recusada (mapeado das 17 categorias do suporte)
6621502,AUDITORIA E CONSULTORIA ATUARIAL,K,"Atividades Financeiras, De Seguros E Serviços Relacionados",66,66215,III/IV/V*,serviço — anexo exato depende da atividade + Fator R (determinar na camada fiscal),,,nao,divisão/classe recusada (mapeado das 17 categorias do suporte)
0810004,EXTRAÇÃO DE CALCÁRIO E DOLOMITA E BENEFICIAMENTO ASSOCIADO,B,Indústrias Extrativas,08,08100,II,indústria (regra por seção),,,nao,divisão/classe recusada (mapeado das 17 categorias do suporte)
0810005,EXTRAÇÃO DE GESSO E CAULIM,B,Indústrias Extrativas,08,08100,II,indústria (regra por seção),,,nao,divisão/classe recusada (mapeado das 17 categorias do suporte)
0810006,"EXTRAÇÃO DE AREIA, CASCALHO OU PEDREGULHO E BENEFICIAMENTO ASSOCIADO",B,Indústrias Extrativas,08,08100,II,indústria (regra por seção),,,nao,divisão/classe recusada (mapeado das 17 categorias do suporte)
9603302,SERVIÇOS DE CREMAÇÃO,S,Outras Atividades De Serviços,96,96033,III/IV/V*,serviço — anexo exato depende da atividade + Fator R (determinar na camada fiscal),,,atende,presumido (serviço/comércio leve no Simples; validar)
0810007,EXTRAÇÃO DE ARGILA E BENEFICIAMENTO ASSOCIADO,B,Indústrias Extrativas,08,08100,II,indústria (regra por seção),,,nao,divisão/classe recusada (mapeado das 17 categorias do suporte)
0810008,EXTRAÇÃO DE SAIBRO E BENEFICIAMENTO ASSOCIADO,B,Indústrias Extrativas,08,08100,II,indústria (regra por seção),,,nao,divisão/classe recusada (mapeado das 17 categorias do suporte)
0810009,EXTRAÇÃO DE BASALTO E BENEFICIAMENTO ASSOCIADO,B,Indústrias Extrativas,08,08100,II,indústria (regra por seção),,,nao,divisão/classe recusada (mapeado das 17 categorias do suporte)
0810010,BENEFICIAMENTO DE GESSO E CAULIM ASSOCIADO À EXTRAÇÃO,B,Indústrias Extrativas,08,08100,II,indústria (regra por seção),,,nao,divisão/classe recusada (mapeado das 17 categorias do suporte)
0810099,EXTRAÇÃO E BRITAMENTO DE PEDRAS E OUTROS MATERIAIS PARA CONSTRUÇÃO E BENEFICIAMENTO ASSOCIADO,B,Indústrias Extrativas,08,08100,II,indústria (regra por seção),,,nao,divisão/classe recusada (mapeado das 17 categorias do suporte)
0891600,"EXTRAÇÃO DE MINERAIS PARA FABRICAÇÃO DE ADUBOS, FERTILIZANTES E OUTROS PRODUTOS QUÍMICOS",B,Indústrias Extrativas,08,08916,II,indústria (regra por seção),,,nao,divisão/classe recusada (mapeado das 17 categorias do suporte)
0892401,EXTRAÇÃO DE SAL MARINHO,B,Indústrias Extrativas,08,08924,II,indústria (regra por seção),,,nao,divisão/classe recusada (mapeado das 17 categorias do suporte)
0892402,EXTRAÇÃO DE SAL GEMA,B,Indústrias Extrativas,08,08924,II,indústria (regra por seção),,,nao,divisão/classe recusada (mapeado das 17 categorias do suporte)
0892403,REFINO E OUTROS TRATAMENTOS DO SAL,B,Indústrias Extrativas,08,08924,II,indústria (regra por seção),,,nao,divisão/classe recusada (mapeado das 17 categorias do suporte)
0893200,EXTRAÇÃO DE GEMAS (PEDRAS PRECIOSAS E SEMIPRECIOSAS),B,Indústrias Extrativas,08,08932,II,indústria (regra por seção),,,nao,divisão/classe recusada (mapeado das 17 categorias do suporte)
0899101,EXTRAÇÃO DE GRAFITA,B,Indústrias Extrativas,08,08991,II,indústria (regra por seção),,,nao,divisão/classe recusada (mapeado das 17 categorias do suporte)
0899102,EXTRAÇÃO DE QUARTZO,B,Indústrias Extrativas,08,08991,II,indústria (regra por seção),,,nao,divisão/classe recusada (mapeado das 17 categorias do suporte)
0899103,EXTRAÇÃO DE AMIANTO,B,Indústrias Extrativas,08,08991,II,indústria (regra por seção),,,nao,divisão/classe recusada (mapeado das 17 categorias do suporte)
0899199,EXTRAÇÃO DE OUTROS MINERAIS NÃO METÁLICOS NÃO ESPECIFICADOS ANTERIORMENTE,B,Indústrias Extrativas,08,08991,II,indústria (regra por seção),,,nao,divisão/classe recusada (mapeado das 17 categorias do suporte)
1043100,FABRICAÇÃO DE MARGARINA E OUTRAS GORDURAS VEGETAIS E DE ÓLEOS NÃO COMESTÍVEIS DE ANIMAIS,C,Indústrias De Transformação,10,10431,II,indústria (regra por seção),,,nao,divisão/classe recusada (mapeado das 17 categorias do suporte)
1051100,PREPARAÇÃO DO LEITE,C,Indústrias De Transformação,10,10511,II,indústria (regra por seção),,,nao,divisão/classe recusada (mapeado das 17 categorias do suporte)
1351100,FABRICAÇÃO DE ARTEFATOS TÊXTEIS PARA USO DOMÉSTICO,C,Indústrias De Transformação,13,13511,II,indústria (regra por seção),,,nao,divisão/classe recusada (mapeado das 17 categorias do suporte)
0910600,ATIVIDADES DE APOIO À EXTRAÇÃO DE PETRÓLEO E GÁS NATURAL,B,Indústrias Extrativas,09,09106,II,indústria (regra por seção),,,nao,divisão/classe recusada (mapeado das 17 categorias do suporte)
0990401,ATIVIDADES DE APOIO À EXTRAÇÃO DE MINÉRIO DE FERRO,B,Indústrias Extrativas,09,09904,II,indústria (regra por seção),,,nao,divisão/classe recusada (mapeado das 17 categorias do suporte)
0990402,ATIVIDADES DE APOIO À EXTRAÇÃO DE MINERAIS METÁLICOS NÃO FERROSOS,B,Indústrias Extrativas,09,09904,II,indústria (regra por seção),,,nao,divisão/classe recusada (mapeado das 17 categorias do suporte)
0990403,ATIVIDADES DE APOIO À EXTRAÇÃO DE MINERAIS NÃO METÁLICOS,B,Indústrias Extrativas,09,09904,II,indústria (regra por seção),,,nao,divisão/classe recusada (mapeado das 17 categorias do suporte)
1011201,FRIGORÍFICO - ABATE DE BOVINOS,C,Indústrias De Transformação,10,10112,II,indústria (regra por seção),,,nao,divisão/classe recusada (mapeado das 17 categorias do suporte)
1011202,FRIGORÍFICO - ABATE DE EQÜINOS,C,Indústrias De Transformação,10,10112,II,indústria (regra por seção),,,nao,divisão/classe recusada (mapeado das 17 categorias do suporte)
1011203,FRIGORÍFICO - ABATE DE OVINOS E CAPRINOS,C,Indústrias De Transformação,10,10112,II,indústria (regra por seção),,,nao,divisão/classe recusada (mapeado das 17 categorias do suporte)
1011204,FRIGORÍFICO - ABATE DE BUFALINOS,C,Indústrias De Transformação,10,10112,II,indústria (regra por seção),,,nao,divisão/classe recusada (mapeado das 17 categorias do suporte)
1011205,MATADOURO - ABATE DE RESES SOB CONTRATO - EXCETO ABATE DE SUÍNOS,C,Indústrias De Transformação,10,10112,II,indústria (regra por seção),,,nao,divisão/classe recusada (mapeado das 17 categorias do suporte)
1012101,ABATE DE AVES,C,Indústrias De Transformação,10,10121,II,indústria (regra por seção),,,nao,divisão/classe recusada (mapeado das 17 categorias do suporte)
1012103,FRIGORÍFICO - ABATE DE SUÍNOS,C,Indústrias De Transformação,10,10121,II,indústria (regra por seção),,,nao,divisão/classe recusada (mapeado das 17 categorias do suporte)
1012104,MATADOURO - ABATE DE SUÍNOS SOB CONTRATO,C,Indústrias De Transformação,10,10121,II,indústria (regra por seção),,,nao,divisão/classe recusada (mapeado das 17 categorias do suporte)
1013901,FABRICAÇÃO DE PRODUTOS DE CARNE,C,Indústrias De Transformação,10,10139,II,indústria (regra por seção),,,nao,divisão/classe recusada (mapeado das 17 categorias do suporte)
1013902,PREPARAÇÃO DE SUBPRODUTOS DO ABATE,C,Indústrias De Transformação,10,10139,II,indústria (regra por seção),,,nao,divisão/classe recusada (mapeado das 17 categorias do suporte)
1020101,"PRESERVAÇÃO DE PEIXES, CRUSTÁCEOS E MOLUSCOS",C,Indústrias De Transformação,10,10201,II,indústria (regra por seção),,,nao,divisão/classe recusada (mapeado das 17 categorias do suporte)
1020102,"FABRICAÇÃO DE CONSERVAS DE PEIXES, CRUSTÁCEOS E MOLUSCOS",C,Indústrias De Transformação,10,10201,II,indústria (regra por seção),,,nao,divisão/classe recusada (mapeado das 17 categorias do suporte)
1031700,FABRICAÇÃO DE CONSERVAS DE FRUTAS,C,Indústrias De Transformação,10,10317,II,indústria (regra por seção),,,nao,divisão/classe recusada (mapeado das 17 categorias do suporte)
1032501,FABRICAÇÃO DE CONSERVAS DE PALMITO,C,Indústrias De Transformação,10,10325,II,indústria (regra por seção),,,nao,divisão/classe recusada (mapeado das 17 categorias do suporte)
1032599,"FABRICAÇÃO DE CONSERVAS DE LEGUMES E OUTROS VEGETAIS, EXCETO PALMITO",C,Indústrias De Transformação,10,10325,II,indústria (regra por seção),,,nao,divisão/classe recusada (mapeado das 17 categorias do suporte)
1033301,"FABRICAÇÃO DE SUCOS CONCENTRADOS DE FRUTAS, HORTALIÇAS E LEGUMES",C,Indústrias De Transformação,10,10333,II,indústria (regra por seção),,,nao,divisão/classe recusada (mapeado das 17 categorias do suporte)
1033302,"FABRICAÇÃO DE SUCOS DE FRUTAS, HORTALIÇAS E LEGUMES, EXCETO CONCENTRADOS",C,Indústrias De Transformação,10,10333,II,indústria (regra por seção),,,nao,divisão/classe recusada (mapeado das 17 categorias do suporte)
1041400,"FABRICAÇÃO DE ÓLEOS VEGETAIS EM BRUTO, EXCETO ÓLEO DE MILHO",C,Indústrias De Transformação,10,10414,II,indústria (regra por seção),,,nao,divisão/classe recusada (mapeado das 17 categorias do suporte)
1042200,"FABRICAÇÃO DE ÓLEOS VEGETAIS REFINADOS, EXCETO ÓLEO DE MILHO",C,Indústrias De Transformação,10,10422,II,indústria (regra por seção),,,nao,divisão/classe recusada (mapeado das 17 categorias do suporte)
1052000,FABRICAÇÃO DE LATICÍNIOS,C,Indústrias De Transformação,10,10520,II,indústria (regra por seção),,,nao,divisão/classe recusada (mapeado das 17 categorias do suporte)
1053800,FABRICAÇÃO DE SORVETES E OUTROS GELADOS COMESTÍVEIS,C,Indústrias De Transformação,10,10538,II,indústria (regra por seção),,,nao,divisão/classe recusada (mapeado das 17 categorias do suporte)
1061901,BENEFICIAMENTO DE ARROZ,C,Indústrias De Transformação,10,10619,II,indústria (regra por seção),,,nao,divisão/classe recusada (mapeado das 17 categorias do suporte)
1061902,FABRICAÇÃO DE PRODUTOS DO ARROZ,C,Indústrias De Transformação,10,10619,II,indústria (regra por seção),,,nao,divisão/classe recusada (mapeado das 17 categorias do suporte)
1062700,MOAGEM DE TRIGO E FABRICAÇÃO DE DERIVADOS,C,Indústrias De Transformação,10,10627,II,indústria (regra por seção),,,nao,divisão/classe recusada (mapeado das 17 categorias do suporte)
1063500,FABRICAÇÃO DE FARINHA DE MANDIOCA E DERIVADOS,C,Indústrias De Transformação,10,10635,II,indústria (regra por seção),,,nao,divisão/classe recusada (mapeado das 17 categorias do suporte)
1064300,"FABRICAÇÃO DE FARINHA DE MILHO E DERIVADOS, EXCETO ÓLEOS DE MILHO",C,Indústrias De Transformação,10,10643,II,indústria (regra por seção),,,nao,divisão/classe recusada (mapeado das 17 categorias do suporte)
1065101,FABRICAÇÃO DE AMIDOS E FÉCULAS DE VEGETAIS,C,Indústrias De Transformação,10,10651,II,indústria (regra por seção),,,nao,divisão/classe recusada (mapeado das 17 categorias do suporte)
1065102,FABRICAÇÃO DE ÓLEO DE MILHO EM BRUTO,C,Indústrias De Transformação,10,10651,II,indústria (regra por seção),,,nao,divisão/classe recusada (mapeado das 17 categorias do suporte)
1065103,FABRICAÇÃO DE ÓLEO DE MILHO REFINADO,C,Indústrias De Transformação,10,10651,II,indústria (regra por seção),,,nao,divisão/classe recusada (mapeado das 17 categorias do suporte)
1066000,FABRICAÇÃO DE ALIMENTOS PARA ANIMAIS,C,Indústrias De Transformação,10,10660,II,indústria (regra por seção),,,nao,divisão/classe recusada (mapeado das 17 categorias do suporte)
1069400,MOAGEM E FABRICAÇÃO DE PRODUTOS DE ORIGEM VEGETAL NÃO ESPECIFICADOS ANTERIORMENTE,C,Indústrias De Transformação,10,10694,II,indústria (regra por seção),,,nao,divisão/classe recusada (mapeado das 17 categorias do suporte)
1071600,FABRICAÇÃO DE AÇÚCAR EM BRUTO,C,Indústrias De Transformação,10,10716,II,indústria (regra por seção),,,nao,divisão/classe recusada (mapeado das 17 categorias do suporte)
1072401,FABRICAÇÃO DE AÇÚCAR DE CANA REFINADO,C,Indústrias De Transformação,10,10724,II,indústria (regra por seção),,,nao,divisão/classe recusada (mapeado das 17 categorias do suporte)
1072402,FABRICAÇÃO DE AÇÚCAR DE CEREAIS (DEXTROSE) E DE BETERRABA,C,Indústrias De Transformação,10,10724,II,indústria (regra por seção),,,nao,divisão/classe recusada (mapeado das 17 categorias do suporte)
1081301,BENEFICIAMENTO DE CAFÉ,C,Indústrias De Transformação,10,10813,II,indústria (regra por seção),,,nao,divisão/classe recusada (mapeado das 17 categorias do suporte)
1421500,FABRICAÇÃO DE MEIAS,C,Indústrias De Transformação,14,14215,II,indústria (regra por seção),,,nao,divisão/classe recusada (mapeado das 17 categorias do suporte)
4763603,COMÉRCIO VAREJISTA DE BICICLETAS E TRICICLOS; PEÇAS E ACESSÓRIOS,G,Comércio; Reparação De Veículos Automotores E Motocicletas,47,47636,I,comércio (regra por seção),,,atende,presumido (serviço/comércio leve no Simples; validar)
2062200,FABRICAÇÃO DE PRODUTOS DE LIMPEZA E POLIMENTO,C,Indústrias De Transformação,20,20622,II,indústria (regra por seção),,,nao,divisão/classe recusada (mapeado das 17 categorias do suporte)
1081302,TORREFAÇÃO E MOAGEM DE CAFÉ,C,Indústrias De Transformação,10,10813,II,indústria (regra por seção),,,nao,divisão/classe recusada (mapeado das 17 categorias do suporte)
1082100,FABRICAÇÃO DE PRODUTOS À BASE DE CAFÉ,C,Indústrias De Transformação,10,10821,II,indústria (regra por seção),,,nao,divisão/classe recusada (mapeado das 17 categorias do suporte)
1091101,FABRICAÇÃO DE PRODUTOS DE PANIFICAÇÃO INDUSTRIAL,C,Indústrias De Transformação,10,10911,II,indústria (regra por seção),,,nao,divisão/classe recusada (mapeado das 17 categorias do suporte)
1091102,FABRICAÇÃO DE PRODUTOS DE PADARIA E CONFEITARIA COM PREDOMINÂNCIA  DE PRODUÇÃO PRÓPRIA,C,Indústrias De Transformação,10,10911,II,indústria (regra por seção),,,nao,divisão/classe recusada (mapeado das 17 categorias do suporte)
1092900,FABRICAÇÃO DE BISCOITOS E BOLACHAS,C,Indústrias De Transformação,10,10929,II,indústria (regra por seção),,,nao,divisão/classe recusada (mapeado das 17 categorias do suporte)
1093701,FABRICAÇÃO DE PRODUTOS DERIVADOS DO CACAU E DE CHOCOLATES,C,Indústrias De Transformação,10,10937,II,indústria (regra por seção),,,nao,divisão/classe recusada (mapeado das 17 categorias do suporte)
1093702,"FABRICAÇÃO DE FRUTAS CRISTALIZADAS, BALAS E SEMELHANTES",C,Indústrias De Transformação,10,10937,II,indústria (regra por seção),,,nao,divisão/classe recusada (mapeado das 17 categorias do suporte)
1094500,FABRICAÇÃO DE MASSAS ALIMENTÍCIAS,C,Indústrias De Transformação,10,10945,II,indústria (regra por seção),,,nao,divisão/classe recusada (mapeado das 17 categorias do suporte)
1095300,"FABRICAÇÃO DE ESPECIARIAS, MOLHOS, TEMPEROS E CONDIMENTOS",C,Indústrias De Transformação,10,10953,II,indústria (regra por seção),,,nao,divisão/classe recusada (mapeado das 17 categorias do suporte)
1099601,FABRICAÇÃO DE VINAGRES,C,Indústrias De Transformação,10,10996,II,indústria (regra por seção),,,nao,divisão/classe recusada (mapeado das 17 categorias do suporte)
1099602,FABRICAÇÃO DE PÓS ALIMENTÍCIOS,C,Indústrias De Transformação,10,10996,II,indústria (regra por seção),,,nao,divisão/classe recusada (mapeado das 17 categorias do suporte)
1099603,FABRICAÇÃO DE FERMENTOS E LEVEDURAS,C,Indústrias De Transformação,10,10996,II,indústria (regra por seção),,,nao,divisão/classe recusada (mapeado das 17 categorias do suporte)
1099604,FABRICAÇÃO DE GELO COMUM,C,Indústrias De Transformação,10,10996,II,indústria (regra por seção),,,nao,divisão/classe recusada (mapeado das 17 categorias do suporte)
1099605,"FABRICAÇÃO DE PRODUTOS PARA INFUSÃO (CHÁ, MATE, ETC.)",C,Indústrias De Transformação,10,10996,II,indústria (regra por seção),,,nao,divisão/classe recusada (mapeado das 17 categorias do suporte)
1099606,FABRICAÇÃO DE ADOÇANTES NATURAIS E ARTIFICIAIS,C,Indústrias De Transformação,10,10996,II,indústria (regra por seção),,,nao,divisão/classe recusada (mapeado das 17 categorias do suporte)
1099607,FABRICAÇÃO DE ALIMENTOS DIETÉTICOS E COMPLEMENTOS ALIMENTARES,C,Indústrias De Transformação,10,10996,II,indústria (regra por seção),,,nao,divisão/classe recusada (mapeado das 17 categorias do suporte)
1311100,PREPARAÇÃO E FIAÇÃO DE FIBRAS DE ALGODÃO,C,Indústrias De Transformação,13,13111,II,indústria (regra por seção),,,nao,divisão/classe recusada (mapeado das 17 categorias do suporte)
1312000,"PREPARAÇÃO E FIAÇÃO DE FIBRAS TÊXTEIS NATURAIS, EXCETO ALGODÃO",C,Indústrias De Transformação,13,13120,II,indústria (regra por seção),,,nao,divisão/classe recusada (mapeado das 17 categorias do suporte)
1099699,FABRICAÇÃO DE OUTROS PRODUTOS ALIMENTÍCIOS NÃO ESPECIFICADOS ANTERIORMENTE,C,Indústrias De Transformação,10,10996,II,indústria (regra por seção),,,nao,divisão/classe recusada (mapeado das 17 categorias do suporte)
1111901,FABRICAÇÃO DE AGUARDENTE DE CANA DE AÇÚCAR,C,Indústrias De Transformação,11,11119,II,indústria (regra por seção),,,nao,divisão/classe recusada (mapeado das 17 categorias do suporte)
1111902,FABRICAÇÃO DE OUTRAS AGUARDENTES E BEBIDAS DESTILADAS,C,Indústrias De Transformação,11,11119,II,indústria (regra por seção),,,nao,divisão/classe recusada (mapeado das 17 categorias do suporte)
1112700,FABRICAÇÃO DE VINHO,C,Indústrias De Transformação,11,11127,II,indústria (regra por seção),,,nao,divisão/classe recusada (mapeado das 17 categorias do suporte)
1113501,"FABRICAÇÃO DE MALTE, INCLUSIVE MALTE UÍSQUE",C,Indústrias De Transformação,11,11135,II,indústria (regra por seção),,,nao,divisão/classe recusada (mapeado das 17 categorias do suporte)
1113502,FABRICAÇÃO DE CERVEJAS E CHOPES,C,Indústrias De Transformação,11,11135,II,indústria (regra por seção),,,nao,divisão/classe recusada (mapeado das 17 categorias do suporte)
1121600,FABRICAÇÃO DE ÁGUAS ENVASADAS,C,Indústrias De Transformação,11,11216,II,indústria (regra por seção),,,nao,divisão/classe recusada (mapeado das 17 categorias do suporte)
1122401,FABRICAÇÃO DE REFRIGERANTES,C,Indústrias De Transformação,11,11224,II,indústria (regra por seção),,,nao,divisão/classe recusada (mapeado das 17 categorias do suporte)
1122402,FABRICAÇÃO DE CHÁ MATE E OUTROS CHÁS PRONTOS PARA CONSUMO,C,Indústrias De Transformação,11,11224,II,indústria (regra por seção),,,nao,divisão/classe recusada (mapeado das 17 categorias do suporte)
1122403,"FABRICAÇÃO DE REFRESCOS, XAROPES E PÓS PARA REFRESCOS, EXCETO REFRESCOS DE FRUTAS",C,Indústrias De Transformação,11,11224,II,indústria (regra por seção),,,nao,divisão/classe recusada (mapeado das 17 categorias do suporte)
1122404,FABRICAÇÃO DE BEBIDAS ISOTÔNICAS,C,Indústrias De Transformação,11,11224,II,indústria (regra por seção),,,nao,divisão/classe recusada (mapeado das 17 categorias do suporte)
1122499,FABRICAÇÃO DE OUTRAS BEBIDAS NÃO ALCOÓLICAS NÃO ESPECIFICADAS ANTERIORMENTE,C,Indústrias De Transformação,11,11224,II,indústria (regra por seção),,,nao,divisão/classe recusada (mapeado das 17 categorias do suporte)
1210700,PROCESSAMENTO INDUSTRIAL DO FUMO,C,Indústrias De Transformação,12,12107,II,indústria (regra por seção),,,nao,divisão/classe recusada (mapeado das 17 categorias do suporte)
1220401,FABRICAÇÃO DE CIGARROS,C,Indústrias De Transformação,12,12204,II,indústria (regra por seção),,,nao,divisão/classe recusada (mapeado das 17 categorias do suporte)
1220402,FABRICAÇÃO DE CIGARRILHAS E CHARUTOS,C,Indústrias De Transformação,12,12204,II,indústria (regra por seção),,,nao,divisão/classe recusada (mapeado das 17 categorias do suporte)
1220403,FABRICAÇÃO DE FILTROS PARA CIGARROS,C,Indústrias De Transformação,12,12204,II,indústria (regra por seção),,,nao,divisão/classe recusada (mapeado das 17 categorias do suporte)
1220499,"FABRICAÇÃO DE OUTROS PRODUTOS DO FUMO, EXCETO CIGARROS, CIGARRILHAS E CHARUTOS",C,Indústrias De Transformação,12,12204,II,indústria (regra por seção),,,nao,divisão/classe recusada (mapeado das 17 categorias do suporte)
1313800,FIAÇÃO DE FIBRAS ARTIFICIAIS E SINTÉTICAS,C,Indústrias De Transformação,13,13138,II,indústria (regra por seção),,,nao,divisão/classe recusada (mapeado das 17 categorias do suporte)
1314600,FABRICAÇÃO DE LINHAS PARA COSTURAR E BORDAR,C,Indústrias De Transformação,13,13146,II,indústria (regra por seção),,,nao,divisão/classe recusada (mapeado das 17 categorias do suporte)
1321900,TECELAGEM DE FIOS DE ALGODÃO,C,Indústrias De Transformação,13,13219,II,indústria (regra por seção),,,nao,divisão/classe recusada (mapeado das 17 categorias do suporte)
1322700,"TECELAGEM DE FIOS DE FIBRAS TÊXTEIS NATURAIS, EXCETO ALGODÃO",C,Indústrias De Transformação,13,13227,II,indústria (regra por seção),,,nao,divisão/classe recusada (mapeado das 17 categorias do suporte)
1323500,TECELAGEM DE FIOS DE FIBRAS ARTIFICIAIS E SINTÉTICAS,C,Indústrias De Transformação,13,13235,II,indústria (regra por seção),,,nao,divisão/classe recusada (mapeado das 17 categorias do suporte)
1330800,FABRICAÇÃO DE TECIDOS DE MALHA,C,Indústrias De Transformação,13,13308,II,indústria (regra por seção),,,nao,divisão/classe recusada (mapeado das 17 categorias do suporte)
1340501,"ESTAMPARIA E TEXTURIZAÇÃO EM FIOS, TECIDOS, ARTEFATOS TÊXTEIS E PEÇAS DO VESTUÁRIO",C,Indústrias De Transformação,13,13405,II,indústria (regra por seção),,,nao,divisão/classe recusada (mapeado das 17 categorias do suporte)
1340502,"ALVEJAMENTO, TINGIMENTO E TORÇÃO EM FIOS, TECIDOS, ARTEFATOS TÊXTEIS E PEÇAS DO VESTUÁRIO",C,Indústrias De Transformação,13,13405,II,indústria (regra por seção),,,nao,divisão/classe recusada (mapeado das 17 categorias do suporte)
1932200,"FABRICAÇÃO DE BIOCOMBUSTÍVEIS, EXCETO ÁLCOOL",C,Indústrias De Transformação,19,19322,II,indústria (regra por seção),,,nao,divisão/classe recusada (mapeado das 17 categorias do suporte)
1340599,"OUTROS SERVIÇOS DE ACABAMENTO EM FIOS, TECIDOS, ARTEFATOS TÊXTEIS E PEÇAS DO VESTUÁRIO",C,Indústrias De Transformação,13,13405,II,indústria (regra por seção),,,nao,divisão/classe recusada (mapeado das 17 categorias do suporte)
7729202,"ALUGUEL DE MÓVEIS, UTENSÍLIOS E APARELHOS DE USO DOMÉSTICO E PESSOAL; INSTRUMENTOS MUSICAIS",N,Atividades Administrativas E Serviços Complementares,77,77292,III/IV/V*,serviço — anexo exato depende da atividade + Fator R (determinar na camada fiscal),,,nao,divisão/classe recusada (mapeado das 17 categorias do suporte)
1352900,FABRICAÇÃO DE ARTEFATOS DE TAPEÇARIA,C,Indústrias De Transformação,13,13529,II,indústria (regra por seção),,,nao,divisão/classe recusada (mapeado das 17 categorias do suporte)
1353700,FABRICAÇÃO DE ARTEFATOS DE CORDOARIA,C,Indústrias De Transformação,13,13537,II,indústria (regra por seção),,,nao,divisão/classe recusada (mapeado das 17 categorias do suporte)
1354500,"FABRICAÇÃO DE TECIDOS ESPECIAIS, INCLUSIVE ARTEFATOS",C,Indústrias De Transformação,13,13545,II,indústria (regra por seção),,,nao,divisão/classe recusada (mapeado das 17 categorias do suporte)
1359600,FABRICAÇÃO DE OUTROS PRODUTOS TÊXTEIS NÃO ESPECIFICADOS ANTERIORMENTE,C,Indústrias De Transformação,13,13596,II,indústria (regra por seção),,,nao,divisão/classe recusada (mapeado das 17 categorias do suporte)
1411801,CONFECÇÃO DE ROUPAS ÍNTIMAS,C,Indústrias De Transformação,14,14118,II,indústria (regra por seção),,,nao,divisão/classe recusada (mapeado das 17 categorias do suporte)
1411802,FACÇÃO DE ROUPAS ÍNTIMAS,C,Indústrias De Transformação,14,14118,II,indústria (regra por seção),,,nao,divisão/classe recusada (mapeado das 17 categorias do suporte)
1412601,"CONFECÇÃO DE PEÇAS DE VESTUÁRIO, EXCETO ROUPAS ÍNTIMAS E AS CONFECCIONADAS SOB MEDIDA",C,Indústrias De Transformação,14,14126,II,indústria (regra por seção),,,nao,divisão/classe recusada (mapeado das 17 categorias do suporte)
1412602,"CONFECÇÃO, SOB MEDIDA, DE PEÇAS DO VESTUÁRIO, EXCETO ROUPAS ÍNTIMAS",C,Indústrias De Transformação,14,14126,II,indústria (regra por seção),,,nao,divisão/classe recusada (mapeado das 17 categorias do suporte)
1412603,"FACÇÃO DE PEÇAS DO VESTUÁRIO, EXCETO ROUPAS ÍNTIMAS",C,Indústrias De Transformação,14,14126,II,indústria (regra por seção),,,nao,divisão/classe recusada (mapeado das 17 categorias do suporte)
1413401,"CONFECÇÃO DE ROUPAS PROFISSIONAIS, EXCETO SOB MEDIDA",C,Indústrias De Transformação,14,14134,II,indústria (regra por seção),,,nao,divisão/classe recusada (mapeado das 17 categorias do suporte)
1413402,"CONFECÇÃO, SOB MEDIDA, DE ROUPAS PROFISSIONAIS",C,Indústrias De Transformação,14,14134,II,indústria (regra por seção),,,nao,divisão/classe recusada (mapeado das 17 categorias do suporte)
1413403,FACÇÃO DE ROUPAS PROFISSIONAIS,C,Indústrias De Transformação,14,14134,II,indústria (regra por seção),,,nao,divisão/classe recusada (mapeado das 17 categorias do suporte)
1622699,FABRICAÇÃO DE OUTROS ARTIGOS DE CARPINTARIA PARA CONSTRUÇÃO,C,Indústrias De Transformação,16,16226,II,indústria (regra por seção),,,nao,divisão/classe recusada (mapeado das 17 categorias do suporte)
4763604,"COMÉRCIO VAREJISTA DE ARTIGOS DE CAÇA, PESCA E CAMPING",G,Comércio; Reparação De Veículos Automotores E Motocicletas,47,47636,I,comércio (regra por seção),,,atende,presumido (serviço/comércio leve no Simples; validar)
1414200,"FABRICAÇÃO DE ACESSÓRIOS DO VESTUÁRIO, EXCETO PARA SEGURANÇA E PROTEÇÃO",C,Indústrias De Transformação,14,14142,II,indústria (regra por seção),,,nao,divisão/classe recusada (mapeado das 17 categorias do suporte)
7729203,ALUGUEL DE MATERIAL MÉDICO,N,Atividades Administrativas E Serviços Complementares,77,77292,III/IV/V*,serviço — anexo exato depende da atividade + Fator R (determinar na camada fiscal),,,nao,divisão/classe recusada (mapeado das 17 categorias do suporte)
1422300,"FABRICAÇÃO DE ARTIGOS DO VESTUÁRIO, PRODUZIDOS EM MALHARIAS E TRICOTAGENS, EXCETO MEIAS",C,Indústrias De Transformação,14,14223,II,indústria (regra por seção),,,nao,divisão/classe recusada (mapeado das 17 categorias do suporte)
1510600,CURTIMENTO E OUTRAS PREPARAÇÕES DE COURO,C,Indústrias De Transformação,15,15106,II,indústria (regra por seção),,,nao,divisão/classe recusada (mapeado das 17 categorias do suporte)
1521100,"FABRICAÇÃO DE ARTIGOS PARA VIAGEM, BOLSAS E SEMELHANTES DE QUALQUER MATERIAL",C,Indústrias De Transformação,15,15211,II,indústria (regra por seção),,,nao,divisão/classe recusada (mapeado das 17 categorias do suporte)
1529700,FABRICAÇÃO DE ARTEFATOS DE COURO NÃO ESPECIFICADOS ANTERIORMENTE,C,Indústrias De Transformação,15,15297,II,indústria (regra por seção),,,nao,divisão/classe recusada (mapeado das 17 categorias do suporte)
1531901,FABRICAÇÃO DE CALÇADOS DE COURO,C,Indústrias De Transformação,15,15319,II,indústria (regra por seção),,,nao,divisão/classe recusada (mapeado das 17 categorias do suporte)
1531902,ACABAMENTO DE CALÇADOS DE COURO SOB CONTRATO,C,Indústrias De Transformação,15,15319,II,indústria (regra por seção),,,nao,divisão/classe recusada (mapeado das 17 categorias do suporte)
1532700,FABRICAÇÃO DE TÊNIS DE QUALQUER MATERIAL,C,Indústrias De Transformação,15,15327,II,indústria (regra por seção),,,nao,divisão/classe recusada (mapeado das 17 categorias do suporte)
1533500,FABRICAÇÃO DE CALÇADOS DE MATERIAL SINTÉTICO,C,Indústrias De Transformação,15,15335,II,indústria (regra por seção),,,nao,divisão/classe recusada (mapeado das 17 categorias do suporte)
1539400,FABRICAÇÃO DE CALÇADOS DE MATERIAIS NÃO ESPECIFICADOS ANTERIORMENTE,C,Indústrias De Transformação,15,15394,II,indústria (regra por seção),,,nao,divisão/classe recusada (mapeado das 17 categorias do suporte)
1540800,"FABRICAÇÃO DE PARTES PARA CALÇADOS, DE QUALQUER MATERIAL",C,Indústrias De Transformação,15,15408,II,indústria (regra por seção),,,nao,divisão/classe recusada (mapeado das 17 categorias do suporte)
1621800,"FABRICAÇÃO DE MADEIRA LAMINADA E DE CHAPAS DE MADEIRA COMPENSADA, PRENSADA E AGLOMERADA",C,Indústrias De Transformação,16,16218,II,indústria (regra por seção),,,nao,divisão/classe recusada (mapeado das 17 categorias do suporte)
1622601,FABRICAÇÃO DE CASAS DE MADEIRA PRÉ FABRICADAS,C,Indústrias De Transformação,16,16226,II,indústria (regra por seção),,,nao,divisão/classe recusada (mapeado das 17 categorias do suporte)
1622602,FABRICAÇÃO DE ESQUADRIAS DE MADEIRA E DE PEÇAS DE MADEIRA PARA INSTALAÇÕES INDUSTRIAIS E COMERCIAIS,C,Indústrias De Transformação,16,16226,II,indústria (regra por seção),,,nao,divisão/classe recusada (mapeado das 17 categorias do suporte)
4924800,TRANSPORTE ESCOLAR,H,"Transporte, Armazenagem E Correio",49,49248,III/IV/V*,serviço — anexo exato depende da atividade + Fator R (determinar na camada fiscal),,,nao,divisão/classe recusada (mapeado das 17 categorias do suporte)
1623400,FABRICAÇÃO DE ARTEFATOS DE TANOARIA E DE EMBALAGENS DE MADEIRA,C,Indústrias De Transformação,16,16234,II,indústria (regra por seção),,,nao,divisão/classe recusada (mapeado das 17 categorias do suporte)
4643501,COMÉRCIO ATACADISTA DE CALÇADOS,G,Comércio; Reparação De Veículos Automotores E Motocicletas,46,46435,I,comércio (regra por seção),,,atende,presumido (serviço/comércio leve no Simples; validar)
8599601,FORMAÇÃO DE CONDUTORES,P,Educação,85,85996,III/IV/V*,serviço — anexo exato depende da atividade + Fator R (determinar na camada fiscal),,,atende,presumido (serviço/comércio leve no Simples; validar)
1629301,"FABRICAÇÃO DE ARTEFATOS DIVERSOS DE MADEIRA, EXCETO MÓVEIS",C,Indústrias De Transformação,16,16293,II,indústria (regra por seção),,,nao,divisão/classe recusada (mapeado das 17 categorias do suporte)
1629302,"FABRICAÇÃO DE ARTEFATOS DIVERSOS DE CORTIÇA, BAMBU, PALHA, VIME E OUTROS MATERIAIS TRANÇADOS, EXCETO MÓVEIS",C,Indústrias De Transformação,16,16293,II,indústria (regra por seção),,,nao,divisão/classe recusada (mapeado das 17 categorias do suporte)
1710900,FABRICAÇÃO DE CELULOSE E OUTRAS PASTAS PARA A FABRICAÇÃO DE PAPEL,C,Indústrias De Transformação,17,17109,II,indústria (regra por seção),,,nao,divisão/classe recusada (mapeado das 17 categorias do suporte)
1721400,FABRICAÇÃO DE PAPEL,C,Indústrias De Transformação,17,17214,II,indústria (regra por seção),,,nao,divisão/classe recusada (mapeado das 17 categorias do suporte)
1722200,FABRICAÇÃO DE CARTOLINA E PAPEL CARTÃO,C,Indústrias De Transformação,17,17222,II,indústria (regra por seção),,,nao,divisão/classe recusada (mapeado das 17 categorias do suporte)
1731100,FABRICAÇÃO DE EMBALAGENS DE PAPEL,C,Indústrias De Transformação,17,17311,II,indústria (regra por seção),,,nao,divisão/classe recusada (mapeado das 17 categorias do suporte)
1732000,FABRICAÇÃO DE EMBALAGENS DE CARTOLINA E PAPEL CARTÃO,C,Indústrias De Transformação,17,17320,II,indústria (regra por seção),,,nao,divisão/classe recusada (mapeado das 17 categorias do suporte)
1733800,FABRICAÇÃO DE CHAPAS E DE EMBALAGENS DE PAPELÃO ONDULADO,C,Indústrias De Transformação,17,17338,II,indústria (regra por seção),,,nao,divisão/classe recusada (mapeado das 17 categorias do suporte)
1741901,FABRICAÇÃO DE FORMULÁRIOS CONTÍNUOS,C,Indústrias De Transformação,17,17419,II,indústria (regra por seção),,,nao,divisão/classe recusada (mapeado das 17 categorias do suporte)
1741902,"FABRICAÇÃO DE PRODUTOS DE PAPEL, CARTOLINA, PAPEL CARTÃO E PAPELÃO ONDULADO PARA USO COMERCIAL E DE ESCRITÓRIO",C,Indústrias De Transformação,17,17419,II,indústria (regra por seção),,,nao,divisão/classe recusada (mapeado das 17 categorias do suporte)
1742701,FABRICAÇÃO DE FRALDAS DESCARTÁVEIS,C,Indústrias De Transformação,17,17427,II,indústria (regra por seção),,,nao,divisão/classe recusada (mapeado das 17 categorias do suporte)
1742702,FABRICAÇÃO DE ABSORVENTES HIGIÊNICOS,C,Indústrias De Transformação,17,17427,II,indústria (regra por seção),,,nao,divisão/classe recusada (mapeado das 17 categorias do suporte)
1742799,FABRICAÇÃO DE PRODUTOS DE PAPEL PARA USO DOMÉSTICO E HIGIÊNICO SANITÁRIO NÃO ESPECIFICADOS ANTERIORMENTE,C,Indústrias De Transformação,17,17427,II,indústria (regra por seção),,,nao,divisão/classe recusada (mapeado das 17 categorias do suporte)
1749400,"FABRICAÇÃO DE PRODUTOS DE PASTAS CELULÓSICAS, PAPEL, CARTOLINA, PAPEL CARTÃO E PAPELÃO ONDULADO NÃO ESPECIFICADOS ANTERIORMENTE",C,Indústrias De Transformação,17,17494,II,indústria (regra por seção),,,nao,divisão/classe recusada (mapeado das 17 categorias do suporte)
1922599,"FABRICAÇÃO DE OUTROS PRODUTOS DERIVADOS DO PETRÓLEO, EXCETO PRODUTOS DO REFINO",C,Indústrias De Transformação,19,19225,II,indústria (regra por seção),,,nao,divisão/classe recusada (mapeado das 17 categorias do suporte)
1811301,IMPRESSÃO DE JORNAIS,C,Indústrias De Transformação,18,18113,II,indústria (regra por seção),,,nao,divisão/classe recusada (mapeado das 17 categorias do suporte)
2011800,FABRICAÇÃO DE CLORO E ÁLCALIS,C,Indústrias De Transformação,20,20118,II,indústria (regra por seção),,,nao,divisão/classe recusada (mapeado das 17 categorias do suporte)
1811302,"IMPRESSÃO DE LIVROS, REVISTAS E OUTRAS PUBLICAÇÕES PERIÓDICAS",C,Indústrias De Transformação,18,18113,II,indústria (regra por seção),,,nao,divisão/classe recusada (mapeado das 17 categorias do suporte)
1812100,IMPRESSÃO DE MATERIAL DE SEGURANÇA,C,Indústrias De Transformação,18,18121,II,indústria (regra por seção),,,nao,divisão/classe recusada (mapeado das 17 categorias do suporte)
1813001,IMPRESSÃO DE MATERIAL PARA USO PUBLICITÁRIO,C,Indústrias De Transformação,18,18130,II,indústria (regra por seção),,,nao,divisão/classe recusada (mapeado das 17 categorias do suporte)
1813099,IMPRESSÃO DE MATERIAL PARA OUTROS USOS,C,Indústrias De Transformação,18,18130,II,indústria (regra por seção),,,nao,divisão/classe recusada (mapeado das 17 categorias do suporte)
1821100,SERVIÇOS DE PRÉ IMPRESSÃO,C,Indústrias De Transformação,18,18211,II,indústria (regra por seção),,,nao,divisão/classe recusada (mapeado das 17 categorias do suporte)
1822901,SERVIÇOS DE ENCADERNAÇÃO E PLASTIFICAÇÃO,C,Indústrias De Transformação,18,18229,II,indústria (regra por seção),,,nao,divisão/classe recusada (mapeado das 17 categorias do suporte)
1822999,"SERVIÇOS DE ACABAMENTOS GRÁFICOS, EXCETO ENCADERNAÇÃO E PLASTIFICAÇÃO",C,Indústrias De Transformação,18,18229,II,indústria (regra por seção),,,nao,divisão/classe recusada (mapeado das 17 categorias do suporte)
1830001,REPRODUÇÃO DE SOM EM QUALQUER SUPORTE,C,Indústrias De Transformação,18,18300,II,indústria (regra por seção),,,nao,divisão/classe recusada (mapeado das 17 categorias do suporte)
1830002,REPRODUÇÃO DE VÍDEO EM QUALQUER SUPORTE,C,Indústrias De Transformação,18,18300,II,indústria (regra por seção),,,nao,divisão/classe recusada (mapeado das 17 categorias do suporte)
1830003,REPRODUÇÃO DE SOFTWARE EM QUALQUER SUPORTE,C,Indústrias De Transformação,18,18300,II,indústria (regra por seção),,,nao,divisão/classe recusada (mapeado das 17 categorias do suporte)
1910100,COQUERIAS,C,Indústrias De Transformação,19,19101,II,indústria (regra por seção),,,nao,divisão/classe recusada (mapeado das 17 categorias do suporte)
1922501,FORMULAÇÃO DE COMBUSTÍVEIS,C,Indústrias De Transformação,19,19225,II,indústria (regra por seção),,,nao,divisão/classe recusada (mapeado das 17 categorias do suporte)
1922502,RERREFINO DE ÓLEOS LUBRIFICANTES,C,Indústrias De Transformação,19,19225,II,indústria (regra por seção),,,nao,divisão/classe recusada (mapeado das 17 categorias do suporte)
2013401,FABRICAÇÃO DE ADUBOS E FERTILIZANTES ORGANOMINERAIS,C,Indústrias De Transformação,20,20134,II,indústria (regra por seção),,,nao,divisão/classe recusada (mapeado das 17 categorias do suporte)
2012600,FABRICAÇÃO DE INTERMEDIÁRIOS PARA FERTILIZANTES,C,Indústrias De Transformação,20,20126,II,indústria (regra por seção),,,nao,divisão/classe recusada (mapeado das 17 categorias do suporte)
2013402,"FABRICAÇÃO DE ADUBOS E FERTILIZANTES, EXCETO ORGANOMINERAIS",C,Indústrias De Transformação,20,20134,II,indústria (regra por seção),,,nao,divisão/classe recusada (mapeado das 17 categorias do suporte)
2019301,ELABORAÇÃO DE COMBUSTÍVEIS NUCLEARES,C,Indústrias De Transformação,20,20193,II,indústria (regra por seção),,,nao,divisão/classe recusada (mapeado das 17 categorias do suporte)
2122000,FABRICAÇÃO DE MEDICAMENTOS PARA USO VETERINÁRIO,C,Indústrias De Transformação,21,21220,II,indústria (regra por seção),,,nao,divisão/classe recusada (mapeado das 17 categorias do suporte)
2019399,FABRICAÇÃO DE OUTROS PRODUTOS QUÍMICOS INORGÂNICOS NÃO ESPECIFICADOS ANTERIORMENTE,C,Indústrias De Transformação,20,20193,II,indústria (regra por seção),,,nao,divisão/classe recusada (mapeado das 17 categorias do suporte)
2021500,FABRICAÇÃO DE PRODUTOS PETROQUÍMICOS BÁSICOS,C,Indústrias De Transformação,20,20215,II,indústria (regra por seção),,,nao,divisão/classe recusada (mapeado das 17 categorias do suporte)
2022300,"FABRICAÇÃO DE INTERMEDIÁRIOS PARA PLASTIFICANTES, RESINAS E FIBRAS",C,Indústrias De Transformação,20,20223,II,indústria (regra por seção),,,nao,divisão/classe recusada (mapeado das 17 categorias do suporte)
2029100,FABRICAÇÃO DE PRODUTOS QUÍMICOS ORGÂNICOS NÃO ESPECIFICADOS ANTERIORMENTE,C,Indústrias De Transformação,20,20291,II,indústria (regra por seção),,,nao,divisão/classe recusada (mapeado das 17 categorias do suporte)
2031200,FABRICAÇÃO DE RESINAS TERMOPLÁSTICAS,C,Indústrias De Transformação,20,20312,II,indústria (regra por seção),,,nao,divisão/classe recusada (mapeado das 17 categorias do suporte)
2032100,FABRICAÇÃO DE RESINAS TERMOFIXAS,C,Indústrias De Transformação,20,20321,II,indústria (regra por seção),,,nao,divisão/classe recusada (mapeado das 17 categorias do suporte)
2033900,FABRICAÇÃO DE ELASTÔMEROS,C,Indústrias De Transformação,20,20339,II,indústria (regra por seção),,,nao,divisão/classe recusada (mapeado das 17 categorias do suporte)
4643502,"COMÉRCIO ATACADISTA DE BOLSAS, MALAS E ARTIGOS DE VIAGEM",G,Comércio; Reparação De Veículos Automotores E Motocicletas,46,46435,I,comércio (regra por seção),,,atende,presumido (serviço/comércio leve no Simples; validar)
2040100,FABRICAÇÃO DE FIBRAS ARTIFICIAIS E SINTÉTICAS,C,Indústrias De Transformação,20,20401,II,indústria (regra por seção),,,nao,divisão/classe recusada (mapeado das 17 categorias do suporte)
2051700,FABRICAÇÃO DE DEFENSIVOS AGRÍCOLAS,C,Indústrias De Transformação,20,20517,II,indústria (regra por seção),,,nao,divisão/classe recusada (mapeado das 17 categorias do suporte)
2052500,FABRICAÇÃO DE DESINFESTANTES DOMISSANITÁRIOS,C,Indústrias De Transformação,20,20525,II,indústria (regra por seção),,,nao,divisão/classe recusada (mapeado das 17 categorias do suporte)
2061400,FABRICAÇÃO DE SABÕES E DETERGENTES SINTÉTICOS,C,Indústrias De Transformação,20,20614,II,indústria (regra por seção),,,nao,divisão/classe recusada (mapeado das 17 categorias do suporte)
2063100,"FABRICAÇÃO DE COSMÉTICOS, PRODUTOS DE PERFUMARIA E DE HIGIENE PESSOAL",C,Indústrias De Transformação,20,20631,II,indústria (regra por seção),,,nao,divisão/classe recusada (mapeado das 17 categorias do suporte)
2071100,"FABRICAÇÃO DE TINTAS, VERNIZES, ESMALTES E LACAS",C,Indústrias De Transformação,20,20711,II,indústria (regra por seção),,,nao,divisão/classe recusada (mapeado das 17 categorias do suporte)
2072000,FABRICAÇÃO DE TINTAS DE IMPRESSÃO,C,Indústrias De Transformação,20,20720,II,indústria (regra por seção),,,nao,divisão/classe recusada (mapeado das 17 categorias do suporte)
2092401,"FABRICAÇÃO DE PÓLVORAS, EXPLOSIVOS E DETONANTES",C,Indústrias De Transformação,20,20924,II,indústria (regra por seção),,,nao,divisão/classe recusada (mapeado das 17 categorias do suporte)
2092402,FABRICAÇÃO DE ARTIGOS PIROTÉCNICOS,C,Indústrias De Transformação,20,20924,II,indústria (regra por seção),,,nao,divisão/classe recusada (mapeado das 17 categorias do suporte)
2092403,FABRICAÇÃO DE FÓSFOROS DE SEGURANÇA,C,Indústrias De Transformação,20,20924,II,indústria (regra por seção),,,nao,divisão/classe recusada (mapeado das 17 categorias do suporte)
2093200,FABRICAÇÃO DE ADITIVOS DE USO INDUSTRIAL,C,Indústrias De Transformação,20,20932,II,indústria (regra por seção),,,nao,divisão/classe recusada (mapeado das 17 categorias do suporte)
2094100,FABRICAÇÃO DE CATALISADORES,C,Indústrias De Transformação,20,20941,II,indústria (regra por seção),,,nao,divisão/classe recusada (mapeado das 17 categorias do suporte)
2099101,"FABRICAÇÃO DE CHAPAS, FILMES, PAPÉIS E OUTROS MATERIAIS E PRODUTOS QUÍMICOS PARA FOTOGRAFIA",C,Indústrias De Transformação,20,20991,II,indústria (regra por seção),,,nao,divisão/classe recusada (mapeado das 17 categorias do suporte)
2099199,FABRICAÇÃO DE OUTROS PRODUTOS QUÍMICOS NÃO ESPECIFICADOS ANTERIORMENTE,C,Indústrias De Transformação,20,20991,II,indústria (regra por seção),,,nao,divisão/classe recusada (mapeado das 17 categorias do suporte)
2091600,FABRICAÇÃO DE ADESIVOS E SELANTES,C,Indústrias De Transformação,20,20916,II,indústria (regra por seção),,,nao,divisão/classe recusada (mapeado das 17 categorias do suporte)
2110600,FABRICAÇÃO DE PRODUTOS FARMOQUÍMICOS,C,Indústrias De Transformação,21,21106,II,indústria (regra por seção),,,nao,divisão/classe recusada (mapeado das 17 categorias do suporte)
2121101,FABRICAÇÃO DE MEDICAMENTOS ALOPÁTICOS PARA USO HUMANO,C,Indústrias De Transformação,21,21211,II,indústria (regra por seção),,,nao,divisão/classe recusada (mapeado das 17 categorias do suporte)
2121102,FABRICAÇÃO DE MEDICAMENTOS HOMEOPÁTICOS PARA USO HUMANO,C,Indústrias De Transformação,21,21211,II,indústria (regra por seção),,,nao,divisão/classe recusada (mapeado das 17 categorias do suporte)
2121103,FABRICAÇÃO DE MEDICAMENTOS FITOTERÁPICOS PARA USO HUMANO,C,Indústrias De Transformação,21,21211,II,indústria (regra por seção),,,nao,divisão/classe recusada (mapeado das 17 categorias do suporte)
2342701,FABRICAÇÃO DE AZULEJOS E PISOS,C,Indústrias De Transformação,23,23427,II,indústria (regra por seção),,,nao,divisão/classe recusada (mapeado das 17 categorias do suporte)
2211100,FABRICAÇÃO DE PNEUMÁTICOS E DE CÂMARAS DE AR,C,Indústrias De Transformação,22,22111,II,indústria (regra por seção),,,nao,divisão/classe recusada (mapeado das 17 categorias do suporte)
2212900,REFORMA DE PNEUMÁTICOS USADOS,C,Indústrias De Transformação,22,22129,II,indústria (regra por seção),,,nao,divisão/classe recusada (mapeado das 17 categorias do suporte)
2391501,"BRITAMENTO DE PEDRAS, EXCETO ASSOCIADO À EXTRAÇÃO",C,Indústrias De Transformação,23,23915,II,indústria (regra por seção),,,nao,divisão/classe recusada (mapeado das 17 categorias do suporte)
2219600,FABRICAÇÃO DE ARTEFATOS DE BORRACHA NÃO ESPECIFICADOS ANTERIORMENTE,C,Indústrias De Transformação,22,22196,II,indústria (regra por seção),,,nao,divisão/classe recusada (mapeado das 17 categorias do suporte)
2442300,METALURGIA DOS METAIS PRECIOSOS,C,Indústrias De Transformação,24,24423,II,indústria (regra por seção),,,nao,divisão/classe recusada (mapeado das 17 categorias do suporte)
3299004,FABRICAÇÃO DE PAINÉIS E LETREIROS LUMINOSOS,C,Indústrias De Transformação,32,32990,II,indústria (regra por seção),,,nao,divisão/classe recusada (mapeado das 17 categorias do suporte)
2221800,FABRICAÇÃO DE LAMINADOS PLANOS E TUBULARES DE MATERIAL PLÁSTICO,C,Indústrias De Transformação,22,22218,II,indústria (regra por seção),,,nao,divisão/classe recusada (mapeado das 17 categorias do suporte)
2222600,FABRICAÇÃO DE EMBALAGENS DE MATERIAL PLÁSTICO,C,Indústrias De Transformação,22,22226,II,indústria (regra por seção),,,nao,divisão/classe recusada (mapeado das 17 categorias do suporte)
2223400,FABRICAÇÃO DE TUBOS E ACESSÓRIOS DE MATERIAL PLÁSTICO PARA USO NA CONSTRUÇÃO,C,Indústrias De Transformação,22,22234,II,indústria (regra por seção),,,nao,divisão/classe recusada (mapeado das 17 categorias do suporte)
2229301,FABRICAÇÃO DE ARTEFATOS DE MATERIAL PLÁSTICO PARA USO PESSOAL E DOMÉSTICO,C,Indústrias De Transformação,22,22293,II,indústria (regra por seção),,,nao,divisão/classe recusada (mapeado das 17 categorias do suporte)
2229302,FABRICAÇÃO DE ARTEFATOS DE MATERIAL PLÁSTICO PARA USOS INDUSTRIAIS,C,Indústrias De Transformação,22,22293,II,indústria (regra por seção),,,nao,divisão/classe recusada (mapeado das 17 categorias do suporte)
2229303,"FABRICAÇÃO DE ARTEFATOS DE MATERIAL PLÁSTICO PARA USO NA CONSTRUÇÃO, EXCETO TUBOS E ACESSÓRIOS",C,Indústrias De Transformação,22,22293,II,indústria (regra por seção),,,nao,divisão/classe recusada (mapeado das 17 categorias do suporte)
3600602,DISTRIBUIÇÃO DE ÁGUA POR CAMINHÕES,E,"Água, Esgoto, Atividades De Gestão De Resíduos E Descontaminação",36,36006,III/IV/V*,serviço — anexo exato depende da atividade + Fator R (determinar na camada fiscal),,,atende,presumido (serviço/comércio leve no Simples; validar)
2229399,FABRICAÇÃO DE ARTEFATOS DE MATERIAL PLÁSTICO PARA OUTROS USOS NÃO ESPECIFICADOS ANTERIORMENTE,C,Indústrias De Transformação,22,22293,II,indústria (regra por seção),,,nao,divisão/classe recusada (mapeado das 17 categorias do suporte)
2311700,FABRICAÇÃO DE VIDRO PLANO E DE SEGURANÇA,C,Indústrias De Transformação,23,23117,II,indústria (regra por seção),,,nao,divisão/classe recusada (mapeado das 17 categorias do suporte)
2312500,FABRICAÇÃO DE EMBALAGENS DE VIDRO,C,Indústrias De Transformação,23,23125,II,indústria (regra por seção),,,nao,divisão/classe recusada (mapeado das 17 categorias do suporte)
2424502,"PRODUÇÃO DE RELAMINADOS, TREFILADOS E PERFILADOS DE AÇO, EXCETO ARAMES",C,Indústrias De Transformação,24,24245,II,indústria (regra por seção),,,nao,divisão/classe recusada (mapeado das 17 categorias do suporte)
2319200,FABRICAÇÃO DE ARTIGOS DE VIDRO,C,Indústrias De Transformação,23,23192,II,indústria (regra por seção),,,nao,divisão/classe recusada (mapeado das 17 categorias do suporte)
2320600,FABRICAÇÃO DE CIMENTO,C,Indústrias De Transformação,23,23206,II,indústria (regra por seção),,,nao,divisão/classe recusada (mapeado das 17 categorias do suporte)
2330301,"FABRICAÇÃO DE ESTRUTURAS PRÉ MOLDADAS DE CONCRETO ARMADO, EM SÉRIE E SOB ENCOMENDA",C,Indústrias De Transformação,23,23303,II,indústria (regra por seção),,,nao,divisão/classe recusada (mapeado das 17 categorias do suporte)
2449101,PRODUÇÃO DE ZINCO EM FORMAS PRIMÁRIAS,C,Indústrias De Transformação,24,24491,II,indústria (regra por seção),,,nao,divisão/classe recusada (mapeado das 17 categorias do suporte)
2330302,FABRICAÇÃO DE ARTEFATOS DE CIMENTO PARA USO NA CONSTRUÇÃO,C,Indústrias De Transformação,23,23303,II,indústria (regra por seção),,,nao,divisão/classe recusada (mapeado das 17 categorias do suporte)
2330303,FABRICAÇÃO DE ARTEFATOS DE FIBROCIMENTO PARA USO NA CONSTRUÇÃO,C,Indústrias De Transformação,23,23303,II,indústria (regra por seção),,,nao,divisão/classe recusada (mapeado das 17 categorias do suporte)
2330304,FABRICAÇÃO DE CASAS PRÉ MOLDADAS DE CONCRETO,C,Indústrias De Transformação,23,23303,II,indústria (regra por seção),,,nao,divisão/classe recusada (mapeado das 17 categorias do suporte)
2330305,PREPARAÇÃO DE MASSA DE CONCRETO E ARGAMASSA PARA CONSTRUÇÃO,C,Indústrias De Transformação,23,23303,II,indústria (regra por seção),,,nao,divisão/classe recusada (mapeado das 17 categorias do suporte)
2330399,"FABRICAÇÃO DE OUTROS ARTEFATOS E PRODUTOS DE CONCRETO, CIMENTO, FIBROCIMENTO, GESSO E MATERIAIS SEMELHANTES",C,Indústrias De Transformação,23,23303,II,indústria (regra por seção),,,nao,divisão/classe recusada (mapeado das 17 categorias do suporte)
2341900,FABRICAÇÃO DE PRODUTOS CERÂMICOS REFRATÁRIOS,C,Indústrias De Transformação,23,23419,II,indústria (regra por seção),,,nao,divisão/classe recusada (mapeado das 17 categorias do suporte)
2342702,"FABRICAÇÃO DE ARTEFATOS DE CERÂMICA E BARRO COZIDO PARA USO NA CONSTRUÇÃO, EXCETO AZULEJOS E PISOS",C,Indústrias De Transformação,23,23427,II,indústria (regra por seção),,,nao,divisão/classe recusada (mapeado das 17 categorias do suporte)
2349401,FABRICAÇÃO DE MATERIAL SANITÁRIO DE CERÂMICA,C,Indústrias De Transformação,23,23494,II,indústria (regra por seção),,,nao,divisão/classe recusada (mapeado das 17 categorias do suporte)
2349499,FABRICAÇÃO DE PRODUTOS CERÂMICOS NÃO REFRATÁRIOS NÃO ESPECIFICADOS ANTERIORMENTE,C,Indústrias De Transformação,23,23494,II,indústria (regra por seção),,,nao,divisão/classe recusada (mapeado das 17 categorias do suporte)
3314706,"MANUTENÇÃO E REPARAÇÃO DE MÁQUINAS, APARELHOS E EQUIPAMENTOS PARA INSTALAÇÕES TÉRMICAS",C,Indústrias De Transformação,33,33147,II,indústria (regra por seção),,,nao,divisão/classe recusada (mapeado das 17 categorias do suporte)
2392300,FABRICAÇÃO DE CAL E GESSO,C,Indústrias De Transformação,23,23923,II,indústria (regra por seção),,,nao,divisão/classe recusada (mapeado das 17 categorias do suporte)
2399101,"DECORAÇÃO, LAPIDAÇÃO, GRAVAÇÃO, VITRIFICAÇÃO E OUTROS TRABALHOS EM CERÂMICA, LOUÇA, VIDRO E CRISTAL",C,Indústrias De Transformação,23,23991,II,indústria (regra por seção),,,nao,divisão/classe recusada (mapeado das 17 categorias do suporte)
2399102,FABRICAÇÃO DE ABRASIVOS,C,Indústrias De Transformação,23,23991,II,indústria (regra por seção),,,nao,divisão/classe recusada (mapeado das 17 categorias do suporte)
2443100,METALURGIA DO COBRE,C,Indústrias De Transformação,24,24431,II,indústria (regra por seção),,,nao,divisão/classe recusada (mapeado das 17 categorias do suporte)
2599301,SERVIÇOS DE CONFECÇÃO DE ARMAÇÕES METÁLICAS PARA A CONSTRUÇÃO,C,Indústrias De Transformação,25,25993,II,indústria (regra por seção),,,nao,divisão/classe recusada (mapeado das 17 categorias do suporte)
2399199,FABRICAÇÃO DE OUTROS PRODUTOS DE MINERAIS NÃO METÁLICOS NÃO ESPECIFICADOS ANTERIORMENTE,C,Indústrias De Transformação,23,23991,II,indústria (regra por seção),,,nao,divisão/classe recusada (mapeado das 17 categorias do suporte)
2411300,PRODUÇÃO DE FERRO GUSA,C,Indústrias De Transformação,24,24113,II,indústria (regra por seção),,,nao,divisão/classe recusada (mapeado das 17 categorias do suporte)
2412100,PRODUÇÃO DE FERROLIGAS,C,Indústrias De Transformação,24,24121,II,indústria (regra por seção),,,nao,divisão/classe recusada (mapeado das 17 categorias do suporte)
2422901,"PRODUÇÃO DE LAMINADOS PLANOS DE AÇO AO CARBONO, REVESTIDOS OU NÃO",C,Indústrias De Transformação,24,24229,II,indústria (regra por seção),,,nao,divisão/classe recusada (mapeado das 17 categorias do suporte)
2422902,PRODUÇÃO DE LAMINADOS PLANOS DE AÇOS ESPECIAIS,C,Indústrias De Transformação,24,24229,II,indústria (regra por seção),,,nao,divisão/classe recusada (mapeado das 17 categorias do suporte)
9603303,SERVIÇOS DE SEPULTAMENTO,S,Outras Atividades De Serviços,96,96033,III/IV/V*,serviço — anexo exato depende da atividade + Fator R (determinar na camada fiscal),,,atende,presumido (serviço/comércio leve no Simples; validar)
2423701,PRODUÇÃO DE TUBOS DE AÇO SEM COSTURA,C,Indústrias De Transformação,24,24237,II,indústria (regra por seção),,,nao,divisão/classe recusada (mapeado das 17 categorias do suporte)
2423702,"PRODUÇÃO DE LAMINADOS LONGOS DE AÇO, EXCETO TUBOS",C,Indústrias De Transformação,24,24237,II,indústria (regra por seção),,,nao,divisão/classe recusada (mapeado das 17 categorias do suporte)
2424501,PRODUÇÃO DE ARAMES DE AÇO,C,Indústrias De Transformação,24,24245,II,indústria (regra por seção),,,nao,divisão/classe recusada (mapeado das 17 categorias do suporte)
2431800,PRODUÇÃO DE TUBOS DE AÇO COM COSTURA,C,Indústrias De Transformação,24,24318,II,indústria (regra por seção),,,nao,divisão/classe recusada (mapeado das 17 categorias do suporte)
2439300,PRODUÇÃO DE OUTROS TUBOS DE FERRO E AÇO,C,Indústrias De Transformação,24,24393,II,indústria (regra por seção),,,nao,divisão/classe recusada (mapeado das 17 categorias do suporte)
2441501,PRODUÇÃO DE ALUMÍNIO E SUAS LIGAS EM FORMAS PRIMÁRIAS,C,Indústrias De Transformação,24,24415,II,indústria (regra por seção),,,nao,divisão/classe recusada (mapeado das 17 categorias do suporte)
2441502,PRODUÇÃO DE LAMINADOS DE ALUMÍNIO,C,Indústrias De Transformação,24,24415,II,indústria (regra por seção),,,nao,divisão/classe recusada (mapeado das 17 categorias do suporte)
2449102,PRODUÇÃO DE LAMINADOS DE ZINCO,C,Indústrias De Transformação,24,24491,II,indústria (regra por seção),,,nao,divisão/classe recusada (mapeado das 17 categorias do suporte)
2449103,FABRICAÇÃO DE ÂNODOS PARA GALVANOPLASTIA,C,Indústrias De Transformação,24,24491,II,indústria (regra por seção),,,nao,divisão/classe recusada (mapeado das 17 categorias do suporte)
2449199,METALURGIA DE OUTROS METAIS NÃO FERROSOS E SUAS LIGAS NÃO ESPECIFICADOS ANTERIORMENTE,C,Indústrias De Transformação,24,24491,II,indústria (regra por seção),,,nao,divisão/classe recusada (mapeado das 17 categorias do suporte)
2451200,FUNDIÇÃO DE FERRO E AÇO,C,Indústrias De Transformação,24,24512,II,indústria (regra por seção),,,nao,divisão/classe recusada (mapeado das 17 categorias do suporte)
2452100,FUNDIÇÃO DE METAIS NÃO FERROSOS E SUAS LIGAS,C,Indústrias De Transformação,24,24521,II,indústria (regra por seção),,,nao,divisão/classe recusada (mapeado das 17 categorias do suporte)
2511000,FABRICAÇÃO DE ESTRUTURAS METÁLICAS,C,Indústrias De Transformação,25,25110,II,indústria (regra por seção),,,nao,divisão/classe recusada (mapeado das 17 categorias do suporte)
2512800,FABRICAÇÃO DE ESQUADRIAS DE METAL,C,Indústrias De Transformação,25,25128,II,indústria (regra por seção),,,nao,divisão/classe recusada (mapeado das 17 categorias do suporte)
2542000,"FABRICAÇÃO DE ARTIGOS DE SERRALHERIA, EXCETO ESQUADRIAS",C,Indústrias De Transformação,25,25420,II,indústria (regra por seção),,,nao,divisão/classe recusada (mapeado das 17 categorias do suporte)
4679699,COMÉRCIO ATACADISTA DE MATERIAIS DE CONSTRUÇÃO EM GERAL,G,Comércio; Reparação De Veículos Automotores E Motocicletas,46,46796,I,comércio (regra por seção),,,atende,presumido (serviço/comércio leve no Simples; validar)
2513600,FABRICAÇÃO DE OBRAS DE CALDEIRARIA PESADA,C,Indústrias De Transformação,25,25136,II,indústria (regra por seção),,,nao,divisão/classe recusada (mapeado das 17 categorias do suporte)
2550101,"FABRICAÇÃO DE EQUIPAMENTO BÉLICO PESADO, EXCETO VEÍCULOS MILITARES DE COMBATE",C,Indústrias De Transformação,25,25501,II,indústria (regra por seção),,,nao,divisão/classe recusada (mapeado das 17 categorias do suporte)
2521700,"FABRICAÇÃO DE TANQUES, RESERVATÓRIOS METÁLICOS E CALDEIRAS PARA AQUECIMENTO CENTRAL",C,Indústrias De Transformação,25,25217,II,indústria (regra por seção),,,nao,divisão/classe recusada (mapeado das 17 categorias do suporte)
2522500,"FABRICAÇÃO DE CALDEIRAS GERADORAS DE VAPOR, EXCETO PARA AQUECIMENTO CENTRAL E PARA VEÍCULOS",C,Indústrias De Transformação,25,25225,II,indústria (regra por seção),,,nao,divisão/classe recusada (mapeado das 17 categorias do suporte)
2531401,PRODUÇÃO DE FORJADOS DE AÇO,C,Indústrias De Transformação,25,25314,II,indústria (regra por seção),,,nao,divisão/classe recusada (mapeado das 17 categorias do suporte)
2531402,PRODUÇÃO DE FORJADOS DE METAIS NÃO FERROSOS E SUAS LIGAS,C,Indústrias De Transformação,25,25314,II,indústria (regra por seção),,,nao,divisão/classe recusada (mapeado das 17 categorias do suporte)
2599302,SERVIÇO DE CORTE E DOBRA DE METAIS,C,Indústrias De Transformação,25,25993,II,indústria (regra por seção),,,nao,divisão/classe recusada (mapeado das 17 categorias do suporte)
2532201,PRODUÇÃO DE ARTEFATOS ESTAMPADOS DE METAL,C,Indústrias De Transformação,25,25322,II,indústria (regra por seção),,,nao,divisão/classe recusada (mapeado das 17 categorias do suporte)
2532202,METALURGIA DO PÓ,C,Indústrias De Transformação,25,25322,II,indústria (regra por seção),,,nao,divisão/classe recusada (mapeado das 17 categorias do suporte)
2539001,"SERVIÇOS DE USINAGEM, TORNEARIA E SOLDA",C,Indústrias De Transformação,25,25390,II,indústria (regra por seção),,,nao,divisão/classe recusada (mapeado das 17 categorias do suporte)
2539002,SERVIÇOS DE TRATAMENTO E REVESTIMENTO EM METAIS,C,Indústrias De Transformação,25,25390,II,indústria (regra por seção),,,nao,divisão/classe recusada (mapeado das 17 categorias do suporte)
2541100,FABRICAÇÃO DE ARTIGOS DE CUTELARIA,C,Indústrias De Transformação,25,25411,II,indústria (regra por seção),,,nao,divisão/classe recusada (mapeado das 17 categorias do suporte)
2543800,FABRICAÇÃO DE FERRAMENTAS,C,Indústrias De Transformação,25,25438,II,indústria (regra por seção),,,nao,divisão/classe recusada (mapeado das 17 categorias do suporte)
2550102,"FABRICAÇÃO DE ARMAS DE FOGO, OUTRAS ARMAS  E MUNIÇÕES",C,Indústrias De Transformação,25,25501,II,indústria (regra por seção),,,nao,divisão/classe recusada (mapeado das 17 categorias do suporte)
2591800,FABRICAÇÃO DE EMBALAGENS METÁLICAS,C,Indústrias De Transformação,25,25918,II,indústria (regra por seção),,,nao,divisão/classe recusada (mapeado das 17 categorias do suporte)
2592601,FABRICAÇÃO DE PRODUTOS DE TREFILADOS DE METAL PADRONIZADOS,C,Indústrias De Transformação,25,25926,II,indústria (regra por seção),,,nao,divisão/classe recusada (mapeado das 17 categorias do suporte)
2592602,"FABRICAÇÃO DE PRODUTOS DE TREFILADOS DE METAL, EXCETO PADRONIZADOS",C,Indústrias De Transformação,25,25926,II,indústria (regra por seção),,,nao,divisão/classe recusada (mapeado das 17 categorias do suporte)
2593400,FABRICAÇÃO DE ARTIGOS DE METAL PARA USO DOMÉSTICO E PESSOAL,C,Indústrias De Transformação,25,25934,II,indústria (regra por seção),,,nao,divisão/classe recusada (mapeado das 17 categorias do suporte)
2599399,FABRICAÇÃO DE OUTROS PRODUTOS DE METAL NÃO ESPECIFICADOS ANTERIORMENTE,C,Indústrias De Transformação,25,25993,II,indústria (regra por seção),,,nao,divisão/classe recusada (mapeado das 17 categorias do suporte)
2610800,FABRICAÇÃO DE COMPONENTES ELETRÔNICOS,C,Indústrias De Transformação,26,26108,II,indústria (regra por seção),,,nao,divisão/classe recusada (mapeado das 17 categorias do suporte)
2621300,FABRICAÇÃO DE EQUIPAMENTOS DE INFORMÁTICA,C,Indústrias De Transformação,26,26213,II,indústria (regra por seção),,,nao,divisão/classe recusada (mapeado das 17 categorias do suporte)
2670102,"FABRICAÇÃO DE APARELHOS FOTOGRÁFICOS E CINEMATOGRÁFICOS, PEÇAS E ACESSÓRIOS",C,Indústrias De Transformação,26,26701,II,indústria (regra por seção),,,nao,divisão/classe recusada (mapeado das 17 categorias do suporte)
2622100,FABRICAÇÃO DE PERIFÉRICOS PARA EQUIPAMENTOS DE INFORMÁTICA,C,Indústrias De Transformação,26,26221,II,indústria (regra por seção),,,nao,divisão/classe recusada (mapeado das 17 categorias do suporte)
2722802,RECONDICIONAMENTO DE BATERIAS E ACUMULADORES PARA VEÍCULOS AUTOMOTORES,C,Indústrias De Transformação,27,27228,II,indústria (regra por seção),,,nao,divisão/classe recusada (mapeado das 17 categorias do suporte)
3250704,"FABRICAÇÃO DE APARELHOS E UTENSÍLIOS PARA CORREÇÃO DE DEFEITOS FÍSICOS E APARELHOS ORTOPÉDICOS EM GERAL, EXCETO SOB ENCOMENDA",C,Indústrias De Transformação,32,32507,II,indústria (regra por seção),,,nao,divisão/classe recusada (mapeado das 17 categorias do suporte)
2631100,"FABRICAÇÃO DE EQUIPAMENTOS TRANSMISSORES DE COMUNICAÇÃO, PEÇAS E ACESSÓRIOS",C,Indústrias De Transformação,26,26311,II,indústria (regra por seção),,,nao,divisão/classe recusada (mapeado das 17 categorias do suporte)
2632900,"FABRICAÇÃO DE APARELHOS TELEFÔNICOS E DE OUTROS EQUIPAMENTOS DE COMUNICAÇÃO, PEÇAS E ACESSÓRIOS",C,Indústrias De Transformação,26,26329,II,indústria (regra por seção),,,nao,divisão/classe recusada (mapeado das 17 categorias do suporte)
2680900,"FABRICAÇÃO DE MÍDIAS VIRGENS, MAGNÉTICAS E ÓPTICAS",C,Indústrias De Transformação,26,26809,II,indústria (regra por seção),,,nao,divisão/classe recusada (mapeado das 17 categorias do suporte)
3299005,FABRICAÇÃO DE AVIAMENTOS PARA COSTURA,C,Indústrias De Transformação,32,32990,II,indústria (regra por seção),,,nao,divisão/classe recusada (mapeado das 17 categorias do suporte)
2640000,"FABRICAÇÃO DE APARELHOS DE RECEPÇÃO, REPRODUÇÃO, GRAVAÇÃO E AMPLIFICAÇÃO DE ÁUDIO E VÍDEO",C,Indústrias De Transformação,26,26400,II,indústria (regra por seção),,,nao,divisão/classe recusada (mapeado das 17 categorias do suporte)
2710401,"FABRICAÇÃO DE GERADORES DE CORRENTE CONTÍNUA E ALTERNADA, PEÇAS E ACESSÓRIOS",C,Indústrias De Transformação,27,27104,II,indústria (regra por seção),,,nao,divisão/classe recusada (mapeado das 17 categorias do suporte)
2815101,FABRICAÇÃO DE ROLAMENTOS PARA FINS INDUSTRIAIS,C,Indústrias De Transformação,28,28151,II,indústria (regra por seção),,,nao,divisão/classe recusada (mapeado das 17 categorias do suporte)
2651500,"FABRICAÇÃO DE APARELHOS E EQUIPAMENTOS DE MEDIDA, TESTE E CONTROLE",C,Indústrias De Transformação,26,26515,II,indústria (regra por seção),,,nao,divisão/classe recusada (mapeado das 17 categorias do suporte)
2652300,FABRICAÇÃO DE CRONÔMETROS E RELÓGIOS,C,Indústrias De Transformação,26,26523,II,indústria (regra por seção),,,nao,divisão/classe recusada (mapeado das 17 categorias do suporte)
2731700,FABRICAÇÃO DE APARELHOS E EQUIPAMENTOS PARA DISTRIBUIÇÃO E CONTROLE DE ENERGIA ELÉTRICA,C,Indústrias De Transformação,27,27317,II,indústria (regra por seção),,,nao,divisão/classe recusada (mapeado das 17 categorias do suporte)
3314703,MANUTENÇÃO E REPARAÇÃO DE VÁLVULAS INDUSTRIAIS,C,Indústrias De Transformação,33,33147,II,indústria (regra por seção),,,nao,divisão/classe recusada (mapeado das 17 categorias do suporte)
2660400,FABRICAÇÃO DE APARELHOS ELETROMÉDICOS E ELETROTERAPÊUTICOS E EQUIPAMENTOS DE IRRADIAÇÃO,C,Indústrias De Transformação,26,26604,II,indústria (regra por seção),,,nao,divisão/classe recusada (mapeado das 17 categorias do suporte)
2670101,"FABRICAÇÃO DE EQUIPAMENTOS E INSTRUMENTOS ÓPTICOS, PEÇAS E ACESSÓRIOS",C,Indústrias De Transformação,26,26701,II,indústria (regra por seção),,,nao,divisão/classe recusada (mapeado das 17 categorias do suporte)
2814301,"FABRICAÇÃO DE COMPRESSORES PARA USO INDUSTRIAL, PEÇAS E ACESSÓRIOS",C,Indústrias De Transformação,28,28143,II,indústria (regra por seção),,,nao,divisão/classe recusada (mapeado das 17 categorias do suporte)
2710402,"FABRICAÇÃO DE TRANSFORMADORES, INDUTORES, CONVERSORES, SINCRONIZADORES E SEMELHANTES, PEÇAS E ACESSÓRIOS",C,Indústrias De Transformação,27,27104,II,indústria (regra por seção),,,nao,divisão/classe recusada (mapeado das 17 categorias do suporte)
2710403,"FABRICAÇÃO DE MOTORES ELÉTRICOS, PEÇAS E ACESSÓRIOS",C,Indústrias De Transformação,27,27104,II,indústria (regra por seção),,,nao,divisão/classe recusada (mapeado das 17 categorias do suporte)
2721000,"FABRICAÇÃO DE PILHAS, BATERIAS E ACUMULADORES ELÉTRICOS, EXCETO PARA VEÍCULOS AUTOMOTORES",C,Indústrias De Transformação,27,27210,II,indústria (regra por seção),,,nao,divisão/classe recusada (mapeado das 17 categorias do suporte)
2722801,FABRICAÇÃO DE BATERIAS E ACUMULADORES PARA VEÍCULOS AUTOMOTORES,C,Indústrias De Transformação,27,27228,II,indústria (regra por seção),,,nao,divisão/classe recusada (mapeado das 17 categorias do suporte)
2732500,FABRICAÇÃO DE MATERIAL ELÉTRICO PARA INSTALAÇÕES EM CIRCUITO DE CONSUMO,C,Indústrias De Transformação,27,27325,II,indústria (regra por seção),,,nao,divisão/classe recusada (mapeado das 17 categorias do suporte)
2733300,"FABRICAÇÃO DE FIOS, CABOS E CONDUTORES ELÉTRICOS ISOLADOS",C,Indústrias De Transformação,27,27333,II,indústria (regra por seção),,,nao,divisão/classe recusada (mapeado das 17 categorias do suporte)
2740601,FABRICAÇÃO DE LÂMPADAS,C,Indústrias De Transformação,27,27406,II,indústria (regra por seção),,,nao,divisão/classe recusada (mapeado das 17 categorias do suporte)
2740602,FABRICAÇÃO DE LUMINÁRIAS E OUTROS EQUIPAMENTOS DE ILUMINAÇÃO,C,Indústrias De Transformação,27,27406,II,indústria (regra por seção),,,nao,divisão/classe recusada (mapeado das 17 categorias do suporte)
3299006,"FABRICAÇÃO DE VELAS, INCLUSIVE DECORATIVAS",C,Indústrias De Transformação,32,32990,II,indústria (regra por seção),,,nao,divisão/classe recusada (mapeado das 17 categorias do suporte)
2751100,"FABRICAÇÃO DE FOGÕES, REFRIGERADORES E MÁQUINAS DE LAVAR E SECAR PARA USO DOMÉSTICO, PEÇAS E ACESSÓRIOS",C,Indústrias De Transformação,27,27511,II,indústria (regra por seção),,,nao,divisão/classe recusada (mapeado das 17 categorias do suporte)
2759701,"FABRICAÇÃO DE APARELHOS ELÉTRICOS DE USO PESSOAL, PEÇAS E ACESSÓRIOS",C,Indústrias De Transformação,27,27597,II,indústria (regra por seção),,,nao,divisão/classe recusada (mapeado das 17 categorias do suporte)
2814302,"FABRICAÇÃO DE COMPRESSORES PARA USO NÃO INDUSTRIAL, PEÇAS E ACESSÓRIOS",C,Indústrias De Transformação,28,28143,II,indústria (regra por seção),,,nao,divisão/classe recusada (mapeado das 17 categorias do suporte)
2759799,"FABRICAÇÃO DE OUTROS APARELHOS ELETRODOMÉSTICOS NÃO ESPECIFICADOS ANTERIORMENTE, PEÇAS E ACESSÓRIOS",C,Indústrias De Transformação,27,27597,II,indústria (regra por seção),,,nao,divisão/classe recusada (mapeado das 17 categorias do suporte)
2790201,"FABRICAÇÃO DE ELETRODOS, CONTATOS E OUTROS ARTIGOS DE CARVÃO E GRAFITA PARA USO ELÉTRICO, ELETROÍMÃS E ISOLADORES",C,Indústrias De Transformação,27,27902,II,indústria (regra por seção),,,nao,divisão/classe recusada (mapeado das 17 categorias do suporte)
2790202,FABRICAÇÃO DE EQUIPAMENTOS PARA SINALIZAÇÃO E ALARME,C,Indústrias De Transformação,27,27902,II,indústria (regra por seção),,,nao,divisão/classe recusada (mapeado das 17 categorias do suporte)
2790299,FABRICAÇÃO DE OUTROS EQUIPAMENTOS E APARELHOS ELÉTRICOS NÃO ESPECIFICADOS ANTERIORMENTE,C,Indústrias De Transformação,27,27902,II,indústria (regra por seção),,,nao,divisão/classe recusada (mapeado das 17 categorias do suporte)
2811900,"FABRICAÇÃO DE MOTORES E TURBINAS, PEÇAS E ACESSÓRIOS, EXCETO PARA AVIÕES E VEÍCULOS RODOVIÁRIOS",C,Indústrias De Transformação,28,28119,II,indústria (regra por seção),,,nao,divisão/classe recusada (mapeado das 17 categorias do suporte)
2812700,"FABRICAÇÃO DE EQUIPAMENTOS HIDRÁULICOS E PNEUMÁTICOS, PEÇAS E ACESSÓRIOS, EXCETO VÁLVULAS",C,Indústrias De Transformação,28,28127,II,indústria (regra por seção),,,nao,divisão/classe recusada (mapeado das 17 categorias do suporte)
2832100,"FABRICAÇÃO DE EQUIPAMENTOS PARA IRRIGAÇÃO AGRÍCOLA, PEÇAS E ACESSÓRIOS",C,Indústrias De Transformação,28,28321,II,indústria (regra por seção),,,nao,divisão/classe recusada (mapeado das 17 categorias do suporte)
2813500,"FABRICAÇÃO DE VÁLVULAS, REGISTROS E DISPOSITIVOS SEMELHANTES, PEÇAS E ACESSÓRIOS",C,Indústrias De Transformação,28,28135,II,indústria (regra por seção),,,nao,divisão/classe recusada (mapeado das 17 categorias do suporte)
2815102,"FABRICAÇÃO DE EQUIPAMENTOS DE TRANSMISSÃO PARA FINS INDUSTRIAIS, EXCETO ROLAMENTOS",C,Indústrias De Transformação,28,28151,II,indústria (regra por seção),,,nao,divisão/classe recusada (mapeado das 17 categorias do suporte)
2824102,FABRICAÇÃO DE APARELHOS E EQUIPAMENTOS DE AR CONDICIONADO PARA USO NÃO INDUSTRIAL,C,Indústrias De Transformação,28,28241,II,indústria (regra por seção),,,nao,divisão/classe recusada (mapeado das 17 categorias do suporte)
3102100,FABRICAÇÃO DE MÓVEIS COM PREDOMINÂNCIA DE METAL,C,Indústrias De Transformação,31,31021,II,indústria (regra por seção),,,nao,divisão/classe recusada (mapeado das 17 categorias do suporte)
2821601,"FABRICAÇÃO DE FORNOS INDUSTRIAIS, APARELHOS E EQUIPAMENTOS NÃO ELÉTRICOS PARA INSTALAÇÕES TÉRMICAS, PEÇAS E ACESSÓRIOS",C,Indústrias De Transformação,28,28216,II,indústria (regra por seção),,,nao,divisão/classe recusada (mapeado das 17 categorias do suporte)
2821602,"FABRICAÇÃO DE ESTUFAS E FORNOS ELÉTRICOS PARA FINS INDUSTRIAIS, PEÇAS E ACESSÓRIOS",C,Indústrias De Transformação,28,28216,II,indústria (regra por seção),,,nao,divisão/classe recusada (mapeado das 17 categorias do suporte)
2822401,"FABRICAÇÃO DE MÁQUINAS, EQUIPAMENTOS E APARELHOS PARA TRANSPORTE E ELEVAÇÃO DE PESSOAS, PEÇAS E ACESSÓRIOS",C,Indústrias De Transformação,28,28224,II,indústria (regra por seção),,,nao,divisão/classe recusada (mapeado das 17 categorias do suporte)
2941700,FABRICAÇÃO DE PEÇAS E ACESSÓRIOS PARA O SISTEMA MOTOR DE VEÍCULOS AUTOMOTORES,C,Indústrias De Transformação,29,29417,II,indústria (regra por seção),,,nao,divisão/classe recusada (mapeado das 17 categorias do suporte)
2942500,FABRICAÇÃO DE PEÇAS E ACESSÓRIOS PARA OS SISTEMAS DE MARCHA E TRANSMISSÃO DE VEÍCULOS AUTOMOTORES,C,Indústrias De Transformação,29,29425,II,indústria (regra por seção),,,nao,divisão/classe recusada (mapeado das 17 categorias do suporte)
2822402,"FABRICAÇÃO DE MÁQUINAS, EQUIPAMENTOS E APARELHOS PARA TRANSPORTE E ELEVAÇÃO DE CARGAS, PEÇAS E ACESSÓRIOS",C,Indústrias De Transformação,28,28224,II,indústria (regra por seção),,,nao,divisão/classe recusada (mapeado das 17 categorias do suporte)
3317102,MANUTENÇÃO E REPARAÇÃO DE EMBARCAÇÕES PARA ESPORTE E LAZER,C,Indústrias De Transformação,33,33171,II,indústria (regra por seção),,,nao,divisão/classe recusada (mapeado das 17 categorias do suporte)
4732600,COMÉRCIO VAREJISTA DE LUBRIFICANTES,G,Comércio; Reparação De Veículos Automotores E Motocicletas,47,47326,I,comércio (regra por seção),,,atende,presumido (serviço/comércio leve no Simples; validar)
2823200,"FABRICAÇÃO DE MÁQUINAS E APARELHOS DE REFRIGERAÇÃO E VENTILAÇÃO PARA USO INDUSTRIAL E COMERCIAL, PEÇAS E ACESSÓRIOS",C,Indústrias De Transformação,28,28232,II,indústria (regra por seção),,,nao,divisão/classe recusada (mapeado das 17 categorias do suporte)
2824101,FABRICAÇÃO DE APARELHOS E EQUIPAMENTOS DE AR CONDICIONADO PARA USO INDUSTRIAL,C,Indústrias De Transformação,28,28241,II,indústria (regra por seção),,,nao,divisão/classe recusada (mapeado das 17 categorias do suporte)
2950600,RECONDICIONAMENTO E RECUPERAÇÃO DE MOTORES PARA VEÍCULOS AUTOMOTORES,C,Indústrias De Transformação,29,29506,II,indústria (regra por seção),,,nao,divisão/classe recusada (mapeado das 17 categorias do suporte)
2825900,"FABRICAÇÃO DE MÁQUINAS E EQUIPAMENTOS PARA SANEAMENTO BÁSICO E AMBIENTAL, PEÇAS E ACESSÓRIOS",C,Indústrias De Transformação,28,28259,II,indústria (regra por seção),,,nao,divisão/classe recusada (mapeado das 17 categorias do suporte)
2829101,"FABRICAÇÃO DE MÁQUINAS DE ESCREVER, CALCULAR E OUTROS EQUIPAMENTOS NÃO ELETRÔNICOS PARA ESCRITÓRIO, PEÇAS E ACESSÓRIOS",C,Indústrias De Transformação,28,28291,II,indústria (regra por seção),,,nao,divisão/classe recusada (mapeado das 17 categorias do suporte)
2829199,"FABRICAÇÃO DE OUTRAS MÁQUINAS E EQUIPAMENTOS DE USO GERAL NÃO ESPECIFICADOS ANTERIORMENTE, PEÇAS E ACESSÓRIOS",C,Indústrias De Transformação,28,28291,II,indústria (regra por seção),,,nao,divisão/classe recusada (mapeado das 17 categorias do suporte)
2831300,"FABRICAÇÃO DE TRATORES AGRÍCOLAS, PEÇAS E ACESSÓRIOS",C,Indústrias De Transformação,28,28313,II,indústria (regra por seção),,,nao,divisão/classe recusada (mapeado das 17 categorias do suporte)
2943300,FABRICAÇÃO DE PEÇAS E ACESSÓRIOS PARA O SISTEMA DE FREIOS DE VEÍCULOS AUTOMOTORES,C,Indústrias De Transformação,29,29433,II,indústria (regra por seção),,,nao,divisão/classe recusada (mapeado das 17 categorias do suporte)
2854200,"FABRICAÇÃO DE MÁQUINAS E EQUIPAMENTOS PARA TERRAPLENAGEM, PAVIMENTAÇÃO E CONSTRUÇÃO, PEÇAS E ACESSÓRIOS, EXCETO TRATORES",C,Indústrias De Transformação,28,28542,II,indústria (regra por seção),,,nao,divisão/classe recusada (mapeado das 17 categorias do suporte)
4724500,COMÉRCIO VAREJISTA DE HORTIFRUTIGRANJEIROS,G,Comércio; Reparação De Veículos Automotores E Motocicletas,47,47245,I,comércio (regra por seção),,,atende,presumido (serviço/comércio leve no Simples; validar)
2833000,"FABRICAÇÃO DE MÁQUINAS E EQUIPAMENTOS PARA A AGRICULTURA E PECUÁRIA, PEÇAS E ACESSÓRIOS, EXCETO PARA IRRIGAÇÃO",C,Indústrias De Transformação,28,28330,II,indústria (regra por seção),,,nao,divisão/classe recusada (mapeado das 17 categorias do suporte)
2840200,"FABRICAÇÃO DE MÁQUINAS FERRAMENTA, PEÇAS E ACESSÓRIOS",C,Indústrias De Transformação,28,28402,II,indústria (regra por seção),,,nao,divisão/classe recusada (mapeado das 17 categorias do suporte)
3250702,"FABRICAÇÃO DE MOBILIÁRIO PARA USO MÉDICO, CIRÚRGICO, ODONTOLÓGICO E DE LABORATÓRIO",C,Indústrias De Transformação,32,32507,II,indústria (regra por seção),,,nao,divisão/classe recusada (mapeado das 17 categorias do suporte)
2851800,"FABRICAÇÃO DE MÁQUINAS E EQUIPAMENTOS PARA A PROSPECÇÃO E EXTRAÇÃO DE PETRÓLEO, PEÇAS E ACESSÓRIOS",C,Indústrias De Transformação,28,28518,II,indústria (regra por seção),,,nao,divisão/classe recusada (mapeado das 17 categorias do suporte)
2852600,"FABRICAÇÃO DE OUTRAS MÁQUINAS E EQUIPAMENTOS PARA USO NA EXTRAÇÃO MINERAL, PEÇAS E ACESSÓRIOS, EXCETO NA EXTRAÇÃO DE PETRÓLEO",C,Indústrias De Transformação,28,28526,II,indústria (regra por seção),,,nao,divisão/classe recusada (mapeado das 17 categorias do suporte)
2853400,"FABRICAÇÃO DE TRATORES, PEÇAS E ACESSÓRIOS, EXCETO AGRÍCOLAS",C,Indústrias De Transformação,28,28534,II,indústria (regra por seção),,,nao,divisão/classe recusada (mapeado das 17 categorias do suporte)
2944100,FABRICAÇÃO DE PEÇAS E ACESSÓRIOS PARA O SISTEMA DE DIREÇÃO E SUSPENSÃO DE VEÍCULOS AUTOMOTORES,C,Indústrias De Transformação,29,29441,II,indústria (regra por seção),,,nao,divisão/classe recusada (mapeado das 17 categorias do suporte)
2861500,"FABRICAÇÃO DE MÁQUINAS PARA A INDÚSTRIA METALÚRGICA, PEÇAS E ACESSÓRIOS, EXCETO MÁQUINAS FERRAMENTA",C,Indústrias De Transformação,28,28615,II,indústria (regra por seção),,,nao,divisão/classe recusada (mapeado das 17 categorias do suporte)
3101200,FABRICAÇÃO DE MÓVEIS COM PREDOMINÂNCIA DE MADEIRA,C,Indústrias De Transformação,31,31012,II,indústria (regra por seção),,,nao,divisão/classe recusada (mapeado das 17 categorias do suporte)
3314704,MANUTENÇÃO E REPARAÇÃO DE COMPRESSORES,C,Indústrias De Transformação,33,33147,II,indústria (regra por seção),,,nao,divisão/classe recusada (mapeado das 17 categorias do suporte)
2862300,"FABRICAÇÃO DE MÁQUINAS E EQUIPAMENTOS PARA AS INDÚSTRIAS DE ALIMENTOS, BEBIDAS E FUMO, PEÇAS E ACESSÓRIOS",C,Indústrias De Transformação,28,28623,II,indústria (regra por seção),,,nao,divisão/classe recusada (mapeado das 17 categorias do suporte)
2863100,"FABRICAÇÃO DE MÁQUINAS E EQUIPAMENTOS PARA A INDÚSTRIA TÊXTIL, PEÇAS E ACESSÓRIOS",C,Indústrias De Transformação,28,28631,II,indústria (regra por seção),,,nao,divisão/classe recusada (mapeado das 17 categorias do suporte)
2864000,"FABRICAÇÃO DE MÁQUINAS E EQUIPAMENTOS PARA AS INDÚSTRIAS DO VESTUÁRIO, DO COURO E DE CALÇADOS, PEÇAS E ACESSÓRIOS",C,Indústrias De Transformação,28,28640,II,indústria (regra por seção),,,nao,divisão/classe recusada (mapeado das 17 categorias do suporte)
3042300,"FABRICAÇÃO DE TURBINAS, MOTORES E OUTROS COMPONENTES E PEÇAS PARA AERONAVES",C,Indústrias De Transformação,30,30423,II,indústria (regra por seção),,,nao,divisão/classe recusada (mapeado das 17 categorias do suporte)
3314715,"MANUTENÇÃO E REPARAÇÃO DE MÁQUINAS E EQUIPAMENTOS PARA USO NA EXTRAÇÃO MINERAL, EXCETO NA EXTRAÇÃO DE PETRÓLEO",C,Indústrias De Transformação,33,33147,II,indústria (regra por seção),,,nao,divisão/classe recusada (mapeado das 17 categorias do suporte)
2865800,"FABRICAÇÃO DE MÁQUINAS E EQUIPAMENTOS PARA AS INDÚSTRIAS DE CELULOSE, PAPEL E PAPELÃO E ARTEFATOS, PEÇAS E ACESSÓRIOS",C,Indústrias De Transformação,28,28658,II,indústria (regra por seção),,,nao,divisão/classe recusada (mapeado das 17 categorias do suporte)
2866600,"FABRICAÇÃO DE MÁQUINAS E EQUIPAMENTOS PARA A INDÚSTRIA DO PLÁSTICO, PEÇAS E ACESSÓRIOS",C,Indústrias De Transformação,28,28666,II,indústria (regra por seção),,,nao,divisão/classe recusada (mapeado das 17 categorias do suporte)
3250703,FABRICAÇÃO DE APARELHOS E UTENSÍLIOS PARA CORREÇÃO DE DEFEITOS FÍSICOS E APARELHOS ORTOPÉDICOS EM GERAL SOB ENCOMENDA,C,Indústrias De Transformação,32,32507,II,indústria (regra por seção),,,nao,divisão/classe recusada (mapeado das 17 categorias do suporte)
2869100,"FABRICAÇÃO DE MÁQUINAS E EQUIPAMENTOS PARA USO INDUSTRIAL ESPECÍFICO NÃO ESPECIFICADOS ANTERIORMENTE, PEÇAS E ACESSÓRIOS",C,Indústrias De Transformação,28,28691,II,indústria (regra por seção),,,nao,divisão/classe recusada (mapeado das 17 categorias do suporte)
2910701,"FABRICAÇÃO DE AUTOMÓVEIS, CAMIONETAS E UTILITÁRIOS",C,Indústrias De Transformação,29,29107,II,indústria (regra por seção),,,nao,divisão/classe recusada (mapeado das 17 categorias do suporte)
2910702,"FABRICAÇÃO DE CHASSIS COM MOTOR PARA AUTOMÓVEIS, CAMIONETAS E UTILITÁRIOS",C,Indústrias De Transformação,29,29107,II,indústria (regra por seção),,,nao,divisão/classe recusada (mapeado das 17 categorias do suporte)
2910703,"FABRICAÇÃO DE MOTORES PARA AUTOMÓVEIS, CAMIONETAS E UTILITÁRIOS",C,Indústrias De Transformação,29,29107,II,indústria (regra por seção),,,nao,divisão/classe recusada (mapeado das 17 categorias do suporte)
2920401,FABRICAÇÃO DE CAMINHÕES E ÔNIBUS,C,Indústrias De Transformação,29,29204,II,indústria (regra por seção),,,nao,divisão/classe recusada (mapeado das 17 categorias do suporte)
2920402,FABRICAÇÃO DE MOTORES PARA CAMINHÕES E ÔNIBUS,C,Indústrias De Transformação,29,29204,II,indústria (regra por seção),,,nao,divisão/classe recusada (mapeado das 17 categorias do suporte)
2930101,"FABRICAÇÃO DE CABINES, CARROCERIAS E REBOQUES PARA CAMINHÕES",C,Indústrias De Transformação,29,29301,II,indústria (regra por seção),,,nao,divisão/classe recusada (mapeado das 17 categorias do suporte)
2930102,FABRICAÇÃO DE CARROCERIAS PARA ÔNIBUS,C,Indústrias De Transformação,29,29301,II,indústria (regra por seção),,,nao,divisão/classe recusada (mapeado das 17 categorias do suporte)
2930103,"FABRICAÇÃO DE CABINES, CARROCERIAS E REBOQUES PARA OUTROS VEÍCULOS AUTOMOTORES, EXCETO CAMINHÕES E ÔNIBUS",C,Indústrias De Transformação,29,29301,II,indústria (regra por seção),,,nao,divisão/classe recusada (mapeado das 17 categorias do suporte)
3299001,FABRICAÇÃO DE GUARDA CHUVAS E SIMILARES,C,Indústrias De Transformação,32,32990,II,indústria (regra por seção),,,nao,divisão/classe recusada (mapeado das 17 categorias do suporte)
2945000,"FABRICAÇÃO DE MATERIAL ELÉTRICO E ELETRÔNICO PARA VEÍCULOS AUTOMOTORES, EXCETO BATERIAS",C,Indústrias De Transformação,29,29450,II,indústria (regra por seção),,,nao,divisão/classe recusada (mapeado das 17 categorias do suporte)
2949201,FABRICAÇÃO DE BANCOS E ESTOFADOS PARA VEÍCULOS AUTOMOTORES,C,Indústrias De Transformação,29,29492,II,indústria (regra por seção),,,nao,divisão/classe recusada (mapeado das 17 categorias do suporte)
2949299,FABRICAÇÃO DE OUTRAS PEÇAS E ACESSÓRIOS PARA VEÍCULOS AUTOMOTORES NÃO ESPECIFICADAS ANTERIORMENTE,C,Indústrias De Transformação,29,29492,II,indústria (regra por seção),,,nao,divisão/classe recusada (mapeado das 17 categorias do suporte)
3011301,CONSTRUÇÃO DE EMBARCAÇÕES DE GRANDE PORTE,C,Indústrias De Transformação,30,30113,II,indústria (regra por seção),,,nao,divisão/classe recusada (mapeado das 17 categorias do suporte)
3011302,"CONSTRUÇÃO DE EMBARCAÇÕES PARA USO COMERCIAL E PARA USOS ESPECIAIS, EXCETO DE GRANDE PORTE",C,Indústrias De Transformação,30,30113,II,indústria (regra por seção),,,nao,divisão/classe recusada (mapeado das 17 categorias do suporte)
3012100,CONSTRUÇÃO DE EMBARCAÇÕES PARA ESPORTE E LAZER,C,Indústrias De Transformação,30,30121,II,indústria (regra por seção),,,nao,divisão/classe recusada (mapeado das 17 categorias do suporte)
3031800,"FABRICAÇÃO DE LOCOMOTIVAS, VAGÕES E OUTROS MATERIAIS RODANTES",C,Indústrias De Transformação,30,30318,II,indústria (regra por seção),,,nao,divisão/classe recusada (mapeado das 17 categorias do suporte)
3032600,FABRICAÇÃO DE PEÇAS E ACESSÓRIOS PARA VEÍCULOS FERROVIÁRIOS,C,Indústrias De Transformação,30,30326,II,indústria (regra por seção),,,nao,divisão/classe recusada (mapeado das 17 categorias do suporte)
3314716,"MANUTENÇÃO E REPARAÇÃO DE TRATORES, EXCETO AGRÍCOLAS",C,Indústrias De Transformação,33,33147,II,indústria (regra por seção),,,nao,divisão/classe recusada (mapeado das 17 categorias do suporte)
4729601,TABACARIA,G,Comércio; Reparação De Veículos Automotores E Motocicletas,47,47296,I,comércio (regra por seção),,,atende,presumido (serviço/comércio leve no Simples; validar)
3041500,FABRICAÇÃO DE AERONAVES,C,Indústrias De Transformação,30,30415,II,indústria (regra por seção),,,nao,divisão/classe recusada (mapeado das 17 categorias do suporte)
6622300,"CORRETORES E AGENTES DE SEGUROS, DE PLANOS DE PREVIDÊNCIA COMPLEMENTAR E DE SAÚDE",K,"Atividades Financeiras, De Seguros E Serviços Relacionados",66,66223,III/IV/V*,serviço — anexo exato depende da atividade + Fator R (determinar na camada fiscal),,,nao,divisão/classe recusada (mapeado das 17 categorias do suporte)
3050400,FABRICAÇÃO DE VEÍCULOS MILITARES DE COMBATE,C,Indústrias De Transformação,30,30504,II,indústria (regra por seção),,,nao,divisão/classe recusada (mapeado das 17 categorias do suporte)
3091101,FABRICAÇÃO DE MOTOCICLETAS,C,Indústrias De Transformação,30,30911,II,indústria (regra por seção),,,nao,divisão/classe recusada (mapeado das 17 categorias do suporte)
3091102,FABRICAÇÃO DE PEÇAS E ACESSÓRIOS PARA MOTOCICLETAS,C,Indústrias De Transformação,30,30911,II,indústria (regra por seção),,,nao,divisão/classe recusada (mapeado das 17 categorias do suporte)
3092000,"FABRICAÇÃO DE BICICLETAS E TRICICLOS NÃO MOTORIZADOS, PEÇAS E ACESSÓRIOS",C,Indústrias De Transformação,30,30920,II,indústria (regra por seção),,,nao,divisão/classe recusada (mapeado das 17 categorias do suporte)
3099700,FABRICAÇÃO DE EQUIPAMENTOS DE TRANSPORTE NÃO ESPECIFICADOS ANTERIORMENTE,C,Indústrias De Transformação,30,30997,II,indústria (regra por seção),,,nao,divisão/classe recusada (mapeado das 17 categorias do suporte)
3103900,"FABRICAÇÃO DE MÓVEIS DE OUTROS MATERIAIS, EXCETO MADEIRA E METAL",C,Indústrias De Transformação,31,31039,II,indústria (regra por seção),,,nao,divisão/classe recusada (mapeado das 17 categorias do suporte)
3211601,LAPIDAÇÃO DE GEMAS,C,Indústrias De Transformação,32,32116,II,indústria (regra por seção),,,nao,divisão/classe recusada (mapeado das 17 categorias do suporte)
3211602,FABRICAÇÃO DE ARTEFATOS DE JOALHERIA E OURIVESARIA,C,Indústrias De Transformação,32,32116,II,indústria (regra por seção),,,nao,divisão/classe recusada (mapeado das 17 categorias do suporte)
3211603,CUNHAGEM DE MOEDAS E MEDALHAS,C,Indústrias De Transformação,32,32116,II,indústria (regra por seção),,,nao,divisão/classe recusada (mapeado das 17 categorias do suporte)
3212400,FABRICAÇÃO DE BIJUTERIAS E ARTEFATOS SEMELHANTES,C,Indústrias De Transformação,32,32124,II,indústria (regra por seção),,,nao,divisão/classe recusada (mapeado das 17 categorias do suporte)
3220500,"FABRICAÇÃO DE INSTRUMENTOS MUSICAIS, PEÇAS E ACESSÓRIOS",C,Indústrias De Transformação,32,32205,II,indústria (regra por seção),,,nao,divisão/classe recusada (mapeado das 17 categorias do suporte)
3299002,"FABRICAÇÃO DE CANETAS, LÁPIS E OUTROS ARTIGOS PARA ESCRITÓRIO",C,Indústrias De Transformação,32,32990,II,indústria (regra por seção),,,nao,divisão/classe recusada (mapeado das 17 categorias do suporte)
3299003,"FABRICAÇÃO DE LETRAS, LETREIROS E PLACAS DE QUALQUER MATERIAL, EXCETO LUMINOSOS",C,Indústrias De Transformação,32,32990,II,indústria (regra por seção),,,nao,divisão/classe recusada (mapeado das 17 categorias do suporte)
3530100,"PRODUÇÃO E DISTRIBUIÇÃO DE VAPOR, ÁGUA QUENTE E AR CONDICIONADO",D,Eletricidade E Gás,35,35301,III/IV/V*,serviço — anexo exato depende da atividade + Fator R (determinar na camada fiscal),,,atende,presumido (serviço/comércio leve no Simples; validar)
3230200,FABRICAÇÃO DE ARTEFATOS PARA PESCA E ESPORTE,C,Indústrias De Transformação,32,32302,II,indústria (regra por seção),,,nao,divisão/classe recusada (mapeado das 17 categorias do suporte)
3240001,FABRICAÇÃO DE JOGOS ELETRÔNICOS,C,Indústrias De Transformação,32,32400,II,indústria (regra por seção),,,nao,divisão/classe recusada (mapeado das 17 categorias do suporte)
3240002,"FABRICAÇÃO DE MESAS DE BILHAR, DE SINUCA E ACESSÓRIOS NÃO ASSOCIADA À LOCAÇÃO",C,Indústrias De Transformação,32,32400,II,indústria (regra por seção),,,nao,divisão/classe recusada (mapeado das 17 categorias do suporte)
3240003,"FABRICAÇÃO DE MESAS DE BILHAR, DE SINUCA E ACESSÓRIOS ASSOCIADA À LOCAÇÃO",C,Indústrias De Transformação,32,32400,II,indústria (regra por seção),,,nao,divisão/classe recusada (mapeado das 17 categorias do suporte)
3240099,FABRICAÇÃO DE OUTROS BRINQUEDOS E JOGOS RECREATIVOS NÃO ESPECIFICADOS ANTERIORMENTE,C,Indústrias De Transformação,32,32400,II,indústria (regra por seção),,,nao,divisão/classe recusada (mapeado das 17 categorias do suporte)
3250701,"FABRICAÇÃO DE INSTRUMENTOS NÃO ELETRÔNICOS E UTENSÍLIOS PARA USO MÉDICO, CIRÚRGICO, ODONTOLÓGICO E DE LABORATÓRIO",C,Indústrias De Transformação,32,32507,II,indústria (regra por seção),,,nao,divisão/classe recusada (mapeado das 17 categorias do suporte)
3250705,FABRICAÇÃO DE MATERIAIS PARA MEDICINA E ODONTOLOGIA,C,Indústrias De Transformação,32,32507,II,indústria (regra por seção),,,nao,divisão/classe recusada (mapeado das 17 categorias do suporte)
3250706,SERVIÇOS DE PRÓTESE DENTÁRIA,C,Indústrias De Transformação,32,32507,II,indústria (regra por seção),,,nao,divisão/classe recusada (mapeado das 17 categorias do suporte)
3250707,FABRICAÇÃO DE ARTIGOS ÓPTICOS,C,Indústrias De Transformação,32,32507,II,indústria (regra por seção),,,nao,divisão/classe recusada (mapeado das 17 categorias do suporte)
3250709,SERVIÇO DE LABORATÓRIO ÓPTICO,C,Indústrias De Transformação,32,32507,II,indústria (regra por seção),,,nao,divisão/classe recusada (mapeado das 17 categorias do suporte)
3291400,"FABRICAÇÃO DE ESCOVAS, PINCÉIS E VASSOURAS",C,Indústrias De Transformação,32,32914,II,indústria (regra por seção),,,nao,divisão/classe recusada (mapeado das 17 categorias do suporte)
3292201,FABRICAÇÃO DE ROUPAS DE PROTEÇÃO E SEGURANÇA E RESISTENTES A FOGO,C,Indústrias De Transformação,32,32922,II,indústria (regra por seção),,,nao,divisão/classe recusada (mapeado das 17 categorias do suporte)
3292202,FABRICAÇÃO DE EQUIPAMENTOS E ACESSÓRIOS PARA SEGURANÇA PESSOAL E PROFISSIONAL,C,Indústrias De Transformação,32,32922,II,indústria (regra por seção),,,nao,divisão/classe recusada (mapeado das 17 categorias do suporte)
3299099,FABRICAÇÃO DE PRODUTOS DIVERSOS NÃO ESPECIFICADOS ANTERIORMENTE,C,Indústrias De Transformação,32,32990,II,indústria (regra por seção),,,nao,divisão/classe recusada (mapeado das 17 categorias do suporte)
3311200,"MANUTENÇÃO E REPARAÇÃO DE TANQUES, RESERVATÓRIOS METÁLICOS E CALDEIRAS, EXCETO PARA VEÍCULOS",C,Indústrias De Transformação,33,33112,II,indústria (regra por seção),,,nao,divisão/classe recusada (mapeado das 17 categorias do suporte)
3312102,"MANUTENÇÃO E REPARAÇÃO DE APARELHOS E INSTRUMENTOS DE MEDIDA, TESTE E CONTROLE",C,Indústrias De Transformação,33,33121,II,indústria (regra por seção),,,nao,divisão/classe recusada (mapeado das 17 categorias do suporte)
3312103,MANUTENÇÃO E REPARAÇÃO DE APARELHOS ELETROMÉDICOS E ELETROTERAPÊUTICOS E EQUIPAMENTOS DE IRRADIAÇÃO,C,Indústrias De Transformação,33,33121,II,indústria (regra por seção),,,nao,divisão/classe recusada (mapeado das 17 categorias do suporte)
3312104,MANUTENÇÃO E REPARAÇÃO DE EQUIPAMENTOS E INSTRUMENTOS ÓPTICOS,C,Indústrias De Transformação,33,33121,II,indústria (regra por seção),,,nao,divisão/classe recusada (mapeado das 17 categorias do suporte)
3313901,"MANUTENÇÃO E REPARAÇÃO DE GERADORES, TRANSFORMADORES E MOTORES ELÉTRICOS",C,Indústrias De Transformação,33,33139,II,indústria (regra por seção),,,nao,divisão/classe recusada (mapeado das 17 categorias do suporte)
3313902,"MANUTENÇÃO E REPARAÇÃO DE BATERIAS E ACUMULADORES ELÉTRICOS, EXCETO PARA VEÍCULOS",C,Indústrias De Transformação,33,33139,II,indústria (regra por seção),,,nao,divisão/classe recusada (mapeado das 17 categorias do suporte)
3313999,"MANUTENÇÃO E REPARAÇÃO DE MÁQUINAS, APARELHOS E MATERIAIS ELÉTRICOS NÃO ESPECIFICADOS ANTERIORMENTE",C,Indústrias De Transformação,33,33139,II,indústria (regra por seção),,,nao,divisão/classe recusada (mapeado das 17 categorias do suporte)
3314701,MANUTENÇÃO E REPARAÇÃO DE MÁQUINAS MOTRIZES NÃO ELÉTRICAS,C,Indústrias De Transformação,33,33147,II,indústria (regra por seção),,,nao,divisão/classe recusada (mapeado das 17 categorias do suporte)
3314702,"MANUTENÇÃO E REPARAÇÃO DE EQUIPAMENTOS HIDRÁULICOS E PNEUMÁTICOS, EXCETO VÁLVULAS",C,Indústrias De Transformação,33,33147,II,indústria (regra por seção),,,nao,divisão/classe recusada (mapeado das 17 categorias do suporte)
3314707,MANUTENÇÃO E REPARAÇÃO DE MÁQUINAS E APARELHOS DE REFRIGERAÇÃO E VENTILAÇÃO PARA USO INDUSTRIAL E COMERCIAL,C,Indústrias De Transformação,33,33147,II,indústria (regra por seção),,,nao,divisão/classe recusada (mapeado das 17 categorias do suporte)
3314708,"MANUTENÇÃO E REPARAÇÃO DE MÁQUINAS, EQUIPAMENTOS E APARELHOS PARA TRANSPORTE E ELEVAÇÃO DE CARGAS",C,Indústrias De Transformação,33,33147,II,indústria (regra por seção),,,nao,divisão/classe recusada (mapeado das 17 categorias do suporte)
3314709,"MANUTENÇÃO E REPARAÇÃO DE MÁQUINAS DE ESCREVER, CALCULAR E DE OUTROS EQUIPAMENTOS NÃO ELETRÔNICOS PARA ESCRITÓRIO",C,Indústrias De Transformação,33,33147,II,indústria (regra por seção),,,nao,divisão/classe recusada (mapeado das 17 categorias do suporte)
3314710,MANUTENÇÃO E REPARAÇÃO DE MÁQUINAS E EQUIPAMENTOS PARA USO GERAL NÃO ESPECIFICADOS ANTERIORMENTE,C,Indústrias De Transformação,33,33147,II,indústria (regra por seção),,,nao,divisão/classe recusada (mapeado das 17 categorias do suporte)
3314711,MANUTENÇÃO E REPARAÇÃO DE MÁQUINAS E EQUIPAMENTOS PARA AGRICULTURA E PECUÁRIA,C,Indústrias De Transformação,33,33147,II,indústria (regra por seção),,,nao,divisão/classe recusada (mapeado das 17 categorias do suporte)
3314712,MANUTENÇÃO E REPARAÇÃO DE TRATORES AGRÍCOLAS,C,Indústrias De Transformação,33,33147,II,indústria (regra por seção),,,nao,divisão/classe recusada (mapeado das 17 categorias do suporte)
3314713,MANUTENÇÃO E REPARAÇÃO DE MÁQUINAS FERRAMENTA,C,Indústrias De Transformação,33,33147,II,indústria (regra por seção),,,nao,divisão/classe recusada (mapeado das 17 categorias do suporte)
3314714,MANUTENÇÃO E REPARAÇÃO DE MÁQUINAS E EQUIPAMENTOS PARA A PROSPECÇÃO E EXTRAÇÃO DE PETRÓLEO,C,Indústrias De Transformação,33,33147,II,indústria (regra por seção),,,nao,divisão/classe recusada (mapeado das 17 categorias do suporte)
3314717,"MANUTENÇÃO E REPARAÇÃO DE MÁQUINAS E EQUIPAMENTOS DE TERRAPLENAGEM, PAVIMENTAÇÃO E CONSTRUÇÃO, EXCETO TRATORES",C,Indústrias De Transformação,33,33147,II,indústria (regra por seção),,,nao,divisão/classe recusada (mapeado das 17 categorias do suporte)
3314718,"MANUTENÇÃO E REPARAÇÃO DE MÁQUINAS PARA A INDÚSTRIA METALÚRGICA, EXCETO MÁQUINAS FERRAMENTA",C,Indústrias De Transformação,33,33147,II,indústria (regra por seção),,,nao,divisão/classe recusada (mapeado das 17 categorias do suporte)
3314719,"MANUTENÇÃO E REPARAÇÃO DE MÁQUINAS E EQUIPAMENTOS PARA AS INDÚSTRIAS DE ALIMENTOS, BEBIDAS E FUMO",C,Indústrias De Transformação,33,33147,II,indústria (regra por seção),,,nao,divisão/classe recusada (mapeado das 17 categorias do suporte)
3314720,"MANUTENÇÃO E REPARAÇÃO DE MÁQUINAS E EQUIPAMENTOS PARA A INDÚSTRIA TÊXTIL, DO VESTUÁRIO, DO COURO E CALÇADOS",C,Indústrias De Transformação,33,33147,II,indústria (regra por seção),,,nao,divisão/classe recusada (mapeado das 17 categorias do suporte)
3314721,"MANUTENÇÃO E REPARAÇÃO DE MÁQUINAS E APARELHOS PARA A INDÚSTRIA DE CELULOSE, PAPEL E PAPELÃO E ARTEFATOS",C,Indústrias De Transformação,33,33147,II,indústria (regra por seção),,,nao,divisão/classe recusada (mapeado das 17 categorias do suporte)
3314722,MANUTENÇÃO E REPARAÇÃO DE MÁQUINAS E APARELHOS PARA A INDÚSTRIA DO PLÁSTICO,C,Indústrias De Transformação,33,33147,II,indústria (regra por seção),,,nao,divisão/classe recusada (mapeado das 17 categorias do suporte)
4221905,MANUTENÇÃO DE ESTAÇÕES E REDES DE TELECOMUNICAÇÕES,F,Construção,42,42219,III/IV/V*,serviço — anexo exato depende da atividade + Fator R (determinar na camada fiscal),,,nao,divisão/classe recusada (mapeado das 17 categorias do suporte)
3314799,MANUTENÇÃO E REPARAÇÃO DE OUTRAS MÁQUINAS E EQUIPAMENTOS PARA USOS INDUSTRIAIS NÃO ESPECIFICADOS ANTERIORMENTE,C,Indústrias De Transformação,33,33147,II,indústria (regra por seção),,,nao,divisão/classe recusada (mapeado das 17 categorias do suporte)
3315500,MANUTENÇÃO E REPARAÇÃO DE VEÍCULOS FERROVIÁRIOS,C,Indústrias De Transformação,33,33155,II,indústria (regra por seção),,,nao,divisão/classe recusada (mapeado das 17 categorias do suporte)
3316301,"MANUTENÇÃO E REPARAÇÃO DE AERONAVES, EXCETO A MANUTENÇÃO NA PISTA",C,Indústrias De Transformação,33,33163,II,indústria (regra por seção),,,nao,divisão/classe recusada (mapeado das 17 categorias do suporte)
3316302,MANUTENÇÃO DE AERONAVES NA PISTA,C,Indústrias De Transformação,33,33163,II,indústria (regra por seção),,,nao,divisão/classe recusada (mapeado das 17 categorias do suporte)
3317101,MANUTENÇÃO E REPARAÇÃO DE EMBARCAÇÕES E ESTRUTURAS FLUTUANTES,C,Indústrias De Transformação,33,33171,II,indústria (regra por seção),,,nao,divisão/classe recusada (mapeado das 17 categorias do suporte)
3319800,MANUTENÇÃO E REPARAÇÃO DE EQUIPAMENTOS E PRODUTOS NÃO ESPECIFICADOS ANTERIORMENTE,C,Indústrias De Transformação,33,33198,II,indústria (regra por seção),,,nao,divisão/classe recusada (mapeado das 17 categorias do suporte)
3321000,INSTALAÇÃO DE MÁQUINAS E EQUIPAMENTOS INDUSTRIAIS,C,Indústrias De Transformação,33,33210,II,indústria (regra por seção),,,nao,divisão/classe recusada (mapeado das 17 categorias do suporte)
3329501,SERVIÇOS DE MONTAGEM DE MÓVEIS DE QUALQUER MATERIAL,C,Indústrias De Transformação,33,33295,II,indústria (regra por seção),,,nao,divisão/classe recusada (mapeado das 17 categorias do suporte)
3511501,GERAÇÃO DE ENERGIA ELÉTRICA,D,Eletricidade E Gás,35,35115,III/IV/V*,serviço — anexo exato depende da atividade + Fator R (determinar na camada fiscal),,,atende,presumido (serviço/comércio leve no Simples; validar)
3511502,ATIVIDADES DE COORDENAÇÃO E CONTROLE DA OPERAÇÃO DA GERAÇÃO E TRANSMISSÃO DE ENERGIA ELÉTRICA,D,Eletricidade E Gás,35,35115,III/IV/V*,serviço — anexo exato depende da atividade + Fator R (determinar na camada fiscal),,,atende,presumido (serviço/comércio leve no Simples; validar)
3512300,TRANSMISSÃO DE ENERGIA ELÉTRICA,D,Eletricidade E Gás,35,35123,III/IV/V*,serviço — anexo exato depende da atividade + Fator R (determinar na camada fiscal),,,atende,presumido (serviço/comércio leve no Simples; validar)
3513100,COMÉRCIO ATACADISTA DE ENERGIA ELÉTRICA,D,Eletricidade E Gás,35,35131,III/IV/V*,serviço — anexo exato depende da atividade + Fator R (determinar na camada fiscal),,,atende,presumido (serviço/comércio leve no Simples; validar)
3514000,DISTRIBUIÇÃO DE ENERGIA ELÉTRICA,D,Eletricidade E Gás,35,35140,III/IV/V*,serviço — anexo exato depende da atividade + Fator R (determinar na camada fiscal),,,atende,presumido (serviço/comércio leve no Simples; validar)
4212000,CONSTRUÇÃO DE OBRAS DE ARTE ESPECIAIS,F,Construção,42,42120,III/IV/V*,serviço — anexo exato depende da atividade + Fator R (determinar na camada fiscal),,,nao,divisão/classe recusada (mapeado das 17 categorias do suporte)
3520401,PRODUÇÃO DE GÁS; PROCESSAMENTO DE GÁS NATURAL,D,Eletricidade E Gás,35,35204,III/IV/V*,serviço — anexo exato depende da atividade + Fator R (determinar na camada fiscal),,,atende,presumido (serviço/comércio leve no Simples; validar)
3520402,DISTRIBUIÇÃO DE COMBUSTÍVEIS GASOSOS POR REDES URBANAS,D,Eletricidade E Gás,35,35204,III/IV/V*,serviço — anexo exato depende da atividade + Fator R (determinar na camada fiscal),,,atende,presumido (serviço/comércio leve no Simples; validar)
3701100,GESTÃO DE REDES DE ESGOTO,E,"Água, Esgoto, Atividades De Gestão De Resíduos E Descontaminação",37,37011,III/IV/V*,serviço — anexo exato depende da atividade + Fator R (determinar na camada fiscal),,,atende,presumido (serviço/comércio leve no Simples; validar)
3702900,"ATIVIDADES RELACIONADAS A ESGOTO, EXCETO A GESTÃO DE REDES",E,"Água, Esgoto, Atividades De Gestão De Resíduos E Descontaminação",37,37029,III/IV/V*,serviço — anexo exato depende da atividade + Fator R (determinar na camada fiscal),,,atende,presumido (serviço/comércio leve no Simples; validar)
3811400,COLETA DE RESÍDUOS NÃO PERIGOSOS,E,"Água, Esgoto, Atividades De Gestão De Resíduos E Descontaminação",38,38114,III/IV/V*,serviço — anexo exato depende da atividade + Fator R (determinar na camada fiscal),,,atende,presumido (serviço/comércio leve no Simples; validar)
4634601,COMÉRCIO ATACADISTA DE CARNES BOVINAS E SUÍNAS E DERIVADOS,G,Comércio; Reparação De Veículos Automotores E Motocicletas,46,46346,I,comércio (regra por seção),,,atende,presumido (serviço/comércio leve no Simples; validar)
3812200,COLETA DE RESÍDUOS PERIGOSOS,E,"Água, Esgoto, Atividades De Gestão De Resíduos E Descontaminação",38,38122,III/IV/V*,serviço — anexo exato depende da atividade + Fator R (determinar na camada fiscal),,,atende,presumido (serviço/comércio leve no Simples; validar)
3821100,TRATAMENTO E DISPOSIÇÃO DE RESÍDUOS NÃO PERIGOSOS,E,"Água, Esgoto, Atividades De Gestão De Resíduos E Descontaminação",38,38211,III/IV/V*,serviço — anexo exato depende da atividade + Fator R (determinar na camada fiscal),,,atende,presumido (serviço/comércio leve no Simples; validar)
3822000,TRATAMENTO E DISPOSIÇÃO DE RESÍDUOS PERIGOSOS,E,"Água, Esgoto, Atividades De Gestão De Resíduos E Descontaminação",38,38220,III/IV/V*,serviço — anexo exato depende da atividade + Fator R (determinar na camada fiscal),,,atende,presumido (serviço/comércio leve no Simples; validar)
3831901,RECUPERAÇÃO DE SUCATAS DE ALUMÍNIO,E,"Água, Esgoto, Atividades De Gestão De Resíduos E Descontaminação",38,38319,III/IV/V*,serviço — anexo exato depende da atividade + Fator R (determinar na camada fiscal),,,atende,presumido (serviço/comércio leve no Simples; validar)
4330403,OBRAS DE ACABAMENTO EM GESSO E ESTUQUE,F,Construção,43,43304,III/IV/V*,serviço — anexo exato depende da atividade + Fator R (determinar na camada fiscal),,,nao,divisão/classe recusada (mapeado das 17 categorias do suporte)
3831999,"RECUPERAÇÃO DE MATERIAIS METÁLICOS, EXCETO ALUMÍNIO",E,"Água, Esgoto, Atividades De Gestão De Resíduos E Descontaminação",38,38319,III/IV/V*,serviço — anexo exato depende da atividade + Fator R (determinar na camada fiscal),,,atende,presumido (serviço/comércio leve no Simples; validar)
3832700,RECUPERAÇÃO DE MATERIAIS PLÁSTICOS,E,"Água, Esgoto, Atividades De Gestão De Resíduos E Descontaminação",38,38327,III/IV/V*,serviço — anexo exato depende da atividade + Fator R (determinar na camada fiscal),,,atende,presumido (serviço/comércio leve no Simples; validar)
3839401,USINAS DE COMPOSTAGEM,E,"Água, Esgoto, Atividades De Gestão De Resíduos E Descontaminação",38,38394,III/IV/V*,serviço — anexo exato depende da atividade + Fator R (determinar na camada fiscal),,,atende,presumido (serviço/comércio leve no Simples; validar)
4311801,DEMOLIÇÃO DE EDIFÍCIOS E OUTRAS ESTRUTURAS,F,Construção,43,43118,III/IV/V*,serviço — anexo exato depende da atividade + Fator R (determinar na camada fiscal),,,nao,divisão/classe recusada (mapeado das 17 categorias do suporte)
3839499,RECUPERAÇÃO DE MATERIAIS NÃO ESPECIFICADOS ANTERIORMENTE,E,"Água, Esgoto, Atividades De Gestão De Resíduos E Descontaminação",38,38394,III/IV/V*,serviço — anexo exato depende da atividade + Fator R (determinar na camada fiscal),,,atende,presumido (serviço/comércio leve no Simples; validar)
3900500,DESCONTAMINAÇÃO E OUTROS SERVIÇOS DE GESTÃO DE RESÍDUOS,E,"Água, Esgoto, Atividades De Gestão De Resíduos E Descontaminação",39,39005,III/IV/V*,serviço — anexo exato depende da atividade + Fator R (determinar na camada fiscal),,,atende,presumido (serviço/comércio leve no Simples; validar)
4110700,INCORPORAÇÃO DE EMPREENDIMENTOS IMOBILIÁRIOS,F,Construção,41,41107,III/IV/V*,serviço — anexo exato depende da atividade + Fator R (determinar na camada fiscal),,,nao,divisão/classe recusada (mapeado das 17 categorias do suporte)
4330404,SERVIÇOS DE PINTURA DE EDIFÍCIOS EM GERAL,F,Construção,43,43304,III/IV/V*,serviço — anexo exato depende da atividade + Fator R (determinar na camada fiscal),,,nao,divisão/classe recusada (mapeado das 17 categorias do suporte)
4623102,"COMÉRCIO ATACADISTA DE COUROS, LÃS, PELES E OUTROS SUBPRODUTOS NÃO COMESTÍVEIS DE ORIGEM ANIMAL",G,Comércio; Reparação De Veículos Automotores E Motocicletas,46,46231,I,comércio (regra por seção),,,atende,presumido (serviço/comércio leve no Simples; validar)
4120400,CONSTRUÇÃO DE EDIFÍCIOS,F,Construção,41,41204,III/IV/V*,serviço — anexo exato depende da atividade + Fator R (determinar na camada fiscal),,,nao,divisão/classe recusada (mapeado das 17 categorias do suporte)
4211101,CONSTRUÇÃO DE RODOVIAS E FERROVIAS,F,Construção,42,42111,III/IV/V*,serviço — anexo exato depende da atividade + Fator R (determinar na camada fiscal),,,nao,divisão/classe recusada (mapeado das 17 categorias do suporte)
4211102,PINTURA PARA SINALIZAÇÃO EM PISTAS RODOVIÁRIAS E AEROPORTOS,F,Construção,42,42111,III/IV/V*,serviço — anexo exato depende da atividade + Fator R (determinar na camada fiscal),,,nao,divisão/classe recusada (mapeado das 17 categorias do suporte)
4311802,PREPARAÇÃO DE CANTEIRO E LIMPEZA DE TERRENO,F,Construção,43,43118,III/IV/V*,serviço — anexo exato depende da atividade + Fator R (determinar na camada fiscal),,,nao,divisão/classe recusada (mapeado das 17 categorias do suporte)
4634602,COMÉRCIO ATACADISTA DE AVES ABATIDAS E DERIVADOS,G,Comércio; Reparação De Veículos Automotores E Motocicletas,46,46346,I,comércio (regra por seção),,,atende,presumido (serviço/comércio leve no Simples; validar)
4213800,"OBRAS DE URBANIZAÇÃO - RUAS, PRAÇAS E CALÇADAS",F,Construção,42,42138,III/IV/V*,serviço — anexo exato depende da atividade + Fator R (determinar na camada fiscal),,,nao,divisão/classe recusada (mapeado das 17 categorias do suporte)
4221901,CONSTRUÇÃO DE BARRAGENS E REPRESAS PARA GERAÇÃO DE ENERGIA ELÉTRICA,F,Construção,42,42219,III/IV/V*,serviço — anexo exato depende da atividade + Fator R (determinar na camada fiscal),,,nao,divisão/classe recusada (mapeado das 17 categorias do suporte)
4221902,CONSTRUÇÃO DE ESTAÇÕES E REDES DE DISTRIBUIÇÃO DE ENERGIA ELÉTRICA,F,Construção,42,42219,III/IV/V*,serviço — anexo exato depende da atividade + Fator R (determinar na camada fiscal),,,nao,divisão/classe recusada (mapeado das 17 categorias do suporte)
4221903,MANUTENÇÃO DE REDES DE DISTRIBUIÇÃO DE ENERGIA ELÉTRICA,F,Construção,42,42219,III/IV/V*,serviço — anexo exato depende da atividade + Fator R (determinar na camada fiscal),,,nao,divisão/classe recusada (mapeado das 17 categorias do suporte)
4221904,CONSTRUÇÃO DE ESTAÇÕES E REDES DE TELECOMUNICAÇÕES,F,Construção,42,42219,III/IV/V*,serviço — anexo exato depende da atividade + Fator R (determinar na camada fiscal),,,nao,divisão/classe recusada (mapeado das 17 categorias do suporte)
4623103,COMÉRCIO ATACADISTA DE ALGODÃO,G,Comércio; Reparação De Veículos Automotores E Motocicletas,46,46231,I,comércio (regra por seção),,,atende,presumido (serviço/comércio leve no Simples; validar)
4222701,"CONSTRUÇÃO DE REDES DE ABASTECIMENTO DE ÁGUA, COLETA DE ESGOTO E CONSTRUÇÕES CORRELATAS, EXCETO OBRAS DE IRRIGAÇÃO",F,Construção,42,42227,III/IV/V*,serviço — anexo exato depende da atividade + Fator R (determinar na camada fiscal),,,nao,divisão/classe recusada (mapeado das 17 categorias do suporte)
4222702,OBRAS DE IRRIGAÇÃO,F,Construção,42,42227,III/IV/V*,serviço — anexo exato depende da atividade + Fator R (determinar na camada fiscal),,,nao,divisão/classe recusada (mapeado das 17 categorias do suporte)
4223500,"CONSTRUÇÃO DE REDES DE TRANSPORTES POR DUTOS, EXCETO PARA ÁGUA E ESGOTO",F,Construção,42,42235,III/IV/V*,serviço — anexo exato depende da atividade + Fator R (determinar na camada fiscal),,,nao,divisão/classe recusada (mapeado das 17 categorias do suporte)
4291000,"OBRAS PORTUÁRIAS, MARÍTIMAS E FLUVIAIS",F,Construção,42,42910,III/IV/V*,serviço — anexo exato depende da atividade + Fator R (determinar na camada fiscal),,,nao,divisão/classe recusada (mapeado das 17 categorias do suporte)
4292801,MONTAGEM DE ESTRUTURAS METÁLICAS,F,Construção,42,42928,III/IV/V*,serviço — anexo exato depende da atividade + Fator R (determinar na camada fiscal),,,nao,divisão/classe recusada (mapeado das 17 categorias do suporte)
4292802,OBRAS DE MONTAGEM INDUSTRIAL,F,Construção,42,42928,III/IV/V*,serviço — anexo exato depende da atividade + Fator R (determinar na camada fiscal),,,nao,divisão/classe recusada (mapeado das 17 categorias do suporte)
4299501,CONSTRUÇÃO DE INSTALAÇÕES ESPORTIVAS E RECREATIVAS,F,Construção,42,42995,III/IV/V*,serviço — anexo exato depende da atividade + Fator R (determinar na camada fiscal),,,nao,divisão/classe recusada (mapeado das 17 categorias do suporte)
4299599,OUTRAS OBRAS DE ENGENHARIA CIVIL NÃO ESPECIFICADAS ANTERIORMENTE,F,Construção,42,42995,III/IV/V*,serviço — anexo exato depende da atividade + Fator R (determinar na camada fiscal),,,nao,divisão/classe recusada (mapeado das 17 categorias do suporte)
4634603,COMÉRCIO ATACADISTA DE PESCADOS E FRUTOS DO MAR,G,Comércio; Reparação De Veículos Automotores E Motocicletas,46,46346,I,comércio (regra por seção),,,atende,presumido (serviço/comércio leve no Simples; validar)
4312600,PERFURAÇÕES E SONDAGENS,F,Construção,43,43126,III/IV/V*,serviço — anexo exato depende da atividade + Fator R (determinar na camada fiscal),,,nao,divisão/classe recusada (mapeado das 17 categorias do suporte)
4313400,OBRAS DE TERRAPLENAGEM,F,Construção,43,43134,III/IV/V*,serviço — anexo exato depende da atividade + Fator R (determinar na camada fiscal),,,nao,divisão/classe recusada (mapeado das 17 categorias do suporte)
4319300,SERVIÇOS DE PREPARAÇÃO DO TERRENO NÃO ESPECIFICADOS ANTERIORMENTE,F,Construção,43,43193,III/IV/V*,serviço — anexo exato depende da atividade + Fator R (determinar na camada fiscal),,,nao,divisão/classe recusada (mapeado das 17 categorias do suporte)
4330405,APLICAÇÃO DE REVESTIMENTOS E DE RESINAS EM INTERIORES E EXTERIORES,F,Construção,43,43304,III/IV/V*,serviço — anexo exato depende da atividade + Fator R (determinar na camada fiscal),,,nao,divisão/classe recusada (mapeado das 17 categorias do suporte)
4321500,INSTALAÇÃO E MANUTENÇÃO ELÉTRICA,F,Construção,43,43215,III/IV/V*,serviço — anexo exato depende da atividade + Fator R (determinar na camada fiscal),,,nao,divisão/classe recusada (mapeado das 17 categorias do suporte)
4322301,"INSTALAÇÕES HIDRÁULICAS, SANITÁRIAS E DE GÁS",F,Construção,43,43223,III/IV/V*,serviço — anexo exato depende da atividade + Fator R (determinar na camada fiscal),,,nao,divisão/classe recusada (mapeado das 17 categorias do suporte)
4322302,"INSTALAÇÃO E MANUTENÇÃO DE SISTEMAS CENTRAIS DE AR CONDICIONADO, DE VENTILAÇÃO E REFRIGERAÇÃO",F,Construção,43,43223,III/IV/V*,serviço — anexo exato depende da atividade + Fator R (determinar na camada fiscal),,,nao,divisão/classe recusada (mapeado das 17 categorias do suporte)
4322303,INSTALAÇÕES DE SISTEMA DE PREVENÇÃO CONTRA INCÊNDIO,F,Construção,43,43223,III/IV/V*,serviço — anexo exato depende da atividade + Fator R (determinar na camada fiscal),,,nao,divisão/classe recusada (mapeado das 17 categorias do suporte)
4329101,INSTALAÇÃO DE PAINÉIS PUBLICITÁRIOS,F,Construção,43,43291,III/IV/V*,serviço — anexo exato depende da atividade + Fator R (determinar na camada fiscal),,,nao,divisão/classe recusada (mapeado das 17 categorias do suporte)
4329102,INSTALAÇÃO DE EQUIPAMENTOS PARA ORIENTAÇÃO À NAVEGAÇÃO MARÍTIMA FLUVIAL E LACUSTRE,F,Construção,43,43291,III/IV/V*,serviço — anexo exato depende da atividade + Fator R (determinar na camada fiscal),,,nao,divisão/classe recusada (mapeado das 17 categorias do suporte)
4329103,"INSTALAÇÃO, MANUTENÇÃO E REPARAÇÃO DE ELEVADORES, ESCADAS E ESTEIRAS ROLANTES",F,Construção,43,43291,III/IV/V*,serviço — anexo exato depende da atividade + Fator R (determinar na camada fiscal),,,nao,divisão/classe recusada (mapeado das 17 categorias do suporte)
4520006,SERVIÇOS DE BORRACHARIA PARA VEÍCULOS AUTOMOTORES,G,Comércio; Reparação De Veículos Automotores E Motocicletas,45,45200,I,comércio (regra por seção),,,atende,presumido (serviço/comércio leve no Simples; validar)
4329104,"MONTAGEM E INSTALAÇÃO DE SISTEMAS E EQUIPAMENTOS DE ILUMINAÇÃO E SINALIZAÇÃO EM VIAS PÚBLICAS, PORTOS E AEROPORTOS",F,Construção,43,43291,III/IV/V*,serviço — anexo exato depende da atividade + Fator R (determinar na camada fiscal),,,nao,divisão/classe recusada (mapeado das 17 categorias do suporte)
4329105,"TRATAMENTOS TÉRMICOS, ACÚSTICOS OU DE VIBRAÇÃO",F,Construção,43,43291,III/IV/V*,serviço — anexo exato depende da atividade + Fator R (determinar na camada fiscal),,,nao,divisão/classe recusada (mapeado das 17 categorias do suporte)
4329199,OUTRAS OBRAS DE INSTALAÇÕES EM CONSTRUÇÕES NÃO ESPECIFICADAS ANTERIORMENTE,F,Construção,43,43291,III/IV/V*,serviço — anexo exato depende da atividade + Fator R (determinar na camada fiscal),,,nao,divisão/classe recusada (mapeado das 17 categorias do suporte)
4330401,IMPERMEABILIZAÇÃO EM OBRAS DE ENGENHARIA CIVIL,F,Construção,43,43304,III/IV/V*,serviço — anexo exato depende da atividade + Fator R (determinar na camada fiscal),,,nao,divisão/classe recusada (mapeado das 17 categorias do suporte)
4330402,"INSTALAÇÃO DE PORTAS, JANELAS, TETOS, DIVISÓRIAS E ARMÁRIOS EMBUTIDOS DE QUALQUER MATERIAL",F,Construção,43,43304,III/IV/V*,serviço — anexo exato depende da atividade + Fator R (determinar na camada fiscal),,,nao,divisão/classe recusada (mapeado das 17 categorias do suporte)
4330499,OUTRAS OBRAS DE ACABAMENTO DA CONSTRUÇÃO,F,Construção,43,43304,III/IV/V*,serviço — anexo exato depende da atividade + Fator R (determinar na camada fiscal),,,nao,divisão/classe recusada (mapeado das 17 categorias do suporte)
4391600,OBRAS DE FUNDAÇÕES,F,Construção,43,43916,III/IV/V*,serviço — anexo exato depende da atividade + Fator R (determinar na camada fiscal),,,nao,divisão/classe recusada (mapeado das 17 categorias do suporte)
4399101,ADMINISTRAÇÃO DE OBRAS,F,Construção,43,43991,III/IV/V*,serviço — anexo exato depende da atividade + Fator R (determinar na camada fiscal),,,nao,divisão/classe recusada (mapeado das 17 categorias do suporte)
4399102,MONTAGEM E DESMONTAGEM DE ANDAIMES E OUTRAS ESTRUTURAS TEMPORÁRIAS,F,Construção,43,43991,III/IV/V*,serviço — anexo exato depende da atividade + Fator R (determinar na camada fiscal),,,nao,divisão/classe recusada (mapeado das 17 categorias do suporte)
4399103,OBRAS DE ALVENARIA,F,Construção,43,43991,III/IV/V*,serviço — anexo exato depende da atividade + Fator R (determinar na camada fiscal),,,nao,divisão/classe recusada (mapeado das 17 categorias do suporte)
4399104,SERVIÇOS DE OPERAÇÃO E FORNECIMENTO DE EQUIPAMENTOS PARA TRANSPORTE E ELEVAÇÃO DE CARGAS E PESSOAS PARA USO EM OBRAS,F,Construção,43,43991,III/IV/V*,serviço — anexo exato depende da atividade + Fator R (determinar na camada fiscal),,,nao,divisão/classe recusada (mapeado das 17 categorias do suporte)
4399105,PERFURAÇÃO E CONSTRUÇÃO DE POÇOS DE ÁGUA,F,Construção,43,43991,III/IV/V*,serviço — anexo exato depende da atividade + Fator R (determinar na camada fiscal),,,nao,divisão/classe recusada (mapeado das 17 categorias do suporte)
4399199,SERVIÇOS ESPECIALIZADOS PARA CONSTRUÇÃO NÃO ESPECIFICADOS ANTERIORMENTE,F,Construção,43,43991,III/IV/V*,serviço — anexo exato depende da atividade + Fator R (determinar na camada fiscal),,,nao,divisão/classe recusada (mapeado das 17 categorias do suporte)
4511101,"COMÉRCIO A VAREJO DE AUTOMÓVEIS, CAMIONETAS E UTILITÁRIOS NOVOS",G,Comércio; Reparação De Veículos Automotores E Motocicletas,45,45111,I,comércio (regra por seção),,,atende,presumido (serviço/comércio leve no Simples; validar)
4511102,"COMÉRCIO A VAREJO DE AUTOMÓVEIS, CAMIONETAS E UTILITÁRIOS USADOS",G,Comércio; Reparação De Veículos Automotores E Motocicletas,45,45111,I,comércio (regra por seção),,,atende,presumido (serviço/comércio leve no Simples; validar)
4511103,"COMÉRCIO POR ATACADO DE AUTOMÓVEIS, CAMIONETAS E UTILITÁRIOS NOVOS E USADOS",G,Comércio; Reparação De Veículos Automotores E Motocicletas,45,45111,I,comércio (regra por seção),,,atende,presumido (serviço/comércio leve no Simples; validar)
4511104,COMÉRCIO POR ATACADO DE CAMINHÕES NOVOS E USADOS,G,Comércio; Reparação De Veículos Automotores E Motocicletas,45,45111,I,comércio (regra por seção),,,atende,presumido (serviço/comércio leve no Simples; validar)
4511105,COMÉRCIO POR ATACADO DE REBOQUES E SEMI REBOQUES NOVOS E USADOS,G,Comércio; Reparação De Veículos Automotores E Motocicletas,45,45111,I,comércio (regra por seção),,,atende,presumido (serviço/comércio leve no Simples; validar)
5611204,"BARES E OUTROS ESTABELECIMENTOS ESPECIALIZADOS EM SERVIR BEBIDAS, SEM ENTRETENIMENTO",I,Alojamento E Alimentação,56,56112,III/IV/V*,serviço — anexo exato depende da atividade + Fator R (determinar na camada fiscal),,,atende,presumido (serviço/comércio leve no Simples; validar)
4511106,COMÉRCIO POR ATACADO DE ÔNIBUS E MICROÔNIBUS NOVOS E USADOS,G,Comércio; Reparação De Veículos Automotores E Motocicletas,45,45111,I,comércio (regra por seção),,,atende,presumido (serviço/comércio leve no Simples; validar)
4512901,REPRESENTANTES COMERCIAIS E AGENTES DO COMÉRCIO DE VEÍCULOS AUTOMOTORES,G,Comércio; Reparação De Veículos Automotores E Motocicletas,45,45129,I,comércio (regra por seção),,,atende,presumido (serviço/comércio leve no Simples; validar)
4512902,COMÉRCIO SOB CONSIGNAÇÃO DE VEÍCULOS AUTOMOTORES,G,Comércio; Reparação De Veículos Automotores E Motocicletas,45,45129,I,comércio (regra por seção),,,atende,presumido (serviço/comércio leve no Simples; validar)
4520001,SERVIÇOS DE MANUTENÇÃO E REPARAÇÃO MECÂNICA DE VEÍCULOS AUTOMOTORES,G,Comércio; Reparação De Veículos Automotores E Motocicletas,45,45200,I,comércio (regra por seção),,,atende,presumido (serviço/comércio leve no Simples; validar)
4520002,SERVIÇOS DE LANTERNAGEM OU FUNILARIA E PINTURA DE VEÍCULOS AUTOMOTORES,G,Comércio; Reparação De Veículos Automotores E Motocicletas,45,45200,I,comércio (regra por seção),,,atende,presumido (serviço/comércio leve no Simples; validar)
4520003,SERVIÇOS DE MANUTENÇÃO E REPARAÇÃO ELÉTRICA DE VEÍCULOS AUTOMOTORES,G,Comércio; Reparação De Veículos Automotores E Motocicletas,45,45200,I,comércio (regra por seção),,,atende,presumido (serviço/comércio leve no Simples; validar)
4520004,SERVIÇOS DE ALINHAMENTO E BALANCEAMENTO DE VEÍCULOS AUTOMOTORES,G,Comércio; Reparação De Veículos Automotores E Motocicletas,45,45200,I,comércio (regra por seção),,,atende,presumido (serviço/comércio leve no Simples; validar)
4520005,"SERVIÇOS DE LAVAGEM, LUBRIFICAÇÃO E POLIMENTO DE VEÍCULOS AUTOMOTORES",G,Comércio; Reparação De Veículos Automotores E Motocicletas,45,45200,I,comércio (regra por seção),,,atende,presumido (serviço/comércio leve no Simples; validar)
4520007,"SERVIÇOS DE INSTALAÇÃO, MANUTENÇÃO E REPARAÇÃO DE ACESSÓRIOS PARA VEÍCULOS AUTOMOTORES",G,Comércio; Reparação De Veículos Automotores E Motocicletas,45,45200,I,comércio (regra por seção),,,atende,presumido (serviço/comércio leve no Simples; validar)
4520008,SERVIÇOS DE CAPOTARIA,G,Comércio; Reparação De Veículos Automotores E Motocicletas,45,45200,I,comércio (regra por seção),,,atende,presumido (serviço/comércio leve no Simples; validar)
4530701,COMÉRCIO POR ATACADO DE PEÇAS E ACESSÓRIOS NOVOS PARA VEÍCULOS AUTOMOTORES,G,Comércio; Reparação De Veículos Automotores E Motocicletas,45,45307,I,comércio (regra por seção),,,atende,presumido (serviço/comércio leve no Simples; validar)
4530702,COMÉRCIO POR ATACADO DE PNEUMÁTICOS E CÂMARAS DE AR,G,Comércio; Reparação De Veículos Automotores E Motocicletas,45,45307,I,comércio (regra por seção),,,atende,presumido (serviço/comércio leve no Simples; validar)
4530703,COMÉRCIO A VAREJO DE PEÇAS E ACESSÓRIOS NOVOS PARA VEÍCULOS AUTOMOTORES,G,Comércio; Reparação De Veículos Automotores E Motocicletas,45,45307,I,comércio (regra por seção),,,atende,presumido (serviço/comércio leve no Simples; validar)
4623101,COMÉRCIO ATACADISTA DE ANIMAIS VIVOS,G,Comércio; Reparação De Veículos Automotores E Motocicletas,46,46231,I,comércio (regra por seção),,,atende,presumido (serviço/comércio leve no Simples; validar)
4530704,COMÉRCIO A VAREJO DE PEÇAS E ACESSÓRIOS USADOS PARA VEÍCULOS AUTOMOTORES,G,Comércio; Reparação De Veículos Automotores E Motocicletas,45,45307,I,comércio (regra por seção),,,atende,presumido (serviço/comércio leve no Simples; validar)
4530705,COMÉRCIO A VAREJO DE PNEUMÁTICOS E CÂMARAS DE AR,G,Comércio; Reparação De Veículos Automotores E Motocicletas,45,45307,I,comércio (regra por seção),,,atende,presumido (serviço/comércio leve no Simples; validar)
4530706,REPRESENTANTES COMERCIAIS E AGENTES DO COMÉRCIO DE PEÇAS E ACESSÓRIOS NOVOS E USADOS PARA VEÍCULOS AUTOMOTORES,G,Comércio; Reparação De Veículos Automotores E Motocicletas,45,45307,I,comércio (regra por seção),,,atende,presumido (serviço/comércio leve no Simples; validar)
4541201,COMÉRCIO POR ATACADO DE MOTOCICLETAS E MOTONETAS,G,Comércio; Reparação De Veículos Automotores E Motocicletas,45,45412,I,comércio (regra por seção),,,atende,presumido (serviço/comércio leve no Simples; validar)
4541202,COMÉRCIO POR ATACADO DE PEÇAS E ACESSÓRIOS PARA MOTOCICLETAS E MOTONETAS,G,Comércio; Reparação De Veículos Automotores E Motocicletas,45,45412,I,comércio (regra por seção),,,atende,presumido (serviço/comércio leve no Simples; validar)
4541203,COMÉRCIO A VAREJO DE MOTOCICLETAS E MOTONETAS NOVAS,G,Comércio; Reparação De Veículos Automotores E Motocicletas,45,45412,I,comércio (regra por seção),,,atende,presumido (serviço/comércio leve no Simples; validar)
4541204,COMÉRCIO A VAREJO DE MOTOCICLETAS E MOTONETAS USADAS,G,Comércio; Reparação De Veículos Automotores E Motocicletas,45,45412,I,comércio (regra por seção),,,atende,presumido (serviço/comércio leve no Simples; validar)
4618401,"REPRESENTANTES COMERCIAIS E AGENTES DO COMÉRCIO DE MEDICAMENTOS, COSMÉTICOS E PRODUTOS DE PERFUMARIA",G,Comércio; Reparação De Veículos Automotores E Motocicletas,46,46184,I,comércio (regra por seção),,,condicao,regulamentada — exige responsável técnico + conselho
4542101,"REPRESENTANTES COMERCIAIS E AGENTES DO COMÉRCIO DE MOTOCICLETAS E MOTONETAS, PEÇAS E ACESSÓRIOS",G,Comércio; Reparação De Veículos Automotores E Motocicletas,45,45421,I,comércio (regra por seção),,,atende,presumido (serviço/comércio leve no Simples; validar)
4542102,COMÉRCIO SOB CONSIGNAÇÃO DE MOTOCICLETAS E MOTONETAS,G,Comércio; Reparação De Veículos Automotores E Motocicletas,45,45421,I,comércio (regra por seção),,,atende,presumido (serviço/comércio leve no Simples; validar)
4543900,MANUTENÇÃO E REPARAÇÃO DE MOTOCICLETAS E MOTONETAS,G,Comércio; Reparação De Veículos Automotores E Motocicletas,45,45439,I,comércio (regra por seção),,,atende,presumido (serviço/comércio leve no Simples; validar)
4611700,REPRESENTANTES COMERCIAIS E AGENTES DO COMÉRCIO DE MATÉRIAS PRIMAS AGRÍCOLAS E ANIMAIS VIVOS,G,Comércio; Reparação De Veículos Automotores E Motocicletas,46,46117,I,comércio (regra por seção),,,condicao,regulamentada — exige responsável técnico + conselho
4612500,"REPRESENTANTES COMERCIAIS E AGENTES DO COMÉRCIO DE COMBUSTÍVEIS, MINERAIS, PRODUTOS SIDERÚRGICOS E QUÍMICOS",G,Comércio; Reparação De Veículos Automotores E Motocicletas,46,46125,I,comércio (regra por seção),,,condicao,regulamentada — exige responsável técnico + conselho
4613300,"REPRESENTANTES COMERCIAIS E AGENTES DO COMÉRCIO DE MADEIRA, MATERIAL DE CONSTRUÇÃO E FERRAGENS",G,Comércio; Reparação De Veículos Automotores E Motocicletas,46,46133,I,comércio (regra por seção),,,condicao,regulamentada — exige responsável técnico + conselho
4614100,"REPRESENTANTES COMERCIAIS E AGENTES DO COMÉRCIO DE MÁQUINAS, EQUIPAMENTOS, EMBARCAÇÕES E AERONAVES",G,Comércio; Reparação De Veículos Automotores E Motocicletas,46,46141,I,comércio (regra por seção),,,condicao,regulamentada — exige responsável técnico + conselho
4615000,"REPRESENTANTES COMERCIAIS E AGENTES DO COMÉRCIO DE ELETRODOMÉSTICOS, MÓVEIS E ARTIGOS DE USO DOMÉSTICO",G,Comércio; Reparação De Veículos Automotores E Motocicletas,46,46150,I,comércio (regra por seção),,,condicao,regulamentada — exige responsável técnico + conselho
4616800,"REPRESENTANTES COMERCIAIS E AGENTES DO COMÉRCIO DE TÊXTEIS, VESTUÁRIO, CALÇADOS E ARTIGOS DE VIAGEM",G,Comércio; Reparação De Veículos Automotores E Motocicletas,46,46168,I,comércio (regra por seção),,,condicao,regulamentada — exige responsável técnico + conselho
4617600,"REPRESENTANTES COMERCIAIS E AGENTES DO COMÉRCIO DE PRODUTOS ALIMENTÍCIOS, BEBIDAS E FUMO",G,Comércio; Reparação De Veículos Automotores E Motocicletas,46,46176,I,comércio (regra por seção),,,condicao,regulamentada — exige responsável técnico + conselho
4618402,REPRESENTANTES COMERCIAIS E AGENTES DO COMÉRCIO DE INSTRUMENTOS E MATERIAIS ODONTO MÉDICO HOSPITALARES,G,Comércio; Reparação De Veículos Automotores E Motocicletas,46,46184,I,comércio (regra por seção),,,condicao,regulamentada — exige responsável técnico + conselho
4618403,"REPRESENTANTES COMERCIAIS E AGENTES DO COMÉRCIO DE JORNAIS, REVISTAS E OUTRAS PUBLICAÇÕES",G,Comércio; Reparação De Veículos Automotores E Motocicletas,46,46184,I,comércio (regra por seção),,,condicao,regulamentada — exige responsável técnico + conselho
4618499,OUTROS REPRESENTANTES COMERCIAIS E AGENTES DO COMÉRCIO ESPECIALIZADO EM PRODUTOS NÃO ESPECIFICADOS ANTERIORMENTE,G,Comércio; Reparação De Veículos Automotores E Motocicletas,46,46184,I,comércio (regra por seção),,,condicao,regulamentada — exige responsável técnico + conselho
4619200,REPRESENTANTES COMERCIAIS E AGENTES DO COMÉRCIO DE MERCADORIAS EM GERAL NÃO ESPECIALIZADO,G,Comércio; Reparação De Veículos Automotores E Motocicletas,46,46192,I,comércio (regra por seção),,,condicao,regulamentada — exige responsável técnico + conselho
4621400,COMÉRCIO ATACADISTA DE CAFÉ EM GRÃO,G,Comércio; Reparação De Veículos Automotores E Motocicletas,46,46214,I,comércio (regra por seção),,,atende,presumido (serviço/comércio leve no Simples; validar)
4622200,COMÉRCIO ATACADISTA DE SOJA,G,Comércio; Reparação De Veículos Automotores E Motocicletas,46,46222,I,comércio (regra por seção),,,atende,presumido (serviço/comércio leve no Simples; validar)
4623104,COMÉRCIO ATACADISTA DE FUMO EM FOLHA NÃO BENEFICIADO,G,Comércio; Reparação De Veículos Automotores E Motocicletas,46,46231,I,comércio (regra por seção),,,atende,presumido (serviço/comércio leve no Simples; validar)
4623108,COMÉRCIO ATACADISTA DE MATÉRIAS PRIMAS AGRÍCOLAS COM ATIVIDADE DE FRACIONAMENTO E ACONDICIONAMENTO ASSOCIADA,G,Comércio; Reparação De Veículos Automotores E Motocicletas,46,46231,I,comércio (regra por seção),,,atende,presumido (serviço/comércio leve no Simples; validar)
4623109,COMÉRCIO ATACADISTA DE ALIMENTOS PARA ANIMAIS,G,Comércio; Reparação De Veículos Automotores E Motocicletas,46,46231,I,comércio (regra por seção),,,atende,presumido (serviço/comércio leve no Simples; validar)
4623199,COMÉRCIO ATACADISTA DE MATÉRIAS PRIMAS AGRÍCOLAS NÃO ESPECIFICADAS ANTERIORMENTE,G,Comércio; Reparação De Veículos Automotores E Motocicletas,46,46231,I,comércio (regra por seção),,,atende,presumido (serviço/comércio leve no Simples; validar)
4631100,COMÉRCIO ATACADISTA DE LEITE E LATICÍNIOS,G,Comércio; Reparação De Veículos Automotores E Motocicletas,46,46311,I,comércio (regra por seção),,,atende,presumido (serviço/comércio leve no Simples; validar)
4632001,COMÉRCIO ATACADISTA DE CEREAIS E LEGUMINOSAS BENEFICIADOS,G,Comércio; Reparação De Veículos Automotores E Motocicletas,46,46320,I,comércio (regra por seção),,,atende,presumido (serviço/comércio leve no Simples; validar)
4632002,"COMÉRCIO ATACADISTA DE FARINHAS, AMIDOS E FÉCULAS",G,Comércio; Reparação De Veículos Automotores E Motocicletas,46,46320,I,comércio (regra por seção),,,atende,presumido (serviço/comércio leve no Simples; validar)
4632003,"COMÉRCIO ATACADISTA DE CEREAIS E LEGUMINOSAS BENEFICIADOS, FARINHAS, AMIDOS E FÉCULAS, COM ATIVIDADE DE FRACIONAMENTO E ACONDICIONAMENTO ASSOCIADA",G,Comércio; Reparação De Veículos Automotores E Motocicletas,46,46320,I,comércio (regra por seção),,,atende,presumido (serviço/comércio leve no Simples; validar)
4633801,"COMÉRCIO ATACADISTA DE FRUTAS, VERDURAS, RAÍZES, TUBÉRCULOS, HORTALIÇAS E LEGUMES FRESCOS",G,Comércio; Reparação De Veículos Automotores E Motocicletas,46,46338,I,comércio (regra por seção),,,atende,presumido (serviço/comércio leve no Simples; validar)
4633802,COMÉRCIO ATACADISTA DE AVES VIVAS E OVOS,G,Comércio; Reparação De Veículos Automotores E Motocicletas,46,46338,I,comércio (regra por seção),,,atende,presumido (serviço/comércio leve no Simples; validar)
4634699,COMÉRCIO ATACADISTA DE CARNES E DERIVADOS DE OUTROS ANIMAIS,G,Comércio; Reparação De Veículos Automotores E Motocicletas,46,46346,I,comércio (regra por seção),,,atende,presumido (serviço/comércio leve no Simples; validar)
4635401,COMÉRCIO ATACADISTA DE ÁGUA MINERAL,G,Comércio; Reparação De Veículos Automotores E Motocicletas,46,46354,I,comércio (regra por seção),,,atende,presumido (serviço/comércio leve no Simples; validar)
4635402,"COMÉRCIO ATACADISTA DE CERVEJA, CHOPE E REFRIGERANTE",G,Comércio; Reparação De Veículos Automotores E Motocicletas,46,46354,I,comércio (regra por seção),,,atende,presumido (serviço/comércio leve no Simples; validar)
4635403,COMÉRCIO ATACADISTA DE BEBIDAS COM ATIVIDADE DE FRACIONAMENTO E ACONDICIONAMENTO ASSOCIADA,G,Comércio; Reparação De Veículos Automotores E Motocicletas,46,46354,I,comércio (regra por seção),,,atende,presumido (serviço/comércio leve no Simples; validar)
4635499,COMÉRCIO ATACADISTA DE BEBIDAS NÃO ESPECIFICADAS ANTERIORMENTE,G,Comércio; Reparação De Veículos Automotores E Motocicletas,46,46354,I,comércio (regra por seção),,,atende,presumido (serviço/comércio leve no Simples; validar)
4636201,COMÉRCIO ATACADISTA DE FUMO BENEFICIADO,G,Comércio; Reparação De Veículos Automotores E Motocicletas,46,46362,I,comércio (regra por seção),,,atende,presumido (serviço/comércio leve no Simples; validar)
4636202,"COMÉRCIO ATACADISTA DE CIGARROS, CIGARRILHAS E CHARUTOS",G,Comércio; Reparação De Veículos Automotores E Motocicletas,46,46362,I,comércio (regra por seção),,,atende,presumido (serviço/comércio leve no Simples; validar)
4637101,"COMÉRCIO ATACADISTA DE CAFÉ TORRADO, MOÍDO E SOLÚVEL",G,Comércio; Reparação De Veículos Automotores E Motocicletas,46,46371,I,comércio (regra por seção),,,atende,presumido (serviço/comércio leve no Simples; validar)
4637102,COMÉRCIO ATACADISTA DE AÇÚCAR,G,Comércio; Reparação De Veículos Automotores E Motocicletas,46,46371,I,comércio (regra por seção),,,atende,presumido (serviço/comércio leve no Simples; validar)
4637103,COMÉRCIO ATACADISTA DE ÓLEOS E GORDURAS,G,Comércio; Reparação De Veículos Automotores E Motocicletas,46,46371,I,comércio (regra por seção),,,atende,presumido (serviço/comércio leve no Simples; validar)
4637104,"COMÉRCIO ATACADISTA DE PÃES, BOLOS, BISCOITOS E SIMILARES",G,Comércio; Reparação De Veículos Automotores E Motocicletas,46,46371,I,comércio (regra por seção),,,atende,presumido (serviço/comércio leve no Simples; validar)
4637105,COMÉRCIO ATACADISTA DE MASSAS ALIMENTÍCIAS,G,Comércio; Reparação De Veículos Automotores E Motocicletas,46,46371,I,comércio (regra por seção),,,atende,presumido (serviço/comércio leve no Simples; validar)
4637106,COMÉRCIO ATACADISTA DE SORVETES,G,Comércio; Reparação De Veículos Automotores E Motocicletas,46,46371,I,comércio (regra por seção),,,atende,presumido (serviço/comércio leve no Simples; validar)
4637107,"COMÉRCIO ATACADISTA DE CHOCOLATES, CONFEITOS, BALAS, BOMBONS E SEMELHANTES",G,Comércio; Reparação De Veículos Automotores E Motocicletas,46,46371,I,comércio (regra por seção),,,atende,presumido (serviço/comércio leve no Simples; validar)
4637199,COMÉRCIO ATACADISTA ESPECIALIZADO EM OUTROS PRODUTOS ALIMENTÍCIOS NÃO ESPECIFICADOS ANTERIORMENTE,G,Comércio; Reparação De Veículos Automotores E Motocicletas,46,46371,I,comércio (regra por seção),,,atende,presumido (serviço/comércio leve no Simples; validar)
4639701,COMÉRCIO ATACADISTA DE PRODUTOS ALIMENTÍCIOS EM GERAL,G,Comércio; Reparação De Veículos Automotores E Motocicletas,46,46397,I,comércio (regra por seção),,,atende,presumido (serviço/comércio leve no Simples; validar)
4639702,"COMÉRCIO ATACADISTA DE PRODUTOS ALIMENTÍCIOS EM GERAL, COM ATIVIDADE DE FRACIONAMENTO E ACONDICIONAMENTO ASSOCIADA",G,Comércio; Reparação De Veículos Automotores E Motocicletas,46,46397,I,comércio (regra por seção),,,atende,presumido (serviço/comércio leve no Simples; validar)
4641902,"COMÉRCIO ATACADISTA DE ARTIGOS DE CAMA, MESA E BANHO",G,Comércio; Reparação De Veículos Automotores E Motocicletas,46,46419,I,comércio (regra por seção),,,atende,presumido (serviço/comércio leve no Simples; validar)
4641903,COMÉRCIO ATACADISTA DE ARTIGOS DE ARMARINHO,G,Comércio; Reparação De Veículos Automotores E Motocicletas,46,46419,I,comércio (regra por seção),,,atende,presumido (serviço/comércio leve no Simples; validar)
4642701,"COMÉRCIO ATACADISTA DE ARTIGOS DO VESTUÁRIO E ACESSÓRIOS, EXCETO PROFISSIONAIS E DE SEGURANÇA",G,Comércio; Reparação De Veículos Automotores E Motocicletas,46,46427,I,comércio (regra por seção),,,atende,presumido (serviço/comércio leve no Simples; validar)
4642702,COMÉRCIO ATACADISTA DE ROUPAS E ACESSÓRIOS PARA USO PROFISSIONAL E DE SEGURANÇA DO TRABALHO,G,Comércio; Reparação De Veículos Automotores E Motocicletas,46,46427,I,comércio (regra por seção),,,atende,presumido (serviço/comércio leve no Simples; validar)
4644301,COMÉRCIO ATACADISTA DE MEDICAMENTOS E DROGAS DE USO HUMANO,G,Comércio; Reparação De Veículos Automotores E Motocicletas,46,46443,I,comércio (regra por seção),,,atende,presumido (serviço/comércio leve no Simples; validar)
4644302,COMÉRCIO ATACADISTA DE MEDICAMENTOS E DROGAS DE USO VETERINÁRIO,G,Comércio; Reparação De Veículos Automotores E Motocicletas,46,46443,I,comércio (regra por seção),,,atende,presumido (serviço/comércio leve no Simples; validar)
4645101,"COMÉRCIO ATACADISTA DE INSTRUMENTOS E MATERIAIS PARA USO MÉDICO, CIRÚRGICO, HOSPITALAR E DE LABORATÓRIOS",G,Comércio; Reparação De Veículos Automotores E Motocicletas,46,46451,I,comércio (regra por seção),,,atende,presumido (serviço/comércio leve no Simples; validar)
4645102,COMÉRCIO ATACADISTA DE PRÓTESES E ARTIGOS DE ORTOPEDIA,G,Comércio; Reparação De Veículos Automotores E Motocicletas,46,46451,I,comércio (regra por seção),,,atende,presumido (serviço/comércio leve no Simples; validar)
4645103,COMÉRCIO ATACADISTA DE PRODUTOS ODONTOLÓGICOS,G,Comércio; Reparação De Veículos Automotores E Motocicletas,46,46451,I,comércio (regra por seção),,,atende,presumido (serviço/comércio leve no Simples; validar)
4646001,COMÉRCIO ATACADISTA DE COSMÉTICOS E PRODUTOS DE PERFUMARIA,G,Comércio; Reparação De Veículos Automotores E Motocicletas,46,46460,I,comércio (regra por seção),,,atende,presumido (serviço/comércio leve no Simples; validar)
4646002,COMÉRCIO ATACADISTA DE PRODUTOS DE HIGIENE PESSOAL,G,Comércio; Reparação De Veículos Automotores E Motocicletas,46,46460,I,comércio (regra por seção),,,atende,presumido (serviço/comércio leve no Simples; validar)
4647801,COMÉRCIO ATACADISTA DE ARTIGOS DE ESCRITÓRIO E DE PAPELARIA,G,Comércio; Reparação De Veículos Automotores E Motocicletas,46,46478,I,comércio (regra por seção),,,atende,presumido (serviço/comércio leve no Simples; validar)
4647802,"COMÉRCIO ATACADISTA DE LIVROS, JORNAIS E OUTRAS PUBLICAÇÕES",G,Comércio; Reparação De Veículos Automotores E Motocicletas,46,46478,I,comércio (regra por seção),,,atende,presumido (serviço/comércio leve no Simples; validar)
4679601,"COMÉRCIO ATACADISTA DE TINTAS, VERNIZES E SIMILARES",G,Comércio; Reparação De Veículos Automotores E Motocicletas,46,46796,I,comércio (regra por seção),,,atende,presumido (serviço/comércio leve no Simples; validar)
4649401,COMÉRCIO ATACADISTA DE EQUIPAMENTOS ELÉTRICOS DE USO PESSOAL E DOMÉSTICO,G,Comércio; Reparação De Veículos Automotores E Motocicletas,46,46494,I,comércio (regra por seção),,,atende,presumido (serviço/comércio leve no Simples; validar)
4649402,COMÉRCIO ATACADISTA DE APARELHOS ELETRÔNICOS DE USO PESSOAL E DOMÉSTICO,G,Comércio; Reparação De Veículos Automotores E Motocicletas,46,46494,I,comércio (regra por seção),,,atende,presumido (serviço/comércio leve no Simples; validar)
4649403,"COMÉRCIO ATACADISTA DE BICICLETAS, TRICICLOS E OUTROS VEÍCULOS RECREATIVOS",G,Comércio; Reparação De Veículos Automotores E Motocicletas,46,46494,I,comércio (regra por seção),,,atende,presumido (serviço/comércio leve no Simples; validar)
4649404,COMÉRCIO ATACADISTA DE MÓVEIS E ARTIGOS DE COLCHOARIA,G,Comércio; Reparação De Veículos Automotores E Motocicletas,46,46494,I,comércio (regra por seção),,,atende,presumido (serviço/comércio leve no Simples; validar)
4649405,COMÉRCIO ATACADISTA DE ARTIGOS DE TAPEÇARIA; PERSIANAS E CORTINAS,G,Comércio; Reparação De Veículos Automotores E Motocicletas,46,46494,I,comércio (regra por seção),,,atende,presumido (serviço/comércio leve no Simples; validar)
4649406,"COMÉRCIO ATACADISTA DE LUSTRES, LUMINÁRIAS E ABAJURES",G,Comércio; Reparação De Veículos Automotores E Motocicletas,46,46494,I,comércio (regra por seção),,,atende,presumido (serviço/comércio leve no Simples; validar)
4649407,"COMÉRCIO ATACADISTA DE FILMES, CDS, DVDS, FITAS E DISCOS",G,Comércio; Reparação De Veículos Automotores E Motocicletas,46,46494,I,comércio (regra por seção),,,atende,presumido (serviço/comércio leve no Simples; validar)
4649408,"COMÉRCIO ATACADISTA DE PRODUTOS DE HIGIENE, LIMPEZA E CONSERVAÇÃO DOMICILIAR",G,Comércio; Reparação De Veículos Automotores E Motocicletas,46,46494,I,comércio (regra por seção),,,atende,presumido (serviço/comércio leve no Simples; validar)
4649409,"COMÉRCIO ATACADISTA DE PRODUTOS DE HIGIENE, LIMPEZA E CONSERVAÇÃO DOMICILIAR, COM ATIVIDADE DE FRACIONAMENTO E ACONDICIONAMENTO ASSOCIADA",G,Comércio; Reparação De Veículos Automotores E Motocicletas,46,46494,I,comércio (regra por seção),,,atende,presumido (serviço/comércio leve no Simples; validar)
4649410,"COMÉRCIO ATACADISTA DE JÓIAS, RELÓGIOS E BIJUTERIAS, INCLUSIVE PEDRAS PRECIOSAS E SEMIPRECIOSAS LAPIDADAS",G,Comércio; Reparação De Veículos Automotores E Motocicletas,46,46494,I,comércio (regra por seção),,,atende,presumido (serviço/comércio leve no Simples; validar)
4649499,COMÉRCIO ATACADISTA DE OUTROS EQUIPAMENTOS E ARTIGOS DE USO PESSOAL E DOMÉSTICO NÃO ESPECIFICADOS ANTERIORMENTE,G,Comércio; Reparação De Veículos Automotores E Motocicletas,46,46494,I,comércio (regra por seção),,,atende,presumido (serviço/comércio leve no Simples; validar)
4651601,COMÉRCIO ATACADISTA DE EQUIPAMENTOS DE INFORMÁTICA,G,Comércio; Reparação De Veículos Automotores E Motocicletas,46,46516,I,comércio (regra por seção),,,atende,presumido (serviço/comércio leve no Simples; validar)
4651602,COMÉRCIO ATACADISTA DE SUPRIMENTOS PARA INFORMÁTICA,G,Comércio; Reparação De Veículos Automotores E Motocicletas,46,46516,I,comércio (regra por seção),,,atende,presumido (serviço/comércio leve no Simples; validar)
4652400,COMÉRCIO ATACADISTA DE COMPONENTES ELETRÔNICOS E EQUIPAMENTOS DE TELEFONIA E COMUNICAÇÃO,G,Comércio; Reparação De Veículos Automotores E Motocicletas,46,46524,I,comércio (regra por seção),,,atende,presumido (serviço/comércio leve no Simples; validar)
4661300,"COMÉRCIO ATACADISTA DE MÁQUINAS, APARELHOS E EQUIPAMENTOS PARA USO AGROPECUÁRIO; PARTES E PEÇAS",G,Comércio; Reparação De Veículos Automotores E Motocicletas,46,46613,I,comércio (regra por seção),,,atende,presumido (serviço/comércio leve no Simples; validar)
4679602,COMÉRCIO ATACADISTA DE MÁRMORES E GRANITOS,G,Comércio; Reparação De Veículos Automotores E Motocicletas,46,46796,I,comércio (regra por seção),,,atende,presumido (serviço/comércio leve no Simples; validar)
4662100,"COMÉRCIO ATACADISTA DE MÁQUINAS, EQUIPAMENTOS PARA TERRAPLENAGEM, MINERAÇÃO E CONSTRUÇÃO; PARTES E PEÇAS",G,Comércio; Reparação De Veículos Automotores E Motocicletas,46,46621,I,comércio (regra por seção),,,atende,presumido (serviço/comércio leve no Simples; validar)
4663000,COMÉRCIO ATACADISTA DE MÁQUINAS E EQUIPAMENTOS PARA USO INDUSTRIAL; PARTES E PEÇAS,G,Comércio; Reparação De Veículos Automotores E Motocicletas,46,46630,I,comércio (regra por seção),,,atende,presumido (serviço/comércio leve no Simples; validar)
4664800,"COMÉRCIO ATACADISTA DE MÁQUINAS, APARELHOS E EQUIPAMENTOS PARA USO ODONTO MÉDICO HOSPITALAR; PARTES E PEÇAS",G,Comércio; Reparação De Veículos Automotores E Motocicletas,46,46648,I,comércio (regra por seção),,,atende,presumido (serviço/comércio leve no Simples; validar)
4665600,COMÉRCIO ATACADISTA DE MÁQUINAS E EQUIPAMENTOS PARA USO COMERCIAL; PARTES E PEÇAS,G,Comércio; Reparação De Veículos Automotores E Motocicletas,46,46656,I,comércio (regra por seção),,,atende,presumido (serviço/comércio leve no Simples; validar)
4669901,COMÉRCIO ATACADISTA DE BOMBAS E COMPRESSORES; PARTES E PEÇAS,G,Comércio; Reparação De Veículos Automotores E Motocicletas,46,46699,I,comércio (regra por seção),,,atende,presumido (serviço/comércio leve no Simples; validar)
4741500,COMÉRCIO VAREJISTA DE TINTAS E MATERIAIS PARA PINTURA,G,Comércio; Reparação De Veículos Automotores E Motocicletas,47,47415,I,comércio (regra por seção),,,nao,divisão/classe recusada (mapeado das 17 categorias do suporte)
4669999,COMÉRCIO ATACADISTA DE OUTRAS MÁQUINAS E EQUIPAMENTOS NÃO ESPECIFICADOS ANTERIORMENTE; PARTES E PEÇAS,G,Comércio; Reparação De Veículos Automotores E Motocicletas,46,46699,I,comércio (regra por seção),,,atende,presumido (serviço/comércio leve no Simples; validar)
4671100,COMÉRCIO ATACADISTA DE MADEIRA E PRODUTOS DERIVADOS,G,Comércio; Reparação De Veículos Automotores E Motocicletas,46,46711,I,comércio (regra por seção),,,atende,presumido (serviço/comércio leve no Simples; validar)
4672900,COMÉRCIO ATACADISTA DE FERRAGENS E FERRAMENTAS,G,Comércio; Reparação De Veículos Automotores E Motocicletas,46,46729,I,comércio (regra por seção),,,atende,presumido (serviço/comércio leve no Simples; validar)
4673700,COMÉRCIO ATACADISTA DE MATERIAL ELÉTRICO,G,Comércio; Reparação De Veículos Automotores E Motocicletas,46,46737,I,comércio (regra por seção),,,atende,presumido (serviço/comércio leve no Simples; validar)
4674500,COMÉRCIO ATACADISTA DE CIMENTO,G,Comércio; Reparação De Veículos Automotores E Motocicletas,46,46745,I,comércio (regra por seção),,,atende,presumido (serviço/comércio leve no Simples; validar)
4679603,"COMÉRCIO ATACADISTA DE VIDROS, ESPELHOS E VITRAIS",G,Comércio; Reparação De Veículos Automotores E Motocicletas,46,46796,I,comércio (regra por seção),,,atende,presumido (serviço/comércio leve no Simples; validar)
4679604,COMÉRCIO ATACADISTA ESPECIALIZADO DE MATERIAIS DE CONSTRUÇÃO NÃO ESPECIFICADOS ANTERIORMENTE,G,Comércio; Reparação De Veículos Automotores E Motocicletas,46,46796,I,comércio (regra por seção),,,atende,presumido (serviço/comércio leve no Simples; validar)
4681801,"COMÉRCIO ATACADISTA DE ÁLCOOL CARBURANTE, BIODIESEL, GASOLINA E DEMAIS DERIVADOS DE PETRÓLEO, EXCETO LUBRIFICANTES, NÃO REALIZADO POR TRANSPORTADOR RETALHISTA (T.R.R.)",G,Comércio; Reparação De Veículos Automotores E Motocicletas,46,46818,I,comércio (regra por seção),,,atende,presumido (serviço/comércio leve no Simples; validar)
4681802,COMÉRCIO ATACADISTA DE COMBUSTÍVEIS REALIZADO POR TRANSPORTADOR RETALHISTA (T.R.R.),G,Comércio; Reparação De Veículos Automotores E Motocicletas,46,46818,I,comércio (regra por seção),,,atende,presumido (serviço/comércio leve no Simples; validar)
4681803,"COMÉRCIO ATACADISTA DE COMBUSTÍVEIS DE ORIGEM VEGETAL, EXCETO ÁLCOOL CARBURANTE",G,Comércio; Reparação De Veículos Automotores E Motocicletas,46,46818,I,comércio (regra por seção),,,atende,presumido (serviço/comércio leve no Simples; validar)
4681804,COMÉRCIO ATACADISTA DE COMBUSTÍVEIS DE ORIGEM MINERAL EM BRUTO,G,Comércio; Reparação De Veículos Automotores E Motocicletas,46,46818,I,comércio (regra por seção),,,atende,presumido (serviço/comércio leve no Simples; validar)
4681805,COMÉRCIO ATACADISTA DE LUBRIFICANTES,G,Comércio; Reparação De Veículos Automotores E Motocicletas,46,46818,I,comércio (regra por seção),,,atende,presumido (serviço/comércio leve no Simples; validar)
4682600,COMÉRCIO ATACADISTA DE GÁS LIQÜEFEITO DE PETRÓLEO (GLP),G,Comércio; Reparação De Veículos Automotores E Motocicletas,46,46826,I,comércio (regra por seção),,,atende,presumido (serviço/comércio leve no Simples; validar)
4683400,"COMÉRCIO ATACADISTA DE DEFENSIVOS AGRÍCOLAS, ADUBOS, FERTILIZANTES E CORRETIVOS DO SOLO",G,Comércio; Reparação De Veículos Automotores E Motocicletas,46,46834,I,comércio (regra por seção),,,atende,presumido (serviço/comércio leve no Simples; validar)
4684201,COMÉRCIO ATACADISTA DE RESINAS E ELASTÔMEROS,G,Comércio; Reparação De Veículos Automotores E Motocicletas,46,46842,I,comércio (regra por seção),,,atende,presumido (serviço/comércio leve no Simples; validar)
4684202,COMÉRCIO ATACADISTA DE SOLVENTES,G,Comércio; Reparação De Veículos Automotores E Motocicletas,46,46842,I,comércio (regra por seção),,,atende,presumido (serviço/comércio leve no Simples; validar)
4684299,COMÉRCIO ATACADISTA DE OUTROS PRODUTOS QUÍMICOS E PETROQUÍMICOS NÃO ESPECIFICADOS ANTERIORMENTE,G,Comércio; Reparação De Veículos Automotores E Motocicletas,46,46842,I,comércio (regra por seção),,,atende,presumido (serviço/comércio leve no Simples; validar)
4685100,"COMÉRCIO ATACADISTA DE PRODUTOS SIDERÚRGICOS E METALÚRGICOS, EXCETO PARA CONSTRUÇÃO",G,Comércio; Reparação De Veículos Automotores E Motocicletas,46,46851,I,comércio (regra por seção),,,atende,presumido (serviço/comércio leve no Simples; validar)
4686901,COMÉRCIO ATACADISTA DE PAPEL E PAPELÃO EM BRUTO,G,Comércio; Reparação De Veículos Automotores E Motocicletas,46,46869,I,comércio (regra por seção),,,atende,presumido (serviço/comércio leve no Simples; validar)
4686902,COMÉRCIO ATACADISTA DE EMBALAGENS,G,Comércio; Reparação De Veículos Automotores E Motocicletas,46,46869,I,comércio (regra por seção),,,atende,presumido (serviço/comércio leve no Simples; validar)
4687701,COMÉRCIO ATACADISTA DE RESÍDUOS DE PAPEL E PAPELÃO,G,Comércio; Reparação De Veículos Automotores E Motocicletas,46,46877,I,comércio (regra por seção),,,atende,presumido (serviço/comércio leve no Simples; validar)
4721103,COMÉRCIO VAREJISTA DE LATICÍNIOS E FRIOS,G,Comércio; Reparação De Veículos Automotores E Motocicletas,47,47211,I,comércio (regra por seção),,,atende,presumido (serviço/comércio leve no Simples; validar)
4687702,"COMÉRCIO ATACADISTA DE RESÍDUOS E SUCATAS NÃO METÁLICOS, EXCETO DE PAPEL E PAPELÃO",G,Comércio; Reparação De Veículos Automotores E Motocicletas,46,46877,I,comércio (regra por seção),,,atende,presumido (serviço/comércio leve no Simples; validar)
4687703,COMÉRCIO ATACADISTA DE RESÍDUOS E SUCATAS METÁLICOS,G,Comércio; Reparação De Veículos Automotores E Motocicletas,46,46877,I,comércio (regra por seção),,,atende,presumido (serviço/comércio leve no Simples; validar)
4689301,"COMÉRCIO ATACADISTA DE PRODUTOS DA EXTRAÇÃO MINERAL, EXCETO COMBUSTÍVEIS",G,Comércio; Reparação De Veículos Automotores E Motocicletas,46,46893,I,comércio (regra por seção),,,atende,presumido (serviço/comércio leve no Simples; validar)
4689302,COMÉRCIO ATACADISTA DE FIOS E FIBRAS BENEFICIADOS,G,Comércio; Reparação De Veículos Automotores E Motocicletas,46,46893,I,comércio (regra por seção),,,atende,presumido (serviço/comércio leve no Simples; validar)
4689399,COMÉRCIO ATACADISTA ESPECIALIZADO EM OUTROS PRODUTOS INTERMEDIÁRIOS NÃO ESPECIFICADOS ANTERIORMENTE,G,Comércio; Reparação De Veículos Automotores E Motocicletas,46,46893,I,comércio (regra por seção),,,atende,presumido (serviço/comércio leve no Simples; validar)
4691500,"COMÉRCIO ATACADISTA DE MERCADORIAS EM GERAL, COM PREDOMINÂNCIA DE PRODUTOS ALIMENTÍCIOS",G,Comércio; Reparação De Veículos Automotores E Motocicletas,46,46915,I,comércio (regra por seção),,,atende,presumido (serviço/comércio leve no Simples; validar)
4692300,"COMÉRCIO ATACADISTA DE MERCADORIAS EM GERAL, COM PREDOMINÂNCIA DE INSUMOS AGROPECUÁRIOS",G,Comércio; Reparação De Veículos Automotores E Motocicletas,46,46923,I,comércio (regra por seção),,,atende,presumido (serviço/comércio leve no Simples; validar)
4693100,"COMÉRCIO ATACADISTA DE MERCADORIAS EM GERAL, SEM PREDOMINÂNCIA DE ALIMENTOS OU DE INSUMOS AGROPECUÁRIOS",G,Comércio; Reparação De Veículos Automotores E Motocicletas,46,46931,I,comércio (regra por seção),,,atende,presumido (serviço/comércio leve no Simples; validar)
4774100,COMÉRCIO VAREJISTA DE ARTIGOS DE ÓPTICA,G,Comércio; Reparação De Veículos Automotores E Motocicletas,47,47741,I,comércio (regra por seção),,,atende,presumido (serviço/comércio leve no Simples; validar)
4711301,"COMÉRCIO VAREJISTA DE MERCADORIAS EM GERAL, COM PREDOMINÂNCIA DE PRODUTOS ALIMENTÍCIOS   HIPERMERCADOS",G,Comércio; Reparação De Veículos Automotores E Motocicletas,47,47113,I,comércio (regra por seção),,,atende,presumido (serviço/comércio leve no Simples; validar)
4711302,"COMÉRCIO VAREJISTA DE MERCADORIAS EM GERAL, COM PREDOMINÂNCIA DE PRODUTOS ALIMENTÍCIOS - SUPERMERCADOS",G,Comércio; Reparação De Veículos Automotores E Motocicletas,47,47113,I,comércio (regra por seção),,,atende,presumido (serviço/comércio leve no Simples; validar)
4712100,"COMÉRCIO VAREJISTA DE MERCADORIAS EM GERAL, COM PREDOMINÂNCIA DE PRODUTOS ALIMENTÍCIOS - MINIMERCADOS, MERCEARIAS E ARMAZÉNS",G,Comércio; Reparação De Veículos Automotores E Motocicletas,47,47121,I,comércio (regra por seção),,,atende,presumido (serviço/comércio leve no Simples; validar)
4713002,"LOJAS DE VARIEDADES, EXCETO LOJAS DE DEPARTAMENTOS OU MAGAZINES",G,Comércio; Reparação De Veículos Automotores E Motocicletas,47,47130,I,comércio (regra por seção),,,atende,presumido (serviço/comércio leve no Simples; validar)
4721102,PADARIA E CONFEITARIA COM PREDOMINÂNCIA DE REVENDA,G,Comércio; Reparação De Veículos Automotores E Motocicletas,47,47211,I,comércio (regra por seção),,,atende,presumido (serviço/comércio leve no Simples; validar)
4721104,"COMÉRCIO VAREJISTA DE DOCES, BALAS, BOMBONS E SEMELHANTES",G,Comércio; Reparação De Veículos Automotores E Motocicletas,47,47211,I,comércio (regra por seção),,,atende,presumido (serviço/comércio leve no Simples; validar)
4722901,COMÉRCIO VAREJISTA DE CARNES - AÇOUGUES,G,Comércio; Reparação De Veículos Automotores E Motocicletas,47,47229,I,comércio (regra por seção),,,atende,presumido (serviço/comércio leve no Simples; validar)
4722902,PEIXARIA,G,Comércio; Reparação De Veículos Automotores E Motocicletas,47,47229,I,comércio (regra por seção),,,atende,presumido (serviço/comércio leve no Simples; validar)
4723700,COMÉRCIO VAREJISTA DE BEBIDAS,G,Comércio; Reparação De Veículos Automotores E Motocicletas,47,47237,I,comércio (regra por seção),,,atende,presumido (serviço/comércio leve no Simples; validar)
4729602,COMÉRCIO VAREJISTA DE MERCADORIAS EM LOJAS DE CONVENIÊNCIA,G,Comércio; Reparação De Veículos Automotores E Motocicletas,47,47296,I,comércio (regra por seção),,,atende,presumido (serviço/comércio leve no Simples; validar)
4729699,COMÉRCIO VAREJISTA DE PRODUTOS ALIMENTÍCIOS EM GERAL OU ESPECIALIZADO EM PRODUTOS ALIMENTÍCIOS NÃO ESPECIFICADOS ANTERIORMENTE,G,Comércio; Reparação De Veículos Automotores E Motocicletas,47,47296,I,comércio (regra por seção),,,atende,presumido (serviço/comércio leve no Simples; validar)
4731800,COMÉRCIO VAREJISTA DE COMBUSTÍVEIS PARA VEÍCULOS AUTOMOTORES,G,Comércio; Reparação De Veículos Automotores E Motocicletas,47,47318,I,comércio (regra por seção),,,atende,presumido (serviço/comércio leve no Simples; validar)
4742300,COMÉRCIO VAREJISTA DE MATERIAL ELÉTRICO,G,Comércio; Reparação De Veículos Automotores E Motocicletas,47,47423,I,comércio (regra por seção),,,nao,divisão/classe recusada (mapeado das 17 categorias do suporte)
4743100,COMÉRCIO VAREJISTA DE VIDROS,G,Comércio; Reparação De Veículos Automotores E Motocicletas,47,47431,I,comércio (regra por seção),,,nao,divisão/classe recusada (mapeado das 17 categorias do suporte)
4744001,COMÉRCIO VAREJISTA DE FERRAGENS E FERRAMENTAS,G,Comércio; Reparação De Veículos Automotores E Motocicletas,47,47440,I,comércio (regra por seção),,,nao,divisão/classe recusada (mapeado das 17 categorias do suporte)
4744002,COMÉRCIO VAREJISTA DE MADEIRA E ARTEFATOS,G,Comércio; Reparação De Veículos Automotores E Motocicletas,47,47440,I,comércio (regra por seção),,,nao,divisão/classe recusada (mapeado das 17 categorias do suporte)
4744003,COMÉRCIO VAREJISTA DE MATERIAIS HIDRÁULICOS,G,Comércio; Reparação De Veículos Automotores E Motocicletas,47,47440,I,comércio (regra por seção),,,nao,divisão/classe recusada (mapeado das 17 categorias do suporte)
4744004,"COMÉRCIO VAREJISTA DE CAL, AREIA, PEDRA BRITADA, TIJOLOS E TELHAS",G,Comércio; Reparação De Veículos Automotores E Motocicletas,47,47440,I,comércio (regra por seção),,,nao,divisão/classe recusada (mapeado das 17 categorias do suporte)
4744005,COMÉRCIO VAREJISTA DE MATERIAIS DE CONSTRUÇÃO NÃO ESPECIFICADOS ANTERIORMENTE,G,Comércio; Reparação De Veículos Automotores E Motocicletas,47,47440,I,comércio (regra por seção),,,nao,divisão/classe recusada (mapeado das 17 categorias do suporte)
4744006,COMÉRCIO VAREJISTA DE PEDRAS PARA REVESTIMENTO,G,Comércio; Reparação De Veículos Automotores E Motocicletas,47,47440,I,comércio (regra por seção),,,nao,divisão/classe recusada (mapeado das 17 categorias do suporte)
4744099,COMÉRCIO VAREJISTA DE MATERIAIS DE CONSTRUÇÃO EM GERAL,G,Comércio; Reparação De Veículos Automotores E Motocicletas,47,47440,I,comércio (regra por seção),,,nao,divisão/classe recusada (mapeado das 17 categorias do suporte)
4751201,COMÉRCIO VAREJISTA ESPECIALIZADO DE EQUIPAMENTOS E SUPRIMENTOS DE INFORMÁTICA,G,Comércio; Reparação De Veículos Automotores E Motocicletas,47,47512,I,comércio (regra por seção),,,atende,presumido (serviço/comércio leve no Simples; validar)
4751202,RECARGA DE CARTUCHOS PARA EQUIPAMENTOS DE INFORMÁTICA,G,Comércio; Reparação De Veículos Automotores E Motocicletas,47,47512,I,comércio (regra por seção),,,atende,presumido (serviço/comércio leve no Simples; validar)
4752100,COMÉRCIO VAREJISTA ESPECIALIZADO DE EQUIPAMENTOS DE TELEFONIA E COMUNICAÇÃO,G,Comércio; Reparação De Veículos Automotores E Motocicletas,47,47521,I,comércio (regra por seção),,,atende,presumido (serviço/comércio leve no Simples; validar)
4753900,COMÉRCIO VAREJISTA ESPECIALIZADO DE ELETRODOMÉSTICOS E EQUIPAMENTOS DE ÁUDIO E VÍDEO,G,Comércio; Reparação De Veículos Automotores E Motocicletas,47,47539,I,comércio (regra por seção),,,atende,presumido (serviço/comércio leve no Simples; validar)
4754701,COMÉRCIO VAREJISTA DE MÓVEIS,G,Comércio; Reparação De Veículos Automotores E Motocicletas,47,47547,I,comércio (regra por seção),,,atende,presumido (serviço/comércio leve no Simples; validar)
4754702,COMÉRCIO VAREJISTA DE ARTIGOS DE COLCHOARIA,G,Comércio; Reparação De Veículos Automotores E Motocicletas,47,47547,I,comércio (regra por seção),,,atende,presumido (serviço/comércio leve no Simples; validar)
4754703,COMÉRCIO VAREJISTA DE ARTIGOS DE ILUMINAÇÃO,G,Comércio; Reparação De Veículos Automotores E Motocicletas,47,47547,I,comércio (regra por seção),,,atende,presumido (serviço/comércio leve no Simples; validar)
4755501,COMÉRCIO VAREJISTA DE TECIDOS,G,Comércio; Reparação De Veículos Automotores E Motocicletas,47,47555,I,comércio (regra por seção),,,atende,presumido (serviço/comércio leve no Simples; validar)
4755502,COMERCIO VAREJISTA DE ARTIGOS DE ARMARINHO,G,Comércio; Reparação De Veículos Automotores E Motocicletas,47,47555,I,comércio (regra por seção),,,atende,presumido (serviço/comércio leve no Simples; validar)
4755503,"COMERCIO VAREJISTA DE ARTIGOS DE CAMA, MESA E BANHO",G,Comércio; Reparação De Veículos Automotores E Motocicletas,47,47555,I,comércio (regra por seção),,,atende,presumido (serviço/comércio leve no Simples; validar)
4756300,COMÉRCIO VAREJISTA ESPECIALIZADO DE INSTRUMENTOS MUSICAIS E ACESSÓRIOS,G,Comércio; Reparação De Veículos Automotores E Motocicletas,47,47563,I,comércio (regra por seção),,,atende,presumido (serviço/comércio leve no Simples; validar)
5320201,SERVIÇOS DE MALOTE NÃO REALIZADOS PELO CORREIO NACIONAL,H,"Transporte, Armazenagem E Correio",53,53202,III/IV/V*,serviço — anexo exato depende da atividade + Fator R (determinar na camada fiscal),,,nao,divisão/classe recusada (mapeado das 17 categorias do suporte)
4757100,"COMÉRCIO VAREJISTA ESPECIALIZADO DE PEÇAS E ACESSÓRIOS PARA APARELHOS ELETROELETRÔNICOS PARA USO DOMÉSTICO, EXCETO INFORMÁTICA E COMUNICAÇÃO",G,Comércio; Reparação De Veículos Automotores E Motocicletas,47,47571,I,comércio (regra por seção),,,atende,presumido (serviço/comércio leve no Simples; validar)
4759801,"COMÉRCIO VAREJISTA DE ARTIGOS DE TAPEÇARIA, CORTINAS E PERSIANAS",G,Comércio; Reparação De Veículos Automotores E Motocicletas,47,47598,I,comércio (regra por seção),,,atende,presumido (serviço/comércio leve no Simples; validar)
4759899,COMÉRCIO VAREJISTA DE OUTROS ARTIGOS DE USO PESSOAL E DOMÉSTICO NÃO ESPECIFICADOS ANTERIORMENTE,G,Comércio; Reparação De Veículos Automotores E Motocicletas,47,47598,I,comércio (regra por seção),,,atende,presumido (serviço/comércio leve no Simples; validar)
4761001,COMÉRCIO VAREJISTA DE LIVROS,G,Comércio; Reparação De Veículos Automotores E Motocicletas,47,47610,I,comércio (regra por seção),,,atende,presumido (serviço/comércio leve no Simples; validar)
4761002,COMÉRCIO VAREJISTA DE JORNAIS E REVISTAS,G,Comércio; Reparação De Veículos Automotores E Motocicletas,47,47610,I,comércio (regra por seção),,,atende,presumido (serviço/comércio leve no Simples; validar)
4761003,COMÉRCIO VAREJISTA DE ARTIGOS DE PAPELARIA,G,Comércio; Reparação De Veículos Automotores E Motocicletas,47,47610,I,comércio (regra por seção),,,atende,presumido (serviço/comércio leve no Simples; validar)
4762800,"COMÉRCIO VAREJISTA DE DISCOS, CDS, DVDS E FITAS",G,Comércio; Reparação De Veículos Automotores E Motocicletas,47,47628,I,comércio (regra por seção),,,atende,presumido (serviço/comércio leve no Simples; validar)
4763601,COMÉRCIO VAREJISTA DE BRINQUEDOS E ARTIGOS RECREATIVOS,G,Comércio; Reparação De Veículos Automotores E Motocicletas,47,47636,I,comércio (regra por seção),,,atende,presumido (serviço/comércio leve no Simples; validar)
4763602,COMÉRCIO VAREJISTA DE ARTIGOS ESPORTIVOS,G,Comércio; Reparação De Veículos Automotores E Motocicletas,47,47636,I,comércio (regra por seção),,,atende,presumido (serviço/comércio leve no Simples; validar)
4763605,COMÉRCIO VAREJISTA DE EMBARCAÇÕES E OUTROS VEÍCULOS RECREATIVOS; PEÇAS E ACESSÓRIOS,G,Comércio; Reparação De Veículos Automotores E Motocicletas,47,47636,I,comércio (regra por seção),,,atende,presumido (serviço/comércio leve no Simples; validar)
4771701,"COMÉRCIO VAREJISTA DE PRODUTOS FARMACÊUTICOS, SEM MANIPULAÇÃO DE FÓRMULAS",G,Comércio; Reparação De Veículos Automotores E Motocicletas,47,47717,I,comércio (regra por seção),,,nao,divisão/classe recusada (mapeado das 17 categorias do suporte)
4771702,"COMÉRCIO VAREJISTA DE PRODUTOS FARMACÊUTICOS, COM MANIPULAÇÃO DE FÓRMULAS",G,Comércio; Reparação De Veículos Automotores E Motocicletas,47,47717,I,comércio (regra por seção),,,nao,divisão/classe recusada (mapeado das 17 categorias do suporte)
4771703,COMÉRCIO VAREJISTA DE PRODUTOS FARMACÊUTICOS HOMEOPÁTICOS,G,Comércio; Reparação De Veículos Automotores E Motocicletas,47,47717,I,comércio (regra por seção),,,nao,divisão/classe recusada (mapeado das 17 categorias do suporte)
4771704,COMÉRCIO VAREJISTA DE MEDICAMENTOS VETERINÁRIOS,G,Comércio; Reparação De Veículos Automotores E Motocicletas,47,47717,I,comércio (regra por seção),,,nao,divisão/classe recusada (mapeado das 17 categorias do suporte)
4772500,"COMÉRCIO VAREJISTA DE COSMÉTICOS, PRODUTOS DE PERFUMARIA E DE HIGIENE PESSOAL",G,Comércio; Reparação De Veículos Automotores E Motocicletas,47,47725,I,comércio (regra por seção),,,atende,presumido (serviço/comércio leve no Simples; validar)
4773300,COMÉRCIO VAREJISTA DE ARTIGOS MÉDICOS E ORTOPÉDICOS,G,Comércio; Reparação De Veículos Automotores E Motocicletas,47,47733,I,comércio (regra por seção),,,atende,presumido (serviço/comércio leve no Simples; validar)
4781400,COMÉRCIO VAREJISTA DE ARTIGOS DO VESTUÁRIO E ACESSÓRIOS,G,Comércio; Reparação De Veículos Automotores E Motocicletas,47,47814,I,comércio (regra por seção),,,atende,presumido (serviço/comércio leve no Simples; validar)
4782201,COMÉRCIO VAREJISTA DE CALÇADOS,G,Comércio; Reparação De Veículos Automotores E Motocicletas,47,47822,I,comércio (regra por seção),,,atende,presumido (serviço/comércio leve no Simples; validar)
4782202,COMÉRCIO VAREJISTA DE ARTIGOS DE VIAGEM,G,Comércio; Reparação De Veículos Automotores E Motocicletas,47,47822,I,comércio (regra por seção),,,atende,presumido (serviço/comércio leve no Simples; validar)
4783101,COMÉRCIO VAREJISTA DE ARTIGOS DE JOALHERIA,G,Comércio; Reparação De Veículos Automotores E Motocicletas,47,47831,I,comércio (regra por seção),,,atende,presumido (serviço/comércio leve no Simples; validar)
4783102,COMÉRCIO VAREJISTA DE ARTIGOS DE RELOJOARIA,G,Comércio; Reparação De Veículos Automotores E Motocicletas,47,47831,I,comércio (regra por seção),,,atende,presumido (serviço/comércio leve no Simples; validar)
4784900,COMÉRCIO VAREJISTA DE GÁS LIQÜEFEITO DE PETRÓLEO (GLP),G,Comércio; Reparação De Veículos Automotores E Motocicletas,47,47849,I,comércio (regra por seção),,,atende,presumido (serviço/comércio leve no Simples; validar)
4785701,COMÉRCIO VAREJISTA DE ANTIGÜIDADES,G,Comércio; Reparação De Veículos Automotores E Motocicletas,47,47857,I,comércio (regra por seção),,,atende,presumido (serviço/comércio leve no Simples; validar)
4785799,COMÉRCIO VAREJISTA DE OUTROS ARTIGOS USADOS,G,Comércio; Reparação De Veículos Automotores E Motocicletas,47,47857,I,comércio (regra por seção),,,atende,presumido (serviço/comércio leve no Simples; validar)
4789001,"COMÉRCIO VAREJISTA DE SUVENIRES, BIJUTERIAS E ARTESANATOS",G,Comércio; Reparação De Veículos Automotores E Motocicletas,47,47890,I,comércio (regra por seção),,,atende,presumido (serviço/comércio leve no Simples; validar)
4789002,COMÉRCIO VAREJISTA DE PLANTAS E FLORES NATURAIS,G,Comércio; Reparação De Veículos Automotores E Motocicletas,47,47890,I,comércio (regra por seção),,,atende,presumido (serviço/comércio leve no Simples; validar)
4789003,COMÉRCIO VAREJISTA DE OBJETOS DE ARTE,G,Comércio; Reparação De Veículos Automotores E Motocicletas,47,47890,I,comércio (regra por seção),,,atende,presumido (serviço/comércio leve no Simples; validar)
4789004,COMÉRCIO VAREJISTA DE ANIMAIS VIVOS E DE ARTIGOS E ALIMENTOS PARA ANIMAIS DE ESTIMAÇÃO,G,Comércio; Reparação De Veículos Automotores E Motocicletas,47,47890,I,comércio (regra por seção),,,atende,presumido (serviço/comércio leve no Simples; validar)
4789005,COMÉRCIO VAREJISTA DE PRODUTOS SANEANTES DOMISSANITÁRIOS,G,Comércio; Reparação De Veículos Automotores E Motocicletas,47,47890,I,comércio (regra por seção),,,atende,presumido (serviço/comércio leve no Simples; validar)
4789006,COMÉRCIO VAREJISTA DE FOGOS DE ARTIFÍCIO E ARTIGOS PIROTÉCNICOS,G,Comércio; Reparação De Veículos Automotores E Motocicletas,47,47890,I,comércio (regra por seção),,,atende,presumido (serviço/comércio leve no Simples; validar)
4789007,COMÉRCIO VAREJISTA DE EQUIPAMENTOS PARA ESCRITÓRIO,G,Comércio; Reparação De Veículos Automotores E Motocicletas,47,47890,I,comércio (regra por seção),,,atende,presumido (serviço/comércio leve no Simples; validar)
4789008,COMÉRCIO VAREJISTA DE ARTIGOS FOTOGRÁFICOS E PARA FILMAGEM,G,Comércio; Reparação De Veículos Automotores E Motocicletas,47,47890,I,comércio (regra por seção),,,atende,presumido (serviço/comércio leve no Simples; validar)
4789009,COMÉRCIO VAREJISTA DE ARMAS E MUNIÇÕES,G,Comércio; Reparação De Veículos Automotores E Motocicletas,47,47890,I,comércio (regra por seção),,,atende,presumido (serviço/comércio leve no Simples; validar)
4789099,COMÉRCIO VAREJISTA DE OUTROS PRODUTOS NÃO ESPECIFICADOS ANTERIORMENTE,G,Comércio; Reparação De Veículos Automotores E Motocicletas,47,47890,I,comércio (regra por seção),,,atende,presumido (serviço/comércio leve no Simples; validar)
4911600,TRANSPORTE FERROVIÁRIO DE CARGA,H,"Transporte, Armazenagem E Correio",49,49116,III/IV/V*,serviço — anexo exato depende da atividade + Fator R (determinar na camada fiscal),,,nao,divisão/classe recusada (mapeado das 17 categorias do suporte)
4912401,TRANSPORTE FERROVIÁRIO DE PASSAGEIROS INTERMUNICIPAL E INTERESTADUAL,H,"Transporte, Armazenagem E Correio",49,49124,III/IV/V*,serviço — anexo exato depende da atividade + Fator R (determinar na camada fiscal),,,nao,divisão/classe recusada (mapeado das 17 categorias do suporte)
4912402,TRANSPORTE FERROVIÁRIO DE PASSAGEIROS MUNICIPAL E EM REGIÃO METROPOLITANA,H,"Transporte, Armazenagem E Correio",49,49124,III/IV/V*,serviço — anexo exato depende da atividade + Fator R (determinar na camada fiscal),,,nao,divisão/classe recusada (mapeado das 17 categorias do suporte)
4912403,TRANSPORTE METROVIÁRIO,H,"Transporte, Armazenagem E Correio",49,49124,III/IV/V*,serviço — anexo exato depende da atividade + Fator R (determinar na camada fiscal),,,nao,divisão/classe recusada (mapeado das 17 categorias do suporte)
4921301,"TRANSPORTE RODOVIÁRIO COLETIVO DE PASSAGEIROS, COM ITINERÁRIO FIXO, MUNICIPAL",H,"Transporte, Armazenagem E Correio",49,49213,III/IV/V*,serviço — anexo exato depende da atividade + Fator R (determinar na camada fiscal),,,nao,divisão/classe recusada (mapeado das 17 categorias do suporte)
4921302,"TRANSPORTE RODOVIÁRIO COLETIVO DE PASSAGEIROS, COM ITINERÁRIO FIXO, INTERMUNICIPAL EM REGIÃO METROPOLITANA",H,"Transporte, Armazenagem E Correio",49,49213,III/IV/V*,serviço — anexo exato depende da atividade + Fator R (determinar na camada fiscal),,,nao,divisão/classe recusada (mapeado das 17 categorias do suporte)
4922101,"TRANSPORTE RODOVIÁRIO COLETIVO DE PASSAGEIROS, COM ITINERÁRIO FIXO, INTERMUNICIPAL, EXCETO EM REGIÃO METROPOLITANA",H,"Transporte, Armazenagem E Correio",49,49221,III/IV/V*,serviço — anexo exato depende da atividade + Fator R (determinar na camada fiscal),,,nao,divisão/classe recusada (mapeado das 17 categorias do suporte)
4922102,"TRANSPORTE RODOVIÁRIO COLETIVO DE PASSAGEIROS, COM ITINERÁRIO FIXO, INTERESTADUAL",H,"Transporte, Armazenagem E Correio",49,49221,III/IV/V*,serviço — anexo exato depende da atividade + Fator R (determinar na camada fiscal),,,nao,divisão/classe recusada (mapeado das 17 categorias do suporte)
4922103,"TRANSPORTE RODOVIÁRIO COLETIVO DE PASSAGEIROS, COM ITINERÁRIO FIXO, INTERNACIONAL",H,"Transporte, Armazenagem E Correio",49,49221,III/IV/V*,serviço — anexo exato depende da atividade + Fator R (determinar na camada fiscal),,,nao,divisão/classe recusada (mapeado das 17 categorias do suporte)
4923001,SERVIÇO DE TÁXI,H,"Transporte, Armazenagem E Correio",49,49230,III/IV/V*,serviço — anexo exato depende da atividade + Fator R (determinar na camada fiscal),,,nao,divisão/classe recusada (mapeado das 17 categorias do suporte)
4923002,SERVIÇO DE TRANSPORTE DE PASSAGEIROS - LOCAÇÃO DE AUTOMÓVEIS COM MOTORISTA,H,"Transporte, Armazenagem E Correio",49,49230,III/IV/V*,serviço — anexo exato depende da atividade + Fator R (determinar na camada fiscal),,,nao,divisão/classe recusada (mapeado das 17 categorias do suporte)
4929901,"TRANSPORTE RODOVIÁRIO COLETIVO DE PASSAGEIROS, SOB REGIME DE FRETAMENTO, MUNICIPAL",H,"Transporte, Armazenagem E Correio",49,49299,III/IV/V*,serviço — anexo exato depende da atividade + Fator R (determinar na camada fiscal),,,nao,divisão/classe recusada (mapeado das 17 categorias do suporte)
4929903,"ORGANIZAÇÃO DE EXCURSÕES EM VEÍCULOS RODOVIÁRIOS PRÓPRIOS, MUNICIPAL",H,"Transporte, Armazenagem E Correio",49,49299,III/IV/V*,serviço — anexo exato depende da atividade + Fator R (determinar na camada fiscal),,,nao,divisão/classe recusada (mapeado das 17 categorias do suporte)
4929904,"ORGANIZAÇÃO DE EXCURSÕES EM VEÍCULOS RODOVIÁRIOS PRÓPRIOS, INTERMUNICIPAL, INTERESTADUAL E INTERNACIONAL",H,"Transporte, Armazenagem E Correio",49,49299,III/IV/V*,serviço — anexo exato depende da atividade + Fator R (determinar na camada fiscal),,,nao,divisão/classe recusada (mapeado das 17 categorias do suporte)
4929999,OUTROS TRANSPORTES RODOVIÁRIOS DE PASSAGEIROS NÃO ESPECIFICADOS ANTERIORMENTE,H,"Transporte, Armazenagem E Correio",49,49299,III/IV/V*,serviço — anexo exato depende da atividade + Fator R (determinar na camada fiscal),,,nao,divisão/classe recusada (mapeado das 17 categorias do suporte)
4930201,"TRANSPORTE RODOVIÁRIO DE CARGA, EXCETO PRODUTOS PERIGOSOS E MUDANÇAS, MUNICIPAL",H,"Transporte, Armazenagem E Correio",49,49302,III/IV/V*,serviço — anexo exato depende da atividade + Fator R (determinar na camada fiscal),,,nao,divisão/classe recusada (mapeado das 17 categorias do suporte)
4930202,"TRANSPORTE RODOVIÁRIO DE CARGA, EXCETO PRODUTOS PERIGOSOS E MUDANÇAS, INTERMUNICIPAL, INTERESTADUAL E INTERNACIONAL",H,"Transporte, Armazenagem E Correio",49,49302,III/IV/V*,serviço — anexo exato depende da atividade + Fator R (determinar na camada fiscal),,,nao,divisão/classe recusada (mapeado das 17 categorias do suporte)
4930203,TRANSPORTE RODOVIÁRIO DE PRODUTOS PERIGOSOS,H,"Transporte, Armazenagem E Correio",49,49302,III/IV/V*,serviço — anexo exato depende da atividade + Fator R (determinar na camada fiscal),,,nao,divisão/classe recusada (mapeado das 17 categorias do suporte)
4930204,TRANSPORTE RODOVIÁRIO DE MUDANÇAS,H,"Transporte, Armazenagem E Correio",49,49302,III/IV/V*,serviço — anexo exato depende da atividade + Fator R (determinar na camada fiscal),,,nao,divisão/classe recusada (mapeado das 17 categorias do suporte)
4940000,TRANSPORTE DUTOVIÁRIO,H,"Transporte, Armazenagem E Correio",49,49400,III/IV/V*,serviço — anexo exato depende da atividade + Fator R (determinar na camada fiscal),,,nao,divisão/classe recusada (mapeado das 17 categorias do suporte)
4950700,"TRENS TURÍSTICOS, TELEFÉRICOS E SIMILARES",H,"Transporte, Armazenagem E Correio",49,49507,III/IV/V*,serviço — anexo exato depende da atividade + Fator R (determinar na camada fiscal),,,nao,divisão/classe recusada (mapeado das 17 categorias do suporte)
5011401,TRANSPORTE MARÍTIMO DE CABOTAGEM - CARGA,H,"Transporte, Armazenagem E Correio",50,50114,III/IV/V*,serviço — anexo exato depende da atividade + Fator R (determinar na camada fiscal),,,nao,divisão/classe recusada (mapeado das 17 categorias do suporte)
5011402,TRANSPORTE MARÍTIMO DE CABOTAGEM - PASSAGEIROS,H,"Transporte, Armazenagem E Correio",50,50114,III/IV/V*,serviço — anexo exato depende da atividade + Fator R (determinar na camada fiscal),,,nao,divisão/classe recusada (mapeado das 17 categorias do suporte)
5012201,TRANSPORTE MARÍTIMO DE LONGO CURSO - CARGA,H,"Transporte, Armazenagem E Correio",50,50122,III/IV/V*,serviço — anexo exato depende da atividade + Fator R (determinar na camada fiscal),,,nao,divisão/classe recusada (mapeado das 17 categorias do suporte)
5012202,TRANSPORTE MARÍTIMO DE LONGO CURSO - PASSAGEIROS,H,"Transporte, Armazenagem E Correio",50,50122,III/IV/V*,serviço — anexo exato depende da atividade + Fator R (determinar na camada fiscal),,,nao,divisão/classe recusada (mapeado das 17 categorias do suporte)
6612602,DISTRIBUIDORAS DE TÍTULOS E VALORES MOBILIÁRIOS,K,"Atividades Financeiras, De Seguros E Serviços Relacionados",66,66126,III/IV/V*,serviço — anexo exato depende da atividade + Fator R (determinar na camada fiscal),,,nao,divisão/classe recusada (mapeado das 17 categorias do suporte)
5021101,"TRANSPORTE POR NAVEGAÇÃO INTERIOR DE CARGA, MUNICIPAL, EXCETO TRAVESSIA",H,"Transporte, Armazenagem E Correio",50,50211,III/IV/V*,serviço — anexo exato depende da atividade + Fator R (determinar na camada fiscal),,,nao,divisão/classe recusada (mapeado das 17 categorias do suporte)
5021102,"TRANSPORTE POR NAVEGAÇÃO INTERIOR DE CARGA, INTERMUNICIPAL, INTERESTADUAL E INTERNACIONAL, EXCETO TRAVESSIA",H,"Transporte, Armazenagem E Correio",50,50211,III/IV/V*,serviço — anexo exato depende da atividade + Fator R (determinar na camada fiscal),,,nao,divisão/classe recusada (mapeado das 17 categorias do suporte)
5022001,"TRANSPORTE POR NAVEGAÇÃO INTERIOR DE PASSAGEIROS EM LINHAS REGULARES, MUNICIPAL, EXCETO TRAVESSIA",H,"Transporte, Armazenagem E Correio",50,50220,III/IV/V*,serviço — anexo exato depende da atividade + Fator R (determinar na camada fiscal),,,nao,divisão/classe recusada (mapeado das 17 categorias do suporte)
5022002,"TRANSPORTE POR NAVEGAÇÃO INTERIOR DE PASSAGEIROS EM LINHAS REGULARES, INTERMUNICIPAL, INTERESTADUAL E INTERNACIONAL, EXCETO TRAVESSIA",H,"Transporte, Armazenagem E Correio",50,50220,III/IV/V*,serviço — anexo exato depende da atividade + Fator R (determinar na camada fiscal),,,nao,divisão/classe recusada (mapeado das 17 categorias do suporte)
5030101,NAVEGAÇÃO DE APOIO MARÍTIMO,H,"Transporte, Armazenagem E Correio",50,50301,III/IV/V*,serviço — anexo exato depende da atividade + Fator R (determinar na camada fiscal),,,nao,divisão/classe recusada (mapeado das 17 categorias do suporte)
5030102,NAVEGAÇÃO DE APOIO PORTUÁRIO,H,"Transporte, Armazenagem E Correio",50,50301,III/IV/V*,serviço — anexo exato depende da atividade + Fator R (determinar na camada fiscal),,,nao,divisão/classe recusada (mapeado das 17 categorias do suporte)
5030103,SERVIÇO DE REBOCADORES E EMPURRADORES,H,"Transporte, Armazenagem E Correio",50,50301,III/IV/V*,serviço — anexo exato depende da atividade + Fator R (determinar na camada fiscal),,,nao,divisão/classe recusada (mapeado das 17 categorias do suporte)
5091201,"TRANSPORTE POR NAVEGAÇÃO DE TRAVESSIA, MUNICIPAL",H,"Transporte, Armazenagem E Correio",50,50912,III/IV/V*,serviço — anexo exato depende da atividade + Fator R (determinar na camada fiscal),,,nao,divisão/classe recusada (mapeado das 17 categorias do suporte)
5091202,"TRANSPORTE POR NAVEGAÇÃO DE TRAVESSIA INTERMUNICIPAL, INTERESTADUAL E INTERNACIONAL",H,"Transporte, Armazenagem E Correio",50,50912,III/IV/V*,serviço — anexo exato depende da atividade + Fator R (determinar na camada fiscal),,,nao,divisão/classe recusada (mapeado das 17 categorias do suporte)
5099801,TRANSPORTE AQUAVIÁRIO PARA PASSEIOS TURÍSTICOS,H,"Transporte, Armazenagem E Correio",50,50998,III/IV/V*,serviço — anexo exato depende da atividade + Fator R (determinar na camada fiscal),,,nao,divisão/classe recusada (mapeado das 17 categorias do suporte)
5099899,OUTROS TRANSPORTES AQUAVIÁRIOS NÃO ESPECIFICADOS ANTERIORMENTE,H,"Transporte, Armazenagem E Correio",50,50998,III/IV/V*,serviço — anexo exato depende da atividade + Fator R (determinar na camada fiscal),,,nao,divisão/classe recusada (mapeado das 17 categorias do suporte)
5111100,TRANSPORTE AÉREO DE PASSAGEIROS REGULAR,H,"Transporte, Armazenagem E Correio",51,51111,III/IV/V*,serviço — anexo exato depende da atividade + Fator R (determinar na camada fiscal),,,nao,divisão/classe recusada (mapeado das 17 categorias do suporte)
5112901,SERVIÇO DE TÁXI AÉREO E LOCAÇÃO DE AERONAVES COM TRIPULAÇÃO,H,"Transporte, Armazenagem E Correio",51,51129,III/IV/V*,serviço — anexo exato depende da atividade + Fator R (determinar na camada fiscal),,,nao,divisão/classe recusada (mapeado das 17 categorias do suporte)
5112999,OUTROS SERVIÇOS DE TRANSPORTE AÉREO DE PASSAGEIROS NÃO REGULAR,H,"Transporte, Armazenagem E Correio",51,51129,III/IV/V*,serviço — anexo exato depende da atividade + Fator R (determinar na camada fiscal),,,nao,divisão/classe recusada (mapeado das 17 categorias do suporte)
5120000,TRANSPORTE AÉREO DE CARGA,H,"Transporte, Armazenagem E Correio",51,51200,III/IV/V*,serviço — anexo exato depende da atividade + Fator R (determinar na camada fiscal),,,nao,divisão/classe recusada (mapeado das 17 categorias do suporte)
5130700,TRANSPORTE ESPACIAL,H,"Transporte, Armazenagem E Correio",51,51307,III/IV/V*,serviço — anexo exato depende da atividade + Fator R (determinar na camada fiscal),,,nao,divisão/classe recusada (mapeado das 17 categorias do suporte)
5211701,ARMAZÉNS GERAIS - EMISSÃO DE WARRANT,H,"Transporte, Armazenagem E Correio",52,52117,III/IV/V*,serviço — anexo exato depende da atividade + Fator R (determinar na camada fiscal),,,atende,presumido (serviço/comércio leve no Simples; validar)
5211702,GUARDA MÓVEIS,H,"Transporte, Armazenagem E Correio",52,52117,III/IV/V*,serviço — anexo exato depende da atividade + Fator R (determinar na camada fiscal),,,atende,presumido (serviço/comércio leve no Simples; validar)
6612603,CORRETORAS DE CÂMBIO,K,"Atividades Financeiras, De Seguros E Serviços Relacionados",66,66126,III/IV/V*,serviço — anexo exato depende da atividade + Fator R (determinar na camada fiscal),,,nao,divisão/classe recusada (mapeado das 17 categorias do suporte)
5211799,"DEPÓSITOS DE MERCADORIAS PARA TERCEIROS, EXCETO ARMAZÉNS GERAIS E GUARDA MÓVEIS",H,"Transporte, Armazenagem E Correio",52,52117,III/IV/V*,serviço — anexo exato depende da atividade + Fator R (determinar na camada fiscal),,,atende,presumido (serviço/comércio leve no Simples; validar)
5212500,CARGA E DESCARGA,H,"Transporte, Armazenagem E Correio",52,52125,III/IV/V*,serviço — anexo exato depende da atividade + Fator R (determinar na camada fiscal),,,atende,presumido (serviço/comércio leve no Simples; validar)
5221400,"CONCESSIONÁRIAS DE RODOVIAS, PONTES, TÚNEIS E SERVIÇOS RELACIONADOS",H,"Transporte, Armazenagem E Correio",52,52214,III/IV/V*,serviço — anexo exato depende da atividade + Fator R (determinar na camada fiscal),,,atende,presumido (serviço/comércio leve no Simples; validar)
5222200,TERMINAIS RODOVIÁRIOS E FERROVIÁRIOS,H,"Transporte, Armazenagem E Correio",52,52222,III/IV/V*,serviço — anexo exato depende da atividade + Fator R (determinar na camada fiscal),,,atende,presumido (serviço/comércio leve no Simples; validar)
5223100,ESTACIONAMENTO DE VEÍCULOS,H,"Transporte, Armazenagem E Correio",52,52231,III/IV/V*,serviço — anexo exato depende da atividade + Fator R (determinar na camada fiscal),,,atende,presumido (serviço/comércio leve no Simples; validar)
5229001,"SERVIÇOS DE APOIO AO TRANSPORTE POR TÁXI, INCLUSIVE CENTRAIS DE CHAMADA",H,"Transporte, Armazenagem E Correio",52,52290,III/IV/V*,serviço — anexo exato depende da atividade + Fator R (determinar na camada fiscal),,,atende,presumido (serviço/comércio leve no Simples; validar)
5229002,SERVIÇOS DE REBOQUE DE VEÍCULOS,H,"Transporte, Armazenagem E Correio",52,52290,III/IV/V*,serviço — anexo exato depende da atividade + Fator R (determinar na camada fiscal),,,atende,presumido (serviço/comércio leve no Simples; validar)
8650006,ATIVIDADES DE FONOAUDIOLOGIA,Q,Saúde Humana E Serviços Sociais,86,86500,III/IV/V*,serviço — anexo exato depende da atividade + Fator R (determinar na camada fiscal),,,condicao,regulamentada — exige responsável técnico + conselho
5229099,OUTRAS ATIVIDADES AUXILIARES DOS TRANSPORTES TERRESTRES NÃO ESPECIFICADAS ANTERIORMENTE,H,"Transporte, Armazenagem E Correio",52,52290,III/IV/V*,serviço — anexo exato depende da atividade + Fator R (determinar na camada fiscal),,,atende,presumido (serviço/comércio leve no Simples; validar)
5231101,ADMINISTRAÇÃO DA INFRAESTRUTURA PORTUÁRIA,H,"Transporte, Armazenagem E Correio",52,52311,III/IV/V*,serviço — anexo exato depende da atividade + Fator R (determinar na camada fiscal),,,atende,presumido (serviço/comércio leve no Simples; validar)
5231102,ATIVIDADES DO OPERADOR PORTUÁRIO,H,"Transporte, Armazenagem E Correio",52,52311,III/IV/V*,serviço — anexo exato depende da atividade + Fator R (determinar na camada fiscal),,,atende,presumido (serviço/comércio leve no Simples; validar)
5231103,GESTÃO DE TERMINAIS AQUAVIÁRIOS,H,"Transporte, Armazenagem E Correio",52,52311,III/IV/V*,serviço — anexo exato depende da atividade + Fator R (determinar na camada fiscal),,,atende,presumido (serviço/comércio leve no Simples; validar)
5232000,ATIVIDADES DE AGENCIAMENTO MARÍTIMO,H,"Transporte, Armazenagem E Correio",52,52320,III/IV/V*,serviço — anexo exato depende da atividade + Fator R (determinar na camada fiscal),,,atende,presumido (serviço/comércio leve no Simples; validar)
5239701,SERVIÇOS DE PRATICAGEM,H,"Transporte, Armazenagem E Correio",52,52397,III/IV/V*,serviço — anexo exato depende da atividade + Fator R (determinar na camada fiscal),,,atende,presumido (serviço/comércio leve no Simples; validar)
5239799,ATIVIDADES AUXILIARES DOS TRANSPORTES AQUAVIÁRIOS NÃO ESPECIFICADAS ANTERIORMENTE,H,"Transporte, Armazenagem E Correio",52,52397,III/IV/V*,serviço — anexo exato depende da atividade + Fator R (determinar na camada fiscal),,,atende,presumido (serviço/comércio leve no Simples; validar)
5240101,OPERAÇÃO DOS AEROPORTOS E CAMPOS DE ATERRISSAGEM,H,"Transporte, Armazenagem E Correio",52,52401,III/IV/V*,serviço — anexo exato depende da atividade + Fator R (determinar na camada fiscal),,,atende,presumido (serviço/comércio leve no Simples; validar)
5620101,FORNECIMENTO DE ALIMENTOS PREPARADOS PREPONDERANTEMENTE PARA EMPRESAS,I,Alojamento E Alimentação,56,56201,III/IV/V*,serviço — anexo exato depende da atividade + Fator R (determinar na camada fiscal),,,atende,presumido (serviço/comércio leve no Simples; validar)
5620103,CANTINAS - SERVIÇOS DE ALIMENTAÇÃO PRIVATIVOS,I,Alojamento E Alimentação,56,56201,III/IV/V*,serviço — anexo exato depende da atividade + Fator R (determinar na camada fiscal),,,atende,presumido (serviço/comércio leve no Simples; validar)
5620104,FORNECIMENTO DE ALIMENTOS PREPARADOS PREPONDERANTEMENTE PARA CONSUMO DOMICILIAR,I,Alojamento E Alimentação,56,56201,III/IV/V*,serviço — anexo exato depende da atividade + Fator R (determinar na camada fiscal),,,atende,presumido (serviço/comércio leve no Simples; validar)
5240199,"ATIVIDADES AUXILIARES DOS TRANSPORTES AÉREOS, EXCETO OPERAÇÃO DOS AEROPORTOS E CAMPOS DE ATERRISSAGEM",H,"Transporte, Armazenagem E Correio",52,52401,III/IV/V*,serviço — anexo exato depende da atividade + Fator R (determinar na camada fiscal),,,atende,presumido (serviço/comércio leve no Simples; validar)
5250801,COMISSARIA DE DESPACHOS,H,"Transporte, Armazenagem E Correio",52,52508,III/IV/V*,serviço — anexo exato depende da atividade + Fator R (determinar na camada fiscal),,,atende,presumido (serviço/comércio leve no Simples; validar)
5250802,ATIVIDADES DE DESPACHANTES ADUANEIROS,H,"Transporte, Armazenagem E Correio",52,52508,III/IV/V*,serviço — anexo exato depende da atividade + Fator R (determinar na camada fiscal),,,atende,presumido (serviço/comércio leve no Simples; validar)
5250803,"AGENCIAMENTO DE CARGAS, EXCETO PARA O TRANSPORTE MARÍTIMO",H,"Transporte, Armazenagem E Correio",52,52508,III/IV/V*,serviço — anexo exato depende da atividade + Fator R (determinar na camada fiscal),,,atende,presumido (serviço/comércio leve no Simples; validar)
5250804,ORGANIZAÇÃO LOGÍSTICA DO TRANSPORTE DE CARGA,H,"Transporte, Armazenagem E Correio",52,52508,III/IV/V*,serviço — anexo exato depende da atividade + Fator R (determinar na camada fiscal),,,atende,presumido (serviço/comércio leve no Simples; validar)
5250805,OPERADOR DE TRANSPORTE MULTIMODAL - OTM,H,"Transporte, Armazenagem E Correio",52,52508,III/IV/V*,serviço — anexo exato depende da atividade + Fator R (determinar na camada fiscal),,,atende,presumido (serviço/comércio leve no Simples; validar)
5310501,ATIVIDADES DO CORREIO NACIONAL,H,"Transporte, Armazenagem E Correio",53,53105,III/IV/V*,serviço — anexo exato depende da atividade + Fator R (determinar na camada fiscal),,,nao,divisão/classe recusada (mapeado das 17 categorias do suporte)
5310502,ATIVIDADES DE FRANQUEADAS DO CORREIO NACIONAL,H,"Transporte, Armazenagem E Correio",53,53105,III/IV/V*,serviço — anexo exato depende da atividade + Fator R (determinar na camada fiscal),,,nao,divisão/classe recusada (mapeado das 17 categorias do suporte)
5320202,SERVIÇOS DE ENTREGA RÁPIDA,H,"Transporte, Armazenagem E Correio",53,53202,III/IV/V*,serviço — anexo exato depende da atividade + Fator R (determinar na camada fiscal),,,nao,divisão/classe recusada (mapeado das 17 categorias do suporte)
5510801,HOTÉIS,I,Alojamento E Alimentação,55,55108,III/IV/V*,serviço — anexo exato depende da atividade + Fator R (determinar na camada fiscal),,,nao,divisão/classe recusada (mapeado das 17 categorias do suporte)
5510802,APART HOTÉIS,I,Alojamento E Alimentação,55,55108,III/IV/V*,serviço — anexo exato depende da atividade + Fator R (determinar na camada fiscal),,,nao,divisão/classe recusada (mapeado das 17 categorias do suporte)
5510803,MOTÉIS,I,Alojamento E Alimentação,55,55108,III/IV/V*,serviço — anexo exato depende da atividade + Fator R (determinar na camada fiscal),,,nao,divisão/classe recusada (mapeado das 17 categorias do suporte)
5590601,"ALBERGUES, EXCETO ASSISTENCIAIS",I,Alojamento E Alimentação,55,55906,III/IV/V*,serviço — anexo exato depende da atividade + Fator R (determinar na camada fiscal),,,nao,divisão/classe recusada (mapeado das 17 categorias do suporte)
5590602,CAMPINGS,I,Alojamento E Alimentação,55,55906,III/IV/V*,serviço — anexo exato depende da atividade + Fator R (determinar na camada fiscal),,,nao,divisão/classe recusada (mapeado das 17 categorias do suporte)
5590603,PENSÕES(ALOJAMENTO),I,Alojamento E Alimentação,55,55906,III/IV/V*,serviço — anexo exato depende da atividade + Fator R (determinar na camada fiscal),,,nao,divisão/classe recusada (mapeado das 17 categorias do suporte)
5590699,OUTROS ALOJAMENTOS NÃO ESPECIFICADOS ANTERIORMENTE,I,Alojamento E Alimentação,55,55906,III/IV/V*,serviço — anexo exato depende da atividade + Fator R (determinar na camada fiscal),,,nao,divisão/classe recusada (mapeado das 17 categorias do suporte)
5611201,RESTAURANTES E SIMILARES,I,Alojamento E Alimentação,56,56112,III/IV/V*,serviço — anexo exato depende da atividade + Fator R (determinar na camada fiscal),,,atende,presumido (serviço/comércio leve no Simples; validar)
5611203,"LANCHONETES, CASAS DE CHÁ, DE SUCOS E SIMILARES",I,Alojamento E Alimentação,56,56112,III/IV/V*,serviço — anexo exato depende da atividade + Fator R (determinar na camada fiscal),,,atende,presumido (serviço/comércio leve no Simples; validar)
5612100,SERVIÇOS AMBULANTES DE ALIMENTAÇÃO,I,Alojamento E Alimentação,56,56121,III/IV/V*,serviço — anexo exato depende da atividade + Fator R (determinar na camada fiscal),,,atende,presumido (serviço/comércio leve no Simples; validar)
5811500,EDIÇÃO DE LIVROS,J,Informação E Comunicação,58,58115,III/IV/V*,serviço — anexo exato depende da atividade + Fator R (determinar na camada fiscal),,,atende,presumido (serviço/comércio leve no Simples; validar)
5812301,EDIÇÃO DE JORNAIS DIÁRIOS,J,Informação E Comunicação,58,58123,III/IV/V*,serviço — anexo exato depende da atividade + Fator R (determinar na camada fiscal),,,atende,presumido (serviço/comércio leve no Simples; validar)
5812302,EDIÇÃO DE JORNAIS NÃO DIÁRIOS,J,Informação E Comunicação,58,58123,III/IV/V*,serviço — anexo exato depende da atividade + Fator R (determinar na camada fiscal),,,atende,presumido (serviço/comércio leve no Simples; validar)
5813100,EDIÇÃO DE REVISTAS,J,Informação E Comunicação,58,58131,III/IV/V*,serviço — anexo exato depende da atividade + Fator R (determinar na camada fiscal),,,atende,presumido (serviço/comércio leve no Simples; validar)
6201502,WEB DESIGN,J,Informação E Comunicação,62,62015,III/IV/V*,serviço — anexo exato depende da atividade + Fator R (determinar na camada fiscal),,,atende,presumido (serviço/comércio leve no Simples; validar)
5819100,"EDIÇÃO DE CADASTROS, LISTAS E DE OUTROS PRODUTOS GRÁFICOS",J,Informação E Comunicação,58,58191,III/IV/V*,serviço — anexo exato depende da atividade + Fator R (determinar na camada fiscal),,,atende,presumido (serviço/comércio leve no Simples; validar)
5821200,EDIÇÃO INTEGRADA À IMPRESSÃO DE LIVROS,J,Informação E Comunicação,58,58212,III/IV/V*,serviço — anexo exato depende da atividade + Fator R (determinar na camada fiscal),,,atende,presumido (serviço/comércio leve no Simples; validar)
5822101,EDIÇÃO INTEGRADA À IMPRESSÃO DE JORNAIS DIÁRIOS,J,Informação E Comunicação,58,58221,III/IV/V*,serviço — anexo exato depende da atividade + Fator R (determinar na camada fiscal),,,atende,presumido (serviço/comércio leve no Simples; validar)
5822102,EDIÇÃO INTEGRADA À IMPRESSÃO DE JORNAIS NÃO DIÁRIOS,J,Informação E Comunicação,58,58221,III/IV/V*,serviço — anexo exato depende da atividade + Fator R (determinar na camada fiscal),,,atende,presumido (serviço/comércio leve no Simples; validar)
5823900,EDIÇÃO INTEGRADA À IMPRESSÃO DE REVISTAS,J,Informação E Comunicação,58,58239,III/IV/V*,serviço — anexo exato depende da atividade + Fator R (determinar na camada fiscal),,,atende,presumido (serviço/comércio leve no Simples; validar)
5829800,"EDIÇÃO INTEGRADA À IMPRESSÃO DE CADASTROS, LISTAS E DE OUTROS PRODUTOS GRÁFICOS",J,Informação E Comunicação,58,58298,III/IV/V*,serviço — anexo exato depende da atividade + Fator R (determinar na camada fiscal),,,atende,presumido (serviço/comércio leve no Simples; validar)
6110803,SERVIÇOS DE COMUNICAÇÃO MULTIMÍDIA - SCM,J,Informação E Comunicação,61,61108,III/IV/V*,serviço — anexo exato depende da atividade + Fator R (determinar na camada fiscal),,,atende,presumido (serviço/comércio leve no Simples; validar)
6120501,TELEFONIA MÓVEL CELULAR,J,Informação E Comunicação,61,61205,III/IV/V*,serviço — anexo exato depende da atividade + Fator R (determinar na camada fiscal),,,atende,presumido (serviço/comércio leve no Simples; validar)
5911101,ESTÚDIOS CINEMATOGRÁFICOS,J,Informação E Comunicação,59,59111,III/IV/V*,serviço — anexo exato depende da atividade + Fator R (determinar na camada fiscal),,,atende,presumido (serviço/comércio leve no Simples; validar)
5911102,PRODUÇÃO DE FILMES PARA PUBLICIDADE,J,Informação E Comunicação,59,59111,III/IV/V*,serviço — anexo exato depende da atividade + Fator R (determinar na camada fiscal),,,atende,presumido (serviço/comércio leve no Simples; validar)
5911199,"ATIVIDADES DE PRODUÇÃO CINEMATOGRÁFICA, DE VÍDEOS E DE PROGRAMAS DE TELEVISÃO NÃO ESPECIFICADAS ANTERIORMENTE",J,Informação E Comunicação,59,59111,III/IV/V*,serviço — anexo exato depende da atividade + Fator R (determinar na camada fiscal),,,atende,presumido (serviço/comércio leve no Simples; validar)
5912001,SERVIÇOS DE DUBLAGEM,J,Informação E Comunicação,59,59120,III/IV/V*,serviço — anexo exato depende da atividade + Fator R (determinar na camada fiscal),,,atende,presumido (serviço/comércio leve no Simples; validar)
5912002,SERVIÇOS DE MIXAGEM SONORA EM PRODUÇÃO AUDIOVISUAL,J,Informação E Comunicação,59,59120,III/IV/V*,serviço — anexo exato depende da atividade + Fator R (determinar na camada fiscal),,,atende,presumido (serviço/comércio leve no Simples; validar)
7220700,PESQUISA E DESENVOLVIMENTO EXPERIMENTAL EM CIÊNCIAS SOCIAIS E HUMANAS,M,"Atividades Profissionais, Científicas E Técnicas",72,72207,III/IV/V*,serviço — anexo exato depende da atividade + Fator R (determinar na camada fiscal),,,atende,presumido (serviço/comércio leve no Simples; validar)
5912099,"ATIVIDADES DE PÓS PRODUÇÃO CINEMATOGRÁFICA, DE VÍDEOS E DE PROGRAMAS DE TELEVISÃO NÃO ESPECIFICADAS ANTERIORMENTE",J,Informação E Comunicação,59,59120,III/IV/V*,serviço — anexo exato depende da atividade + Fator R (determinar na camada fiscal),,,atende,presumido (serviço/comércio leve no Simples; validar)
5913800,"DISTRIBUIÇÃO CINEMATOGRÁFICA, DE VÍDEO E DE PROGRAMAS DE TELEVISÃO",J,Informação E Comunicação,59,59138,III/IV/V*,serviço — anexo exato depende da atividade + Fator R (determinar na camada fiscal),,,atende,presumido (serviço/comércio leve no Simples; validar)
5914600,ATIVIDADES DE EXIBIÇÃO CINEMATOGRÁFICA,J,Informação E Comunicação,59,59146,III/IV/V*,serviço — anexo exato depende da atividade + Fator R (determinar na camada fiscal),,,atende,presumido (serviço/comércio leve no Simples; validar)
6110899,SERVIÇOS DE TELECOMUNICAÇÕES POR FIO NÃO ESPECIFICADOS ANTERIORMENTE,J,Informação E Comunicação,61,61108,III/IV/V*,serviço — anexo exato depende da atividade + Fator R (determinar na camada fiscal),,,atende,presumido (serviço/comércio leve no Simples; validar)
6550200,PLANOS DE SAÚDE,K,"Atividades Financeiras, De Seguros E Serviços Relacionados",65,65502,III/IV/V*,serviço — anexo exato depende da atividade + Fator R (determinar na camada fiscal),,,nao,divisão/classe recusada (mapeado das 17 categorias do suporte)
5920100,ATIVIDADES DE GRAVAÇÃO DE SOM E DE EDIÇÃO DE MÚSICA,J,Informação E Comunicação,59,59201,III/IV/V*,serviço — anexo exato depende da atividade + Fator R (determinar na camada fiscal),,,atende,presumido (serviço/comércio leve no Simples; validar)
6010100,ATIVIDADES DE RÁDIO,J,Informação E Comunicação,60,60101,III/IV/V*,serviço — anexo exato depende da atividade + Fator R (determinar na camada fiscal),,,atende,presumido (serviço/comércio leve no Simples; validar)
6021700,ATIVIDADES DE TELEVISÃO ABERTA,J,Informação E Comunicação,60,60217,III/IV/V*,serviço — anexo exato depende da atividade + Fator R (determinar na camada fiscal),,,atende,presumido (serviço/comércio leve no Simples; validar)
6022501,PROGRAMADORAS,J,Informação E Comunicação,60,60225,III/IV/V*,serviço — anexo exato depende da atividade + Fator R (determinar na camada fiscal),,,atende,presumido (serviço/comércio leve no Simples; validar)
6022502,"ATIVIDADES RELACIONADAS À TELEVISÃO POR ASSINATURA, EXCETO PROGRAMADORAS",J,Informação E Comunicação,60,60225,III/IV/V*,serviço — anexo exato depende da atividade + Fator R (determinar na camada fiscal),,,atende,presumido (serviço/comércio leve no Simples; validar)
6462000,HOLDINGS DE INSTITUIÇÕES NÃO FINANCEIRAS,K,"Atividades Financeiras, De Seguros E Serviços Relacionados",64,64620,III/IV/V*,serviço — anexo exato depende da atividade + Fator R (determinar na camada fiscal),,,nao,divisão/classe recusada (mapeado das 17 categorias do suporte)
6110801,SERVIÇOS DE TELEFONIA FIXA COMUTADA - STFC,J,Informação E Comunicação,61,61108,III/IV/V*,serviço — anexo exato depende da atividade + Fator R (determinar na camada fiscal),,,atende,presumido (serviço/comércio leve no Simples; validar)
6110802,SERVIÇOS DE REDES DE TRANSPORTES DE TELECOMUNICAÇÕES - SRTT,J,Informação E Comunicação,61,61108,III/IV/V*,serviço — anexo exato depende da atividade + Fator R (determinar na camada fiscal),,,atende,presumido (serviço/comércio leve no Simples; validar)
6612604,CORRETORAS DE CONTRATOS DE MERCADORIAS,K,"Atividades Financeiras, De Seguros E Serviços Relacionados",66,66126,III/IV/V*,serviço — anexo exato depende da atividade + Fator R (determinar na camada fiscal),,,nao,divisão/classe recusada (mapeado das 17 categorias do suporte)
6120502,SERVIÇO MÓVEL ESPECIALIZADO - SME,J,Informação E Comunicação,61,61205,III/IV/V*,serviço — anexo exato depende da atividade + Fator R (determinar na camada fiscal),,,atende,presumido (serviço/comércio leve no Simples; validar)
6120599,SERVIÇOS DE TELECOMUNICAÇÕES SEM FIO NÃO ESPECIFICADOS ANTERIORMENTE,J,Informação E Comunicação,61,61205,III/IV/V*,serviço — anexo exato depende da atividade + Fator R (determinar na camada fiscal),,,atende,presumido (serviço/comércio leve no Simples; validar)
6201501,DESENVOLVIMENTO DE PROGRAMAS DE COMPUTADOR SOB ENCOMENDA,J,Informação E Comunicação,62,62015,III/IV/V*,serviço — anexo exato depende da atividade + Fator R (determinar na camada fiscal),,,atende,presumido (serviço/comércio leve no Simples; validar)
6130200,TELECOMUNICAÇÕES POR SATÉLITE,J,Informação E Comunicação,61,61302,III/IV/V*,serviço — anexo exato depende da atividade + Fator R (determinar na camada fiscal),,,atende,presumido (serviço/comércio leve no Simples; validar)
6141800,OPERADORAS DE TELEVISÃO POR ASSINATURA POR CABO,J,Informação E Comunicação,61,61418,III/IV/V*,serviço — anexo exato depende da atividade + Fator R (determinar na camada fiscal),,,atende,presumido (serviço/comércio leve no Simples; validar)
6470102,FUNDOS DE INVESTIMENTO PREVIDENCIÁRIOS,K,"Atividades Financeiras, De Seguros E Serviços Relacionados",64,64701,III/IV/V*,serviço — anexo exato depende da atividade + Fator R (determinar na camada fiscal),,,nao,divisão/classe recusada (mapeado das 17 categorias do suporte)
6142600,OPERADORAS DE TELEVISÃO POR ASSINATURA POR MICROONDAS,J,Informação E Comunicação,61,61426,III/IV/V*,serviço — anexo exato depende da atividade + Fator R (determinar na camada fiscal),,,atende,presumido (serviço/comércio leve no Simples; validar)
6143400,OPERADORAS DE TELEVISÃO POR ASSINATURA POR SATÉLITE,J,Informação E Comunicação,61,61434,III/IV/V*,serviço — anexo exato depende da atividade + Fator R (determinar na camada fiscal),,,atende,presumido (serviço/comércio leve no Simples; validar)
6190601,PROVEDORES DE ACESSO ÀS REDES DE COMUNICAÇÕES,J,Informação E Comunicação,61,61906,III/IV/V*,serviço — anexo exato depende da atividade + Fator R (determinar na camada fiscal),,,atende,presumido (serviço/comércio leve no Simples; validar)
6190602,PROVEDORES DE VOZ SOBRE PROTOCOLO INTERNET - VOIP,J,Informação E Comunicação,61,61906,III/IV/V*,serviço — anexo exato depende da atividade + Fator R (determinar na camada fiscal),,,atende,presumido (serviço/comércio leve no Simples; validar)
6190699,OUTRAS ATIVIDADES DE TELECOMUNICAÇÕES NÃO ESPECIFICADAS ANTERIORMENTE,J,Informação E Comunicação,61,61906,III/IV/V*,serviço — anexo exato depende da atividade + Fator R (determinar na camada fiscal),,,atende,presumido (serviço/comércio leve no Simples; validar)
6619304,CAIXAS ELETRÔNICOS,K,"Atividades Financeiras, De Seguros E Serviços Relacionados",66,66193,III/IV/V*,serviço — anexo exato depende da atividade + Fator R (determinar na camada fiscal),,,nao,divisão/classe recusada (mapeado das 17 categorias do suporte)
6619305,OPERADORAS DE CARTÕES DE DÉBITO,K,"Atividades Financeiras, De Seguros E Serviços Relacionados",66,66193,III/IV/V*,serviço — anexo exato depende da atividade + Fator R (determinar na camada fiscal),,,nao,divisão/classe recusada (mapeado das 17 categorias do suporte)
6202300,DESENVOLVIMENTO E LICENCIAMENTO DE PROGRAMAS DE COMPUTADOR CUSTOMIZÁVEIS,J,Informação E Comunicação,62,62023,III/IV/V*,serviço — anexo exato depende da atividade + Fator R (determinar na camada fiscal),,,atende,presumido (serviço/comércio leve no Simples; validar)
6203100,DESENVOLVIMENTO E LICENCIAMENTO DE PROGRAMAS DE COMPUTADOR NÃO CUSTOMIZÁVEIS,J,Informação E Comunicação,62,62031,III/IV/V*,serviço — anexo exato depende da atividade + Fator R (determinar na camada fiscal),,,atende,presumido (serviço/comércio leve no Simples; validar)
6470103,FUNDOS DE INVESTIMENTO IMOBILIÁRIOS,K,"Atividades Financeiras, De Seguros E Serviços Relacionados",64,64701,III/IV/V*,serviço — anexo exato depende da atividade + Fator R (determinar na camada fiscal),,,nao,divisão/classe recusada (mapeado das 17 categorias do suporte)
6422100,"BANCOS MÚLTIPLOS, COM CARTEIRA COMERCIAL",K,"Atividades Financeiras, De Seguros E Serviços Relacionados",64,64221,III/IV/V*,serviço — anexo exato depende da atividade + Fator R (determinar na camada fiscal),,,nao,divisão/classe recusada (mapeado das 17 categorias do suporte)
6204000,CONSULTORIA EM TECNOLOGIA DA INFORMAÇÃO,J,Informação E Comunicação,62,62040,III/IV/V*,serviço — anexo exato depende da atividade + Fator R (determinar na camada fiscal),,,atende,presumido (serviço/comércio leve no Simples; validar)
6209100,"SUPORTE TÉCNICO, MANUTENÇÃO E OUTROS SERVIÇOS EM TECNOLOGIA DA INFORMAÇÃO",J,Informação E Comunicação,62,62091,III/IV/V*,serviço — anexo exato depende da atividade + Fator R (determinar na camada fiscal),,,atende,presumido (serviço/comércio leve no Simples; validar)
6311900,"TRATAMENTO DE DADOS, PROVEDORES DE SERVIÇOS DE APLICAÇÃO E SERVIÇOS DE HOSPEDAGEM NA INTERNET",J,Informação E Comunicação,63,63119,III/IV/V*,serviço — anexo exato depende da atividade + Fator R (determinar na camada fiscal),,,atende,presumido (serviço/comércio leve no Simples; validar)
6391700,AGÊNCIAS DE NOTÍCIAS,J,Informação E Comunicação,63,63917,III/IV/V*,serviço — anexo exato depende da atividade + Fator R (determinar na camada fiscal),,,atende,presumido (serviço/comércio leve no Simples; validar)
6399200,OUTRAS ATIVIDADES DE PRESTAÇÃO DE SERVIÇOS DE INFORMAÇÃO NÃO ESPECIFICADAS ANTERIORMENTE,J,Informação E Comunicação,63,63992,III/IV/V*,serviço — anexo exato depende da atividade + Fator R (determinar na camada fiscal),,,atende,presumido (serviço/comércio leve no Simples; validar)
6410700,BANCO CENTRAL,K,"Atividades Financeiras, De Seguros E Serviços Relacionados",64,64107,III/IV/V*,serviço — anexo exato depende da atividade + Fator R (determinar na camada fiscal),,,nao,divisão/classe recusada (mapeado das 17 categorias do suporte)
6421200,BANCOS COMERCIAIS,K,"Atividades Financeiras, De Seguros E Serviços Relacionados",64,64212,III/IV/V*,serviço — anexo exato depende da atividade + Fator R (determinar na camada fiscal),,,nao,divisão/classe recusada (mapeado das 17 categorias do suporte)
6611801,BOLSA DE VALORES,K,"Atividades Financeiras, De Seguros E Serviços Relacionados",66,66118,III/IV/V*,serviço — anexo exato depende da atividade + Fator R (determinar na camada fiscal),,,nao,divisão/classe recusada (mapeado das 17 categorias do suporte)
6423900,CAIXAS ECONÔMICAS,K,"Atividades Financeiras, De Seguros E Serviços Relacionados",64,64239,III/IV/V*,serviço — anexo exato depende da atividade + Fator R (determinar na camada fiscal),,,nao,divisão/classe recusada (mapeado das 17 categorias do suporte)
6424701,BANCOS COOPERATIVOS,K,"Atividades Financeiras, De Seguros E Serviços Relacionados",64,64247,III/IV/V*,serviço — anexo exato depende da atividade + Fator R (determinar na camada fiscal),,,nao,divisão/classe recusada (mapeado das 17 categorias do suporte)
6424702,COOPERATIVAS CENTRAIS DE CRÉDITO,K,"Atividades Financeiras, De Seguros E Serviços Relacionados",64,64247,III/IV/V*,serviço — anexo exato depende da atividade + Fator R (determinar na camada fiscal),,,nao,divisão/classe recusada (mapeado das 17 categorias do suporte)
6424703,COOPERATIVAS DE CRÉDITO MÚTUO,K,"Atividades Financeiras, De Seguros E Serviços Relacionados",64,64247,III/IV/V*,serviço — anexo exato depende da atividade + Fator R (determinar na camada fiscal),,,nao,divisão/classe recusada (mapeado das 17 categorias do suporte)
6424704,COOPERATIVAS DE CRÉDITO RURAL,K,"Atividades Financeiras, De Seguros E Serviços Relacionados",64,64247,III/IV/V*,serviço — anexo exato depende da atividade + Fator R (determinar na camada fiscal),,,nao,divisão/classe recusada (mapeado das 17 categorias do suporte)
6431000,"BANCOS MÚLTIPLOS, SEM CARTEIRA COMERCIAL",K,"Atividades Financeiras, De Seguros E Serviços Relacionados",64,64310,III/IV/V*,serviço — anexo exato depende da atividade + Fator R (determinar na camada fiscal),,,nao,divisão/classe recusada (mapeado das 17 categorias do suporte)
6432800,BANCOS DE INVESTIMENTO,K,"Atividades Financeiras, De Seguros E Serviços Relacionados",64,64328,III/IV/V*,serviço — anexo exato depende da atividade + Fator R (determinar na camada fiscal),,,nao,divisão/classe recusada (mapeado das 17 categorias do suporte)
6619399,OUTRAS ATIVIDADES AUXILIARES DOS SERVIÇOS FINANCEIROS NÃO ESPECIFICADAS ANTERIORMENTE,K,"Atividades Financeiras, De Seguros E Serviços Relacionados",66,66193,III/IV/V*,serviço — anexo exato depende da atividade + Fator R (determinar na camada fiscal),,,nao,divisão/classe recusada (mapeado das 17 categorias do suporte)
6433600,BANCOS DE DESENVOLVIMENTO,K,"Atividades Financeiras, De Seguros E Serviços Relacionados",64,64336,III/IV/V*,serviço — anexo exato depende da atividade + Fator R (determinar na camada fiscal),,,nao,divisão/classe recusada (mapeado das 17 categorias do suporte)
6491300,SOCIEDADES DE FOMENTO MERCANTIL - FACTORING,K,"Atividades Financeiras, De Seguros E Serviços Relacionados",64,64913,III/IV/V*,serviço — anexo exato depende da atividade + Fator R (determinar na camada fiscal),,,nao,divisão/classe recusada (mapeado das 17 categorias do suporte)
6434400,AGÊNCIAS DE FOMENTO,K,"Atividades Financeiras, De Seguros E Serviços Relacionados",64,64344,III/IV/V*,serviço — anexo exato depende da atividade + Fator R (determinar na camada fiscal),,,nao,divisão/classe recusada (mapeado das 17 categorias do suporte)
6435201,SOCIEDADES DE CRÉDITO IMOBILIÁRIO,K,"Atividades Financeiras, De Seguros E Serviços Relacionados",64,64352,III/IV/V*,serviço — anexo exato depende da atividade + Fator R (determinar na camada fiscal),,,nao,divisão/classe recusada (mapeado das 17 categorias do suporte)
6435202,ASSOCIAÇÕES DE POUPANÇA E EMPRÉSTIMO,K,"Atividades Financeiras, De Seguros E Serviços Relacionados",64,64352,III/IV/V*,serviço — anexo exato depende da atividade + Fator R (determinar na camada fiscal),,,nao,divisão/classe recusada (mapeado das 17 categorias do suporte)
6435203,COMPANHIAS HIPOTECÁRIAS,K,"Atividades Financeiras, De Seguros E Serviços Relacionados",64,64352,III/IV/V*,serviço — anexo exato depende da atividade + Fator R (determinar na camada fiscal),,,nao,divisão/classe recusada (mapeado das 17 categorias do suporte)
6436100,"SOCIEDADES DE CRÉDITO, FINANCIAMENTO E INVESTIMENTO - FINANCEIRAS",K,"Atividades Financeiras, De Seguros E Serviços Relacionados",64,64361,III/IV/V*,serviço — anexo exato depende da atividade + Fator R (determinar na camada fiscal),,,nao,divisão/classe recusada (mapeado das 17 categorias do suporte)
6437900,SOCIEDADES DE CRÉDITO AO MICROEMPREENDEDOR,K,"Atividades Financeiras, De Seguros E Serviços Relacionados",64,64379,III/IV/V*,serviço — anexo exato depende da atividade + Fator R (determinar na camada fiscal),,,nao,divisão/classe recusada (mapeado das 17 categorias do suporte)
6438701,BANCOS DE CÂMBIO,K,"Atividades Financeiras, De Seguros E Serviços Relacionados",64,64387,III/IV/V*,serviço — anexo exato depende da atividade + Fator R (determinar na camada fiscal),,,nao,divisão/classe recusada (mapeado das 17 categorias do suporte)
6438799,OUTRAS INSTITUIÇÕES DE INTERMEDIAÇÃO NÃO MONETÁRIA,K,"Atividades Financeiras, De Seguros E Serviços Relacionados",64,64387,III/IV/V*,serviço — anexo exato depende da atividade + Fator R (determinar na camada fiscal),,,nao,divisão/classe recusada (mapeado das 17 categorias do suporte)
6440900,ARRENDAMENTO MERCANTIL,K,"Atividades Financeiras, De Seguros E Serviços Relacionados",64,64409,III/IV/V*,serviço — anexo exato depende da atividade + Fator R (determinar na camada fiscal),,,nao,divisão/classe recusada (mapeado das 17 categorias do suporte)
6450600,SOCIEDADES DE CAPITALIZAÇÃO,K,"Atividades Financeiras, De Seguros E Serviços Relacionados",64,64506,III/IV/V*,serviço — anexo exato depende da atividade + Fator R (determinar na camada fiscal),,,nao,divisão/classe recusada (mapeado das 17 categorias do suporte)
6461100,HOLDINGS DE INSTITUIÇÕES FINANCEIRAS,K,"Atividades Financeiras, De Seguros E Serviços Relacionados",64,64611,III/IV/V*,serviço — anexo exato depende da atividade + Fator R (determinar na camada fiscal),,,nao,divisão/classe recusada (mapeado das 17 categorias do suporte)
6463800,"OUTRAS SOCIEDADES DE PARTICIPAÇÃO, EXCETO HOLDINGS",K,"Atividades Financeiras, De Seguros E Serviços Relacionados",64,64638,III/IV/V*,serviço — anexo exato depende da atividade + Fator R (determinar na camada fiscal),,,nao,divisão/classe recusada (mapeado das 17 categorias do suporte)
6470101,"FUNDOS DE INVESTIMENTO, EXCETO PREVIDENCIÁRIOS E IMOBILIÁRIOS",K,"Atividades Financeiras, De Seguros E Serviços Relacionados",64,64701,III/IV/V*,serviço — anexo exato depende da atividade + Fator R (determinar na camada fiscal),,,nao,divisão/classe recusada (mapeado das 17 categorias do suporte)
6612601,CORRETORAS DE TÍTULOS E VALORES MOBILIÁRIOS,K,"Atividades Financeiras, De Seguros E Serviços Relacionados",66,66126,III/IV/V*,serviço — anexo exato depende da atividade + Fator R (determinar na camada fiscal),,,nao,divisão/classe recusada (mapeado das 17 categorias do suporte)
6492100,SECURITIZAÇÃO DE CRÉDITOS,K,"Atividades Financeiras, De Seguros E Serviços Relacionados",64,64921,III/IV/V*,serviço — anexo exato depende da atividade + Fator R (determinar na camada fiscal),,,nao,divisão/classe recusada (mapeado das 17 categorias do suporte)
6493000,ADMINISTRAÇÃO DE CONSÓRCIOS PARA AQUISIÇÃO DE BENS E DIREITOS,K,"Atividades Financeiras, De Seguros E Serviços Relacionados",64,64930,III/IV/V*,serviço — anexo exato depende da atividade + Fator R (determinar na camada fiscal),,,nao,divisão/classe recusada (mapeado das 17 categorias do suporte)
6499901,CLUBES DE INVESTIMENTO,K,"Atividades Financeiras, De Seguros E Serviços Relacionados",64,64999,III/IV/V*,serviço — anexo exato depende da atividade + Fator R (determinar na camada fiscal),,,nao,divisão/classe recusada (mapeado das 17 categorias do suporte)
6499902,SOCIEDADES DE INVESTIMENTO,K,"Atividades Financeiras, De Seguros E Serviços Relacionados",64,64999,III/IV/V*,serviço — anexo exato depende da atividade + Fator R (determinar na camada fiscal),,,nao,divisão/classe recusada (mapeado das 17 categorias do suporte)
6499903,FUNDO GARANTIDOR DE CRÉDITO,K,"Atividades Financeiras, De Seguros E Serviços Relacionados",64,64999,III/IV/V*,serviço — anexo exato depende da atividade + Fator R (determinar na camada fiscal),,,nao,divisão/classe recusada (mapeado das 17 categorias do suporte)
6499904,CAIXAS DE FINANCIAMENTO DE CORPORAÇÕES,K,"Atividades Financeiras, De Seguros E Serviços Relacionados",64,64999,III/IV/V*,serviço — anexo exato depende da atividade + Fator R (determinar na camada fiscal),,,nao,divisão/classe recusada (mapeado das 17 categorias do suporte)
6499905,CONCESSÃO DE CRÉDITO PELAS OSCIP,K,"Atividades Financeiras, De Seguros E Serviços Relacionados",64,64999,III/IV/V*,serviço — anexo exato depende da atividade + Fator R (determinar na camada fiscal),,,nao,divisão/classe recusada (mapeado das 17 categorias do suporte)
6499999,OUTRAS ATIVIDADES DE SERVIÇOS FINANCEIROS NÃO ESPECIFICADAS ANTERIORMENTE,K,"Atividades Financeiras, De Seguros E Serviços Relacionados",64,64999,III/IV/V*,serviço — anexo exato depende da atividade + Fator R (determinar na camada fiscal),,,nao,divisão/classe recusada (mapeado das 17 categorias do suporte)
6511101,SOCIEDADE SEGURADORA DE SEGUROS VIDA,K,"Atividades Financeiras, De Seguros E Serviços Relacionados",65,65111,III/IV/V*,serviço — anexo exato depende da atividade + Fator R (determinar na camada fiscal),,,nao,divisão/classe recusada (mapeado das 17 categorias do suporte)
6621501,PERITOS E AVALIADORES DE SEGUROS,K,"Atividades Financeiras, De Seguros E Serviços Relacionados",66,66215,III/IV/V*,serviço — anexo exato depende da atividade + Fator R (determinar na camada fiscal),,,nao,divisão/classe recusada (mapeado das 17 categorias do suporte)
6512000,SOCIEDADE SEGURADORA DE SEGUROS NÃO VIDA,K,"Atividades Financeiras, De Seguros E Serviços Relacionados",65,65120,III/IV/V*,serviço — anexo exato depende da atividade + Fator R (determinar na camada fiscal),,,nao,divisão/classe recusada (mapeado das 17 categorias do suporte)
6520100,SOCIEDADE SEGURADORA DE SEGUROS SAÚDE,K,"Atividades Financeiras, De Seguros E Serviços Relacionados",65,65201,III/IV/V*,serviço — anexo exato depende da atividade + Fator R (determinar na camada fiscal),,,nao,divisão/classe recusada (mapeado das 17 categorias do suporte)
6530800,RESSEGUROS,K,"Atividades Financeiras, De Seguros E Serviços Relacionados",65,65308,III/IV/V*,serviço — anexo exato depende da atividade + Fator R (determinar na camada fiscal),,,nao,divisão/classe recusada (mapeado das 17 categorias do suporte)
6541300,PREVIDÊNCIA COMPLEMENTAR FECHADA,K,"Atividades Financeiras, De Seguros E Serviços Relacionados",65,65413,III/IV/V*,serviço — anexo exato depende da atividade + Fator R (determinar na camada fiscal),,,nao,divisão/classe recusada (mapeado das 17 categorias do suporte)
6542100,PREVIDÊNCIA COMPLEMENTAR ABERTA,K,"Atividades Financeiras, De Seguros E Serviços Relacionados",65,65421,III/IV/V*,serviço — anexo exato depende da atividade + Fator R (determinar na camada fiscal),,,nao,divisão/classe recusada (mapeado das 17 categorias do suporte)
6612605,AGENTES DE INVESTIMENTOS EM APLICAÇÕES FINANCEIRAS,K,"Atividades Financeiras, De Seguros E Serviços Relacionados",66,66126,III/IV/V*,serviço — anexo exato depende da atividade + Fator R (determinar na camada fiscal),,,nao,divisão/classe recusada (mapeado das 17 categorias do suporte)
6613400,ADMINISTRAÇÃO DE CARTÕES DE CRÉDITO,K,"Atividades Financeiras, De Seguros E Serviços Relacionados",66,66134,III/IV/V*,serviço — anexo exato depende da atividade + Fator R (determinar na camada fiscal),,,nao,divisão/classe recusada (mapeado das 17 categorias do suporte)
6619301,SERVIÇOS DE LIQUIDAÇÃO E CUSTÓDIA,K,"Atividades Financeiras, De Seguros E Serviços Relacionados",66,66193,III/IV/V*,serviço — anexo exato depende da atividade + Fator R (determinar na camada fiscal),,,nao,divisão/classe recusada (mapeado das 17 categorias do suporte)
6619302,CORRESPONDENTES DE INSTITUIÇÕES FINANCEIRAS,K,"Atividades Financeiras, De Seguros E Serviços Relacionados",66,66193,III/IV/V*,serviço — anexo exato depende da atividade + Fator R (determinar na camada fiscal),,,nao,divisão/classe recusada (mapeado das 17 categorias do suporte)
6619303,REPRESENTAÇÕES DE BANCOS ESTRANGEIROS,K,"Atividades Financeiras, De Seguros E Serviços Relacionados",66,66193,III/IV/V*,serviço — anexo exato depende da atividade + Fator R (determinar na camada fiscal),,,nao,divisão/classe recusada (mapeado das 17 categorias do suporte)
6629100,"ATIVIDADES AUXILIARES DOS SEGUROS, DA PREVIDÊNCIA COMPLEMENTAR E DOS PLANOS DE SAÚDE NÃO ESPECIFICADAS ANTERIORMENTE",K,"Atividades Financeiras, De Seguros E Serviços Relacionados",66,66291,III/IV/V*,serviço — anexo exato depende da atividade + Fator R (determinar na camada fiscal),,,nao,divisão/classe recusada (mapeado das 17 categorias do suporte)
6630400,ATIVIDADES DE ADMINISTRAÇÃO DE FUNDOS POR CONTRATO OU COMISSÃO,K,"Atividades Financeiras, De Seguros E Serviços Relacionados",66,66304,III/IV/V*,serviço — anexo exato depende da atividade + Fator R (determinar na camada fiscal),,,nao,divisão/classe recusada (mapeado das 17 categorias do suporte)
6810201,COMPRA E VENDA DE IMÓVEIS PRÓPRIOS,L,Atividades Imobiliárias,68,68102,III/IV/V*,serviço — anexo exato depende da atividade + Fator R (determinar na camada fiscal),,,atende,presumido (serviço/comércio leve no Simples; validar)
6810202,ALUGUEL DE IMÓVEIS PRÓPRIOS,L,Atividades Imobiliárias,68,68102,III/IV/V*,serviço — anexo exato depende da atividade + Fator R (determinar na camada fiscal),,,atende,presumido (serviço/comércio leve no Simples; validar)
6810203,LOTEAMENTO DE IMÓVEIS PRÓPRIOS,L,Atividades Imobiliárias,68,68102,III/IV/V*,serviço — anexo exato depende da atividade + Fator R (determinar na camada fiscal),,,atende,presumido (serviço/comércio leve no Simples; validar)
6821801,CORRETAGEM NA COMPRA E VENDA E AVALIAÇÃO DE IMÓVEIS,L,Atividades Imobiliárias,68,68218,III/IV/V*,serviço — anexo exato depende da atividade + Fator R (determinar na camada fiscal),,,atende,presumido (serviço/comércio leve no Simples; validar)
6821802,CORRETAGEM NO ALUGUEL DE IMÓVEIS,L,Atividades Imobiliárias,68,68218,III/IV/V*,serviço — anexo exato depende da atividade + Fator R (determinar na camada fiscal),,,atende,presumido (serviço/comércio leve no Simples; validar)
6822600,GESTÃO E ADMINISTRAÇÃO DA PROPRIEDADE IMOBILIARIA,L,Atividades Imobiliárias,68,68226,III/IV/V*,serviço — anexo exato depende da atividade + Fator R (determinar na camada fiscal),,,condicao,regulamentada — exige responsável técnico + conselho
6911701,SERVIÇOS ADVOCATÍCIOS,M,"Atividades Profissionais, Científicas E Técnicas",69,69117,III/IV/V*,serviço — anexo exato depende da atividade + Fator R (determinar na camada fiscal),,,condicao,regulamentada — exige responsável técnico + conselho
7722500,"ALUGUEL DE FITAS DE VÍDEO, DVDS E SIMILARES",N,Atividades Administrativas E Serviços Complementares,77,77225,III/IV/V*,serviço — anexo exato depende da atividade + Fator R (determinar na camada fiscal),,,nao,divisão/classe recusada (mapeado das 17 categorias do suporte)
6911703,AGENTE DE PROPRIEDADE INDUSTRIAL,M,"Atividades Profissionais, Científicas E Técnicas",69,69117,III/IV/V*,serviço — anexo exato depende da atividade + Fator R (determinar na camada fiscal),,,condicao,regulamentada — exige responsável técnico + conselho
6912500,CARTÓRIOS,M,"Atividades Profissionais, Científicas E Técnicas",69,69125,III/IV/V*,serviço — anexo exato depende da atividade + Fator R (determinar na camada fiscal),,,atende,presumido (serviço/comércio leve no Simples; validar)
6920601,ATIVIDADES DE CONTABILIDADE,M,"Atividades Profissionais, Científicas E Técnicas",69,69206,III/IV/V*,serviço — anexo exato depende da atividade + Fator R (determinar na camada fiscal),,,condicao,regulamentada — exige responsável técnico + conselho
7490102,ESCAFANDRIA E MERGULHO,M,"Atividades Profissionais, Científicas E Técnicas",74,74901,III/IV/V*,serviço — anexo exato depende da atividade + Fator R (determinar na camada fiscal),,,atende,presumido (serviço/comércio leve no Simples; validar)
7020400,"ATIVIDADES DE CONSULTORIA EM GESTÃO EMPRESARIAL, EXCETO CONSULTORIA TÉCNICA ESPECÍFICA",M,"Atividades Profissionais, Científicas E Técnicas",70,70204,III/IV/V*,serviço — anexo exato depende da atividade + Fator R (determinar na camada fiscal),,,atende,presumido (serviço/comércio leve no Simples; validar)
7111100,SERVIÇOS DE ARQUITETURA,M,"Atividades Profissionais, Científicas E Técnicas",71,71111,III/IV/V*,serviço — anexo exato depende da atividade + Fator R (determinar na camada fiscal),,,condicao,regulamentada — exige responsável técnico + conselho
7112000,SERVIÇOS DE ENGENHARIA,M,"Atividades Profissionais, Científicas E Técnicas",71,71120,III/IV/V*,serviço — anexo exato depende da atividade + Fator R (determinar na camada fiscal),,,condicao,regulamentada — exige responsável técnico + conselho
7119701,"SERVIÇOS DE CARTOGRAFIA, TOPOGRAFIA E GEODÉSIA",M,"Atividades Profissionais, Científicas E Técnicas",71,71197,III/IV/V*,serviço — anexo exato depende da atividade + Fator R (determinar na camada fiscal),,,condicao,regulamentada — exige responsável técnico + conselho
7119702,ATIVIDADES DE ESTUDOS GEOLÓGICOS,M,"Atividades Profissionais, Científicas E Técnicas",71,71197,III/IV/V*,serviço — anexo exato depende da atividade + Fator R (determinar na camada fiscal),,,condicao,regulamentada — exige responsável técnico + conselho
7119703,SERVIÇOS DE DESENHO TÉCNICO RELACIONADOS À ARQUITETURA E ENGENHARIA,M,"Atividades Profissionais, Científicas E Técnicas",71,71197,III/IV/V*,serviço — anexo exato depende da atividade + Fator R (determinar na camada fiscal),,,condicao,regulamentada — exige responsável técnico + conselho
7119704,SERVIÇOS DE PERÍCIA TÉCNICA RELACIONADOS À SEGURANÇA DO TRABALHO,M,"Atividades Profissionais, Científicas E Técnicas",71,71197,III/IV/V*,serviço — anexo exato depende da atividade + Fator R (determinar na camada fiscal),,,condicao,regulamentada — exige responsável técnico + conselho
7723300,"ALUGUEL DE OBJETOS DO VESTUÁRIO, JÓIAS E ACESSÓRIOS",N,Atividades Administrativas E Serviços Complementares,77,77233,III/IV/V*,serviço — anexo exato depende da atividade + Fator R (determinar na camada fiscal),,,atende,presumido (serviço/comércio leve no Simples; validar)
7119799,ATIVIDADES TÉCNICAS RELACIONADAS À ENGENHARIA E ARQUITETURA NÃO ESPECIFICADAS ANTERIORMENTE,M,"Atividades Profissionais, Científicas E Técnicas",71,71197,III/IV/V*,serviço — anexo exato depende da atividade + Fator R (determinar na camada fiscal),,,condicao,regulamentada — exige responsável técnico + conselho
7120100,TESTES E ANÁLISES TÉCNICAS,M,"Atividades Profissionais, Científicas E Técnicas",71,71201,III/IV/V*,serviço — anexo exato depende da atividade + Fator R (determinar na camada fiscal),,,condicao,regulamentada — exige responsável técnico + conselho
7210000,PESQUISA E DESENVOLVIMENTO EXPERIMENTAL EM CIÊNCIAS FÍSICAS E NATURAIS,M,"Atividades Profissionais, Científicas E Técnicas",72,72100,III/IV/V*,serviço — anexo exato depende da atividade + Fator R (determinar na camada fiscal),,,atende,presumido (serviço/comércio leve no Simples; validar)
7311400,AGÊNCIAS DE PUBLICIDADE,M,"Atividades Profissionais, Científicas E Técnicas",73,73114,III/IV/V*,serviço — anexo exato depende da atividade + Fator R (determinar na camada fiscal),,,atende,presumido (serviço/comércio leve no Simples; validar)
7312200,"AGENCIAMENTO DE ESPAÇOS PARA PUBLICIDADE, EXCETO EM VEÍCULOS DE COMUNICAÇÃO",M,"Atividades Profissionais, Científicas E Técnicas",73,73122,III/IV/V*,serviço — anexo exato depende da atividade + Fator R (determinar na camada fiscal),,,atende,presumido (serviço/comércio leve no Simples; validar)
7319001,CRIAÇÃO ESTANDES PARA FEIRAS E EXPOSIÇÕES,M,"Atividades Profissionais, Científicas E Técnicas",73,73190,III/IV/V*,serviço — anexo exato depende da atividade + Fator R (determinar na camada fiscal),,,atende,presumido (serviço/comércio leve no Simples; validar)
7319002,PROMOÇÃO DE VENDAS,M,"Atividades Profissionais, Científicas E Técnicas",73,73190,III/IV/V*,serviço — anexo exato depende da atividade + Fator R (determinar na camada fiscal),,,atende,presumido (serviço/comércio leve no Simples; validar)
7319003,MARKETING DIRETO,M,"Atividades Profissionais, Científicas E Técnicas",73,73190,III/IV/V*,serviço — anexo exato depende da atividade + Fator R (determinar na camada fiscal),,,atende,presumido (serviço/comércio leve no Simples; validar)
7319004,CONSULTORIA EM PUBLICIDADE,M,"Atividades Profissionais, Científicas E Técnicas",73,73190,III/IV/V*,serviço — anexo exato depende da atividade + Fator R (determinar na camada fiscal),,,atende,presumido (serviço/comércio leve no Simples; validar)
7319099,OUTRAS ATIVIDADES DE PUBLICIDADE NÃO ESPECIFICADAS ANTERIORMENTE,M,"Atividades Profissionais, Científicas E Técnicas",73,73190,III/IV/V*,serviço — anexo exato depende da atividade + Fator R (determinar na camada fiscal),,,atende,presumido (serviço/comércio leve no Simples; validar)
7320300,PESQUISAS DE MERCADO E DE OPINIÃO PÚBLICA,M,"Atividades Profissionais, Científicas E Técnicas",73,73203,III/IV/V*,serviço — anexo exato depende da atividade + Fator R (determinar na camada fiscal),,,atende,presumido (serviço/comércio leve no Simples; validar)
7410202,DESIGN DE INTERIORES,M,"Atividades Profissionais, Científicas E Técnicas",74,74102,III/IV/V*,serviço — anexo exato depende da atividade + Fator R (determinar na camada fiscal),,,atende,presumido (serviço/comércio leve no Simples; validar)
7410203,DESIGN DE PRODUTO,M,"Atividades Profissionais, Científicas E Técnicas",74,74102,III/IV/V*,serviço — anexo exato depende da atividade + Fator R (determinar na camada fiscal),,,atende,presumido (serviço/comércio leve no Simples; validar)
7410299,ATIVIDADES DE DESIGN NÃO ESPECIFICADAS ANTERIORMENTE,M,"Atividades Profissionais, Científicas E Técnicas",74,74102,III/IV/V*,serviço — anexo exato depende da atividade + Fator R (determinar na camada fiscal),,,atende,presumido (serviço/comércio leve no Simples; validar)
7420001,"ATIVIDADES DE PRODUÇÃO DE FOTOGRAFIAS, EXCETO AÉREA E SUBMARINA",M,"Atividades Profissionais, Científicas E Técnicas",74,74200,III/IV/V*,serviço — anexo exato depende da atividade + Fator R (determinar na camada fiscal),,,atende,presumido (serviço/comércio leve no Simples; validar)
7420002,ATIVIDADES DE PRODUÇÃO DE FOTOGRAFIAS AÉREAS E SUBMARINAS,M,"Atividades Profissionais, Científicas E Técnicas",74,74200,III/IV/V*,serviço — anexo exato depende da atividade + Fator R (determinar na camada fiscal),,,atende,presumido (serviço/comércio leve no Simples; validar)
7420003,LABORATÓRIOS FOTOGRÁFICOS,M,"Atividades Profissionais, Científicas E Técnicas",74,74200,III/IV/V*,serviço — anexo exato depende da atividade + Fator R (determinar na camada fiscal),,,atende,presumido (serviço/comércio leve no Simples; validar)
7420004,FILMAGEM DE FESTAS E EVENTOS,M,"Atividades Profissionais, Científicas E Técnicas",74,74200,III/IV/V*,serviço — anexo exato depende da atividade + Fator R (determinar na camada fiscal),,,atende,presumido (serviço/comércio leve no Simples; validar)
7420005,SERVIÇOS DE MICROFILMAGEM,M,"Atividades Profissionais, Científicas E Técnicas",74,74200,III/IV/V*,serviço — anexo exato depende da atividade + Fator R (determinar na camada fiscal),,,atende,presumido (serviço/comércio leve no Simples; validar)
7490101,"SERVIÇOS DE TRADUÇÃO, INTERPRETAÇÃO E SIMILARES",M,"Atividades Profissionais, Científicas E Técnicas",74,74901,III/IV/V*,serviço — anexo exato depende da atividade + Fator R (determinar na camada fiscal),,,atende,presumido (serviço/comércio leve no Simples; validar)
8230002,CASAS DE FESTAS E EVENTOS,N,Atividades Administrativas E Serviços Complementares,82,82300,III/IV/V*,serviço — anexo exato depende da atividade + Fator R (determinar na camada fiscal),,,atende,presumido (serviço/comércio leve no Simples; validar)
7490104,"ATIVIDADES DE INTERMEDIAÇÃO E AGENCIAMENTO DE SERVIÇOS E NEGÓCIOS EM GERAL, EXCETO IMOBILIÁRIOS",M,"Atividades Profissionais, Científicas E Técnicas",74,74901,III/IV/V*,serviço — anexo exato depende da atividade + Fator R (determinar na camada fiscal),,,atende,presumido (serviço/comércio leve no Simples; validar)
7490105,"AGENCIAMENTO DE PROFISSIONAIS PARA ATIVIDADES ESPORTIVAS, CULTURAIS E ARTÍSTICAS",M,"Atividades Profissionais, Científicas E Técnicas",74,74901,III/IV/V*,serviço — anexo exato depende da atividade + Fator R (determinar na camada fiscal),,,atende,presumido (serviço/comércio leve no Simples; validar)
7739001,"ALUGUEL DE MÁQUINAS E EQUIPAMENTOS PARA EXTRAÇÃO DE MINÉRIOS E PETRÓLEO, SEM OPERADOR",N,Atividades Administrativas E Serviços Complementares,77,77390,III/IV/V*,serviço — anexo exato depende da atividade + Fator R (determinar na camada fiscal),,,nao,divisão/classe recusada (mapeado das 17 categorias do suporte)
7711000,LOCAÇÃO DE AUTOMÓVEIS SEM CONDUTOR,N,Atividades Administrativas E Serviços Complementares,77,77110,III/IV/V*,serviço — anexo exato depende da atividade + Fator R (determinar na camada fiscal),,,nao,divisão/classe recusada (mapeado das 17 categorias do suporte)
7719501,"LOCAÇÃO DE EMBARCAÇÕES SEM TRIPULAÇÃO, EXCETO PARA FINS RECREATIVOS",N,Atividades Administrativas E Serviços Complementares,77,77195,III/IV/V*,serviço — anexo exato depende da atividade + Fator R (determinar na camada fiscal),,,nao,divisão/classe recusada (mapeado das 17 categorias do suporte)
7719502,LOCAÇÃO DE AERONAVES SEM TRIPULAÇÃO,N,Atividades Administrativas E Serviços Complementares,77,77195,III/IV/V*,serviço — anexo exato depende da atividade + Fator R (determinar na camada fiscal),,,nao,divisão/classe recusada (mapeado das 17 categorias do suporte)
7719599,"LOCAÇÃO DE OUTROS MEIOS DE TRANSPORTE NÃO ESPECIFICADOS ANTERIORMENTE, SEM CONDUTOR",N,Atividades Administrativas E Serviços Complementares,77,77195,III/IV/V*,serviço — anexo exato depende da atividade + Fator R (determinar na camada fiscal),,,nao,divisão/classe recusada (mapeado das 17 categorias do suporte)
7721700,ALUGUEL DE EQUIPAMENTOS RECREATIVOS E ESPORTIVOS,N,Atividades Administrativas E Serviços Complementares,77,77217,III/IV/V*,serviço — anexo exato depende da atividade + Fator R (determinar na camada fiscal),,,nao,divisão/classe recusada (mapeado das 17 categorias do suporte)
7729299,ALUGUEL DE OUTROS OBJETOS PESSOAIS E DOMÉSTICOS NÃO ESPECIFICADOS ANTERIORMENTE,N,Atividades Administrativas E Serviços Complementares,77,77292,III/IV/V*,serviço — anexo exato depende da atividade + Fator R (determinar na camada fiscal),,,nao,divisão/classe recusada (mapeado das 17 categorias do suporte)
7731400,ALUGUEL DE MÁQUINAS E EQUIPAMENTOS AGRÍCOLAS SEM OPERADOR,N,Atividades Administrativas E Serviços Complementares,77,77314,III/IV/V*,serviço — anexo exato depende da atividade + Fator R (determinar na camada fiscal),,,nao,divisão/classe recusada (mapeado das 17 categorias do suporte)
7732201,"ALUGUEL DE MÁQUINAS E EQUIPAMENTOS PARA CONSTRUÇÃO SEM OPERADOR, EXCETO ANDAIMES",N,Atividades Administrativas E Serviços Complementares,77,77322,III/IV/V*,serviço — anexo exato depende da atividade + Fator R (determinar na camada fiscal),,,nao,divisão/classe recusada (mapeado das 17 categorias do suporte)
7732202,ALUGUEL DE ANDAIMES,N,Atividades Administrativas E Serviços Complementares,77,77322,III/IV/V*,serviço — anexo exato depende da atividade + Fator R (determinar na camada fiscal),,,nao,divisão/classe recusada (mapeado das 17 categorias do suporte)
7733100,ALUGUEL DE MÁQUINAS E EQUIPAMENTOS PARA ESCRITÓRIOS,N,Atividades Administrativas E Serviços Complementares,77,77331,III/IV/V*,serviço — anexo exato depende da atividade + Fator R (determinar na camada fiscal),,,atende,presumido (serviço/comércio leve no Simples; validar)
7739002,"ALUGUEL DE EQUIPAMENTOS CIENTÍFICOS, MÉDICOS E HOSPITALARES, SEM OPERADOR",N,Atividades Administrativas E Serviços Complementares,77,77390,III/IV/V*,serviço — anexo exato depende da atividade + Fator R (determinar na camada fiscal),,,nao,divisão/classe recusada (mapeado das 17 categorias do suporte)
7739003,"ALUGUEL DE PALCOS, COBERTURAS E OUTRAS ESTRUTURAS DE USO TEMPORÁRIO, EXCETO ANDAIMES",N,Atividades Administrativas E Serviços Complementares,77,77390,III/IV/V*,serviço — anexo exato depende da atividade + Fator R (determinar na camada fiscal),,,nao,divisão/classe recusada (mapeado das 17 categorias do suporte)
7739099,"ALUGUEL DE OUTRAS MÁQUINAS E EQUIPAMENTOS COMERCIAIS E INDUSTRIAIS NÃO ESPECIFICADOS ANTERIORMENTE, SEM OPERADOR",N,Atividades Administrativas E Serviços Complementares,77,77390,III/IV/V*,serviço — anexo exato depende da atividade + Fator R (determinar na camada fiscal),,,nao,divisão/classe recusada (mapeado das 17 categorias do suporte)
7740300,GESTÃO DE ATIVOS INTANGÍVEIS NÃO FINANCEIROS,N,Atividades Administrativas E Serviços Complementares,77,77403,III/IV/V*,serviço — anexo exato depende da atividade + Fator R (determinar na camada fiscal),,,nao,divisão/classe recusada (mapeado das 17 categorias do suporte)
7810800,SELEÇÃO E AGENCIAMENTO DE MÃO DE OBRA,N,Atividades Administrativas E Serviços Complementares,78,78108,III/IV/V*,serviço — anexo exato depende da atividade + Fator R (determinar na camada fiscal),,,nao,divisão/classe recusada (mapeado das 17 categorias do suporte)
7820500,LOCAÇÃO DE MÃO DE OBRA TEMPORÁRIA,N,Atividades Administrativas E Serviços Complementares,78,78205,III/IV/V*,serviço — anexo exato depende da atividade + Fator R (determinar na camada fiscal),,,nao,divisão/classe recusada (mapeado das 17 categorias do suporte)
8599602,CURSOS DE PILOTAGEM,P,Educação,85,85996,III/IV/V*,serviço — anexo exato depende da atividade + Fator R (determinar na camada fiscal),,,atende,presumido (serviço/comércio leve no Simples; validar)
8591100,ENSINO DE ESPORTES,P,Educação,85,85911,III/IV/V*,serviço — anexo exato depende da atividade + Fator R (determinar na camada fiscal),,,atende,presumido (serviço/comércio leve no Simples; validar)
7830200,FORNECIMENTO E GESTÃO DE RECURSOS HUMANOS PARA TERCEIROS,N,Atividades Administrativas E Serviços Complementares,78,78302,III/IV/V*,serviço — anexo exato depende da atividade + Fator R (determinar na camada fiscal),,,nao,divisão/classe recusada (mapeado das 17 categorias do suporte)
7911200,AGÊNCIAS DE VIAGENS,N,Atividades Administrativas E Serviços Complementares,79,79112,III/IV/V*,serviço — anexo exato depende da atividade + Fator R (determinar na camada fiscal),,,atende,presumido (serviço/comércio leve no Simples; validar)
7912100,OPERADORES TURÍSTICOS,N,Atividades Administrativas E Serviços Complementares,79,79121,III/IV/V*,serviço — anexo exato depende da atividade + Fator R (determinar na camada fiscal),,,atende,presumido (serviço/comércio leve no Simples; validar)
7990200,SERVIÇOS DE RESERVAS E OUTROS SERVIÇOS DE TURISMO NÃO ESPECIFICADOS ANTERIORMENTE,N,Atividades Administrativas E Serviços Complementares,79,79902,III/IV/V*,serviço — anexo exato depende da atividade + Fator R (determinar na camada fiscal),,,atende,presumido (serviço/comércio leve no Simples; validar)
8011101,ATIVIDADES DE VIGILÂNCIA E SEGURANÇA PRIVADA,N,Atividades Administrativas E Serviços Complementares,80,80111,III/IV/V*,serviço — anexo exato depende da atividade + Fator R (determinar na camada fiscal),,,nao,divisão/classe recusada (mapeado das 17 categorias do suporte)
8011102,SERVIÇOS DE ADESTRAMENTO DE CÃES DE GUARDA,N,Atividades Administrativas E Serviços Complementares,80,80111,III/IV/V*,serviço — anexo exato depende da atividade + Fator R (determinar na camada fiscal),,,nao,divisão/classe recusada (mapeado das 17 categorias do suporte)
8012900,ATIVIDADES DE TRANSPORTE DE VALORES,N,Atividades Administrativas E Serviços Complementares,80,80129,III/IV/V*,serviço — anexo exato depende da atividade + Fator R (determinar na camada fiscal),,,nao,divisão/classe recusada (mapeado das 17 categorias do suporte)
8020001,ATIVIDADES DE MONITORAMENTO DE SISTEMAS DE SEGURANÇA ELETRÔNICO,N,Atividades Administrativas E Serviços Complementares,80,80200,III/IV/V*,serviço — anexo exato depende da atividade + Fator R (determinar na camada fiscal),,,nao,divisão/classe recusada (mapeado das 17 categorias do suporte)
8020002,OUTRAS ATIVIDADES DE SERVIÇOS DE SEGURANÇA,N,Atividades Administrativas E Serviços Complementares,80,80200,III/IV/V*,serviço — anexo exato depende da atividade + Fator R (determinar na camada fiscal),,,nao,divisão/classe recusada (mapeado das 17 categorias do suporte)
8030700,ATIVIDADES DE INVESTIGAÇÃO PARTICULAR,N,Atividades Administrativas E Serviços Complementares,80,80307,III/IV/V*,serviço — anexo exato depende da atividade + Fator R (determinar na camada fiscal),,,nao,divisão/classe recusada (mapeado das 17 categorias do suporte)
8220200,ATIVIDADES DE TELEATENDIMENTO,N,Atividades Administrativas E Serviços Complementares,82,82202,III/IV/V*,serviço — anexo exato depende da atividade + Fator R (determinar na camada fiscal),,,atende,presumido (serviço/comércio leve no Simples; validar)
8592901,ENSINO DE DANÇA,P,Educação,85,85929,III/IV/V*,serviço — anexo exato depende da atividade + Fator R (determinar na camada fiscal),,,atende,presumido (serviço/comércio leve no Simples; validar)
8111700,"SERVIÇOS COMBINADOS PARA APOIO A EDIFÍCIOS, EXCETO CONDOMÍNIOS PREDIAIS",N,Atividades Administrativas E Serviços Complementares,81,81117,III/IV/V*,serviço — anexo exato depende da atividade + Fator R (determinar na camada fiscal),,,atende,presumido (serviço/comércio leve no Simples; validar)
8112500,CONDOMÍNIOS PREDIAIS,N,Atividades Administrativas E Serviços Complementares,81,81125,III/IV/V*,serviço — anexo exato depende da atividade + Fator R (determinar na camada fiscal),,,nao,divisão/classe recusada (mapeado das 17 categorias do suporte)
8121400,LIMPEZA EM PRÉDIOS E EM DOMICÍLIOS,N,Atividades Administrativas E Serviços Complementares,81,81214,III/IV/V*,serviço — anexo exato depende da atividade + Fator R (determinar na camada fiscal),,,atende,presumido (serviço/comércio leve no Simples; validar)
8122200,IMUNIZAÇÃO E CONTROLE DE PRAGAS URBANAS,N,Atividades Administrativas E Serviços Complementares,81,81222,III/IV/V*,serviço — anexo exato depende da atividade + Fator R (determinar na camada fiscal),,,atende,presumido (serviço/comércio leve no Simples; validar)
8129000,ATIVIDADES DE LIMPEZA NÃO ESPECIFICADAS ANTERIORMENTE,N,Atividades Administrativas E Serviços Complementares,81,81290,III/IV/V*,serviço — anexo exato depende da atividade + Fator R (determinar na camada fiscal),,,atende,presumido (serviço/comércio leve no Simples; validar)
8130300,ATIVIDADES PAISAGÍSTICAS,N,Atividades Administrativas E Serviços Complementares,81,81303,III/IV/V*,serviço — anexo exato depende da atividade + Fator R (determinar na camada fiscal),,,atende,presumido (serviço/comércio leve no Simples; validar)
8211300,SERVIÇOS COMBINADOS DE ESCRITÓRIO E APOIO ADMINISTRATIVO,N,Atividades Administrativas E Serviços Complementares,82,82113,III/IV/V*,serviço — anexo exato depende da atividade + Fator R (determinar na camada fiscal),,,atende,presumido (serviço/comércio leve no Simples; validar)
8219901,FOTOCÓPIAS,N,Atividades Administrativas E Serviços Complementares,82,82199,III/IV/V*,serviço — anexo exato depende da atividade + Fator R (determinar na camada fiscal),,,atende,presumido (serviço/comércio leve no Simples; validar)
8512100,EDUCAÇÃO INFANTIL - PRÉESCOLA,P,Educação,85,85121,III/IV/V*,serviço — anexo exato depende da atividade + Fator R (determinar na camada fiscal),,,atende,presumido (serviço/comércio leve no Simples; validar)
8230001,"SERVIÇOS DE ORGANIZAÇÃO DE FEIRAS, CONGRESSOS, EXPOSIÇÕES E FESTAS",N,Atividades Administrativas E Serviços Complementares,82,82300,III/IV/V*,serviço — anexo exato depende da atividade + Fator R (determinar na camada fiscal),,,atende,presumido (serviço/comércio leve no Simples; validar)
8291100,ATIVIDADES DE COBRANÇAS E INFORMAÇÕES CADASTRAIS,N,Atividades Administrativas E Serviços Complementares,82,82911,III/IV/V*,serviço — anexo exato depende da atividade + Fator R (determinar na camada fiscal),,,atende,presumido (serviço/comércio leve no Simples; validar)
8292000,ENVASAMENTO E EMPACOTAMENTO SOB CONTRATO,N,Atividades Administrativas E Serviços Complementares,82,82920,III/IV/V*,serviço — anexo exato depende da atividade + Fator R (determinar na camada fiscal),,,atende,presumido (serviço/comércio leve no Simples; validar)
8299701,"MEDIÇÃO DE CONSUMO DE ENERGIA ELÉTRICA, GÁS E ÁGUA",N,Atividades Administrativas E Serviços Complementares,82,82997,III/IV/V*,serviço — anexo exato depende da atividade + Fator R (determinar na camada fiscal),,,atende,presumido (serviço/comércio leve no Simples; validar)
8299702,"EMISSÃO DE VALES ALIMENTAÇÃO, VALES TRANSPORTE E SIMILARES",N,Atividades Administrativas E Serviços Complementares,82,82997,III/IV/V*,serviço — anexo exato depende da atividade + Fator R (determinar na camada fiscal),,,atende,presumido (serviço/comércio leve no Simples; validar)
8299703,"SERVIÇOS DE GRAVAÇÃO DE CARIMBOS, EXCETO CONFECÇÃO",N,Atividades Administrativas E Serviços Complementares,82,82997,III/IV/V*,serviço — anexo exato depende da atividade + Fator R (determinar na camada fiscal),,,atende,presumido (serviço/comércio leve no Simples; validar)
8299704,LEILOEIROS INDEPENDENTES,N,Atividades Administrativas E Serviços Complementares,82,82997,III/IV/V*,serviço — anexo exato depende da atividade + Fator R (determinar na camada fiscal),,,atende,presumido (serviço/comércio leve no Simples; validar)
8299705,SERVIÇOS DE LEVANTAMENTO DE FUNDOS SOB CONTRATO,N,Atividades Administrativas E Serviços Complementares,82,82997,III/IV/V*,serviço — anexo exato depende da atividade + Fator R (determinar na camada fiscal),,,atende,presumido (serviço/comércio leve no Simples; validar)
8299706,CASAS LOTÉRICAS,N,Atividades Administrativas E Serviços Complementares,82,82997,III/IV/V*,serviço — anexo exato depende da atividade + Fator R (determinar na camada fiscal),,,atende,presumido (serviço/comércio leve no Simples; validar)
8299707,SALAS DE ACESSO À INTERNET,N,Atividades Administrativas E Serviços Complementares,82,82997,III/IV/V*,serviço — anexo exato depende da atividade + Fator R (determinar na camada fiscal),,,atende,presumido (serviço/comércio leve no Simples; validar)
8299799,OUTRAS ATIVIDADES DE SERVIÇOS PRESTADOS PRINCIPALMENTE ÀS EMPRESAS NÃO ESPECIFICADAS ANTERIORMENTE,N,Atividades Administrativas E Serviços Complementares,82,82997,III/IV/V*,serviço — anexo exato depende da atividade + Fator R (determinar na camada fiscal),,,atende,presumido (serviço/comércio leve no Simples; validar)
9603304,SERVIÇOS DE FUNERÁRIAS,S,Outras Atividades De Serviços,96,96033,III/IV/V*,serviço — anexo exato depende da atividade + Fator R (determinar na camada fiscal),,,atende,presumido (serviço/comércio leve no Simples; validar)
8412400,"REGULAÇÃO DAS ATIVIDADES DE SAÚDE, EDUCAÇÃO, SERVIÇOS CULTURAIS E OUTROS SERVIÇOS SOCIAIS",O,"Administração Pública, Defesa E Seguridade Social",84,84124,III/IV/V*,serviço — anexo exato depende da atividade + Fator R (determinar na camada fiscal),,,atende,presumido (serviço/comércio leve no Simples; validar)
8413200,REGULAÇÃO DAS ATIVIDADES ECONÔMICAS,O,"Administração Pública, Defesa E Seguridade Social",84,84132,III/IV/V*,serviço — anexo exato depende da atividade + Fator R (determinar na camada fiscal),,,atende,presumido (serviço/comércio leve no Simples; validar)
8421300,RELAÇÕES EXTERIORES,O,"Administração Pública, Defesa E Seguridade Social",84,84213,III/IV/V*,serviço — anexo exato depende da atividade + Fator R (determinar na camada fiscal),,,atende,presumido (serviço/comércio leve no Simples; validar)
8422100,DEFESA,O,"Administração Pública, Defesa E Seguridade Social",84,84221,III/IV/V*,serviço — anexo exato depende da atividade + Fator R (determinar na camada fiscal),,,atende,presumido (serviço/comércio leve no Simples; validar)
8630599,ATIVIDADES DE ATENÇÃO AMBULATORIAL NÃO ESPECIFICADAS ANTERIORMENTE,Q,Saúde Humana E Serviços Sociais,86,86305,III/IV/V*,serviço — anexo exato depende da atividade + Fator R (determinar na camada fiscal),,,condicao,regulamentada — exige responsável técnico + conselho
8423000,JUSTIÇA,O,"Administração Pública, Defesa E Seguridade Social",84,84230,III/IV/V*,serviço — anexo exato depende da atividade + Fator R (determinar na camada fiscal),,,atende,presumido (serviço/comércio leve no Simples; validar)
8424800,SEGURANÇA E ORDEM PÚBLICA,O,"Administração Pública, Defesa E Seguridade Social",84,84248,III/IV/V*,serviço — anexo exato depende da atividade + Fator R (determinar na camada fiscal),,,atende,presumido (serviço/comércio leve no Simples; validar)
8425600,DEFESA CIVIL,O,"Administração Pública, Defesa E Seguridade Social",84,84256,III/IV/V*,serviço — anexo exato depende da atividade + Fator R (determinar na camada fiscal),,,atende,presumido (serviço/comércio leve no Simples; validar)
8430200,SEGURIDADE SOCIAL OBRIGATÓRIA,O,"Administração Pública, Defesa E Seguridade Social",84,84302,III/IV/V*,serviço — anexo exato depende da atividade + Fator R (determinar na camada fiscal),,,atende,presumido (serviço/comércio leve no Simples; validar)
8511200,EDUCAÇÃO INFANTIL - CRECHE,P,Educação,85,85112,III/IV/V*,serviço — anexo exato depende da atividade + Fator R (determinar na camada fiscal),,,atende,presumido (serviço/comércio leve no Simples; validar)
9603305,SERVIÇOS DE SOMATOCONSERVAÇÃO,S,Outras Atividades De Serviços,96,96033,III/IV/V*,serviço — anexo exato depende da atividade + Fator R (determinar na camada fiscal),,,atende,presumido (serviço/comércio leve no Simples; validar)
8513900,ENSINO FUNDAMENTAL,P,Educação,85,85139,III/IV/V*,serviço — anexo exato depende da atividade + Fator R (determinar na camada fiscal),,,atende,presumido (serviço/comércio leve no Simples; validar)
8599603,TREINAMENTO EM INFORMÁTICA,P,Educação,85,85996,III/IV/V*,serviço — anexo exato depende da atividade + Fator R (determinar na camada fiscal),,,atende,presumido (serviço/comércio leve no Simples; validar)
8599604,TREINAMENTO EM DESENVOLVIMENTO PROFISSIONAL E GERENCIAL,P,Educação,85,85996,III/IV/V*,serviço — anexo exato depende da atividade + Fator R (determinar na camada fiscal),,,atende,presumido (serviço/comércio leve no Simples; validar)
8599605,CURSOS PREPARATÓRIOS PARA CONCURSOS,P,Educação,85,85996,III/IV/V*,serviço — anexo exato depende da atividade + Fator R (determinar na camada fiscal),,,atende,presumido (serviço/comércio leve no Simples; validar)
8520100,ENSINO MÉDIO,P,Educação,85,85201,III/IV/V*,serviço — anexo exato depende da atividade + Fator R (determinar na camada fiscal),,,atende,presumido (serviço/comércio leve no Simples; validar)
8531700,EDUCAÇÃO SUPERIOR - GRADUAÇÃO,P,Educação,85,85317,III/IV/V*,serviço — anexo exato depende da atividade + Fator R (determinar na camada fiscal),,,atende,presumido (serviço/comércio leve no Simples; validar)
8532500,EDUCAÇÃO SUPERIOR - GRADUAÇÃO E PÓS GRADUAÇÃO,P,Educação,85,85325,III/IV/V*,serviço — anexo exato depende da atividade + Fator R (determinar na camada fiscal),,,atende,presumido (serviço/comércio leve no Simples; validar)
8640201,LABORATÓRIOS DE ANATOMIA PATOLÓGICA E CITOLÓGICA,Q,Saúde Humana E Serviços Sociais,86,86402,III/IV/V*,serviço — anexo exato depende da atividade + Fator R (determinar na camada fiscal),,,condicao,regulamentada — exige responsável técnico + conselho
8533300,EDUCAÇÃO SUPERIOR - PÓS GRADUAÇÃO E EXTENSÃO,P,Educação,85,85333,III/IV/V*,serviço — anexo exato depende da atividade + Fator R (determinar na camada fiscal),,,atende,presumido (serviço/comércio leve no Simples; validar)
8541400,EDUCAÇÃO PROFISSIONAL DE NÍVEL TÉCNICO,P,Educação,85,85414,III/IV/V*,serviço — anexo exato depende da atividade + Fator R (determinar na camada fiscal),,,atende,presumido (serviço/comércio leve no Simples; validar)
8542200,EDUCAÇÃO PROFISSIONAL DE NÍVEL TECNOLÓGICO,P,Educação,85,85422,III/IV/V*,serviço — anexo exato depende da atividade + Fator R (determinar na camada fiscal),,,atende,presumido (serviço/comércio leve no Simples; validar)
8550301,ADMINISTRAÇÃO DE CAIXAS ESCOLARES,P,Educação,85,85503,III/IV/V*,serviço — anexo exato depende da atividade + Fator R (determinar na camada fiscal),,,atende,presumido (serviço/comércio leve no Simples; validar)
8550302,"ATIVIDADES DE APOIO À EDUCAÇÃO, EXCETO CAIXAS ESCOLARES",P,Educação,85,85503,III/IV/V*,serviço — anexo exato depende da atividade + Fator R (determinar na camada fiscal),,,atende,presumido (serviço/comércio leve no Simples; validar)
9603399,ATIVIDADES FUNERÁRIAS E SERVIÇOS RELACIONADOS NÃO ESPECIFICADOS ANTERIORMENTE,S,Outras Atividades De Serviços,96,96033,III/IV/V*,serviço — anexo exato depende da atividade + Fator R (determinar na camada fiscal),,,atende,presumido (serviço/comércio leve no Simples; validar)
8592902,"ENSINO DE ARTES CÊNICAS, EXCETO DANÇA",P,Educação,85,85929,III/IV/V*,serviço — anexo exato depende da atividade + Fator R (determinar na camada fiscal),,,atende,presumido (serviço/comércio leve no Simples; validar)
8592903,ENSINO DE MÚSICA,P,Educação,85,85929,III/IV/V*,serviço — anexo exato depende da atividade + Fator R (determinar na camada fiscal),,,atende,presumido (serviço/comércio leve no Simples; validar)
8592999,ENSINO DE ARTE E CULTURA NÃO ESPECIFICADO ANTERIORMENTE,P,Educação,85,85929,III/IV/V*,serviço — anexo exato depende da atividade + Fator R (determinar na camada fiscal),,,atende,presumido (serviço/comércio leve no Simples; validar)
8593700,ENSINO DE IDIOMAS,P,Educação,85,85937,III/IV/V*,serviço — anexo exato depende da atividade + Fator R (determinar na camada fiscal),,,atende,presumido (serviço/comércio leve no Simples; validar)
8599699,OUTRAS ATIVIDADES DE ENSINO NÃO ESPECIFICADAS ANTERIORMENTE,P,Educação,85,85996,III/IV/V*,serviço — anexo exato depende da atividade + Fator R (determinar na camada fiscal),,,atende,presumido (serviço/comércio leve no Simples; validar)
8640202,LABORATÓRIOS CLÍNICOS,Q,Saúde Humana E Serviços Sociais,86,86402,III/IV/V*,serviço — anexo exato depende da atividade + Fator R (determinar na camada fiscal),,,condicao,regulamentada — exige responsável técnico + conselho
8640203,SERVIÇOS DE DIÁLISE E NEFROLOGIA,Q,Saúde Humana E Serviços Sociais,86,86402,III/IV/V*,serviço — anexo exato depende da atividade + Fator R (determinar na camada fiscal),,,condicao,regulamentada — exige responsável técnico + conselho
8640204,SERVIÇOS DE TOMOGRAFIA,Q,Saúde Humana E Serviços Sociais,86,86402,III/IV/V*,serviço — anexo exato depende da atividade + Fator R (determinar na camada fiscal),,,condicao,regulamentada — exige responsável técnico + conselho
8610101,"ATIVIDADES DE ATENDIMENTO HOSPITALAR, EXCETO PRONTO SOCORRO E UNIDADES PARA ATENDIMENTO A URGÊNCIAS",Q,Saúde Humana E Serviços Sociais,86,86101,III/IV/V*,serviço — anexo exato depende da atividade + Fator R (determinar na camada fiscal),,,condicao,regulamentada — exige responsável técnico + conselho
8610102,ATIVIDADES DE ATENDIMENTO EM PRONTO SOCORRO E UNIDADES HOSPITALARES PARA ATENDIMENTO A URGÊNCIAS,Q,Saúde Humana E Serviços Sociais,86,86101,III/IV/V*,serviço — anexo exato depende da atividade + Fator R (determinar na camada fiscal),,,condicao,regulamentada — exige responsável técnico + conselho
8621601,UTI MÓVEL,Q,Saúde Humana E Serviços Sociais,86,86216,III/IV/V*,serviço — anexo exato depende da atividade + Fator R (determinar na camada fiscal),,,condicao,regulamentada — exige responsável técnico + conselho
8621602,"SERVIÇOS MÓVEIS DE ATENDIMENTO A URGÊNCIAS, EXCETO POR UTI MÓVEL",Q,Saúde Humana E Serviços Sociais,86,86216,III/IV/V*,serviço — anexo exato depende da atividade + Fator R (determinar na camada fiscal),,,condicao,regulamentada — exige responsável técnico + conselho
8622400,"SERVIÇOS DE REMOÇÃO DE PACIENTES, EXCETO OS SERVIÇOS MÓVEIS DE ATENDIMENTO A URGÊNCIAS",Q,Saúde Humana E Serviços Sociais,86,86224,III/IV/V*,serviço — anexo exato depende da atividade + Fator R (determinar na camada fiscal),,,condicao,regulamentada — exige responsável técnico + conselho
9609202,AGÊNCIAS MATRIMONIAIS,S,Outras Atividades De Serviços,96,96092,III/IV/V*,serviço — anexo exato depende da atividade + Fator R (determinar na camada fiscal),,,atende,presumido (serviço/comércio leve no Simples; validar)
8630501,ATIVIDADE MÉDICA AMBULATORIAL COM RECURSOS PARA REALIZAÇÃO DE PROCEDIMENTOS CIRÚRGICOS,Q,Saúde Humana E Serviços Sociais,86,86305,III/IV/V*,serviço — anexo exato depende da atividade + Fator R (determinar na camada fiscal),,,condicao,regulamentada — exige responsável técnico + conselho
8630502,ATIVIDADE MÉDICA AMBULATORIAL COM RECURSOS PARA REALIZAÇÃO DE EXAMES COMPLEMENTARES,Q,Saúde Humana E Serviços Sociais,86,86305,III/IV/V*,serviço — anexo exato depende da atividade + Fator R (determinar na camada fiscal),,,condicao,regulamentada — exige responsável técnico + conselho
8630503,ATIVIDADE MÉDICA AMBULATORIAL RESTRITA A CONSULTAS,Q,Saúde Humana E Serviços Sociais,86,86305,III/IV/V*,serviço — anexo exato depende da atividade + Fator R (determinar na camada fiscal),,,condicao,regulamentada — exige responsável técnico + conselho
8650004,ATIVIDADES DE FISIOTERAPIA,Q,Saúde Humana E Serviços Sociais,86,86500,III/IV/V*,serviço — anexo exato depende da atividade + Fator R (determinar na camada fiscal),,,condicao,regulamentada — exige responsável técnico + conselho
8630504,ATIVIDADE ODONTOLÓGICA,Q,Saúde Humana E Serviços Sociais,86,86305,III/IV/V*,serviço — anexo exato depende da atividade + Fator R (determinar na camada fiscal),,,condicao,regulamentada — exige responsável técnico + conselho
8630506,SERVIÇOS DE VACINAÇÃO E IMUNIZAÇÃO HUMANA,Q,Saúde Humana E Serviços Sociais,86,86305,III/IV/V*,serviço — anexo exato depende da atividade + Fator R (determinar na camada fiscal),,,condicao,regulamentada — exige responsável técnico + conselho
8630507,ATIVIDADES DE REPRODUÇÃO HUMANA ASSISTIDA,Q,Saúde Humana E Serviços Sociais,86,86305,III/IV/V*,serviço — anexo exato depende da atividade + Fator R (determinar na camada fiscal),,,condicao,regulamentada — exige responsável técnico + conselho
8640205,"SERVIÇOS DE DIAGNÓSTICO POR IMAGEM COM USO DE RADIAÇÃO IONIZANTE, EXCETO TOMOGRAFIA",Q,Saúde Humana E Serviços Sociais,86,86402,III/IV/V*,serviço — anexo exato depende da atividade + Fator R (determinar na camada fiscal),,,condicao,regulamentada — exige responsável técnico + conselho
8640206,SERVIÇOS DE RESSONÂNCIA MAGNÉTICA,Q,Saúde Humana E Serviços Sociais,86,86402,III/IV/V*,serviço — anexo exato depende da atividade + Fator R (determinar na camada fiscal),,,condicao,regulamentada — exige responsável técnico + conselho
8640207,"SERVIÇOS DE DIAGNÓSTICO POR IMAGEM SEM USO DE RADIAÇÃO IONIZANTE, EXCETO RESSONÂNCIA MAGNÉTICA",Q,Saúde Humana E Serviços Sociais,86,86402,III/IV/V*,serviço — anexo exato depende da atividade + Fator R (determinar na camada fiscal),,,condicao,regulamentada — exige responsável técnico + conselho
8640208,"SERVIÇOS DE DIAGNÓSTICO POR REGISTRO GRÁFICO - ECG, EEG E OUTROS EXAMES ANÁLOGOS",Q,Saúde Humana E Serviços Sociais,86,86402,III/IV/V*,serviço — anexo exato depende da atividade + Fator R (determinar na camada fiscal),,,condicao,regulamentada — exige responsável técnico + conselho
8640209,SERVIÇOS DE DIAGNÓSTICO POR MÉTODOS ÓPTICOS - ENDOSCOPIA E OUTROS EXAMES ANÁLOGOS,Q,Saúde Humana E Serviços Sociais,86,86402,III/IV/V*,serviço — anexo exato depende da atividade + Fator R (determinar na camada fiscal),,,condicao,regulamentada — exige responsável técnico + conselho
8640210,SERVIÇOS DE QUIMIOTERAPIA,Q,Saúde Humana E Serviços Sociais,86,86402,III/IV/V*,serviço — anexo exato depende da atividade + Fator R (determinar na camada fiscal),,,condicao,regulamentada — exige responsável técnico + conselho
8640211,SERVIÇOS DE RADIOTERAPIA,Q,Saúde Humana E Serviços Sociais,86,86402,III/IV/V*,serviço — anexo exato depende da atividade + Fator R (determinar na camada fiscal),,,condicao,regulamentada — exige responsável técnico + conselho
8640212,SERVIÇOS DE HEMOTERAPIA,Q,Saúde Humana E Serviços Sociais,86,86402,III/IV/V*,serviço — anexo exato depende da atividade + Fator R (determinar na camada fiscal),,,condicao,regulamentada — exige responsável técnico + conselho
8640213,SERVIÇOS DE LITOTRIPCIA,Q,Saúde Humana E Serviços Sociais,86,86402,III/IV/V*,serviço — anexo exato depende da atividade + Fator R (determinar na camada fiscal),,,condicao,regulamentada — exige responsável técnico + conselho
8640214,SERVIÇOS DE BANCOS DE CÉLULAS E TECIDOS HUMANOS,Q,Saúde Humana E Serviços Sociais,86,86402,III/IV/V*,serviço — anexo exato depende da atividade + Fator R (determinar na camada fiscal),,,condicao,regulamentada — exige responsável técnico + conselho
8712300,ATIVIDADES DE FORNECIMENTO DE INFRAESTRUTURA DE APOIO E ASSISTÊNCIA A PACIENTE NO DOMICÍLIO,Q,Saúde Humana E Serviços Sociais,87,87123,III/IV/V*,serviço — anexo exato depende da atividade + Fator R (determinar na camada fiscal),,,atende,presumido (serviço/comércio leve no Simples; validar)
8640299,ATIVIDADES DE SERVIÇOS DE COMPLEMENTAÇÃO DIAGNÓSTICA E TERAPÊUTICA NÃO ESPECIFICADAS ANTERIORMENTE,Q,Saúde Humana E Serviços Sociais,86,86402,III/IV/V*,serviço — anexo exato depende da atividade + Fator R (determinar na camada fiscal),,,condicao,regulamentada — exige responsável técnico + conselho
8650001,ATIVIDADES DE ENFERMAGEM,Q,Saúde Humana E Serviços Sociais,86,86500,III/IV/V*,serviço — anexo exato depende da atividade + Fator R (determinar na camada fiscal),,,condicao,regulamentada — exige responsável técnico + conselho
8650002,ATIVIDADES DE PROFISSIONAIS DA NUTRIÇÃO,Q,Saúde Humana E Serviços Sociais,86,86500,III/IV/V*,serviço — anexo exato depende da atividade + Fator R (determinar na camada fiscal),,,condicao,regulamentada — exige responsável técnico + conselho
8650003,ATIVIDADES DE PSICOLOGIA E PSICANÁLISE,Q,Saúde Humana E Serviços Sociais,86,86500,III/IV/V*,serviço — anexo exato depende da atividade + Fator R (determinar na camada fiscal),,,condicao,regulamentada — exige responsável técnico + conselho
8650007,ATIVIDADES DE TERAPIA DE NUTRIÇÃO ENTERAL E PARENTERAL,Q,Saúde Humana E Serviços Sociais,86,86500,III/IV/V*,serviço — anexo exato depende da atividade + Fator R (determinar na camada fiscal),,,condicao,regulamentada — exige responsável técnico + conselho
8650099,ATIVIDADES DE PROFISSIONAIS DA ÁREA DE SAÚDE NÃO ESPECIFICADAS ANTERIORMENTE,Q,Saúde Humana E Serviços Sociais,86,86500,III/IV/V*,serviço — anexo exato depende da atividade + Fator R (determinar na camada fiscal),,,condicao,regulamentada — exige responsável técnico + conselho
8660700,ATIVIDADES DE APOIO À GESTÃO DE SAÚDE,Q,Saúde Humana E Serviços Sociais,86,86607,III/IV/V*,serviço — anexo exato depende da atividade + Fator R (determinar na camada fiscal),,,condicao,regulamentada — exige responsável técnico + conselho
8690901,ATIVIDADES DE PRÁTICAS INTEGRATIVAS E COMPLEMENTARES EM SAÚDE HUMANA,Q,Saúde Humana E Serviços Sociais,86,86909,III/IV/V*,serviço — anexo exato depende da atividade + Fator R (determinar na camada fiscal),,,condicao,regulamentada — exige responsável técnico + conselho
8690902,ATIVIDADES DE BANCO DE LEITE HUMANO,Q,Saúde Humana E Serviços Sociais,86,86909,III/IV/V*,serviço — anexo exato depende da atividade + Fator R (determinar na camada fiscal),,,condicao,regulamentada — exige responsável técnico + conselho
8690903,ATIVIDADES DE ACUPUNTURA,Q,Saúde Humana E Serviços Sociais,86,86909,III/IV/V*,serviço — anexo exato depende da atividade + Fator R (determinar na camada fiscal),,,condicao,regulamentada — exige responsável técnico + conselho
8690904,ATIVIDADES DE PODOLOGIA,Q,Saúde Humana E Serviços Sociais,86,86909,III/IV/V*,serviço — anexo exato depende da atividade + Fator R (determinar na camada fiscal),,,condicao,regulamentada — exige responsável técnico + conselho
9529103,REPARAÇÃO DE RELÓGIOS,S,Outras Atividades De Serviços,95,95291,III/IV/V*,serviço — anexo exato depende da atividade + Fator R (determinar na camada fiscal),,,atende,presumido (serviço/comércio leve no Simples; validar)
8711501,CLÍNICAS E RESIDÊNCIAS GERIÁTRICAS,Q,Saúde Humana E Serviços Sociais,87,87115,III/IV/V*,serviço — anexo exato depende da atividade + Fator R (determinar na camada fiscal),,,atende,presumido (serviço/comércio leve no Simples; validar)
8711502,INSTITUIÇÕES DE LONGA PERMANÊNCIA PARA IDOSOS,Q,Saúde Humana E Serviços Sociais,87,87115,III/IV/V*,serviço — anexo exato depende da atividade + Fator R (determinar na camada fiscal),,,atende,presumido (serviço/comércio leve no Simples; validar)
8711503,"ATIVIDADES DE ASSISTÊNCIA A DEFICIENTES FÍSICOS, IMUNODEPRIMIDOS E CONVALESCENTES",Q,Saúde Humana E Serviços Sociais,87,87115,III/IV/V*,serviço — anexo exato depende da atividade + Fator R (determinar na camada fiscal),,,atende,presumido (serviço/comércio leve no Simples; validar)
8711504,CENTROS DE APOIO A PACIENTES COM CÂNCER E COM AIDS,Q,Saúde Humana E Serviços Sociais,87,87115,III/IV/V*,serviço — anexo exato depende da atividade + Fator R (determinar na camada fiscal),,,atende,presumido (serviço/comércio leve no Simples; validar)
8711505,CONDOMÍNIOS RESIDENCIAIS PARA IDOSOS,Q,Saúde Humana E Serviços Sociais,87,87115,III/IV/V*,serviço — anexo exato depende da atividade + Fator R (determinar na camada fiscal),,,atende,presumido (serviço/comércio leve no Simples; validar)
9002702,RESTAURAÇÃO DE OBRAS DE ARTE,R,"Artes, Cultura, Esporte E Recreação",90,90027,III/IV/V*,serviço — anexo exato depende da atividade + Fator R (determinar na camada fiscal),,,atende,presumido (serviço/comércio leve no Simples; validar)
8720401,ATIVIDADES DE CENTROS DE ASSISTÊNCIA PSICOSSOCIAL,Q,Saúde Humana E Serviços Sociais,87,87204,III/IV/V*,serviço — anexo exato depende da atividade + Fator R (determinar na camada fiscal),,,atende,presumido (serviço/comércio leve no Simples; validar)
8730101,ORFANATOS,Q,Saúde Humana E Serviços Sociais,87,87301,III/IV/V*,serviço — anexo exato depende da atividade + Fator R (determinar na camada fiscal),,,atende,presumido (serviço/comércio leve no Simples; validar)
8730102,ALBERGUES ASSISTENCIAIS,Q,Saúde Humana E Serviços Sociais,87,87301,III/IV/V*,serviço — anexo exato depende da atividade + Fator R (determinar na camada fiscal),,,atende,presumido (serviço/comércio leve no Simples; validar)
8730199,ATIVIDADES DE ASSISTÊNCIA SOCIAL PRESTADAS EM RESIDÊNCIAS COLETIVAS E PARTICULARES NÃO ESPECIFICADAS ANTERIORMENTE,Q,Saúde Humana E Serviços Sociais,87,87301,III/IV/V*,serviço — anexo exato depende da atividade + Fator R (determinar na camada fiscal),,,atende,presumido (serviço/comércio leve no Simples; validar)
9001901,PRODUÇÃO TEATRAL,R,"Artes, Cultura, Esporte E Recreação",90,90019,III/IV/V*,serviço — anexo exato depende da atividade + Fator R (determinar na camada fiscal),,,atende,presumido (serviço/comércio leve no Simples; validar)
9001902,PRODUÇÃO MUSICAL,R,"Artes, Cultura, Esporte E Recreação",90,90019,III/IV/V*,serviço — anexo exato depende da atividade + Fator R (determinar na camada fiscal),,,atende,presumido (serviço/comércio leve no Simples; validar)
9001903,PRODUÇÃO DE ESPETÁCULOS DE DANÇA,R,"Artes, Cultura, Esporte E Recreação",90,90019,III/IV/V*,serviço — anexo exato depende da atividade + Fator R (determinar na camada fiscal),,,atende,presumido (serviço/comércio leve no Simples; validar)
9001904,"PRODUÇÃO DE ESPETÁCULOS CIRCENSES, DE MARIONETES E SIMILARES",R,"Artes, Cultura, Esporte E Recreação",90,90019,III/IV/V*,serviço — anexo exato depende da atividade + Fator R (determinar na camada fiscal),,,atende,presumido (serviço/comércio leve no Simples; validar)
9001905,"PRODUÇÃO DE ESPETÁCULOS DE RODEIOS, VAQUEJADAS E SIMILARES",R,"Artes, Cultura, Esporte E Recreação",90,90019,III/IV/V*,serviço — anexo exato depende da atividade + Fator R (determinar na camada fiscal),,,atende,presumido (serviço/comércio leve no Simples; validar)
9001906,ATIVIDADES DE SONORIZAÇÃO E DE ILUMINAÇÃO,R,"Artes, Cultura, Esporte E Recreação",90,90019,III/IV/V*,serviço — anexo exato depende da atividade + Fator R (determinar na camada fiscal),,,atende,presumido (serviço/comércio leve no Simples; validar)
9001999,"ARTES CÊNICAS, ESPETÁCULOS E ATIVIDADES COMPLEMENTARES NÃO ESPECIFICADAS ANTERIORMENTE",R,"Artes, Cultura, Esporte E Recreação",90,90019,III/IV/V*,serviço — anexo exato depende da atividade + Fator R (determinar na camada fiscal),,,atende,presumido (serviço/comércio leve no Simples; validar)
9002701,"ATIVIDADES DE ARTISTAS PLÁSTICOS, JORNALISTAS INDEPENDENTES E ESCRITORES",R,"Artes, Cultura, Esporte E Recreação",90,90027,III/IV/V*,serviço — anexo exato depende da atividade + Fator R (determinar na camada fiscal),,,atende,presumido (serviço/comércio leve no Simples; validar)
9003500,"GESTÃO DE ESPAÇOS PARA ARTES CÊNICAS, ESPETÁCULOS E OUTRAS ATIVIDADES ARTÍSTICAS",R,"Artes, Cultura, Esporte E Recreação",90,90035,III/IV/V*,serviço — anexo exato depende da atividade + Fator R (determinar na camada fiscal),,,atende,presumido (serviço/comércio leve no Simples; validar)
9101500,ATIVIDADES DE BIBLIOTECAS E ARQUIVOS,R,"Artes, Cultura, Esporte E Recreação",91,91015,III/IV/V*,serviço — anexo exato depende da atividade + Fator R (determinar na camada fiscal),,,atende,presumido (serviço/comércio leve no Simples; validar)
9102301,ATIVIDADES DE MUSEUS E DE EXPLORAÇÃO DE LUGARES E PRÉDIOS HISTÓRICOS E ATRAÇÕES SIMILARES,R,"Artes, Cultura, Esporte E Recreação",91,91023,III/IV/V*,serviço — anexo exato depende da atividade + Fator R (determinar na camada fiscal),,,atende,presumido (serviço/comércio leve no Simples; validar)
9102302,RESTAURAÇÃO E CONSERVAÇÃO DE LUGARES E PRÉDIOS HISTÓRICOS,R,"Artes, Cultura, Esporte E Recreação",91,91023,III/IV/V*,serviço — anexo exato depende da atividade + Fator R (determinar na camada fiscal),,,atende,presumido (serviço/comércio leve no Simples; validar)
9103100,"ATIVIDADES DE JARDINS BOTÂNICOS, ZOOLÓGICOS, PARQUES NACIONAIS, RESERVAS ECOLÓGICAS E ÁREAS DE PROTEÇÃO AMBIENTAL",R,"Artes, Cultura, Esporte E Recreação",91,91031,III/IV/V*,serviço — anexo exato depende da atividade + Fator R (determinar na camada fiscal),,,atende,presumido (serviço/comércio leve no Simples; validar)
9200301,CASAS DE BINGO,R,"Artes, Cultura, Esporte E Recreação",92,92003,III/IV/V*,serviço — anexo exato depende da atividade + Fator R (determinar na camada fiscal),,,atende,presumido (serviço/comércio leve no Simples; validar)
9200302,EXPLORAÇÃO DE APOSTAS EM CORRIDAS DE CAVALOS,R,"Artes, Cultura, Esporte E Recreação",92,92003,III/IV/V*,serviço — anexo exato depende da atividade + Fator R (determinar na camada fiscal),,,atende,presumido (serviço/comércio leve no Simples; validar)
9200399,EXPLORAÇÃO DE JOGOS DE AZAR E APOSTAS NÃO ESPECIFICADOS ANTERIORMENTE,R,"Artes, Cultura, Esporte E Recreação",92,92003,III/IV/V*,serviço — anexo exato depende da atividade + Fator R (determinar na camada fiscal),,,atende,presumido (serviço/comércio leve no Simples; validar)
9311500,GESTÃO DE INSTALAÇÕES DE ESPORTES,R,"Artes, Cultura, Esporte E Recreação",93,93115,III/IV/V*,serviço — anexo exato depende da atividade + Fator R (determinar na camada fiscal),,,atende,presumido (serviço/comércio leve no Simples; validar)
9312300,"CLUBES SOCIAIS, ESPORTIVOS E SIMILARES",R,"Artes, Cultura, Esporte E Recreação",93,93123,III/IV/V*,serviço — anexo exato depende da atividade + Fator R (determinar na camada fiscal),,,atende,presumido (serviço/comércio leve no Simples; validar)
9313100,ATIVIDADES DE CONDICIONAMENTO FÍSICO,R,"Artes, Cultura, Esporte E Recreação",93,93131,III/IV/V*,serviço — anexo exato depende da atividade + Fator R (determinar na camada fiscal),,,atende,presumido (serviço/comércio leve no Simples; validar)
9319101,PRODUÇÃO E PROMOÇÃO DE EVENTOS ESPORTIVOS,R,"Artes, Cultura, Esporte E Recreação",93,93191,III/IV/V*,serviço — anexo exato depende da atividade + Fator R (determinar na camada fiscal),,,atende,presumido (serviço/comércio leve no Simples; validar)
9319199,OUTRAS ATIVIDADES ESPORTIVAS NÃO ESPECIFICADAS ANTERIORMENTE,R,"Artes, Cultura, Esporte E Recreação",93,93191,III/IV/V*,serviço — anexo exato depende da atividade + Fator R (determinar na camada fiscal),,,atende,presumido (serviço/comércio leve no Simples; validar)
9321200,PARQUES DE DIVERSÃO E PARQUES TEMÁTICOS,R,"Artes, Cultura, Esporte E Recreação",93,93212,III/IV/V*,serviço — anexo exato depende da atividade + Fator R (determinar na camada fiscal),,,atende,presumido (serviço/comércio leve no Simples; validar)
9329801,"DISCOTECAS, DANCETERIAS, SALÕES DE DANÇA E SIMILARES",R,"Artes, Cultura, Esporte E Recreação",93,93298,III/IV/V*,serviço — anexo exato depende da atividade + Fator R (determinar na camada fiscal),,,atende,presumido (serviço/comércio leve no Simples; validar)
9329802,EXPLORAÇÃO DE BOLICHES,R,"Artes, Cultura, Esporte E Recreação",93,93298,III/IV/V*,serviço — anexo exato depende da atividade + Fator R (determinar na camada fiscal),,,atende,presumido (serviço/comércio leve no Simples; validar)
9329803,"EXPLORAÇÃO DE JOGOS DE SINUCA, BILHAR E SIMILARES",R,"Artes, Cultura, Esporte E Recreação",93,93298,III/IV/V*,serviço — anexo exato depende da atividade + Fator R (determinar na camada fiscal),,,atende,presumido (serviço/comércio leve no Simples; validar)
9329804,EXPLORAÇÃO DE JOGOS ELETRÔNICOS RECREATIVOS,R,"Artes, Cultura, Esporte E Recreação",93,93298,III/IV/V*,serviço — anexo exato depende da atividade + Fator R (determinar na camada fiscal),,,atende,presumido (serviço/comércio leve no Simples; validar)
9609204,EXPLORAÇÃO DE MÁQUINAS DE SERVIÇOS PESSOAIS ACIONADAS POR MOEDA,S,Outras Atividades De Serviços,96,96092,III/IV/V*,serviço — anexo exato depende da atividade + Fator R (determinar na camada fiscal),,,atende,presumido (serviço/comércio leve no Simples; validar)
9329899,OUTRAS ATIVIDADES DE RECREAÇÃO E LAZER NÃO ESPECIFICADAS ANTERIORMENTE,R,"Artes, Cultura, Esporte E Recreação",93,93298,III/IV/V*,serviço — anexo exato depende da atividade + Fator R (determinar na camada fiscal),,,atende,presumido (serviço/comércio leve no Simples; validar)
9411100,ATIVIDADES DE ORGANIZAÇÕES ASSOCIATIVAS PATRONAIS E EMPRESARIAIS,S,Outras Atividades De Serviços,94,94111,III/IV/V*,serviço — anexo exato depende da atividade + Fator R (determinar na camada fiscal),,,nao,divisão/classe recusada (mapeado das 17 categorias do suporte)
9412001,ATIVIDADES DE FISCALIZAÇÃO PROFISSIONAL,S,Outras Atividades De Serviços,94,94120,III/IV/V*,serviço — anexo exato depende da atividade + Fator R (determinar na camada fiscal),,,nao,divisão/classe recusada (mapeado das 17 categorias do suporte)
9412099,OUTRAS ATIVIDADES ASSOCIATIVAS PROFISSIONAIS,S,Outras Atividades De Serviços,94,94120,III/IV/V*,serviço — anexo exato depende da atividade + Fator R (determinar na camada fiscal),,,nao,divisão/classe recusada (mapeado das 17 categorias do suporte)
9420100,ATIVIDADES DE ORGANIZAÇÕES SINDICAIS,S,Outras Atividades De Serviços,94,94201,III/IV/V*,serviço — anexo exato depende da atividade + Fator R (determinar na camada fiscal),,,nao,divisão/classe recusada (mapeado das 17 categorias do suporte)
9430800,ATIVIDADES DE ASSOCIAÇÕES DE DEFESA DE DIREITOS SOCIAIS,S,Outras Atividades De Serviços,94,94308,III/IV/V*,serviço — anexo exato depende da atividade + Fator R (determinar na camada fiscal),,,nao,divisão/classe recusada (mapeado das 17 categorias do suporte)
9491000,ATIVIDADES DE ORGANIZAÇÕES RELIGIOSAS OU FILOSÓFICAS,S,Outras Atividades De Serviços,94,94910,III/IV/V*,serviço — anexo exato depende da atividade + Fator R (determinar na camada fiscal),,,nao,divisão/classe recusada (mapeado das 17 categorias do suporte)
9492800,ATIVIDADES DE ORGANIZAÇÕES POLÍTICAS,S,Outras Atividades De Serviços,94,94928,III/IV/V*,serviço — anexo exato depende da atividade + Fator R (determinar na camada fiscal),,,nao,divisão/classe recusada (mapeado das 17 categorias do suporte)
9602502,ATIVIDADES DE ESTÉTICA E OUTROS SERVIÇOS DE CUIDADOS COM A BELEZA,S,Outras Atividades De Serviços,96,96025,III/IV/V*,serviço — anexo exato depende da atividade + Fator R (determinar na camada fiscal),,,atende,presumido (serviço/comércio leve no Simples; validar)
9493600,ATIVIDADES DE ORGANIZAÇÕES ASSOCIATIVAS LIGADAS À CULTURA E À ARTE,S,Outras Atividades De Serviços,94,94936,III/IV/V*,serviço — anexo exato depende da atividade + Fator R (determinar na camada fiscal),,,nao,divisão/classe recusada (mapeado das 17 categorias do suporte)
9609205,ATIVIDADES DE SAUNA E BANHOS,S,Outras Atividades De Serviços,96,96092,III/IV/V*,serviço — anexo exato depende da atividade + Fator R (determinar na camada fiscal),,,atende,presumido (serviço/comércio leve no Simples; validar)
9609206,SERVIÇOS DE TATUAGEM E COLOCAÇÃO DE PIERCING,S,Outras Atividades De Serviços,96,96092,III/IV/V*,serviço — anexo exato depende da atividade + Fator R (determinar na camada fiscal),,,atende,presumido (serviço/comércio leve no Simples; validar)
9511800,REPARAÇÃO E MANUTENÇÃO DE COMPUTADORES E DE EQUIPAMENTOS PERIFÉRICOS,S,Outras Atividades De Serviços,95,95118,III/IV/V*,serviço — anexo exato depende da atividade + Fator R (determinar na camada fiscal),,,atende,presumido (serviço/comércio leve no Simples; validar)
9512600,REPARAÇÃO E MANUTENÇÃO DE EQUIPAMENTOS DE COMUNICAÇÃO,S,Outras Atividades De Serviços,95,95126,III/IV/V*,serviço — anexo exato depende da atividade + Fator R (determinar na camada fiscal),,,atende,presumido (serviço/comércio leve no Simples; validar)
9521500,REPARAÇÃO E MANUTENÇÃO DE EQUIPAMENTOS ELETROELETRÔNICOS DE USO PESSOAL E DOMÉSTICO,S,Outras Atividades De Serviços,95,95215,III/IV/V*,serviço — anexo exato depende da atividade + Fator R (determinar na camada fiscal),,,atende,presumido (serviço/comércio leve no Simples; validar)
9529101,"REPARAÇÃO DE CALÇADOS, DE BOLSAS E ARTIGOS DE VIAGEM",S,Outras Atividades De Serviços,95,95291,III/IV/V*,serviço — anexo exato depende da atividade + Fator R (determinar na camada fiscal),,,atende,presumido (serviço/comércio leve no Simples; validar)
9529102,CHAVEIROS,S,Outras Atividades De Serviços,95,95291,III/IV/V*,serviço — anexo exato depende da atividade + Fator R (determinar na camada fiscal),,,atende,presumido (serviço/comércio leve no Simples; validar)
9529104,"REPARAÇÃO DE BICICLETAS, TRICICLOS E OUTROS VEÍCULOS NÃO MOTORIZADOS",S,Outras Atividades De Serviços,95,95291,III/IV/V*,serviço — anexo exato depende da atividade + Fator R (determinar na camada fiscal),,,atende,presumido (serviço/comércio leve no Simples; validar)
9529105,REPARAÇÃO DE ARTIGOS DO MOBILIÁRIO,S,Outras Atividades De Serviços,95,95291,III/IV/V*,serviço — anexo exato depende da atividade + Fator R (determinar na camada fiscal),,,atende,presumido (serviço/comércio leve no Simples; validar)
9529106,REPARAÇÃO DE JÓIAS,S,Outras Atividades De Serviços,95,95291,III/IV/V*,serviço — anexo exato depende da atividade + Fator R (determinar na camada fiscal),,,atende,presumido (serviço/comércio leve no Simples; validar)
9529199,REPARAÇÃO E MANUTENÇÃO DE OUTROS OBJETOS E EQUIPAMENTOS PESSOAIS E DOMÉSTICOS NÃO ESPECIFICADOS ANTERIORMENTE,S,Outras Atividades De Serviços,95,95291,III/IV/V*,serviço — anexo exato depende da atividade + Fator R (determinar na camada fiscal),,,atende,presumido (serviço/comércio leve no Simples; validar)
9601701,LAVANDERIAS,S,Outras Atividades De Serviços,96,96017,III/IV/V*,serviço — anexo exato depende da atividade + Fator R (determinar na camada fiscal),,,atende,presumido (serviço/comércio leve no Simples; validar)
9601702,TINTURARIAS,S,Outras Atividades De Serviços,96,96017,III/IV/V*,serviço — anexo exato depende da atividade + Fator R (determinar na camada fiscal),,,atende,presumido (serviço/comércio leve no Simples; validar)
9601703,TOALHEIROS,S,Outras Atividades De Serviços,96,96017,III/IV/V*,serviço — anexo exato depende da atividade + Fator R (determinar na camada fiscal),,,atende,presumido (serviço/comércio leve no Simples; validar)
9602501,"CABELEIREIROS, MANICURE E PEDICURE",S,Outras Atividades De Serviços,96,96025,III/IV/V*,serviço — anexo exato depende da atividade + Fator R (determinar na camada fiscal),,,atende,presumido (serviço/comércio leve no Simples; validar)
9603301,GESTÃO E MANUTENÇÃO DE CEMITÉRIOS,S,Outras Atividades De Serviços,96,96033,III/IV/V*,serviço — anexo exato depende da atividade + Fator R (determinar na camada fiscal),,,atende,presumido (serviço/comércio leve no Simples; validar)
9609207,ALOJAMENTO DE ANIMAIS DOMÉSTICOS,S,Outras Atividades De Serviços,96,96092,III/IV/V*,serviço — anexo exato depende da atividade + Fator R (determinar na camada fiscal),,,atende,presumido (serviço/comércio leve no Simples; validar)
9609208,HIGIENE E EMBELEZAMENTO DE ANIMAIS DOMÉSTICOS,S,Outras Atividades De Serviços,96,96092,III/IV/V*,serviço — anexo exato depende da atividade + Fator R (determinar na camada fiscal),,,atende,presumido (serviço/comércio leve no Simples; validar)
9609299,OUTRAS ATIVIDADES DE SERVIÇOS PESSOAIS NÃO ESPECIFICADAS ANTERIORMENTE,S,Outras Atividades De Serviços,96,96092,III/IV/V*,serviço — anexo exato depende da atividade + Fator R (determinar na camada fiscal),,,atende,presumido (serviço/comércio leve no Simples; validar)
9700500,SERVIÇOS DOMÉSTICOS,T,Serviços Domésticos,97,97005,III/IV/V*,serviço — anexo exato depende da atividade + Fator R (determinar na camada fiscal),,,atende,presumido (serviço/comércio leve no Simples; validar)
9900800,ORGANISMOS INTERNACIONAIS E OUTRAS INSTITUIÇÕES EXTRATERRITORIAIS,U,Organismos Internacionais E Outras Instituições Extraterritoriais,99,99008,III/IV/V*,serviço — anexo exato depende da atividade + Fator R (determinar na camada fiscal),,,atende,presumido (serviço/comércio leve no Simples; validar)
3104700,FABRICAÇÃO DE COLCHÕES,C,Indústrias De Transformação,31,31047,II,indústria (regra por seção),,,nao,divisão/classe recusada (mapeado das 17 categorias do suporte)
4641901,COMÉRCIO ATACADISTA DE TECIDOS,G,Comércio; Reparação De Veículos Automotores E Motocicletas,46,46419,I,comércio (regra por seção),,,atende,presumido (serviço/comércio leve no Simples; validar)
7490199,"OUTRAS ATIVIDADES PROFISSIONAIS, CIENTÍFICAS E TÉCNICAS NÃO ESPECIFICADAS ANTERIORMENTE",M,"Atividades Profissionais, Científicas E Técnicas",74,74901,III/IV/V*,serviço — anexo exato depende da atividade + Fator R (determinar na camada fiscal),,,atende,presumido (serviço/comércio leve no Simples; validar)
1921700,FABRICAÇÃO DE PRODUTOS DO REFINO DE PETRÓLEO,C,Indústrias De Transformação,19,19217,II,indústria (regra por seção),,,nao,divisão/classe recusada (mapeado das 17 categorias do suporte)
1931400,FABRICAÇÃO DE ÁLCOOL,C,Indústrias De Transformação,19,19314,II,indústria (regra por seção),,,nao,divisão/classe recusada (mapeado das 17 categorias do suporte)
2014200,FABRICAÇÃO DE GASES INDUSTRIAIS,C,Indústrias De Transformação,20,20142,II,indústria (regra por seção),,,nao,divisão/classe recusada (mapeado das 17 categorias do suporte)
2073800,"FABRICAÇÃO DE IMPERMEABILIZANTES, SOLVENTES E PRODUTOS AFINS",C,Indústrias De Transformação,20,20738,II,indústria (regra por seção),,,nao,divisão/classe recusada (mapeado das 17 categorias do suporte)
2123800,FABRICAÇÃO DE PREPARAÇÕES FARMACÊUTICAS,C,Indústrias De Transformação,21,21238,II,indústria (regra por seção),,,nao,divisão/classe recusada (mapeado das 17 categorias do suporte)
2421100,PRODUÇÃO DE SEMI ACABADOS DE AÇO,C,Indústrias De Transformação,24,24211,II,indústria (regra por seção),,,nao,divisão/classe recusada (mapeado das 17 categorias do suporte)
3600601,"CAPTAÇÃO, TRATAMENTO E DISTRIBUIÇÃO DE ÁGUA",E,"Água, Esgoto, Atividades De Gestão De Resíduos E Descontaminação",36,36006,III/IV/V*,serviço — anexo exato depende da atividade + Fator R (determinar na camada fiscal),,,atende,presumido (serviço/comércio leve no Simples; validar)
1096100,FABRICAÇÃO DE ALIMENTOS E PRATOS PRONTOS,C,Indústrias De Transformação,10,10961,II,indústria (regra por seção),,,nao,divisão/classe recusada (mapeado das 17 categorias do suporte)
3329599,INSTALAÇÃO DE OUTROS EQUIPAMENTOS NÃO ESPECIFICADOS ANTERIORMENTE,C,Indústrias De Transformação,33,33295,II,indústria (regra por seção),,,nao,divisão/classe recusada (mapeado das 17 categorias do suporte)
7500100,ATIVIDADES VETERINÁRIAS,M,"Atividades Profissionais, Científicas E Técnicas",75,75001,III/IV/V*,serviço — anexo exato depende da atividade + Fator R (determinar na camada fiscal),,,condicao,regulamentada — exige responsável técnico + conselho
8650005,ATIVIDADES DE TERAPIA OCUPACIONAL,Q,Saúde Humana E Serviços Sociais,86,86500,III/IV/V*,serviço — anexo exato depende da atividade + Fator R (determinar na camada fiscal),,,condicao,regulamentada — exige responsável técnico + conselho
8720499,"ATIVIDADES DE ASSISTÊNCIA PSICOSSOCIAL E À SAÚDE A PORTADORES DE DISTÚRBIOS PSÍQUICOS, DEFICIÊNCIA MENTAL E DEPENDÊNCIA QUÍMICA E GRUPOS SIMILARES NÃO ESPECIFICADAS ANTERIORMENTE",Q,Saúde Humana E Serviços Sociais,87,87204,III/IV/V*,serviço — anexo exato depende da atividade + Fator R (determinar na camada fiscal),,,atende,presumido (serviço/comércio leve no Simples; validar)
1610205,SERVIÇO DE TRATAMENTO DE MADEIRA REALIZADO SOB CONTRATO,C,Indústrias De Transformação,16,16102,II,indústria (regra por seção),,,nao,divisão/classe recusada (mapeado das 17 categorias do suporte)
5611205,"BARES E OUTROS ESTABELECIMENTOS ESPECIALIZADOS EM SERVIR BEBIDAS, COM ENTRETENIMENTO ",I,Alojamento E Alimentação,56,56112,III/IV/V*,serviço — anexo exato depende da atividade + Fator R (determinar na camada fiscal),,,atende,presumido (serviço/comércio leve no Simples; validar)
7490103,SERVIÇOS DE AGRONOMIA E DE CONSULTORIA ÀS ATIVIDADES AGRÍCOLAS E PECUÁRIAS,M,"Atividades Profissionais, Científicas E Técnicas",74,74901,III/IV/V*,serviço — anexo exato depende da atividade + Fator R (determinar na camada fiscal),,,atende,presumido (serviço/comércio leve no Simples; validar)
8219999,PREPARAÇÃO DE DOCUMENTOS E SERVIÇOS ESPECIALIZADOS DE APOIO ADMINISTRATIVO NÃO ESPECIFICADOS ANTERIORMENTE,N,Atividades Administrativas E Serviços Complementares,82,82199,III/IV/V*,serviço — anexo exato depende da atividade + Fator R (determinar na camada fiscal),,,atende,presumido (serviço/comércio leve no Simples; validar)
6319400,"PORTAIS, PROVEDORES DE CONTEÚDO E OUTROS SERVIÇOS DE INFORMAÇÃO NA INTERNET",J,Informação E Comunicação,63,63194,III/IV/V*,serviço — anexo exato depende da atividade + Fator R (determinar na camada fiscal),,,atende,presumido (serviço/comércio leve no Simples; validar)
9499500,ATIVIDADES ASSOCIATIVAS NÃO ESPECIFICADAS ANTERIORMENTE,S,Outras Atividades De Serviços,94,94995,III/IV/V*,serviço — anexo exato depende da atividade + Fator R (determinar na camada fiscal),,,nao,divisão/classe recusada (mapeado das 17 categorias do suporte)
4713005,"LOJAS FRANCAS (DUTY FREE) DE AEROPORTOS, PORTOS E EM FRONTEIRAS TERRESTRES",G,Comércio; Reparação De Veículos Automotores E Motocicletas,47,47130,I,comércio (regra por seção),,,atende,presumido (serviço/comércio leve no Simples; validar)
8411600,ADMINISTRAÇÃO PÚBLICA EM GERAL,O,"Administração Pública, Defesa E Seguridade Social",84,84116,III/IV/V*,serviço — anexo exato depende da atividade + Fator R (determinar na camada fiscal),,,atende,presumido (serviço/comércio leve no Simples; validar)
8690999,OUTRAS ATIVIDADES DE ATENÇÃO À SAÚDE HUMANA NÃO ESPECIFICADAS ANTERIORMENTE,Q,Saúde Humana E Serviços Sociais,86,86909,III/IV/V*,serviço — anexo exato depende da atividade + Fator R (determinar na camada fiscal),,,condicao,regulamentada — exige responsável técnico + conselho
2391502,"APARELHAMENTO DE PEDRAS PARA CONSTRUÇÃO, EXCETO ASSOCIADO À EXTRAÇÃO",C,Indústrias De Transformação,23,23915,II,indústria (regra por seção),,,nao,divisão/classe recusada (mapeado das 17 categorias do suporte)
2391503,"APARELHAMENTO DE PLACAS E EXECUÇÃO DE TRABALHOS EM MÁRMORE, GRANITO, ARDÓSIA E OUTRAS PEDRAS",C,Indústrias De Transformação,23,23915,II,indústria (regra por seção),,,nao,divisão/classe recusada (mapeado das 17 categorias do suporte)
6511102,PLANOS DE AUXÍLIO FUNERAL,K,"Atividades Financeiras, De Seguros E Serviços Relacionados",65,65111,III/IV/V*,serviço — anexo exato depende da atividade + Fator R (determinar na camada fiscal),,,nao,divisão/classe recusada (mapeado das 17 categorias do suporte)
4541206,COMÉRCIO A VAREJO DE PEÇAS E ACESSÓRIOS NOVOS PARA MOTOCICLETAS E MOTONETAS,G,Comércio; Reparação De Veículos Automotores E Motocicletas,45,45412,I,comércio (regra por seção),,,atende,presumido (serviço/comércio leve no Simples; validar)
4541207,COMÉRCIO A VAREJO DE PEÇAS E ACESSÓRIOS USADOS PARA MOTOCICLETAS E MOTONETAS,G,Comércio; Reparação De Veículos Automotores E Motocicletas,45,45412,I,comércio (regra por seção),,,atende,presumido (serviço/comércio leve no Simples; validar)
6911702,ATIVIDADES AUXILIARES DA JUSTIÇA,M,"Atividades Profissionais, Científicas E Técnicas",69,69117,III/IV/V*,serviço — anexo exato depende da atividade + Fator R (determinar na camada fiscal),,,condicao,regulamentada — exige responsável técnico + conselho
6920602,ATIVIDADES DE CONSULTORIA E AUDITORIA CONTÁBIL E TRIBUTÁRIA,M,"Atividades Profissionais, Científicas E Técnicas",69,69206,III/IV/V*,serviço — anexo exato depende da atividade + Fator R (determinar na camada fiscal),,,condicao,regulamentada — exige responsável técnico + conselho
8800600,SERVIÇOS DE ASSISTÊNCIA SOCIAL SEM ALOJAMENTO,Q,Saúde Humana E Serviços Sociais,88,88006,III/IV/V*,serviço — anexo exato depende da atividade + Fator R (determinar na camada fiscal),,,atende,presumido (serviço/comércio leve no Simples; validar)
4713004,"LOJAS DE DEPARTAMENTOS OU MAGAZINES, EXCETO LOJAS FRANCAS (DUTY FREE)",G,Comércio; Reparação De Veículos Automotores E Motocicletas,47,47130,I,comércio (regra por seção),,,atende,presumido (serviço/comércio leve no Simples; validar)
