cnae,descricao,titulo_amigavel,descricao_amigavel,secao_id,secao,divisao_id,grupo_id,grupo_descricao,classe_id,classe_observacoes,subclasse_observacoes,atividades,anexo_base,anexo_just,fator_r,aliquota_inicial,contabilizei_atende,contabilizei_just,mei_permitido,mei_ocupacoes,mei_iss_fixo_das,mei_icms_fixo_das,risco_baixo_cgsim,risco_cgsim_desc_oficial,vedado_simples_cgsn_anexo_vi,ambiguo_simples_cgsn_anexo_vii,anexo_fator_r_grupo,anexo_fator_r_fonte,anexo_fator_r_confianca,iss_bh_aliquota,iss_bh_varia,iss_bh_detalhe,exige_conselho,conselho_qual,conselho_fonte,conselho_confianca,atende_me_certeza,atende_mei_certeza,exige_registro_setorial,registro_setorial_qual,registro_setorial_fonte,_motivo_da_amostra,_motor_apura
4929902,"TRANSPORTE RODOVIÁRIO COLETIVO DE PASSAGEIROS, SOB REGIME DE FRETAMENTO, INTERMUNICIPAL, INTERESTADUAL E INTERNACIONAL",,,H,"TRANSPORTE, ARMAZENAGEM E CORREIO",49,492,TRANSPORTE RODOVIÁRIO DE PASSAGEIROS,49299,"Esta classe compreende - o transporte rodoviário coletivo de passageiros, sob o regime de fretamento | - a organização de excursões em veículos rodoviários próprios | - o transporte de empregados para terceiros | - outros transportes rodoviários de passageiros, sem itinerário fixo, não especificados anteriormente || Esta classe NÃO compreende - os serviços de ambulâncias (86.22-4) | - o transporte escolar (49.24-8) | - a locação de automóveis com motorista ou condutor (49.23-0) | - a locação de automóveis sem motorista ou condutor (77.11-0) | - o transporte turístico em veículos de tração animal (93.29-8)","Esta subclasse compreende - o transporte rodoviário coletivo de passageiros, sob regime de fretamento no âmbito intermunicipal, fora da região metropolitana, interestadual e internacional || Esta subclasse NÃO compreende - a locação de automóveis com motorista ou condutor (4923-0/02) | - o transporte especializado na locomoção de estudantes da rede pública ou privada (4924-8/00) | - a locação de automóveis sem motorista ou condutor (7711-0/00)","AUTOMÓVEIS COLETIVOS COM MOTORISTA (CONDUTOR), INTERMUNICIPAL, INTERESTADUAL, INTERNACIONAL; LOCAÇÃO DE || TRANSPORTE RODOVIÁRIO COLETIVO DE PASSAGEIROS, SOB REGIME DE FRETAMENTO, INTERMUNICIPAL, INTERESTADUAL E INTERNACIONAL || VEÍCULOS RODOVIÁRIOS COLETIVOS COM MOTORISTA (CONDUTOR), INTERMUNICIPAL, INTERESTADUAL, INTERNACIONAL; LOCAÇÃO DE || ÔNIBUS COM MOTORISTA (CONDUTOR), INTERMUNICIPAL, INTERESTADUAL, INTERNACIONAL; LOCAÇÃO DE",III/IV/V*,serviço — anexo exato depende da atividade + Fator R (determinar na camada fiscal),,,nao,divisão/classe recusada (mapeado das 17 categorias do suporte),sim,TRANSPORTADOR(A) INTERMUNICIPAL COLETIVO DE PASSAGEIROS SOB FRETE EM REGIÃO METROPOLITANA INDEPENDENTE,N,S,nao,,nao,sim,III-fixo,"LC123 art18 5o-F (residual, nenhuma previsao em IV/V)",media,,,,nao,,,,nao,nao,nao-verificado,,,exceção · ambíguo no Simples (Anexo VII da CGSN),-
1610204,SERRARIAS SEM DESDOBRAMENTO DE MADEIRA EM BRUTO - RESSERRAGEM,,,C,INDÚSTRIAS DE TRANSFORMAÇÃO,16,161,DESDOBRAMENTO DE MADEIRA,16102,"Esta classe compreende - a fabricação de madeira bruta desdobrada (serrada) e de madeira resserrada (pranchas, pranchões, postes, tábuas, barrotes, aplainados para caixas e engradados e semelhantes) | - a fabricação de pisos de madeira e tábuas para assoalho e teto | - a fabricação de dormentes para vias férreas || Esta classe compreende ainda - a fabricação de lã e de partículas de madeira para qualquer fim | - a secagem, preservação e imunização da madeira | - a fabricação de briquetes de resíduos de madeira (carvão ecológico) || Esta classe NÃO compreende - a produção florestal de madeira em bruto (divisão 02) | - a fabricação de chapas de madeira compensada, prensada ou aglomerada (16.21-8) | - a fabricação de estruturas de madeira e vigamentos para construção (16.22-6)","Esta subclasse compreende - a produção de madeira resserrada submetida a aplainamento, secagem ou lixamento (pranchas, pranchões, postes, tábuas, tacos e parquetes para assoalhos e semelhantes) | - a fabricação de forros de madeira | - a fabricação de dormentes para vias férreas || Esta subclasse compreende ainda - a fabricação de lã e de partículas de madeira para qualquer fim | - a secagem, preservação e imunização da madeira quando integrada à produção de madeira resserrada || Esta subclasse NÃO compreende - a extração florestal de madeira em bruto (seção A - divisão 02) | - as serrarias com desdobramento de madeira em bruto (1610-2/03) | - os serviços de tratamento de madeira realizada sob contrato (1610-2/05) | - a fabricação de chapas de madeira compensada, prensada ou aglomerada (1621-8/00) | - a fabricação de estruturas de madeira e vigamentos para construção (1622-6/99)","ASSOALHOS DE MADEIRA; PRODUÇÃO DE || DORMENTES DE MADEIRA PARA VIAS FÉRREAS E SEMELHANTES, IMPREGNADOS OU NÃO; PRODUÇÃO DE || DORMENTES; PRODUÇÃO DE || FORROS DE MADEIRA; PRODUÇÃO DE || IMUNIZAÇÃO DE MADEIRA INTEGRADA À PRODUÇÃO DE MADEIRA RESSERRADA; SERVIÇOS DE || LÃ DE MADEIRA; PRODUÇÃO DE || MADEIRA PICADA; PRODUÇÃO DE || MADEIRA RESSERRADA; PRODUÇÃO DE || MOIRÕES DE MADEIRA; FABRICAÇÃO DE || PARQUETES; PRODUÇÃO DE || PISOS DE MADEIRA; FABRICAÇÃO DE || POSTES DE MADEIRA TRATADOS OU IMPREGNADOS; PRODUÇÃO DE || POSTES DE MADEIRA; PRODUÇÃO DE || PRANCHAS E PRANCHÕES; PRODUÇÃO DE || RIPAS; PRODUÇÃO DE || SARRAFOS; PRODUÇÃO DE || TACOS PARA PISOS; PRODUÇÃO DE || TÁBUA CORRIDA; FABRICAÇÃO DE || TÁBUAS; PRODUÇÃO DE",II,indústria (regra por seção),,,nao,divisão/classe recusada (mapeado das 17 categorias do suporte),nao,,,,nao,,nao,nao,,,,,,,nao,,,,nao,nao,nao-verificado,,,perfil dominante #1 (277 CNAEs iguais),-
1610203,SERRARIAS COM DESDOBRAMENTO DE MADEIRA EM BRUTO,,,C,INDÚSTRIAS DE TRANSFORMAÇÃO,16,161,DESDOBRAMENTO DE MADEIRA,16102,"Esta classe compreende - a fabricação de madeira bruta desdobrada (serrada) e de madeira resserrada (pranchas, pranchões, postes, tábuas, barrotes, aplainados para caixas e engradados e semelhantes) | - a fabricação de pisos de madeira e tábuas para assoalho e teto | - a fabricação de dormentes para vias férreas || Esta classe compreende ainda - a fabricação de lã e de partículas de madeira para qualquer fim | - a secagem, preservação e imunização da madeira | - a fabricação de briquetes de resíduos de madeira (carvão ecológico) || Esta classe NÃO compreende - a produção florestal de madeira em bruto (divisão 02) | - a fabricação de chapas de madeira compensada, prensada ou aglomerada (16.21-8) | - a fabricação de estruturas de madeira e vigamentos para construção (16.22-6)","Esta subclasse compreende - a produção de madeira bruta desdobrada ou serrada em bruto || Esta subclasse compreende ainda - a secagem, preservação e imunização da madeira serrada quando integrada à produção de madeira bruta desdobrada ou serrada em bruto || Esta subclasse NÃO compreende - a extração florestal de madeira em bruto (seção A - divisão 02) | - as serrarias sem desdobramento de madeira em bruto (1610-2/04) | - os serviços de tratamento de madeira realizada sob contrato (1610-2/05)",DESDOBRAMENTO DE MADEIRA EM BRUTO; SERVIÇO DE || IMUNIZAÇÃO DA MADEIRA QUANDO INTEGRADA À PRODUÇÃO DE MADEIRA BRUTA DESDOBRADA OU SERRADA EM BRUTO; SERVIÇOS DE || MADEIRA SERRADA OU DESDOBRADA; PRODUÇÃO DE,II,indústria (regra por seção),,,nao,divisão/classe recusada (mapeado das 17 categorias do suporte),nao,,,,nao,,nao,nao,,,,,,,nao,,,,nao,nao,nao-verificado,,,exceção · Anexo II puro (indústria),-
4623105,COMÉRCIO ATACADISTA DE CACAU,,,G,COMÉRCIO; REPARAÇÃO DE VEÍCULOS AUTOMOTORES E MOTOCICLETAS,46,462,COMÉRCIO ATACADISTA DE MATÉRIAS-PRIMAS AGRÍCOLAS E ANIMAIS VIVOS,46231,"Esta classe compreende - o comércio atacadista de: | #- animais vivos: bovinos, suínos, caprinos, ovinos, eqüinos, etc | #- alimentos para animais: rações e outros produtos alimentícios, inclusive para animais de estimação | #- couros, lãs, peles e outros subprodutos não-comestíveis de origem animal: chifres, ossos, crinas, penas e plumas, etc. | #- matérias-primas agrícolas: cana-de-açúcar, algodão, fumo em folha não beneficiado, cacau em baga, sisal, fios e fibras ##têxteis não beneficiadas, etc. | #- sementes para lavouras, flores, plantas e gramas | #- outras matérias-primas agrícolas ou animal referentes a esta classe || Esta classe compreende ainda - o comércio atacadista de sub-produtos do abate de animais com beneficiamento primário, tais como: | #- couros e peles em bruto e curtidos ou preparados para sua transformação | #- esterco de animais para adubo, não tratado e resíduos vegetais para alimentação animal | #- ervas medicinais em bruto | #- látex natural e borracha || Esta classe NÃO compreende - o comércio atacadista de: | #- carnes e produtos da carne (46.34-6) | #- leite e produtos do leite (46.31-1) | #- aves e pequenos animais vivos para alimentação (46.33-8) | #- produtos hortifrutigranjeiros (46.33-8) | #- cereais beneficiados (46.32-0) | #- fios e fibras têxteis beneficiadas (46.89-3) | #- produtos veterinários (46.44-3) | #- produtos químicos para uso na agricultura (46.84-2) | #- madeira em bruto (46.71-1) | #- café em grão (46.21-4) | #- soja (46.22-2) | #- óleo de soja em bruto e farelo de soja (10.41-4)",Esta subclasse compreende - o comércio atacadista de cacau (em bagas ou em amêndoas),CACAU EM AMÊNDOAS; COMÉRCIO ATACADISTA DE || CACAU EM BAGAS; COMÉRCIO ATACADISTA DE,I,comércio (regra por seção),,,atende,presumido (serviço/comércio leve no Simples; validar),nao,,,,nao,,nao,nao,,,,,,,nao,,,,nao,nao,nao-verificado,,,perfil dominante #3 (90 CNAEs iguais),-
4623106,"COMÉRCIO ATACADISTA DE SEMENTES, FLORES, PLANTAS E GRAMAS",,,G,COMÉRCIO; REPARAÇÃO DE VEÍCULOS AUTOMOTORES E MOTOCICLETAS,46,462,COMÉRCIO ATACADISTA DE MATÉRIAS-PRIMAS AGRÍCOLAS E ANIMAIS VIVOS,46231,"Esta classe compreende - o comércio atacadista de: | #- animais vivos: bovinos, suínos, caprinos, ovinos, eqüinos, etc | #- alimentos para animais: rações e outros produtos alimentícios, inclusive para animais de estimação | #- couros, lãs, peles e outros subprodutos não-comestíveis de origem animal: chifres, ossos, crinas, penas e plumas, etc. | #- matérias-primas agrícolas: cana-de-açúcar, algodão, fumo em folha não beneficiado, cacau em baga, sisal, fios e fibras ##têxteis não beneficiadas, etc. | #- sementes para lavouras, flores, plantas e gramas | #- outras matérias-primas agrícolas ou animal referentes a esta classe || Esta classe compreende ainda - o comércio atacadista de sub-produtos do abate de animais com beneficiamento primário, tais como: | #- couros e peles em bruto e curtidos ou preparados para sua transformação | #- esterco de animais para adubo, não tratado e resíduos vegetais para alimentação animal | #- ervas medicinais em bruto | #- látex natural e borracha || Esta classe NÃO compreende - o comércio atacadista de: | #- carnes e produtos da carne (46.34-6) | #- leite e produtos do leite (46.31-1) | #- aves e pequenos animais vivos para alimentação (46.33-8) | #- produtos hortifrutigranjeiros (46.33-8) | #- cereais beneficiados (46.32-0) | #- fios e fibras têxteis beneficiadas (46.89-3) | #- produtos veterinários (46.44-3) | #- produtos químicos para uso na agricultura (46.84-2) | #- madeira em bruto (46.71-1) | #- café em grão (46.21-4) | #- soja (46.22-2) | #- óleo de soja em bruto e farelo de soja (10.41-4)","Esta subclasse compreende - o comércio atacadista de grãos e sementes, flores, plantas e gramas naturais | - o comércio atacadista de sementes para lavoura","ARTIGOS, PRODUTOS DE FLORICULTURA; COMÉRCIO ATACADISTA DE || FLORES NATURAIS; COMÉRCIO ATACADISTA DE || FLORES, PLANTAS, GRAMA; COMÉRCIO ATACADISTA DE || MUDAS DE PINUS; COMÉRCIO ATACADISTA DE || MUDAS DE PLANTAS; COMÉRCIO ATACADISTA DE || SEMENTES CERTIFICADAS; COMÉRCIO ATACADISTA DE || SEMENTES; COMÉRCIO ATACADISTA DE || TERRA PARA JARDIM; COMÉRCIO ATACADISTA DE || VIME, XAXIM; COMÉRCIO ATACADISTA DE",I,comércio (regra por seção),,,atende,presumido (serviço/comércio leve no Simples; validar),nao,,,,nao,,nao,nao,,,,,,,nao,,,,nao,nao,nao-verificado,,,exceção · Anexo I puro (comércio),-
4623107,COMÉRCIO ATACADISTA DE SISAL,,,G,COMÉRCIO; REPARAÇÃO DE VEÍCULOS AUTOMOTORES E MOTOCICLETAS,46,462,COMÉRCIO ATACADISTA DE MATÉRIAS-PRIMAS AGRÍCOLAS E ANIMAIS VIVOS,46231,"Esta classe compreende - o comércio atacadista de: | #- animais vivos: bovinos, suínos, caprinos, ovinos, eqüinos, etc | #- alimentos para animais: rações e outros produtos alimentícios, inclusive para animais de estimação | #- couros, lãs, peles e outros subprodutos não-comestíveis de origem animal: chifres, ossos, crinas, penas e plumas, etc. | #- matérias-primas agrícolas: cana-de-açúcar, algodão, fumo em folha não beneficiado, cacau em baga, sisal, fios e fibras ##têxteis não beneficiadas, etc. | #- sementes para lavouras, flores, plantas e gramas | #- outras matérias-primas agrícolas ou animal referentes a esta classe || Esta classe compreende ainda - o comércio atacadista de sub-produtos do abate de animais com beneficiamento primário, tais como: | #- couros e peles em bruto e curtidos ou preparados para sua transformação | #- esterco de animais para adubo, não tratado e resíduos vegetais para alimentação animal | #- ervas medicinais em bruto | #- látex natural e borracha || Esta classe NÃO compreende - o comércio atacadista de: | #- carnes e produtos da carne (46.34-6) | #- leite e produtos do leite (46.31-1) | #- aves e pequenos animais vivos para alimentação (46.33-8) | #- produtos hortifrutigranjeiros (46.33-8) | #- cereais beneficiados (46.32-0) | #- fios e fibras têxteis beneficiadas (46.89-3) | #- produtos veterinários (46.44-3) | #- produtos químicos para uso na agricultura (46.84-2) | #- madeira em bruto (46.71-1) | #- café em grão (46.21-4) | #- soja (46.22-2) | #- óleo de soja em bruto e farelo de soja (10.41-4)",Esta subclasse compreende - o comércio atacadista de sisal,SISAL; COMÉRCIO ATACADISTA DE,I,comércio (regra por seção),,,atende,presumido (serviço/comércio leve no Simples; validar),nao,,,,nao,,nao,nao,,,,,,,nao,,,,nao,nao,nao-verificado,,,exceção · registro setorial = nao-verificado,-
5620102,SERVIÇOS DE ALIMENTAÇÃO PARA EVENTOS E RECEPÇÕES - BUFÊ,,,I,ALOJAMENTO E ALIMENTAÇÃO,56,562,"SERVIÇOS DE CATERING, BUFÊ E OUTROS SERVIÇOS DE COMIDA PREPARADA",56201,"Esta classe compreende - os serviços de bufê para banquetes, coquetéis, recepções, etc . | - a preparação de refeições em cozinha central por conta de terceiros (catering) para fornecimento a empresas de linhas aéreas e outras empresas de transporte | - as cantinas, restaurantes de empresas e outros serviços de alimentação || Esta classe compreende ainda - a preparação de refeições ou pratos cozidos, inclusive congelados, entregues ou servidos em domicílios.","Esta subclasse compreende - o serviço de alimentação fornecidos por bufê para banquetes, coquetéis, recepções, etc.","ALIMENTAÇÃO FORNECIDOS POR BUFÊ (BUFFET) PARA BANQUETES, COQUETÉIS E RECEPÇÕES; SERVIÇOS DE || BUFE; SERVIÇOS DE ALIMENTAÇÃO || BUFFET; SERVIÇO DE ALIMENTAÇÃO || FORNECIMENTO DE ALIMENTAÇÃO PARA EVENTOS E RECEPÇÕES; SERVIÇOS DE",I,"comercio (fornecimento de alimentacao -- Decreto 7.212/2010 RIPI art.5o I 'a', nao e industrializacao, tratado como revenda de mercadoria -- Simples Nacional Anexo I)",,,atende,presumido (serviço/comércio leve no Simples; validar),sim,CHURRASQUEIRO(A) EM DOMICÍLIO INDEPENDENTE || PIZZAIOLO(A) EM DOMICÍLIO INDEPENDENTE,S,S,nao,,nao,nao,,,,5%,nao,"Organização de festas e recepções; bufê (exceto o fornecimento de alimentação e bebidas que fica sujeito ao ICMS). (CTISS 1711-0/01-88, LC116 17.11, 5%) || Preparo de alimentos (CTISS 1711-0/02-88, LC116 17.11, 5%)",nao,,,,nao,nao,nao,,,exceção · MEI permitido mas NÃO atendemos (comércio),-
6611802,BOLSA DE MERCADORIAS,,,K,"ATIVIDADES FINANCEIRAS, DE SEGUROS E SERVIÇOS RELACIONADOS",66,661,ATIVIDADES AUXILIARES DOS SERVIÇOS FINANCEIROS,66118,"Esta classe compreende - as atividades de organização e gestão de um mercado contínuo para negociação de títulos e valores mobiliários. São exercidas por entidades constituídas pela associação das sociedades corretoras locais na forma de associações civis sem fins lucrativos, com autonomia administrativa, financeira e patrimonial | - as atividades de operação e supervisão de Bolsas de Mercadorias por instituições independentes das autoridades públicas | - as atividades de operação e supervisão de Bolsas de Mercadorias e Futuros por instituições independentes das autoridades públicas | - as atividades de administração de mercados de balcão organizados",Esta subclasse compreende - as atividades de operação e supervisão de Bolsas de Mercadorias por instituições independentes das autoridades públicas,BOLSA DE MERCADORIAS,III/IV/V*,serviço — anexo exato depende da atividade + Fator R (determinar na camada fiscal),,,nao,divisão/classe recusada (mapeado das 17 categorias do suporte),nao,,,,nao,,sim,nao,III-fixo,"LC123 art18 5o-F (residual, nenhuma previsao em IV/V)",media,,,,nao,,,,nao,nao,nao-verificado,,,perfil dominante #7 (47 CNAEs iguais),-
6611803,BOLSA DE MERCADORIAS E FUTUROS,,,K,"ATIVIDADES FINANCEIRAS, DE SEGUROS E SERVIÇOS RELACIONADOS",66,661,ATIVIDADES AUXILIARES DOS SERVIÇOS FINANCEIROS,66118,"Esta classe compreende - as atividades de organização e gestão de um mercado contínuo para negociação de títulos e valores mobiliários. São exercidas por entidades constituídas pela associação das sociedades corretoras locais na forma de associações civis sem fins lucrativos, com autonomia administrativa, financeira e patrimonial | - as atividades de operação e supervisão de Bolsas de Mercadorias por instituições independentes das autoridades públicas | - as atividades de operação e supervisão de Bolsas de Mercadorias e Futuros por instituições independentes das autoridades públicas | - as atividades de administração de mercados de balcão organizados",Esta subclasse compreende - as atividades de operação e supervisão de Bolsas de Mercadorias e Futuros por instituições independentes das autoridades públicas,BOLSA DE MERCADORIAS E FUTUROS || MERCADO A TERMO || MERCADO DE ESTOQUES || MERCADO DE FUTUROS || MERCADO DE OPÇÕES,III/IV/V*,serviço — anexo exato depende da atividade + Fator R (determinar na camada fiscal),,,nao,divisão/classe recusada (mapeado das 17 categorias do suporte),nao,,,,nao,,sim,nao,III-fixo,"LC123 art18 5o-F (residual, nenhuma previsao em IV/V)",media,,,,nao,,,,nao,nao,nao-verificado,,,exceção · vedado ao Simples (Anexo VI da CGSN),-
0111301,CULTIVO DE ARROZ,,,A,"AGRICULTURA, PECUÁRIA, PRODUÇÃO FLORESTAL, PESCA E AQÜICULTURA",01,011,PRODUÇÃO DE LAVOURAS TEMPORÁRIAS,01113,"Esta classe compreende - o cultivo de alpiste, arroz, aveia, centeio, cevada, milho, milheto, painço, sorgo, trigo, trigo preto, triticale e outros cereais não especificados anteriormente || Esta classe compreende ainda - o beneficiamento de cereais em estabelecimento agrícola, quando atividade complementar ao cultivo | - a produção de sementes de cereais, quando atividade complementar ao cultivo || Esta classe NÃO compreende - a produção de sementes certificadas dos cereais desta classe, inclusive modificadas geneticamente (01.41-5) | - os serviços de preparação de terreno, cultivo e colheita realizados sob contrato (01.61-0) | - o beneficiamento de cereais em estabelecimento agrícola realizado sob contrato (01.63-6) | - o processamento ou beneficiamento de cereais em estabelecimento não-agrícola (grupo 10.4) e (grupo 10.6) | - a produção de biocombustível (19.32-2)","Esta subclasse compreende - o cultivo de arroz || Esta subclasse compreende ainda - o beneficiamento de arroz em estabelecimento agrícola, quando atividade complementar ao cultivo  |  | - a produção de sementes de arroz, quando atividade complementar ao cultivo || Esta subclasse NÃO compreende - a produção de sementes certificadas de arroz, inclusive modificadas geneticamente (0141-5/01) | - os serviços de preparação de terreno, cultivo e colheita realizados sob contrato (0161-0/03) | - o beneficiamento de arroz realizado no estabelecimento agrícola sob contrato (0163-6/00) | - a produção de óleo de arroz em bruto (1041-4/00) | - o beneficiamento de arroz em estabelecimento não-agrícola (1061-9/01)",ARROZ QUANDO ATIVIDADE COMPLEMENTAR AO CULTIVO; BENEFICIAMENTO DE || ARROZ; CULTIVO DE || SEMENTE DE ARROZ (QUANDO REALIZADA JUNTAMENTE AO CULTIVO); PRODUÇÃO DE,III/IV/V*,serviço — anexo exato depende da atividade + Fator R (determinar na camada fiscal),,,nao,divisão/classe recusada (mapeado das 17 categorias do suporte),nao,,,,nao,,nao,nao,III-fixo,"LC123 art18 5o-F (residual, nenhuma previsao em IV/V)",media,,,,nao,,,,nao,nao,nao-verificado,,,perfil dominante #2 (119 CNAEs iguais),-
7729201,ALUGUEL DE APARELHOS DE JOGOS ELETRÔNICOS,Aluguel de videogames e jogos eletrônicos,"Aluguel de consoles, videogames, fliperamas e brinquedos eletrônicos. Você aluga o aparelho; explorar o jogo no seu ponto é outra atividade.",N,ATIVIDADES ADMINISTRATIVAS E SERVIÇOS COMPLEMENTARES,77,772,ALUGUEL DE OBJETOS PESSOAIS E DOMÉSTICOS,77292,"Esta classe compreende - o aluguel de aparelhos de jogos eletrônicos | - o aluguel de móveis, utensílios e aparelhos eletroeletrônicos de uso doméstico e pessoal | - o aluguel de instrumentos musicais | - o aluguel de material médico, como cadeiras de roda, camas hospitalares, muletas, inaladores, etc | - o aluguel de plantas e flores | - o aluguel de livros e revistas | - o aluguel de outros objetos de uso pessoal e doméstico não especificados anteriormente || Esta classe compreende ainda - o aluguel de móveis de escritório || Esta classe NÃO compreende - a locação de automóveis, caminhões, motos e outros veículos terrestres, sem condutor (grupo 77.1) | - o aluguel de material telefônico (77.33-1) | - o empréstimo de livros e revistas por bibliotecas (91.01-5) | - a exploração de jogos eletrônicos recreativos (93.29-8) | - os serviços associados de aluguel e lavagem de roupas de cama, mesa e banho, de uniformes de trabalho e artigos relacionados (96.01-7)",Esta subclasse compreende - o aluguel de aparelhos de jogos eletrônicos || Esta subclasse NÃO compreende - a exploração de jogos eletrônicos recreativos (9329-8/04),"APARELHOS DE JOGOS ELETRÔNICOS; ALUGUEL DE, LOCAÇÃO DE || APARELHOS DE VIDEOGAMES; ALUGUEL DE, LOCAÇÃO DE || BRINQUEDOS ELETRÔNICOS; ALUGUEL DE, LOCAÇÃO DE || CONSOLES DE JOGOS ELETRÔNICOS; ALUGUEL DE, LOCAÇÃO DE || FLIPERAMAS; ALUGUEL DE, LOCAÇÃO DE",III/IV/V*,serviço — anexo exato depende da atividade + Fator R (determinar na camada fiscal),,,nao,divisão/classe recusada (mapeado das 17 categorias do suporte),sim,LOCADOR(A) DE APARELHOS DE JOGOS ELETRÔNICOS INDEPENDENTE,N,N,sim,Aluguel de aparelhos de jogos eletrônicos,nao,nao,III-fixo,LC123 art18 §5º-F,alta,,,,nao,,,,sim,sim,nao,,,"atendemos · ME e MEI, com título amigável",-
0161001,SERVIÇO DE PULVERIZAÇÃO E CONTROLE DE PRAGAS AGRÍCOLAS,,,A,"AGRICULTURA, PECUÁRIA, PRODUÇÃO FLORESTAL, PESCA E AQÜICULTURA",01,016,ATIVIDADES DE APOIO À AGRICULTURA E À PECUÁRIA; ATIVIDADES DE PÓS-COLHEITA,01610,"Esta classe compreende - as atividades de apoio à agricultura realizadas sob contrato: | #- a preparação de terreno, o cultivo e a colheita realizados sob contrato | #- o serviço de pulverização e controle de pragas agrícolas | #- o serviço de poda nas lavouras | #- o tratamento das lavouras - capinas manuais e químicas (aplicação de herbicidas) | #- o plantio de mudas nos campos de cultivo | #- o transplante de mudas nos campos de cultivo | #- a operação de equipamentos e instalações para irrigação || Esta classe compreende ainda - as atividades de contratantes de mão-de-obra para o setor agrícola | - a locação de máquinas e equipamentos agrícolas com operador || Esta classe NÃO compreende - as atividades pós-colheita (01.63-6) | - as atividades de agentes comerciais na intermediação de produtos agrícolas in natura (46.11-7) | - os serviços técnicos de agrônomos (74.90-1) | - a organização de feiras e shows agropecuários (82.30-0) | - a execução e manutenção de jardins e gramados (81.30-3)",Esta subclasse compreende - o serviço de pulverização de lavouras prestado sob contrato | - o serviço de controle de pragas agrícolas prestado sob contrato || Esta subclasse compreende ainda - o serviço de pulverização aérea sob contrato || Esta subclasse NÃO compreende - os serviços de imunização e controle de pragas urbanas (8122-2/00),"APLICAÇÃO DE DEFENSIVOS AGRÍCOLAS; ATIVIDADES DE || CONTROLE BIOLÓGICO DE PRAGAS AGRÍCOLAS, SERVIÇO DE || CONTROLE DE PRAGAS; SERVIÇOS DE || PULVERIZAÇÃO AÉREA; SERVIÇOS DE || PULVERIZAÇÃO DE LAVOURAS; SERVIÇO DE || TRATAMENTO DE CULTIVOS REALIZADO POR TERCEIROS; SERVIÇOS DE",III/IV/V*,serviço — anexo exato depende da atividade + Fator R (determinar na camada fiscal),,,nao,divisão/classe recusada (mapeado das 17 categorias do suporte),nao,,,,nao,,nao,nao,III-fixo,"LC123 art18 5o-F (residual, nenhuma previsao em IV/V)",media,2%,nao,"Pulverização e controle de pragas (CTISS 0713-0/02-88, LC116 7.13, 2%)",nao,,,,nao,nao,nao-verificado,,,perfil dominante #4 (63 CNAEs iguais),-
0161099,ATIVIDADES DE APOIO À AGRICULTURA NÃO ESPECIFICADAS ANTERIORMENTE,,,A,"AGRICULTURA, PECUÁRIA, PRODUÇÃO FLORESTAL, PESCA E AQÜICULTURA",01,016,ATIVIDADES DE APOIO À AGRICULTURA E À PECUÁRIA; ATIVIDADES DE PÓS-COLHEITA,01610,"Esta classe compreende - as atividades de apoio à agricultura realizadas sob contrato: | #- a preparação de terreno, o cultivo e a colheita realizados sob contrato | #- o serviço de pulverização e controle de pragas agrícolas | #- o serviço de poda nas lavouras | #- o tratamento das lavouras - capinas manuais e químicas (aplicação de herbicidas) | #- o plantio de mudas nos campos de cultivo | #- o transplante de mudas nos campos de cultivo | #- a operação de equipamentos e instalações para irrigação || Esta classe compreende ainda - as atividades de contratantes de mão-de-obra para o setor agrícola | - a locação de máquinas e equipamentos agrícolas com operador || Esta classe NÃO compreende - as atividades pós-colheita (01.63-6) | - as atividades de agentes comerciais na intermediação de produtos agrícolas in natura (46.11-7) | - os serviços técnicos de agrônomos (74.90-1) | - a organização de feiras e shows agropecuários (82.30-0) | - a execução e manutenção de jardins e gramados (81.30-3)","Esta subclasse compreende - a operação de sistemas de irrigação | - a atividade de contratantes de mão-de-obra para o setor agrícola | - o fornecimento de máquinas agrícolas com operador || Esta subclasse NÃO compreende - o serviço de pulverização e controle de pragas agrícolas (0161-0/01) | - o serviço de poda de árvores para lavouras (0161-0/02) | - os serviços de preparação de terreno, cultivo e colheita realizados (0161-0/03) | - as atividades pós-colheita (0163-6/00) | - as atividades de agentes comerciais na intermediação de produtos agrícolas in natura (4611-7/00) | - os serviços de agronomia e de consultoria às atividades agrícolas e pecuárias (7490-1/03) | - os serviços de organização de exposições, feiras e shows agropecuários (8230-0/01)","ADUBADORAS COM OPERADOR; ALUGUEL DE || ARADOS COM OPERADOR; ALUGUEL DE || BOMBARDEAMENTO DE NÚVENS;SERVIÇOS DE || CHUVA ARTIFICIAL POR BOMBARDEAMENTO OU NUCLEAÇÃO; SERVIÇOS DE || COLHEDEIRAS COM OPERADOR; ALUGUEL DE || CONSORCIO DE EMPREGADORES DE MÃO-DE-OBRA PARA AGRICULTURA || CONTRATANTES DE MÃO-DE-OBRA PARA A AGRICULTURA, SERVIÇOS DE || EMPREGADORES DE MÃO-DE-OBRA PARA AGRICULTURA; CONDOMÍNIO DE || EMPREGADORES DE MÃO-DE-OBRA PARA AGRICULTURA; CONSÓRCIO DE || EMPREGADORES DE MÃO-DE-OBRA PARA AGRICULTURA; SERVIÇO DE || EMPREITEIRO DE MÃO-DE-OBRA AGRÍCOLA; SERVIÇO DE || EQUIPAMENTOS AGRÍCOLAS COM OPERADOR; ALUGUEL DE || EQUIPAMENTOS AGRÍCOLAS COM OPERADOR; LOCAÇÃO DE || EXPLORAÇÃO DE SISTEMAS DE IRRIGAÇÃO (REALIZADO POR TERCEIROS); SERVIÇOS DE || GATO, EMPREITEIRO DE MÃO-DE-OBRA AGRÍCOLA; SERVIÇOS DE || MECANIZAÇÃO AGRÍCOLA, SERVIÇO DE || MÁQUINAS AGRÍCOLAS COM OPERADOR; ALUGUEL DE || MÁQUINAS AGRÍCOLAS COM OPERADOR; LOCAÇÃO DE || MÁQUINAS E EQUIPAMENTOS AGRÍCOLAS COM OPERADOR; ALUGUEL DE || MÁQUINAS E EQUIPAMENTOS AGRÍCOLAS COM OPERADOR; LOCAÇÃO DE || NUCLEAÇÃO DE NÚVENS;SERVIÇOS DE || OPERAÇÃO DE DRONES PARA USO NA AGRICULTURA; SERVIÇOS DE || OPERAÇÃO DE SISTEMAS DE IRRIGAÇÃO PELOS MÉTODOS DE ASPERSÃO, LOCALIZADO OU SUPERFICIAL; SERVIÇOS DE || TRATORES AGRÍCOLAS COM OPERADOR; ALUGUEL DE || TRATORES AGRÍCOLAS COM OPERADOR; LOCAÇÃO DE",III/IV/V*,serviço — anexo exato depende da atividade + Fator R (determinar na camada fiscal),,,nao,divisão/classe recusada (mapeado das 17 categorias do suporte),nao,,,,nao,,nao,nao,III-fixo,LC123 art18 §5º-F,alta,2% / 5%,sim,"Nucleação e bombardeamento de nuvens e congêneres. (CTISS 0722-0/01-88, LC116 7.22, 2%) || Assessoria de qualquer natureza (CTISS 1701-0/01-88, LC116 17.01, 5%) || Análise, exame, fornecimento de dados e informações de qualquer natureza (CTISS 1701-0/02-88, LC116 17.01, 5%) || Serviços de meteorologia (CTISS 3601-0/01-88, LC116 36.01, 5%)",nao,,,,nao,nao,nao-verificado,,,exceção · alíquota de ISS que VARIA,-
0162803,SERVIÇO DE MANEJO DE ANIMAIS,,,A,"AGRICULTURA, PECUÁRIA, PRODUÇÃO FLORESTAL, PESCA E AQÜICULTURA",01,016,ATIVIDADES DE APOIO À AGRICULTURA E À PECUÁRIA; ATIVIDADES DE PÓS-COLHEITA,01628,"Esta classe compreende - as atividades de apoio à pecuária realizadas sob contrato: | #- o serviço de inseminação artificial e a fertilização in vitro animal | #- a tosquia da lã de ovinos | #- o serviço de manejo de animais: condução, pastoreio | #- a limpeza de galinheiros e banheiros carrapaticidas e sarnicidas | #- a classificação de produtos de origem animal | #- o serviço de alojamento de gado de curta duração | #- as atividades de contratantes de mão-de-obra para o setor  pecuário || Esta classe NÃO compreende - o serviço de engorda de animais em currais (grupo 01.5) | - a produção da lã de tosquia (01.53-9) | - as atividades de agentes comerciais de animais vivos (46.11-7) | - a gestão de parques de leilão de gado (82.30-0) | - os serviços de laboratórios de análises veterinárias (75.00-1) | - a organização de exposições e feiras agropecuárias (82.30-0) | - o treinamento de cães de estimação (96.09-2) | - o alojamento, higiene e embelezamento de animais de estimação (96.09-2) | - o aluguel de terras para pasto (68.10-2)","Esta subclasse compreende - o serviço de manejo de animais: condução, pastoreio e outros || Esta subclasse NÃO compreende - o serviço de alojamento do gado de curta duração (0162-8/99) | - as atividades veterinárias (7500-1/00) | - a gestão de espaço para leilão de gado (8230-0/01)","MANEJO DE ANIMAIS (CONDUÇÃO, PASTOREIO); SERVIÇOS DE",III/IV/V*,serviço — anexo exato depende da atividade + Fator R (determinar na camada fiscal),,,nao,divisão/classe recusada (mapeado das 17 categorias do suporte),nao,,,,nao,,nao,nao,III-fixo,"LC123 art18 5o-F (residual, nenhuma previsao em IV/V)",media,5%,nao,"Manejo de animais (CTISS 0508-0/04-88, LC116 5.08, 5%)",nao,,,,nao,nao,nao,,,perfil dominante #9 (32 CNAEs iguais),-
6621502,AUDITORIA E CONSULTORIA ATUARIAL,,,K,"ATIVIDADES FINANCEIRAS, DE SEGUROS E SERVIÇOS RELACIONADOS",66,662,"ATIVIDADES AUXILIARES DOS SEGUROS, DA PREVIDÊNCIA COMPLEMENTAR E DOS PLANOS DE SAÚDE",66215,Esta classe compreende - as atividades de peritos e avaliadores de seguros (encarregados da avaliação de prejuízos ou riscos) | - as atividades de auditoria e consultoria atuarial de empresas de seguros,Esta subclasse compreende - as atividades de auditoria e consultoria atuarial de empresas de seguros,ASSESSORIA ATUARIAL; SERVIÇOS DE || AUDITORIA E CONSULTORIA ATUARIAL; SERVIÇOS DE || CONSULTORIA ATUARIAL || SERVIÇOS DE CÁLCULOS ATUARIAIS || SERVIÇOS DE CÁLCULOS DE VALORES ATUARIAIS,III/IV/V*,serviço — anexo exato depende da atividade + Fator R (determinar na camada fiscal),,,nao,divisão/classe recusada (mapeado das 17 categorias do suporte),nao,,,,sim,Auditoria e consultoria atuarial,nao,nao,"fator-r-dinamico(III<->V, limiar 28%)","LC123 art18 5o-I, IX",alta,5%,nao,"Assessoria de qualquer natureza (CTISS 1701-0/01-88, LC116 17.01, 5%) || Análise, exame, fornecimento de dados e informações de qualquer natureza (CTISS 1701-0/02-88, LC116 17.01, 5%) || Auditoria (CTISS 1716-0/01-88, LC116 17.16, 5%) || Atuária e cálculos técnicos de qualquer natureza. (CTISS 1718-0/01-88, LC116 17.18, 5%) || Contabilidade, inclusive serviços técnicos e auxiliares (CTISS 1719-0/01-88, LC116 17.19, 5%)",nao,,,,nao,nao,sim,Bacen/CVM/SUSEP (financeiro/seguros),"cnae-complexidade-abertura.json (17/07, cruzado 27/08)",exceção · tem ISS de BH com detalhe longo,-
0892401,EXTRAÇÃO DE SAL MARINHO,,,B,INDÚSTRIAS EXTRATIVAS,08,089,EXTRAÇÃO DE OUTROS MINERAIS NÃO-METÁLICOS,08924,"Esta classe compreende - a extração mediante a evaporação da água do mar | - a extração de sal-gema | - a moagem, purificação e refino e outros tratamentos do sal associados à extração || Esta classe NÃO compreende - as atividades de apoio à extração de sal marinho e sal-gema realizadas sob contrato (09.90-4) | - a elaboração do sal de cozinha, p.ex.: sal iodado(10.99-6)","Esta subclasse compreende - a extração de sal e a produção mediante a evaporação da água do mar || Esta subclasse NÃO compreende - a moagem, purificação, refino e outros tratamentos do sal (0892-4/03) | - as atividades de apoio à extração de sal marinho realizadas sob contrato (0990-4/03)",SAL DE SALINA; EXTRAÇÃO DE || SAL GROSSO; PRODUÇÃO DE || SAL MARINHO; EXTRAÇÃO DE,II,indústria (regra por seção),,,nao,divisão/classe recusada (mapeado das 17 categorias do suporte),sim,SALINEIRO/EXTRATOR DE SAL MARINHO INDEPENDENTE,N,S,nao,,nao,nao,,,,,,,nao,,,,nao,nao,nao-verificado,,,perfil dominante #5 (62 CNAEs iguais),-
4763603,COMÉRCIO VAREJISTA DE BICICLETAS E TRICICLOS; PEÇAS E ACESSÓRIOS,,,G,COMÉRCIO; REPARAÇÃO DE VEÍCULOS AUTOMOTORES E MOTOCICLETAS,47,476,"COMÉRCIO VAREJISTA DE ARTIGOS CULTURAIS, RECREATIVOS E ESPORTIVOS",47636,"Esta classe compreende - o comércio varejista de brinquedos e artigos recreativos | - o comércio varejista de artigos esportivos | - o comércio varejista de bicicletas e triciclos; peças e acessórios | - o comércio varejista de artigos de caça, pesca e camping | - o comércio varejista de embarcações e motores e outros veículos recreativos; peças e acessórios | - o comércio varejista de aparelhos e equipamentos de ginástica || Esta classe compreende ainda - o comércio varejista de artigos e acessórios do vestuário para prática de esportes || Esta classe NÃO compreende - o comércio de armas e munições (47.89-0) | - o comércio varejista de calçados esportivos (47.82-2)",Esta subclasse compreende - o comércio varejista de bicicletas e triciclos || Esta subclasse compreende ainda - o comércio varejista de peças e acessórios de bicicletas e triciclos || Esta subclasse NÃO compreende - o comércio varejista de brinquedos e artigos recreativos (4763-6/01), BICICLETA MOTORIZADA; COMÉRCIO VAREJISTA || BICICLETAS ELÉTRICAS; COMÉRCIO VAREJISTA DE || BICICLETAS; COMÉRCIO VAREJISTA || MOTOCICLETAS ELÉTRICAS; COMÉRCIO VAREJISTA DE || PATINETES ELÉTRICOS; COMÉRCIO VAREJISTA DE || PEÇAS E ACESSÓRIOS PARA BICICLETAS E TRICICLOS; COMÉRCIO VAREJISTA || SCOOTERS ELÉTRICAS; COMÉRCIO VAREJISTA DE || TRICICLOS; COMÉRCIO VAREJISTA,I,comércio (regra por seção),,,atende,presumido (serviço/comércio leve no Simples; validar),sim,COMERCIANTE DE BICICLETAS E TRICICLOS; PEÇAS E ACESSÓRIOS INDEPENDENTE,N,S,sim,Comércio varejista de bicicletas e triciclos; peças e acessórios,nao,nao,,,,,,,nao,,,,nao,nao,nao,,,perfil dominante #6 (49 CNAEs iguais),-
7729202,"ALUGUEL DE MÓVEIS, UTENSÍLIOS E APARELHOS DE USO DOMÉSTICO E PESSOAL; INSTRUMENTOS MUSICAIS","Aluguel de móveis, eletrodomésticos e instrumentos","Aluguel de móveis, cadeiras, eletrodomésticos, ar-condicionado e instrumentos musicais para uso doméstico ou pessoal.",N,ATIVIDADES ADMINISTRATIVAS E SERVIÇOS COMPLEMENTARES,77,772,ALUGUEL DE OBJETOS PESSOAIS E DOMÉSTICOS,77292,"Esta classe compreende - o aluguel de aparelhos de jogos eletrônicos | - o aluguel de móveis, utensílios e aparelhos eletroeletrônicos de uso doméstico e pessoal | - o aluguel de instrumentos musicais | - o aluguel de material médico, como cadeiras de roda, camas hospitalares, muletas, inaladores, etc | - o aluguel de plantas e flores | - o aluguel de livros e revistas | - o aluguel de outros objetos de uso pessoal e doméstico não especificados anteriormente || Esta classe compreende ainda - o aluguel de móveis de escritório || Esta classe NÃO compreende - a locação de automóveis, caminhões, motos e outros veículos terrestres, sem condutor (grupo 77.1) | - o aluguel de material telefônico (77.33-1) | - o empréstimo de livros e revistas por bibliotecas (91.01-5) | - a exploração de jogos eletrônicos recreativos (93.29-8) | - os serviços associados de aluguel e lavagem de roupas de cama, mesa e banho, de uniformes de trabalho e artigos relacionados (96.01-7)","Esta subclasse compreende - o aluguel de móveis, utensílios e aparelhos eletroeletrônicos de uso doméstico e pessoal | - o aluguel de instrumentos musicais || Esta subclasse compreende ainda - o aluguel de móveis de escritório","APARELHOS DE DVD; ALUGUEL DE || APARELHOS ELETRODOMÉSTICOS; ALUGUEL DE, LOCAÇÃO DE || APARELHOS ELETROELETRÔNICOS; ALUGUEL DE || AR CONDICIONADO; ALUGUEL DE || CADEIRAS; ALUGUEL DE, LOCAÇÃO DE || GELADEIRA, FREEZER; ALUGUEL DE || INSTRUMENTOS MUSICAIS; ALUGUEL DE, LOCAÇÃO DE  || MESAS; ALUGUEL DE, LOCAÇÃO DE || MÓVEIS E UTENSÍLIOS PARA FESTAS; ALUGUEL DE, LOCAÇÃO DE || MÓVEIS; ALUGUEL DE, LOCAÇÃO DE || OBJETOS E UTENSÍLIOS DOMÉSTICOS; ALUGUEL DE, LOCAÇÃO DE || TELEVISOR, TELEVISÃO; ALUGUEL DE, LOCAÇÃO DE || UTENSÍLIOS E APARELHOS DE USO DOMÉSTICO; ALUGUEL DE, LOCAÇÃO DE || UTENSÍLIOS E APARELHOS ELETROELETRÔNICOS DE USO DOMÉSTICO; ALUGUEL DE || VIDEOCASSETE; ALUGUEL DE, LOCAÇÃO DE",III/IV/V*,serviço — anexo exato depende da atividade + Fator R (determinar na camada fiscal),,,nao,divisão/classe recusada (mapeado das 17 categorias do suporte),sim,"LOCADOR(A) DE MÓVEIS E UTENSÍLIOS, INCLUSIVE PARA FESTAS INDEPENDENTE || LOCADOR(A) DE INSTRUMENTOS MUSICAIS INDEPENDENTE",N,N,sim,"Aluguel de móveis, utensílios e aparelhos de uso doméstico e pessoal; instrumentos musicais",nao,nao,III-fixo,"LC123 art18 5o-F (residual, nenhuma previsao em IV/V)",media,,,,nao,,,,sim,sim,nao,,,atendemos · atende com anexo III fixo,-
7729203,ALUGUEL DE MATERIAL MÉDICO,Aluguel de material médico,"Aluguel de cadeira de rodas, cama hospitalar, muletas, inaladores e material médico em geral.",N,ATIVIDADES ADMINISTRATIVAS E SERVIÇOS COMPLEMENTARES,77,772,ALUGUEL DE OBJETOS PESSOAIS E DOMÉSTICOS,77292,"Esta classe compreende - o aluguel de aparelhos de jogos eletrônicos | - o aluguel de móveis, utensílios e aparelhos eletroeletrônicos de uso doméstico e pessoal | - o aluguel de instrumentos musicais | - o aluguel de material médico, como cadeiras de roda, camas hospitalares, muletas, inaladores, etc | - o aluguel de plantas e flores | - o aluguel de livros e revistas | - o aluguel de outros objetos de uso pessoal e doméstico não especificados anteriormente || Esta classe compreende ainda - o aluguel de móveis de escritório || Esta classe NÃO compreende - a locação de automóveis, caminhões, motos e outros veículos terrestres, sem condutor (grupo 77.1) | - o aluguel de material telefônico (77.33-1) | - o empréstimo de livros e revistas por bibliotecas (91.01-5) | - a exploração de jogos eletrônicos recreativos (93.29-8) | - os serviços associados de aluguel e lavagem de roupas de cama, mesa e banho, de uniformes de trabalho e artigos relacionados (96.01-7)","Esta subclasse compreende - o aluguel de material médico, como cadeiras de roda, camas hospitalares, muletas, inaladores, etc.","CADEIRAS DE RODA; ALUGUEL DE, LOCAÇÃO DE  || CAMAS HOSPITALARES; ALUGUEL DE, LOCAÇÃO DE || INALADORES; ALUGUEL DE || MATERIAL MÉDICO; ALUGUEL DE, LOCAÇÃO DE || MULETAS; ALUGUEL DE, LOCAÇÃO DE",III/IV/V*,serviço — anexo exato depende da atividade + Fator R (determinar na camada fiscal),,,nao,divisão/classe recusada (mapeado das 17 categorias do suporte),sim,LOCADOR(A) DE MATERIAL MÉDICO INDEPENDENTE,N,N,sim,Aluguel de material médico,nao,nao,III-fixo,"LC123 art18 5o-F (residual, nenhuma previsao em IV/V)",media,,,,nao,,,,sim,sim,nao,,,atendemos · atende e NÃO tem ISS de BH,-
3250705,FABRICAÇÃO DE MATERIAIS PARA MEDICINA E ODONTOLOGIA,,,C,INDÚSTRIAS DE TRANSFORMAÇÃO,32,325,FABRICAÇÃO DE INSTRUMENTOS E MATERIAIS PARA USO MÉDICO E ODONTOLÓGICO E DE ARTIGOS ÓPTICOS,32507,"Esta classe compreende - a fabricação de instrumentos e utensílios para uso médico-cirúrgico, odontológico e de laboratório (bisturis, pinças, tesouras, sondas, boticões, etc.) | - a fabricação de seringas hipodérmicas de qualquer material, agulhas, cânulas, cateteres, etc. | - a fabricação de mobiliário para uso médico, cirúrgico e odontológico (mesas para operações cirúrgicas, equipamentos para mecanoterapia e massagens, cadeiras para dentistas com equipamento dental incorporado, etc.) | - a fabricação de aparelhos e instrumentos para correção de defeitos físicos, membros artificiais e aparelhos ortopédicos em geral | - a fabricação de calçados ortopédicos de qualquer material | - a fabricação de termômetros médicos | - a fabricação de cimento e gesso dentais | - a fabricação de materiais para uso médico-cirúrgico e odontológico (algodão, curativos e emplastros não impregnados com qualquer substância, etc.) | - a fabricação de dentes, dentaduras e os laboratórios de prótese dentária | - a fabricação de esterilizadores para laboratórios e hospitais || Esta classe compreende ainda - a fabricação de artigos ópticos (óculos, lentes de contato, lentes para óculos, armações para óculos, óculos de sol e semelhantes) | - a fabricação de óculos para segurança e proteção | - os serviços de laboratórios óticos (lapidação de lentes) || Esta classe NÃO compreende - a fabricação de curativos, emplastros e materiais semelhantes impregnados com qualquer substância (21.23-8) | - a fabricação de marcapassos (26.60-4) | - a fabricação de cadeiras de rodas (30.92-0)","Esta subclasse compreende - a fabricação de cimento e gesso dentais | - a fabricação de materiais para uso médico-cirúrgico e odontológico (algodão, curativos e emplastros não impregnados com substâncias, etc.) || Esta subclasse NÃO compreende - a fabricação de curativos, emplastros e materiais semelhantes impregnados com qualquer substância (2123-8/00)","ADESIVOS, HEMOSTÁTICOS, LAMINÁRIAS E OUTROS MATERIAIS ESTERILIZADOS PARA CIRURGIA OU ODONTOLOGIA, ABSORVÍVEIS OU NÃO; FABRICAÇÃO DE || ALGODÃO HIDRÓFILO NÃO IMPREGNADO COM SUBSTANCIAS MEDICINAIS; FABRICAÇÃO DE || ALGODÃO HIDRÓFILO, GAZES, ATADURAS E ARTIGOS SEMELHANTES NÃO IMPREGNADO COM SUBSTÂNCIA FARMACÊUTICA; CAMPOS CIRÚRGICOS DE FALSO TECIDO; FABRICAÇÃO DE || ATADURAS; FABRICAÇÃO DE || BANDAGENS; FABRICAÇÃO DE || CATEGUTES (CATGUTS) ESTERILIZADOS PARA SUTURAS CIRURGICAS; FABRICAÇÃO DE || CERAS DENTAIS E COMPOSTOS PARA RESTAURAÇÕES DENTARIAS; FABRICAÇÃO DE || CIMENTOS PARA OBTURAÇÕES DENTARIAS; FABRICAÇÃO DE || CIMENTOS PARA USO DENTÁRIO, FABRICAÇÃO DE || COMPOSIÇÕES A BASE DE GESSO PARA DENTISTAS; FABRICAÇÃO DE || COTONETES; FABRICAÇÃO DE || CURATIVOS NÃO IMPREGNADOS COM SUBSTÂNCIAS MEDICINAIS; FABRICAÇÃO DE || EMPLASTROS, CATAPLASMAS E SINAPISMOS; FABRICAÇÃO DE || ESTOJOS OU CAIXAS DE URGÊNCIA COM CURATIVO, GAZE, ETC; FABRICAÇÃO DE || FIOS CIRÚRGICOS; FABRICAÇÃO DE || FIOS E MATERIAIS PARA SUTURAS, DE QUALQUER MATERIAL; FABRICAÇÃO DE || GAZES ESTERILIZADAS NÃO IMPREGNADAS COM SUBSTÂNCIAS FARMACÊUTICAS; FABRICAÇÃO DE || GEL PARA MOLDES DE DENTADURA; FABRICAÇÃO DE || GESSO DENTAL; FABRICAÇÃO DE || HASTES (FLEXÍVEIS OU NÃO) COM EXTREMIDADES ENVOLTAS EM ALGODÃO PARA HIGIENE PESSOAL; FABRICAÇÃO DE || HEMOSTÁTICOS ESTERILIZADOS ABSORVÍVEIS PARA CIRURGIA OU ODONTOLOGIA; FABRICAÇÃO DE || LAMINARIAS ESTERILIZADAS; FABRICAÇÃO DE || MATERIAIS EMPREGADOS EM OBTURAÇÕES DENTARIAS; FABRICAÇÃO DE || MATERIAIS PARA ODONTOLOGIA, N.E.; FABRICAÇÃO DE || PREPARAÇÕES LUBRIFICANTES A BASE DE GEL, PARA USOS MÉDICOS EM EXAMES OU CIRURGIAS; FABRICAÇÃO DE || PRODUTOS PARA OBTURACÕES DENTÁRIAS (AMALGAMAS, ETC); FABRICAÇÃO DE",II,indústria (regra por seção),,,nao,divisão/classe recusada (mapeado das 17 categorias do suporte),nao,,,,nao,,nao,nao,,,,,,,sim,CRM,Lei 3.268/1957,alta,nao,nao,nao-verificado,,,exceção · exige_conselho = sim (regulamentada),-
4221905,MANUTENÇÃO DE ESTAÇÕES E REDES DE TELECOMUNICAÇÕES,,,F,CONSTRUÇÃO,42,422,"OBRAS DE INFRA-ESTRUTURA PARA ENERGIA ELÉTRICA, TELECOMUNICAÇÕES, ÁGUA, ESGOTO E TRANSPORTE POR DUTOS",42219,"Esta classe compreende - a construção de barragens e represas para geração de energia elétrica | - a construção de usinas, estações e subestações hidrelétricas, eólicas, nucleares, termoelétricas, etc. | - a construção de redes de transmissão e distribuição de energia elétrica, inclusive o serviço de eletrificação rural | - as obras para implantação de serviços de telecomunicações: | #- construção e manutenção de redes de longa e média distância de telecomunicações | #- a execução de projetos de instalações para estações de telefonia e centrais telefônicas || Esta classe compreende ainda - a construção de redes de eletrificação para ferrovias e metropolitanos | - a manutenção de redes de distribuição de energia elétrica, quando executada por empresa não-produtora ou distribuidora de energia elétrica || Esta classe NÃO compreende - a manutenção de redes de eletricidade quando executada por empresas de produção e distribuição de energia elétrica (grupo 35.1) | - a instalação de cabos submarinos (42.91-0)","Esta subclasse compreende - a manutenção de estações e redes de longa e média distância de telecomunicações || Esta subclasse NÃO compreende - a manutenção de conexos operacionais à rede de telecomunicações em prédios residenciais, comerciais, industriais, etc. (6190-6/99) | - a instalação e reparação de sistemas de telecomunicações, como, por exemplo, estações telefônicas (9512-6/00)","CABOS DE COMUNICAÇÃO E TRANSMISSÃO DE DADOS DE LONGA E MÉDIA DISTÂNCIA, EXCETO CABOS SUBMARINOS; MANUTENÇÃO DE || ESTAÇÃO E REDES DE TELEFONIA E COMUNICAÇÕES; MANUTENÇÃO DAS INSTALAÇÕES PARA || REDES DE TELECOMUNICAÇÕES DE LONGA E MEDIA DISTANCIA; MANUTENÇÃO POR TERCEIROS",III/IV/V*,serviço — anexo exato depende da atividade + Fator R (determinar na camada fiscal),,,nao,divisão/classe recusada (mapeado das 17 categorias do suporte),nao,,,,nao,,nao,nao,IV,"LC123 art18 5o-C, I (secao F inteira = construcao/obras de engenharia)",alta,2%,nao,"Reparação e reforma de dutos, condutos e cabeamento para instalações telefônicas, redes de informática, televisão e comunicações. (CTISS 0705-0/17-88, LC116 7.05, 2%)",nao,,,,nao,nao,nao,,,"exceção · Anexo IV (construção, limpeza, vigilância, advocacia)",-
3511502,ATIVIDADES DE COORDENAÇÃO E CONTROLE DA OPERAÇÃO DA GERAÇÃO E TRANSMISSÃO DE ENERGIA ELÉTRICA,,,D,ELETRICIDADE E GÁS,35,351,"GERAÇÃO, TRANSMISSÃO E DISTRIBUIÇÃO DE ENERGIA ELÉTRICA",35115,"Esta classe compreende - a geração de energia elétrica de origem hidráulica, térmica (carvão, gás, diesel, combustíveis renováveis, etc.), nuclear, eólica, solar, etc. || Esta classe compreende ainda - a manutenção de redes de eletricidade e a medição de consumo de energia elétrica, quando executadas por empresas de geração de energia elétrica | - as atividades de coordenação e controle da operação da geração e transmissão de energia elétrica || Esta classe NÃO compreende - a transmissão de energia elétrica (35.12-3) | - o comércio atacadista de energia elétrica (35.13-1) | - a distribuição de energia elétrica (35.14-0) | - a geração de energia elétrica por incineração de resíduos (38.21-1) | - a manutenção de redes de distribuição de energia elétrica, quando executada por empresas não produtoras de energia elétrica (42.21-9) | - os serviços de medição de consumo de energia elétrica quando realizados sob contrato (82.99-7)","Esta subclasse compreende - O Planejamento e programação da operação e o despacho centralizado da geração | - Supervisão e a coordenação dos Centros de Operação de Sistemas Elétricos; | - A supervisão e o controle da operação do SIN e demais interligações internacionais; | - A contratação e a administração dos serviços de transmissão de energia elétrica; | - A proposição ao poder concedente das ampliações e reforços na rede básica; | - A proposição de regras à operação das instalações de transmissão da rede básica do SIN, consolidados em procedimentos de rede; | - A divulgação dos indicadores de desempenho dos despachos realizados pelo SIN. || Esta subclasse NÃO compreende - A produção de energia elétrica de orígem hidráulica, nuclear, eólica, solar, etc. (3511-5/01) | - A transmissão de energia elétrica (3512-3/00) | - O comércio atacadista de energia elétrica (3513-1/00) | - A distribuição de energia elétrica ( 3514-0/01)","A CONTRATAÇÃO E A ADMINISTRAÇÃO DOS SERVIÇOS DE TRANSMISSÃO DE ENERGIA ELÉTRICA || A DIVULGAÇÃO DOS INDICADORES DE DESEMPENHO DOS DESPACHOS REALIZADOS PELO SIN || A PROPOSIÇÃO AO PODER CONCEDENTE DAS AMPLIAÇÕES E REFORÇOS NA REDE BÁSICA || A PROPOSIÇÃO DE REGRAS À OPERAÇÃO DAS INSTALAÇÕES DE TRANSMISSÃO DA REDE BÁSICA DO SIN, CONSOLIDADOS EM PROCEDIMENTOS DE REDE || A SUPERVISÃO E A COORDENAÇÃO DOS CENTROS DE OPERAÇÃO DE SISTEMAS ELÉTRICOS; || A SUPERVISÃO E O CONTROLE DA OPERAÇÃO DO SIN E DEMAIS INTERLIGAÇÕES INTERNACIONAIS || COORDENAÇÃO E CONTROLE DA OPERAÇÃO DA GERAÇÃO E TRANSMISSÃO DE ENERGIA ELÉTRICA; ATIVIDADES DE || O PLANEJAMENTO E A PROGRAMAÇÃO DA OPERAÇÃO E O DESPACHO CENTRALIZADO DA GERAÇÃO || SUPERVISÃO E A COORDENAÇÃO DOS CENTROS DE OPERAÇÃO DE SISTEMAS ELÉTRICOS",III/IV/V*,serviço — anexo exato depende da atividade + Fator R (determinar na camada fiscal),,,atende,presumido (serviço/comércio leve no Simples; validar),nao,,,,nao,,sim,nao,III-fixo,"LC123 art18 5o-F (residual, nenhuma previsao em IV/V)",media,5%,nao,"Serviços de apoio e infra-estrutura administrativa e congêneres (CTISS 1702-0/02-88, LC116 17.02, 5%) || Planejamento, coordenação, programação ou organização técnica, financeira ou administrativa. (CTISS 1703-0/01-88, LC116 17.03, 5%) || Serviços de planejamento, coordenação, programação ou organização financeira (CTISS 1703-0/02-88, LC116 17.03, 5%) || Serviços de planejamento, coordenação, programação ou organização administrativa (CTISS 1703-0/03-88, LC116 17.03, 5%)",nao,,,,nao,nao,nao-verificado,,,perfil dominante #8 (35 CNAEs iguais),-
4299599,OUTRAS OBRAS DE ENGENHARIA CIVIL NÃO ESPECIFICADAS ANTERIORMENTE,,,F,CONSTRUÇÃO,42,429,CONSTRUÇÃO DE OUTRAS OBRAS DE INFRA-ESTRUTURA,42995,"Esta classe compreende - a construção de instalações esportivas e recreativas, tais como pistas de competição, quadras esportivas, piscinas olímpicas e outras construções similares | - a construção de estruturas com tirantes | - as obras de contenção | - a construção de cortinas de proteção de encostas e muros de arrimo || Esta classe compreende ainda - a subdivisão de terras com benfeitorias (p. ex., construção de vias, serviços de infra-estrutura, etc.) || Esta classe NÃO compreende - a construção de estádios esportivos e quadras cobertas (41.20-4) | - os serviços especializados de engenharia (concepção de projetos estruturais e de instalações, supervisão e gerenciamento de projetos de construção) (71.12-0)","Esta subclasse compreende - a construção de estruturas com tirantes | - as obras de contenção | - a construção de cortinas de proteção de encostas e muros de arrimo || Esta subclasse compreende ainda - a subdivisão de terras com benfeitorias (p. ex., construção de vias, serviços de infra-estrutura, etc.) || Esta subclasse NÃO compreende - os serviços especializados de engenharia (concepção de projetos estruturais e de instalações, supervisão e gerenciamento de projetos de construção) (7112-0/00)","ATIRANTAMENTOS E CORTINAS DE PROTEÇÃO DE ENCOSTAS; OBRAS DE || BACIAS DE CONTENÇÃO E INFILTRAÇÃO PARA CONTENÇÃO DE ENXURRADAS; CONSTRUÇÃO DE || CONTENÇÃO DE ENCOSTAS; OBRAS DE || LOTEAMENTO (SUBDIVISÃO DE TERRAS) COM EXECUÇÃO DE BENFEITORIAS; SERVIÇOS DE || OBRAS DE AÇUDES || OBRAS DE ESCORAMENTO PARA A CONTENÇÃO DE ESTRUTURAS FIXAS; EXECUÇÃO DE || OBRAS DE ESTABILIDADE: ENROCAMENTO, MURO DE CONCRETO CICLÓPICO, RIP-RAP, GABIÃO, BERNA, ESCALONAMENTO; EXECUÇÃO DE || OBRAS DE INFRA-ESTRUTURA PARA EXECUÇÃO DE PLANTAS INDUSTRIAIS; CONSTRUÇÃO DE || OBRAS DE OUTROS TIPOS (CONSTRUÇÃO) || TANQUES PARA COMBUSTÍVEIS; INSTALAÇÃO DE || TERRAÇOS PARA CONTENÇÃO DE ENXURRADAS (TERRACEAMENTO); CONSTRUÇÃO DE",III/IV/V*,serviço — anexo exato depende da atividade + Fator R (determinar na camada fiscal),,,nao,divisão/classe recusada (mapeado das 17 categorias do suporte),nao,,,,nao,,nao,nao,IV,"LC123 art18 5o-C, I (secao F inteira = construcao/obras de engenharia)",alta,2%,nao,"Obras de enrocamentos (CTISS 0702-0/26-88, LC116 7.02, 2%) || Outras obras de engenharia não especificadas anteriormente (CTISS 0702-0/59-88, LC116 7.02, 2%) || Escoramento e serviços congêneres (CTISS 0717-0/01-88, LC116 7.17, 2%) || Contenção de encostas e serviços congêneres (CTISS 0717-0/02-88, LC116 7.17, 2%)",sim,CREA,Lei 5.194/1966,alta,nao,nao,nao-verificado,,,exceção · risco CGSIM alto E exige conselho,-
5590601,"ALBERGUES, EXCETO ASSISTENCIAIS",Albergue e hostel,"Hospedagem em albergue ou hostel, com cama por noite ou quarto compartilhado. Não cobre albergue assistencial, que é serviço social.",I,ALOJAMENTO E ALIMENTAÇÃO,55,559,OUTROS TIPOS DE ALOJAMENTO NÃO ESPECIFICADOS ANTERIORMENTE,55906,"Esta classe compreende - as atividades das pensões (alojamento), dormitórios, campings (acampamentos), albergues (exceto assistenciais) | - o aluguel de imóveis residenciais por curta temporada | - os alojamentos coletivos não-turísticos tipo casa de estudante, pensionato e similares | - a exploração de vagões-leitos por terceiros | - as atividades de outros locais de alojamento de curta duração, não especificados anteriormente || Esta classe NÃO compreende - os alojamentos especializados para deficientes físicos e casas geriátricas, etc. (87.11-5) | - as atividades dos albergues assistenciais (87.30-1) | - a atividade de aluguel de imóveis (68.10-2)",Esta subclasse compreende - as atividades dos albergues não assistenciais || Esta subclasse NÃO compreende - as atividades dos albergues assistenciais (8730-1/02),ALBERGUE (EXCETO ASSISTENCIAL); SERVIÇO DE ALOJAMENTO || ALOJAMENTO EM ALBERGUES NÃO ASSISTENCIAIS; SERVIÇO DE || ALOJAMENTO EM HOSTEL; SERVIÇOS DE,III/IV/V*,serviço — anexo exato depende da atividade + Fator R (determinar na camada fiscal),,,nao,divisão/classe recusada (mapeado das 17 categorias do suporte),sim,PROPRIETÁRIO(A) DE ALBERGUE NÃO ASSISTENCIAL INDEPENDENTE,S,N,sim,"Albergues, exceto assistenciais",nao,nao,III-fixo,"LC123 art18 5o-F (residual, nenhuma previsao em IV/V)",media,5%,nao,"Hospedagem em hotel, pousada, pensão, albergue, hospedaria, camping e congêneres (CTISS 0901-0/01-88, LC116 9.01, 5%)",nao,,,,sim,sim,nao,,,perfil dominante #10 (31 CNAEs iguais),-
5590603,PENSÕES(ALOJAMENTO),Pensão e casa de cômodos,"Hospedagem em pensão, com ou sem refeição incluída.",I,ALOJAMENTO E ALIMENTAÇÃO,55,559,OUTROS TIPOS DE ALOJAMENTO NÃO ESPECIFICADOS ANTERIORMENTE,55906,"Esta classe compreende - as atividades das pensões (alojamento), dormitórios, campings (acampamentos), albergues (exceto assistenciais) | - o aluguel de imóveis residenciais por curta temporada | - os alojamentos coletivos não-turísticos tipo casa de estudante, pensionato e similares | - a exploração de vagões-leitos por terceiros | - as atividades de outros locais de alojamento de curta duração, não especificados anteriormente || Esta classe NÃO compreende - os alojamentos especializados para deficientes físicos e casas geriátricas, etc. (87.11-5) | - as atividades dos albergues assistenciais (87.30-1) | - a atividade de aluguel de imóveis (68.10-2)",Esta subclasse compreende - as atividades das pensões (alojamento) combinadas ou não com serviço de alimentação,PENSÃO COM SERVIÇO DE ALIMENTAÇÃO; SERVIÇO DE ALOJAMENTO || PENSÃO SEM SERVIÇO DE ALIMENTAÇÃO; SERVIÇO DE ALOJAMENTO || PENSÃO; HOSPEDAGEM || PENSÃO; SERVIÇO DE ALOJAMENTO,III/IV/V*,serviço — anexo exato depende da atividade + Fator R (determinar na camada fiscal),,,nao,divisão/classe recusada (mapeado das 17 categorias do suporte),sim,PROPRIETÁRIO(A) DE PENSÃO INDEPENDENTE,S,N,sim,Pensões (alojamento),nao,nao,III-fixo,"LC123 art18 5o-F (residual, nenhuma previsao em IV/V)",media,5%,nao,"Hospedagem em hotel, pousada, pensão, albergue, hospedaria, camping e congêneres (CTISS 0901-0/01-88, LC116 9.01, 5%)",nao,,,,sim,sim,nao,,,atendemos · atende e tem alíquota de ISS de BH,-
5811500,EDIÇÃO DE LIVROS,Edição de livros,"Edição de livros impressos e digitais, e-books, audiolivros, apostilas, dicionários e atlas.",J,INFORMAÇÃO E COMUNICAÇÃO,58,581,"EDIÇÃO DE LIVROS, JORNAIS, REVISTAS E OUTRAS ATIVIDADES DE EDIÇÃO",58115,"Esta classe compreende - a edição de livros (literários, didáticos, infantis), dicionários, atlas, enciclopédias, etc., na forma impressa, eletrônica (CDs) e na internet | - a aquisição de direitos autorais para a edição e disseminação de livros || Esta classe compreende ainda - a gestão de direitos autorais de obras literárias || Esta classe NÃO compreende - a impressão de livros sob contrato (18.11-3) | - a edição de jornais (58.12-3) | - a edição de revistas (58.13-1) | - a edição de material publicitário (58.19-1) | - a edição integrada à impressão de livros (58.21-2) | - as atividades de escritores de todos os tipos de assuntos, inclusive técnicos (90.02-7)","Esta subclasse compreende - a edição de livros (literários, didáticos, infantis), dicionários, atlas, enciclopédias, etc., na forma impressa, eletrônica (CDs) e na internet | - a aquisição de direitos autorais para a edição e disseminação de livros || Esta subclasse compreende ainda - a gestão de direitos autorais de obras literárias || Esta subclasse NÃO compreende - a impressão de livros sob contrato (1811-3/02) | - a edição de jornais (5812-3/00) | - a edição de revistas (5813-1/00) | - a edição de material publicitário (5819-1/00) | - a edição integrada à impressão de livros (5821-2/00) | - as atividades de escritores de todos os tipos de assuntos, inclusive técnicos (9002-7/01)"," LIVROS DIGITAIS, VIRTUAIS (E-BOOKS); EDIÇÃO DE || APOSTILAS; EDIÇÃO DE || ATLAS; EDIÇÃO DE || AUDIOLIVROS (AUDIOBOOKS); PRODUÇÃO DE || DICIONÁRIOS; EDIÇÃO DE || DIREITOS AUTORAIS DE OBRAS LITERÁRIAS; GESTÃO DE || ENCICLOPÉDIAS; EDIÇÃO DE || LIVROS ELETRÔNICOS; EDIÇÃO DE || LIVROS EM GERAL; EDIÇÃO DE || LIVROS INFANTIS; EDIÇÃO DE || LIVROS NA INTERNET; EDIÇÃO DE || LIVROS TÉCNICOS; EDIÇÃO DE || MAPAS; EDIÇÃO DE || OBRAS LITERÁRIAS; AQUISIÇÃO DE DIREITOS AUTORAIS || OBRAS LITERÁRIAS; EDIÇÃO DE",III/IV/V*,serviço — anexo exato depende da atividade + Fator R (determinar na camada fiscal),,,atende,presumido (serviço/comércio leve no Simples; validar),sim,EDITOR(A) DE LIVROS INDEPENDENTE,S,N,sim,Edição de livros,nao,nao,III-fixo,"LC123 art18 5o-F (residual, nenhuma previsao em IV/V)",media,5%,nao,"Serviços de expediente, tais como datilografia, digitação, estenografia, expediente, secretaria em geral, redação, edição, interpretação, revisão, tradução, e congêneres (CTISS 1702-0/01-88, LC116 17.02, 5%)",nao,,,,sim,sim,nao,,,"atendemos · divisão 58, com título amigável",-
6201502,WEB DESIGN,Web design,"Criação e desenvolvimento de sites, portais e páginas na internet.",J,INFORMAÇÃO E COMUNICAÇÃO,62,620,ATIVIDADES DOS SERVIÇOS DE TECNOLOGIA DA INFORMAÇÃO,62015,"Esta classe compreende - o desenvolvimento de sistemas para atender às necessidades do cliente, ou seja, as atividades voltadas para a definição dos módulos, especificações funcionais internas, tipos de relatórios e testes de avaliação do desempenho | - a programação com o uso de ferramentas e de linguagens de programação | - o fornecimento de documentação de programas de informática desenvolvidos sob encomenda | - o desenho de páginas para a internet (web design) | - o desenvolvimento de projetos e modelagem de banco de dados sob encomenda || Esta classe NÃO compreende - o desenvolvimento e licenciamento de programas de computador customizáveis (62.02-3) | - o desenvolvimento e licenciamento de programas de computador não-customizáveis (62.03-1) | - os serviços de customização dos programas de computador (62.04-0)",Esta subclasse compreende - o desenvolvimento/criação de interfaces para a internet (web design) || Esta subclasse NÃO compreende - o desenvolvimento e licenciamento de programas de computador customizáveis (6202-3/00) | - o desenvolvimento e licenciamento de programas de computador não-customizáveis (6203-1/00) | - os serviços de customização dos programas de computador (6204-0/00) | - os serviços de design gráfico (7410-2/99),"DESENVOLVIMENTO DE SITES, WEBSITES; SERVIÇOS DE || EDIÇÃO DE SITES, WEBSITES; SERVIÇOS DE || PORTAIS NA INTERNET; CONFECÇÃO DE, DESENVOLVIMENTO DE, CRIAÇÃO DE, SERVIÇOS DE  || PÁGINAS NA INTERNET; CONFECÇÃO DE, DESENVOLVIMENTO DE, CRIAÇÃO DE, SERVIÇOS DE || WEB DESIGN; DESENVOLVIMENTO, CRIAÇÃO DE INTERFACES PARA A INTERNET",III/IV/V*,serviço — anexo exato depende da atividade + Fator R (determinar na camada fiscal),,,atende,presumido (serviço/comércio leve no Simples; validar),nao,,,,sim,Web design,nao,nao,"fator-r-dinamico(III<->V, limiar 28%)","LC123 art18 5o-D, VI",alta,2%,nao,"Análise e desenvolvimento de sistemas (CTISS 0101-0/01-88, LC116 1.01, 2%) || Programação (CTISS 0102-0/01-88, LC116 1.02, 2%) || Elaboração de programas de computadores (CTISS 0104-0/01-88, LC116 1.04, 2%) || Elaboração de jogos eletrônicos (CTISS 0104-0/02-88, LC116 1.04, 2%)",nao,,,,sim,nao,nao,,,atendemos · só ME (MEI não permitido),-
5911102,PRODUÇÃO DE FILMES PARA PUBLICIDADE,Produção de vídeo publicitário,"Produção de comercial de TV, filme institucional e vídeo para campanha publicitária.",J,INFORMAÇÃO E COMUNICAÇÃO,59,591,"ATIVIDADES CINEMATOGRÁFICAS, PRODUÇÃO DE VÍDEOS E DE PROGRAMAS DE TELEVISÃO",59111,"Esta classe compreende - a atividade de produção de filmes de todos os tipos e em quaisquer suportes, tais como: | - filmes cinematográficos produzidos em estúdios cinematográficos | - filmes destinados à difusão (broadcasting) pela televisão e pela internet produzidos fora dos estúdios de televisão | - filmes publicitários institucionais, para comerciais na televisão, para campanhas políticas, etc. | - gravação, fora dos estúdios de televisão, de programas de televisão por produtores independentes | - arquivos de filmes cinematográficos, publicitários, etc. || Esta classe NÃO compreende - a reprodução de filmes em fitas de vídeo e DVDs a partir de matrizes originais (18.30-0) | - as atividades de pós-produção de filmes, vídeos e programas de televisão (59.12-0) | - a reprodução de cópias de filmes cinematográficos (em película) (59.12-0) | - a distribuição cinematográfica, de vídeo e de programas de televisão (59.13-8) | - a produção de programas em estúdios de televisão aberta, inclusive por produtores independentes (60.21-7) | - a filmagem e gravação de vídeos de festas e eventos (74.20-0) | - as atividades de agenciamento de profissionais para atividades culturais e artísticas (74.90-1) | - as atividades de diretores, produtores, empresários de eventos artísticos ao vivo, cenógrafos, roteiristas (90.01-9) | - as atividades de criadores de desenho animado (90.02-7)","Esta subclasse compreende - a produção de filmes em qualquer suporte (película, vídeo e DVD) para publicidade de qualquer tipo: | #- filmes institucionais | #- comerciais de televisão | #- filmes para campanhas políticas | #- filmes para campanhas de responsabilidade social | - os arquivos de filmes de publicidade || Esta subclasse NÃO compreende - a produção de filmes em estúdios cinematográficos (5911-1/01) | - a produção de filmes destinados à difusão pela televisão e internet (5911-1/99)",ARQUIVOS DE FILMES DE PUBLICIDADE; ATIVIDADES DE || COMERCIAIS DE TELEVISÃO; PRODUÇÃO DE || FILMES DE PUBLICIDADE; ARQUIVOS DE || FILMES INSTITUCIONAIS; PRODUÇÃO DE || FILMES PARA CAMPANHAS DE RESPONSABILIDADE SOCIAL; PRODUÇÃO DE || FILMES PARA CAMPANHAS POLÍTICAS; PRODUÇÃO DE || FILMES PARA PUBLICIDADE; PRODUÇÃO DE || PRODUTORA DE FILMES DE PUBLICIDADE || VÍDEOS PARA PUBLICIDADE; PRODUÇÃO DE,III/IV/V*,serviço — anexo exato depende da atividade + Fator R (determinar na camada fiscal),,,atende,presumido (serviço/comércio leve no Simples; validar),nao,,,,sim,Produção de filmes para publicidade,nao,nao,III-fixo,LC123 art18 §5º-B XV,alta,2%,nao,"Propaganda e publicidade, inclusive promoção de vendas, planejamento de campanhas ou sistemas de publicidade, elaboração de desenhos, textos e demais materiais publicitários. (CTISS 1706-0/01-88, LC116 17.06, 2%)",nao,,,,sim,nao,nao,,,"atendemos · divisão 59, com título amigável",nao
7220700,PESQUISA E DESENVOLVIMENTO EXPERIMENTAL EM CIÊNCIAS SOCIAIS E HUMANAS,Pesquisa em ciências sociais e humanas,"Pesquisa e desenvolvimento em direito, economia, linguística, arqueologia, artes e áreas afins.",M,"ATIVIDADES PROFISSIONAIS, CIENTÍFICAS E TÉCNICAS",72,722,PESQUISA E DESENVOLVIMENTO EXPERIMENTAL EM CIÊNCIAS SOCIAIS E HUMANAS,72207,"Esta classe compreende - as atividades de pesquisa e desenvolvimento realizadas no âmbito das ciências sociais e ciências humanas e em áreas interdisciplinares dessas ciências: sociologia, economia, psicologia, direito, lingüística, artes, arqueologia, etc. || Esta classe NÃO compreende - as pesquisas de mercado e de opinião pública (73.20-3)","Esta subclasse compreende - as atividades de pesquisa e desenvolvimento realizadas no âmbito das ciências sociais e ciências humanas e em áreas interdisciplinares dessas ciências: sociologia, economia, psicologia, direito, lingüística, artes, arqueologia, etc. || Esta subclasse NÃO compreende - as pesquisas de mercado e de opinião pública (7320-3/00)","ARQUEOLOGIA; PESQUISA E DESENVOLVIMENTO EM || ARTES; PESQUISA E DESENVOLVIMENTO EM || DIREITO; PESQUISA E DESENVOLVIMENTO EM || ECONOMIA; PESQUISA E DESENVOLVIMENTO EM || LINGÜÍSTICA; PESQUISA E DESENVOLVIMENTO EM || PESQUISA E DESENVOLVIMENTO EM CIÊNCIAS SOCIAIS E HUMANAS || PESQUISA ECONÔMICA, COMERCIAL E NÃO COMERCIAL || PESQUISA EDUCACIONAL || SOCIOLOGIA; PESQUISA E DESENVOLVIMENTO EM",III/IV/V*,serviço — anexo exato depende da atividade + Fator R (determinar na camada fiscal),,,atende,presumido (serviço/comércio leve no Simples; validar),nao,,,,sim,Pesquisa e desenvolvimento experimental em ciências sociais e humanas,nao,nao,"fator-r-dinamico(III<->V, limiar 28%)",LC123 art18 §5º-I XII,alta,5%,nao,"Assessoria de qualquer natureza (CTISS 1701-0/01-88, LC116 17.01, 5%) || Análise, exame, fornecimento de dados e informações de qualquer natureza (CTISS 1701-0/02-88, LC116 17.01, 5%)",nao,,,,sim,nao,nao,,,atendemos · atende com Fator R dinâmico e confiança ALTA,-
6202300,DESENVOLVIMENTO E LICENCIAMENTO DE PROGRAMAS DE COMPUTADOR CUSTOMIZÁVEIS,Desenvolvimento de software customizável,Desenvolvimento e licenciamento de software que você adapta para cada cliente.,J,INFORMAÇÃO E COMUNICAÇÃO,62,620,ATIVIDADES DOS SERVIÇOS DE TECNOLOGIA DA INFORMAÇÃO,62023,Esta classe compreende - o desenvolvimento de sistemas ou programas de computador (software) que permitem a realização de customizações (adaptações às necessidades específicas de um cliente ou mercado particular) || Esta classe compreende ainda - o licenciamento ou a outorga de autorização de uso dos programas de informática (software) customizáveis; este licenciamento é freqüentemente obtido através da própria empresa que os desenvolveu ou de seus representantes || Esta classe NÃO compreende - a produção de programas de computador sob encomenda (62.01-5) | - o desenvolvimento e licenciamento de programas de computador não-customizáveis (62.03-0) | - os serviços de customização dos programas de computador (62.04-0),Esta subclasse compreende - o desenvolvimento de sistemas ou programas de computador (software) que permitem a realização de customizações (adaptações às necessidades específicas de um cliente ou mercado particular) || Esta subclasse compreende ainda - o licenciamento ou a outorga de autorização de uso dos programas de computador customizáveis; este licenciamento é freqüentemente obtido através da própria empresa que os desenvolveu ou de seus representantes || Esta subclasse NÃO compreende - a produção de programas de computador sob encomenda (6201-5/00) | - o desenvolvimento e licenciamento de programas de computador não-customizáveis (6203-1/00) | - os serviços de customização dos programas de computador (6204-0/00),CESSÃO DE DIREITO DE USO DE PROGRAMAS DE COMPUTADOR CUSTOMIZÁVEIS; SERVIÇOS DE || CESSÃO DE DIREITO DE USO DE SOFTWARE CUSTOMIZÁVEL; SERVIÇOS DE || PROGRAMAS DE COMPUTADOR CUSTOMIZÁVEIS; DESENVOLVIMENTO DE || PROGRAMAS DE COMPUTADOR CUSTOMIZÁVEIS; LICENCIAMENTO DE || PROGRAMAS DE INFORMÁTICA CUSTOMIZÁVEIS; DESENVOLVIMENTO DE || PROGRAMAS DE INFORMÁTICA CUSTOMIZÁVEIS; LICENCIAMENTO DE || SOFTWARE CUSTOMIZÁVEIS; DESENVOLVIMENTO DE || SOFTWARE CUSTOMIZÁVEIS; LICENCIAMENTO DE || SOFTWARE CUSTOMIZÁVEIS; REPRESENTAÇÃO DE,III/IV/V*,serviço — anexo exato depende da atividade + Fator R (determinar na camada fiscal),,,atende,presumido (serviço/comércio leve no Simples; validar),nao,,,,sim,Desenvolvimento e licenciamento de programas de computador customizáveis,nao,nao,"fator-r-dinamico(III<->V, limiar 28%)","LC123 art18 5o-D, V",alta,2%,nao,"Análise e desenvolvimento de sistemas (CTISS 0101-0/01-88, LC116 1.01, 2%) || Customização de programas (CTISS 0102-0/02-88, LC116 1.02, 2%) || Elaboração de programas de computadores (CTISS 0104-0/01-88, LC116 1.04, 2%) || Licenciamento ou cessão de direito de uso de programas de computação (CTISS 0105-0/01-88, LC116 1.05, 2%)",nao,,,,sim,nao,nao,,,atendemos · âncora de busca (a pessoa digita isso),-
6311900,"TRATAMENTO DE DADOS, PROVEDORES DE SERVIÇOS DE APLICAÇÃO E SERVIÇOS DE HOSPEDAGEM NA INTERNET",Hospedagem de sites e tratamento de dados,"Hospedagem na internet, gestão de banco de dados de terceiros e processamento de dados.",J,INFORMAÇÃO E COMUNICAÇÃO,63,631,"TRATAMENTO DE DADOS, HOSPEDAGEM NA INTERNET E OUTRAS ATIVIDADES RELACIONADAS",63119,"Esta classe compreende - as atividades de disponibilização de infra-estrutura para os serviços de tratamento de dados, hospedagem na internet e outras atividades relacionadas, como: | #- a hospedagem de aplicações ou serviços de transferência contínua de som e imagem através da internet | #- a hospedagem de páginas da internet (webhosting) | #- os serviços de compartilhamento de computadores | - as atividades de tratamento de dados a partir dos dados fornecidos pelos clientes, como: | #- o processamento de dados com a respectiva emissão de relatórios e críticas | #- a gestão de bancos de dados de terceiros, permitindo a produção de listagens, de tabulações e a realização de ##consultas | #- os serviços de entrada de dados para processamento | #- as atividades de escaneamento e leitura ótica de documentos || Esta classe NÃO compreende - os provedores de voz sobre protocolo internet – VOIP (61.90-6) | - os provedores de acesso às redes de comunicações (61.90-6) | - o desenvolvimento de programas de computador sob encomenda (62.01-5) | - o desenvolvimento e licenciamento de programas de computador customizáveis (62.02-3) | - o desenvolvimento e licenciamento de programas de computador não-customizáveis (62.03-1) | - os portais e provedores de conteúdo (63.19-4) | - o aluguel de computadores e periféricos (77.33-1) | - os serviços de digitação para edição de textos (82.19-9)","Esta subclasse compreende - as atividades de disponibilização de infra-estrutura para os serviços de tratamento de dados, hospedagem na internet e outras atividades relacionadas, como: | #- a hospedagem de aplicações ou serviços de transferência contínua de som e imagem através da internet | #- a hospedagem de páginas da internet (webhosting) | #- os serviços de compartilhamento de computadores | - as atividades de tratamento de dados a partir dos dados fornecidos pelos clientes, como: | #- o processamento de dados com a respectiva emissão de relatórios e críticas | #- a gestão de bancos de dados de terceiros, permitindo a produção de listagens, de tabulações e a realização de consultas | #- os serviços de entrada de dados para processamento | #- as atividades de escaneamento e leitura ótica de documentos || Esta subclasse NÃO compreende - o desenvolvimento de programas de computador sob encomenda (6201-5/00) | - o desenvolvimento e licenciamento de programas de computador customizáveis (6202-3/00) | - o desenvolvimento e licenciamento de programas de computador não-customizáveis (6203-1/00) | - o aluguel de computadores e periféricos (7733-1/00) | - os serviços de digitação para edição de textos (8219-9/99) | - os provedores de acesso às redes de comunicações (6190-6/01) | - os provedores de voz sobre protocolo internet – VOIP (6190-6/02) | - os portais e provedores de conteúdo (6319-4/00)","ALUGUEL DE HORA EM COMPUTADOR || BANCO DE DADOS DE TERCEIROS; GESTÃO DE || BANCO DE DADOS; PRODUÇÃO DE LISTAGENS, TABULAÇÕES, CONSULTAS || BANCOS DE DADOS DE TERCEIROS; GESTÃO E OPERAÇÃO DE  || COMPUTADORES; SERVIÇOS DE COMPARTILHAMENTO DE || CPD; SERVIÇOS DE || DIGITALIZAÇÃO PARA ENTRADA DE DADOS || DIGITAÇÃO DE DADOS PARA PROCESSAMENTO; SERVIÇOS DE || ENTRADA DE DADOS PARA PROCESSAMENTO; SERVIÇOS DE || ESCANEAMENTO E LEITURA ÓTICA DE DOCUMENTOS (DIGITALIZAÇÃO DE DOCUMENTOS); ATIVIDADES DE || HOSPEDAGEM DE DADOS NA INTERNET; SERVIÇOS DE || HOSPEDAGEM DE PÁGINAS, SITES - WEB HOSTING; SERVIÇOS DE || HOSPEDAGEM NA INTERNET - WEB HOSTING; SERVIÇOS DE || INSTALAÇÕES INFORMÁTICAS; USO COMPARTILHADO DE || PROCESSAMENTO DE DADOS DE TERCEIROS; GESTÃO E OPERAÇÃO DE EQUIPAMENTOS DE  || PROCESSAMENTO DE DADOS; SERVIÇOS DE || PROCESSAMENTO E ARMAZENAMENTO DE MÍDIA ELETRÔNICA; SERVIÇOS DE || PROCESSAMENTO E GUARDA DE DOCUMENTOS NA FORMA ELETRÔNICA; SERVIÇOS DE || TRANSCRIÇÃO DE DADOS PARA PROCESSAMENTO; SERVIÇOS DE || TRATAMENTO DE DADOS PARA PROCESSAMENTO || VALIDAÇÃO E MINERAÇÃO DE CRIPTOATIVOS NÃO FINANCEIROS; ATIVIDADE DE || WEB HOSTING; SERVIÇOS DE HOSPEDAGEM DE SITES",III/IV/V*,serviço — anexo exato depende da atividade + Fator R (determinar na camada fiscal),,,atende,presumido (serviço/comércio leve no Simples; validar),nao,,,,sim,"Tratamento de dados, provedores de serviços de aplicação e serviços de hospedagem na internet",nao,nao,III-fixo,"LC123 art18 5o-F (residual, nenhuma previsao em IV/V)",media,2%,nao,"Processamento de dados (CTISS 0103-0/01-88, LC116 1.03, 2%) || Provimento de serviço de aplicação para internet (CTISS 0103-0/04-88, LC116 1.03, 2%) || Hospedagem para a internet (CTISS 0103-0/05-88, LC116 1.03, 2%) || Serviços de data center (CTISS 0103-0/06-88, LC116 1.03, 2%) || Outros serviços de processamento de dados (CTISS 0103-0/07-88, LC116 1.03, 2%) || Confecção de páginas eletrônicas (CTISS 0108-0/02-88, LC116 1.08, 2%) || Manutenção de páginas eletrônicas (CTISS 0108-0/03-88, LC116 1.08, 2%) || Atualização de páginas eletrônicas (CTISS 0108-0/04-88, LC116 1.08, 2%)",nao,,,,sim,nao,nao,,,"atendemos · divisão 63, com título amigável",-
7311400,AGÊNCIAS DE PUBLICIDADE,Agência de publicidade,"Criação de campanha publicitária, propaganda e material de anúncio para clientes.",M,"ATIVIDADES PROFISSIONAIS, CIENTÍFICAS E TÉCNICAS",73,731,PUBLICIDADE,73114,"Esta classe compreende - a criação e a produção de campanhas de publicidade para qualquer finalidade, para veiculação em quaisquer tipos de veículos de comunicação | - a colocação, em nome de clientes, de material publicitário em jornais, revistas, rádio, televisão, internet e em outros veículos de comunicação | - os representantes dos veículos de comunicação para venda de tempo ou espaço de publicidade a clientes | - a prestação de serviços para merchandising em rádio e televisão || Esta classe NÃO compreende - a operação de páginas de publicidade na internet (63.19-4) | - o agenciamento de espaços para publicidade, exceto em veículos de comunicação (73.12-2) | - a distribuição ou entrega de material publicitário (73.19-0) | - a promoção de vendas e publicidade no local da venda (73.19-0) | - a publicidade por mala direta, por telefone, em visitas (73.19-0) | - as pesquisas de mercado e de opinião pública (73.20-3) | - os serviços de design gráfico ligados à comunicação (74.90-1)","Esta subclasse compreende - a criação e a produção de campanhas de publicidade para qualquer finalidade, para veiculação em quaisquer tipos de veículos de comunicação | - a colocação, em nome de clientes, de material publicitário em jornais, revistas, rádio, televisão, internet e em outros veículos de comunicação | - os representantes dos veículos de comunicação para venda de tempo ou espaço de publicidade a clientes | - a prestação de serviços para merchandising em rádio e televisão || Esta subclasse NÃO compreende - a operação de páginas de publicidade na internet (6319-4/00) | - o agenciamento de espaços para publicidade, exceto em veículos de comunicação (7312-2/00) | - a distribuição ou entrega de material publicitário (7319-0/02) | - a promoção de vendas e a publicidade no local da venda (7319-0/02) | - a publicidade por mala direta, por telefone, em visitas (7319-0/03) | - as pesquisas de mercado e de opinião pública (7320-3/00)","AGÊNCIAS DE LANÇAMENTOS PUBLICITÁRIOS DE PRODUTOS DIGITAIS; ATIVIDADES DE || CAMPANHAS DE PUBLICIDADE; SERVIÇOS DE CRIAÇÃO DE || EMPRESA DE PROPAGANDA || EMPRESA DE PUBLICIDADE || MATERIAL PUBLICITÁRIO, ANÚNCIOS; COLOCAÇÃO EM NOME DE CLIENTES EM JORNAIS, REVISTAS, RÁDIO, TELEVISÃO E INTERNET || MERCHANDISING; SERVIÇOS DE  || PROPAGANDA; AGÊNCIA DE, SERVIÇOS DE || PUBLICIDADE EM DIÁRIO OFICIAL; SERVIÇOS DE COLOCAÇÃO DE || PUBLICIDADE; AGÊNCIA DE, SERVIÇOS DE ",III/IV/V*,serviço — anexo exato depende da atividade + Fator R (determinar na camada fiscal),,,atende,presumido (serviço/comércio leve no Simples; validar),nao,,,,sim,Agências de publicidade,nao,nao,"fator-r-dinamico(III<->V, limiar 28%)","LC123 art18 5o-I, X",alta,2%,nao,"Agenciamento de notícias. (CTISS 1007-0/01-88, LC116 10.07, 2%) || Agenciamento de publicidade e propaganda, inclusive o agenciamento de veiculação por quaisquer meios. (CTISS 1008-0/01-88, LC116 10.08, 2%) || Propaganda e publicidade, inclusive promoção de vendas, planejamento de campanhas ou sistemas de publicidade, elaboração de desenhos, textos e demais materiais publicitários. (CTISS 1706-0/01-88, LC116 17.06, 2%)",nao,,,,sim,nao,nao,,,"atendemos · divisão 73, com título amigável",-
7410299,ATIVIDADES DE DESIGN NÃO ESPECIFICADAS ANTERIORMENTE,Design gráfico e outros designs,"Criação de logotipo, identidade visual, arte gráfica digital e design de jogos, sem a programação.",M,"ATIVIDADES PROFISSIONAIS, CIENTÍFICAS E TÉCNICAS",74,741,DESIGN E DECORAÇÃO DE INTERIORES,74102,"Esta classe compreende - as atividades de design de mobiliário, jóias, sapatos, roupas (estilistas de moda) e de outros objetos pessoais e domésticos | - a atividade de decoração de interiores || Esta classe compreende ainda - os serviços de design gráfico e de diagramação || Esta classe NÃO compreende - os serviços de desenho técnico relacionados à arquitetura e engenharia (71.19-7)","Esta subclasse compreende - os serviços de design gráfico e de diagramação || Esta subclasse NÃO compreende - as atividades de design de mobiliário, jóias, sapatos, roupas (estilistas de moda) , eletrodomésticos e de outros objetos pessoais e domésticos (7410-2/03)","CRIAÇÃO DE ARTES GRÁFICAS DIGITAIS; ATIVIDADES DE || CRIAÇÃO DE IMAGENS DIGITAIS; ATIVIDADES DE || CRIAÇÃO DE LOGO, LOGOTIPO; SERVIÇOS DE || DESIGN DE JOGOS NÃO DIGITAIS E DIGITAIS (EXCETO PROGRAMAÇÃO); SERVIÇOS DE || DESIGN DE TEMPLATES PARA USO NA INTERNET; SERVIÇOS DE || DESIGN GRÁFICO || DIAGRAMAÇÃO; SERVIÇOS DE || TIPOGRAFIA; ATIVIDADES DE",III/IV/V*,serviço — anexo exato depende da atividade + Fator R (determinar na camada fiscal),,,atende,presumido (serviço/comércio leve no Simples; validar),nao,,,,sim,Atividades de design não especificadas anteriormente,nao,nao,"fator-r-dinamico(III<->V, limiar 28%)",LC123 art18 §5º-I VI,alta,,,,nao,,,,sim,nao,nao,,,atendemos · âncora de busca (a pessoa digita isso),nao
7420001,"ATIVIDADES DE PRODUÇÃO DE FOTOGRAFIAS, EXCETO AÉREA E SUBMARINA",Fotografia,"Fotografia em estúdio, de evento, de imprensa e por conta própria. Não cobre foto aérea nem submarina.",M,"ATIVIDADES PROFISSIONAIS, CIENTÍFICAS E TÉCNICAS",74,742,ATIVIDADES FOTOGRÁFICAS E SIMILARES,74200,"Esta classe compreende - as atividades de produção fotográfica, para fins comerciais, de publicidade e pessoais, tais como: | #- a fotografia para passaportes, escolas, casamentos | #- a fotografia para anúncios, editoriais, comerciais, atividades relacionadas com a moda, | atividades imobiliárias e para fins turísticos | #- a produção de fotografias aéreas e submarinas, inclusive para publicidade | - as atividades dos laboratórios de revelação de filmes e de processamento de fotografias, tais como: | #- as atividades de revelação, impressão e ampliação fotográfica | #- os serviços de foto em 1 hora (que não sejam parte de loja de material fotográfico) | #- a revelação de películas de filmes não destinada à indústria cinematográfica | #- a montagem de slides | #- a cópia, a restauração e o retoque de fotografias | #- a atividade de filmagem e de gravação de vídeos de festas e eventos | #- os serviços de microfilmagem de documentos || Esta classe compreende ainda - as atividades dos fotógrafos independentes || Esta classe NÃO compreende - a produção de filmes em estúdios cinematográficos (59.11-1) | - a produção de filmes para publicidade de qualquer tipo (59.11-1) | - o processamento e montagem de filmes cinematográficos (59.12-0) | - o serviço de aerofotogrametria (71.19-7) | - os serviços de fotocópias mecânicas ou eletrostáticas para terceiros (82.19-9) | - as bibliotecas e serviços de armazenamento de fotos e filmes (91.01-5)","Esta subclasse compreende - as atividades de produção fotográfica, para fins comerciais, de publicidade e pessoais, tais como: | #- a fotografia para passaportes, escolas, casamentos | #- a fotografia para anúncios, editoriais, comerciais, atividades relacionadas com a moda, atividades imobiliárias e para fins turísticos || Esta subclasse compreende ainda - as atividades dos fotógrafos independentes || Esta subclasse NÃO compreende - o serviço de aerofotogrametria (7119-7/99)","ATELIER FOTOGRÁFICO || COBERTURA FOTOGRÁFICA PARA JORNAIS, REVISTAS E EVENTOS; SERVIÇOS DE || ESTÚDIO FOTOGRÁFICO || FOTÓGRAFO DE IMPRENSA; SERVIÇOS DE || FOTÓGRAFOS INDEPENDENTES; PRODUÇÃO POR || PRODUÇÃO FOTOGRÁFICA PARA FESTAS E OUTROS EVENTOS || PRODUÇÃO FOTOGRÁFICA PARA FINS PESSOAIS || PRODUÇÃO FOTOGRÁFICA PARA PUBLICIDADE",III/IV/V*,serviço — anexo exato depende da atividade + Fator R (determinar na camada fiscal),,,atende,presumido (serviço/comércio leve no Simples; validar),sim,FOTÓGRAFO(A) INDEPENDENTE,S,N,sim,"Atividades de produção de fotografias, exceto aérea e submarina",nao,nao,III-fixo,"LC123 art18 5o-F (residual, nenhuma previsao em IV/V)",media,5%,nao,"Fotografia e cinematografia, inclusive revelação, ampliação, cópia, reprodução, trucagem (CTISS 1303-0/03-88, LC116 13.03, 5%)",nao,,,,sim,sim,nao,,,atendemos · âncora de busca (a pessoa digita isso),-
7420002,ATIVIDADES DE PRODUÇÃO DE FOTOGRAFIAS AÉREAS E SUBMARINAS,,,M,"ATIVIDADES PROFISSIONAIS, CIENTÍFICAS E TÉCNICAS",74,742,ATIVIDADES FOTOGRÁFICAS E SIMILARES,74200,"Esta classe compreende - as atividades de produção fotográfica, para fins comerciais, de publicidade e pessoais, tais como: | #- a fotografia para passaportes, escolas, casamentos | #- a fotografia para anúncios, editoriais, comerciais, atividades relacionadas com a moda, | atividades imobiliárias e para fins turísticos | #- a produção de fotografias aéreas e submarinas, inclusive para publicidade | - as atividades dos laboratórios de revelação de filmes e de processamento de fotografias, tais como: | #- as atividades de revelação, impressão e ampliação fotográfica | #- os serviços de foto em 1 hora (que não sejam parte de loja de material fotográfico) | #- a revelação de películas de filmes não destinada à indústria cinematográfica | #- a montagem de slides | #- a cópia, a restauração e o retoque de fotografias | #- a atividade de filmagem e de gravação de vídeos de festas e eventos | #- os serviços de microfilmagem de documentos || Esta classe compreende ainda - as atividades dos fotógrafos independentes || Esta classe NÃO compreende - a produção de filmes em estúdios cinematográficos (59.11-1) | - a produção de filmes para publicidade de qualquer tipo (59.11-1) | - o processamento e montagem de filmes cinematográficos (59.12-0) | - o serviço de aerofotogrametria (71.19-7) | - os serviços de fotocópias mecânicas ou eletrostáticas para terceiros (82.19-9) | - as bibliotecas e serviços de armazenamento de fotos e filmes (91.01-5)","Esta subclasse compreende - a produção de fotografias aéreas e submarinas, inclusive para publicidade || Esta subclasse NÃO compreende - o serviço de aerofotogrametria (7119-7/99)",FOTOGRAFIA AÉREA PARA PUBLICIDADE; SERVIÇOS DE || FOTOGRAFIA AÉREA; SERVIÇOS DE || FOTOGRAFIA SUBMARINA PARA PUBLICIDADE; SERVIÇOS DE || FOTOGRAFIA SUBMARINA; SERVIÇOS DE,III/IV/V*,serviço — anexo exato depende da atividade + Fator R (determinar na camada fiscal),,,atende,presumido (serviço/comércio leve no Simples; validar),sim,FOTÓGRAFO(A) AÉREO INDEPENDENTE || FOTÓGRAFO(A) SUBMARINO INDEPENDENTE,S,N,nao,,nao,nao,III-fixo,"LC123 art18 5o-F (residual, nenhuma previsao em IV/V)",media,5%,nao,"Fotografia e cinematografia, inclusive revelação, ampliação, cópia, reprodução, trucagem (CTISS 1303-0/03-88, LC116 13.03, 5%)",nao,,,,nao,nao,nao,,,atendemos · âncora de busca (a pessoa digita isso),-
7729299,ALUGUEL DE OUTROS OBJETOS PESSOAIS E DOMÉSTICOS NÃO ESPECIFICADOS ANTERIORMENTE,Aluguel de outros objetos pessoais e domésticos,"Aluguel de itens que não cabem nas outras listas: livros, plantas e flores, peruca, decoração de Natal.",N,ATIVIDADES ADMINISTRATIVAS E SERVIÇOS COMPLEMENTARES,77,772,ALUGUEL DE OBJETOS PESSOAIS E DOMÉSTICOS,77292,"Esta classe compreende - o aluguel de aparelhos de jogos eletrônicos | - o aluguel de móveis, utensílios e aparelhos eletroeletrônicos de uso doméstico e pessoal | - o aluguel de instrumentos musicais | - o aluguel de material médico, como cadeiras de roda, camas hospitalares, muletas, inaladores, etc | - o aluguel de plantas e flores | - o aluguel de livros e revistas | - o aluguel de outros objetos de uso pessoal e doméstico não especificados anteriormente || Esta classe compreende ainda - o aluguel de móveis de escritório || Esta classe NÃO compreende - a locação de automóveis, caminhões, motos e outros veículos terrestres, sem condutor (grupo 77.1) | - o aluguel de material telefônico (77.33-1) | - o empréstimo de livros e revistas por bibliotecas (91.01-5) | - a exploração de jogos eletrônicos recreativos (93.29-8) | - os serviços associados de aluguel e lavagem de roupas de cama, mesa e banho, de uniformes de trabalho e artigos relacionados (96.01-7)","Esta subclasse compreende - o aluguel de plantas e flores | - o aluguel de livros e revistas | - o aluguel de outros objetos de uso pessoal e doméstico não especificados anteriormente || Esta subclasse NÃO compreende - a locação de automóveis, caminhões, motos e outros veículos terrestres, sem condutor (grupo 77.1) | - o aluguel de material telefônico (7733-1/00) | - o empréstimo de livros e revistas por bibliotecas (9101-5/00) | - os serviços associados de aluguel e lavagem de roupas de cama, mesa e banho, de uniformes de trabalho e artigos relacionados (9601-7/03)","ESSAS E ANDORES, LOCAÇÃO DE, ALUGUEL DE || LIVROS E REVISTAS; ALUGUEL DE, LOCAÇÃO DE  || PERUCA; ALUGUEL DE || PLANTAS E FLORES; ALUGUEL DE, LOCAÇÃO DE || ÁRVORES E OUTRAS DECORAÇÕES DE NATAL; ALUGUEL DE",III/IV/V*,serviço — anexo exato depende da atividade + Fator R (determinar na camada fiscal),,,nao,divisão/classe recusada (mapeado das 17 categorias do suporte),sim,"LOCADOR(A) DE LIVROS, REVISTAS, PLANTAS E FLORES INDEPENDENTE",N,N,sim,Aluguel de outros objetos pessoais e domésticos não especificados anteriormente,nao,nao,III-fixo,LC123 art18 §5º-F,alta,,,,nao,,,,sim,sim,nao,,,atendemos mas o motor NÃO apura o DAS (dos 7 de 18/09),nao
8591100,ENSINO DE ESPORTES,Aulas de esporte,"Escolinha e aulas de futebol, natação, artes marciais, capoeira, atletismo e outros esportes.",P,EDUCAÇÃO,85,859,OUTRAS ATIVIDADES DE ENSINO,85911,"Esta classe compreende - as atividades de ensino de esportes em escolas esportivas ou por professores independentes, tais como futebol, basquete, vôlei, tênis, natação, artes marciais, equitação, mergulho, etc. || Esta classe compreende ainda - as atividades dos técnicos e assistentes de atividades esportivas praticadas por atletas profissionais || Esta classe NÃO compreende - as atividades de condicionamento físico e esportes recreacionais (93.13-1)","Esta subclasse compreende - as atividades de ensino de esportes em escolas esportivas ou por professores independentes, tais como futebol, basquete, vôlei, tênis, natação, artes marciais, equitação, mergulho, etc. || Esta subclasse compreende ainda - as atividades dos técnicos e assistentes de atividades esportivas praticadas por atletas profissionais || Esta subclasse NÃO compreende - as atividades de condicionamento físico e esportes recreacionais (9313-1/00)"," CAPOEIRA; ENSINO, CURSO, ESCOLA DE || AIKIDO; ENSINO DE || ARTES MARCIAIS; ENSINO, CURSO DE || ATLETISMO; ENSINO, CURSO, ESCOLA DE || ATLETISMO; ESCOLINHA DE || AULAS DE EQUITAÇÃO; ATIVIDADE DE || BASQUETE; ENSINO, CURSO, ESCOLA DE || BASQUETE; ESCOLINHA DE || BOXE; ENSINO, ACADEMIA DE || ESCOLINHA DE ESPORTE || ESCOLINHA DE FUTEBOL || ESCOLINHA DE NATAÇÃO || ESCOLINHA DE VÔLEI || ESPORTES; ENSINO, CURSO, ESCOLA DE || FUTEBOL; ENSINO, CURSO, ESCOLA DE || HALTEROFILISMO; ENSINO DE || JIU-JITSU; ENSINO DE, ACADEMIA DE || JUDÔ; ENSINO DE, ACADEMIA DE || KARATÊ; ENSINO DE, ACADEMIA DE || MERGULHO; ENSINO, CURSO, ESCOLA DE || NATAÇÃO; ENSINO, CURSO, ESCOLA DE || SQUASH; ENSINO, CURSO, ESCOLA DE || SURF; ENSINO, CURSO, ESCOLA DE || TIRO AO ALVO; ENSINO, CURSO, ESCOLA DE || TIRO ESPORTIVO; ENSINO, CURSO, ESCOLA DE || TÉCNICOS E ASSISTENTES DE ATIVIDADES ESPORTIVAS; ATIVIDADES DE || TÊNIS; ENSINO, CURSO, ESCOLA DE || VÔLEI; ENSINO, CURSO, ESCOLA DE",III/IV/V*,serviço — anexo exato depende da atividade + Fator R (determinar na camada fiscal),,,atende,presumido (serviço/comércio leve no Simples; validar),nao,,,,sim,Ensino de esportes,nao,nao,III-fixo,"LC123 art18 5o-F (residual, nenhuma previsao em IV/V)",media,2%,nao,"Cursos de natação, artes marciais, mergulho, equitação, futebol, tênis, voleibol, alpinismo e outros cursos de esporte em geral (CTISS 0802-0/06-88, LC116 8.02, 2%)",nao,,,,sim,nao,nao,,,atendemos · seção P (EDUCAÇÃO),-
8020001,ATIVIDADES DE MONITORAMENTO DE SISTEMAS DE SEGURANÇA ELETRÔNICO,,,N,ATIVIDADES ADMINISTRATIVAS E SERVIÇOS COMPLEMENTARES,80,802,ATIVIDADES DE MONITORAMENTO DE SISTEMAS DE SEGURANÇA,80200,"Esta classe compreende - as unidades que desenvolvem as atividades a seguir relacionadas podendo também vender os produtos (aparelhos e equipamentos) necessários ao seu funcionamento: | - os serviços de sistemas de segurança eletrônicos, tais como, alarmes de incêndio, alarmes de proteção contra roubos, inclusive a manutenção dos equipamentos | - o serviço de monitoramento de bens e de pessoas, com uso de imagem por satélite | - a instalação, reparação, reconstrução e ajuste mecânico de cofres, trancas e travas de segurança, mecânicos ou eletrônicos || Esta classe NÃO compreende - a atividade de manutenção e reparação de equipamentos transmissores de comunicação (33.12-1) | - a instalação de sistemas de segurança sem a prestação de serviços de monitoramento (43.21-5) | - a venda, no comércio a varejo e por atacado, de sistemas de segurança, trancas mecânicas ou eletrônicas, cofres, etc. sem a prestação de serviços de monitoramento (divisões 46 e 47) | - as atividades de uso de satélite para rastreamento (61.90-6) | - as atividades de consultoria em segurança (74.90-1) | - as atividades de segurança e ordem pública (84.24-8) | - os serviços de cópia de chaves e conserto de cadeados e fechaduras (95.29-1)","Esta subclasse compreende - as unidades que desenvolvem as atividades a seguir relacionadas podendo também vender os produtos (aparelhos e equipamentos) necessários ao seu funcionamento: |   - os serviços de monitoramento de sistemas de segurança eletrônicos, tais como, alarmes de incêndio, alarmes de proteção contra roubos, inclusive a manutenção dos equipamentos |   - o serviço de monitoramento de bens e de pessoas, com uso de imagem por satélite || Esta subclasse NÃO compreende - a atividade de manutenção e reparação de equipamentos transmissores de comunicação (3312-1/02) | - a instalação de sistemas de segurança sem a prestação de serviços de monitoramento (4321-5/00) | - a venda, no comércio a varejo e por atacado, de sistemas de segurança, trancas mecânicas ou eletrônicas, cofres, etc. sem a prestação de serviços de monitoramento (divisões 46 e 47) | - as atividades de uso de satélite para rastreamento (6190-6/99) | - as atividades de consultoria em segurança (7490-1/99) | - as atividades de segurança e ordem pública (8424-8/00) | - os serviços de cópia de chaves e conserto de cadeados e fechaduras (9529-1/02)","ALARMES DE INCÊNDIO; SERVIÇO DE  || ALARMES DE PROTEÇÃO A ROUBOS; SERVIÇOS DE || CONTROLE A DISTÂNCIA DE SISTEMAS DE SEGURANÇA; SERVIÇO DE || LOCALIZAÇÃO DE VEÍCULOS ROUBADOS; SERVIÇO DE || MONITORAMENTO DE BENS E PESSOAS, COM USO DE IMAGEM POR SATÉLITE; SERVIÇO DE || MONITORAMENTO DE EQUIPAMENTOS DE SEGURANÇA COM A VENDA, INSTALAÇÃO E MANUTENÇÃO ASSOCIADAS || MONITORAMENTO DE SISTEMAS DE SEGURANÇA; SERVIÇO DE || MONITORAMENTO DE VEÍCULOS COM RASTREAMENTO VIA SATÉLITE; SERVIÇO DE || MONITORAMENTO ELETRÔNICO DE SEGURANÇA, SERVIÇOS DE || SISTEMAS DE SEGURANÇA ELETRÔNICOS; SERVIÇOS DE || SISTEMAS DE SEGURANÇA ELÉTRICA; SERVIÇOS DE || VEÍCULOS ROUBADOS; SERVIÇOS DE RASTREADORA DE || VEÍCULOS ROUBADOS; SERVIÇOS DE RECUPERAÇÃO DE",III/IV/V*,serviço — anexo exato depende da atividade + Fator R (determinar na camada fiscal),,,nao,divisão/classe recusada (mapeado das 17 categorias do suporte),nao,,,,sim,Atividades de monitoramento de sistemas de segurança eletrônico,nao,nao,III-fixo,"LC123 art18 5o-F (residual, nenhuma previsao em IV/V)",media,2%,nao,"Vigilância, segurança ou monitoramento de bens e pessoas. (CTISS 1102-0/01-88, LC116 11.02, 2%)",duvida,,"seguranca privada tem regime proprio (Lei 7.102/1983, autorizacao Policia Federal), distinto de conselho profissional -- nao mapeado aqui",baixa,nao,nao,sim,Polícia Federal (segurança/investigação),"cnae-complexidade-abertura.json (17/07, cruzado 27/08)","exceção · exige_conselho = DUVIDA (3º valor, fácil de esquecer)",-
8211300,SERVIÇOS COMBINADOS DE ESCRITÓRIO E APOIO ADMINISTRATIVO,Serviços de escritório e apoio administrativo,"Recepção, arquivo de documentos e apoio operacional combinados, para empresas e profissionais liberais.",N,ATIVIDADES ADMINISTRATIVAS E SERVIÇOS COMPLEMENTARES,82,821,SERVIÇOS DE ESCRITÓRIO E APOIO ADMINISTRATIVO,82113,"Esta classe compreende - o fornecimento de uma combinação ou de um pacote de serviços administrativos de rotina a empresas clientes, sob contrato, tais como: serviços de recepção, planejamento financeiro, contabilidade, arquivamento, preparação de material para envio por correio, etc., | - os centros de prestação de serviços às empresas ou escritórios virtuais || Esta classe NÃO compreende - as unidades que fornecem uma equipe operacional para desenvolver todas as operações de uma empresa, que devem ser classificadas de acordo com a atividade que desenvolvem | - as unidades que desenvolvem apenas uma atividade específica contida no conjunto destas atividades devem ser classificadas de acordo com a atividade específica","Esta subclasse compreende - o fornecimento de uma combinação ou de um pacote de serviços administrativos de rotina a empresas clientes, sob contrato, tais como: serviços de recepção, planejamento financeiro, contabilidade, arquivamento, preparação de material para envio por correio, etc., | - os centros de prestação de serviços às empresas ou escritórios virtuais || Esta subclasse NÃO compreende - as unidades que fornecem uma equipe operacional para desenvolver todas as operações de uma empresa, que devem ser classificadas de acordo com a atividade que desenvolvem | - as unidades que desenvolvem apenas uma atividade específica contida no conjunto destas atividades devem ser classificadas de acordo com a atividade específica","ARQUIVAMENTO DE DOCUMENTOS; SERVIÇOS DE || CENTROS DE NEGÓCIOS, APOIO OPERACIONAL A EMPRESAS OU A PROFISSIONAIS LIBERAIS || CENTROS DE SERVIÇOS DE APOIO ÀS EMPRESAS || COMBINAÇÃO DE SERVIÇOS DE RECEPÇÃO, PLANEJAMENTO FINANCEIRO, CONTABILIDADE, ARQUIVAMENTO, PREPARAÇÃO DE MATERIAL PARA ENVIO POR CORREIO, ETC.; FORNECIMENTO DE || COWORKING; ESCRITORIOS COMPARTILHADOS; SERVIÇOS DE || ESCRITÓRIO VIRTUAL; SERVIÇOS DE || ORGANIZAÇÃO DE ARQUIVO DE DOCUMENTOS NO LOCAL DO CONTRATANTE; SERVIÇOS DE || ORGANIZAÇÃO DE ARQUIVOS; SERVIÇOS DE || PREPARO DE FOLHA DE PAGAMENTO; SERVIÇOS DE || SERVIÇOS ADMINISTRATIVOS COMBINADOS PARA TERCEIROS",III/IV/V*,serviço — anexo exato depende da atividade + Fator R (determinar na camada fiscal),,,atende,presumido (serviço/comércio leve no Simples; validar),nao,,,,sim,Serviços combinados de escritório e apoio administrativo,nao,nao,III-fixo,LC123 art18 §5º-F,alta,5%,nao,"Serviços de apoio e infra-estrutura administrativa e congêneres (CTISS 1702-0/02-88, LC116 17.02, 5%) || Administração em geral de bens e negócios de terceiros (CTISS 1712-0/01-88, LC116 17.12, 5%) || Administração em geral (CTISS 1712-0/03-88, LC116 17.12, 5%)",nao,,,,sim,nao,nao,,,atendemos mas o motor NÃO apura o DAS (dos 7 de 18/09),nao
8592999,ENSINO DE ARTE E CULTURA NÃO ESPECIFICADO ANTERIORMENTE,Aulas de arte e cultura,"Aulas de artesanato, pintura, escultura e outras artes não listadas em outra atividade.",P,EDUCAÇÃO,85,859,OUTRAS ATIVIDADES DE ENSINO,85929,"Esta classe compreende - as instituições que oferecem cursos independentes ligados ao ensino da dança | - as instituições que oferecem cursos independentes com atividades de ensino e aprimoramento dos recursos expressivos como a voz, o corpo, o movimento e o gesto | - as instituições que oferecem cursos independentes com atividades de ensino de instrumento musical ou canto | - o ensino de outras atividades ligadas à arte e cultura, tais como artesanato, pintura, escultura, etc. || Esta classe compreende ainda - os instrutores independentes de dança | - as atividades das academias e cursos de danças folclóricas e populares | - os cursos de ensino de técnicas usadas na criação, direção, montagem e interpretação de espetáculos teatrais | - os instrutores independentes de artes cênicas | - os instrutores independentes de instrumentos musicais ou canto || Esta classe NÃO compreende - o ensino de música de nível superior (grupo 85.3) | - o ensino de artes cênicas de nível superior (grupo 85.3) | - as atividades de apresentação ao vivo de grupos e companhias de teatro em casas de espetáculos e em teatros (90.01-9) | - as atividades de bandas, grupos, orquestras e outras companhias musicais, de artistas ligados ou não a uma sala de espetáculos (90.01-9) | - os salões de dança, discotecas, danceterias e similares (93.29-8)","Esta subclasse compreende - o ensino de outras atividades ligadas à arte e cultura, tais como artesanato, pintura, escultura, etc.","ARTESANATO; CURSO, ENSINO DE || ESCULTURA; CURSO, ENSINO DE || PINTURA; CURSO, ENSINO DE",III/IV/V*,serviço — anexo exato depende da atividade + Fator R (determinar na camada fiscal),,,atende,presumido (serviço/comércio leve no Simples; validar),sim,INSTRUTOR(A) DE ARTE E CULTURA EM GERAL INDEPENDENTE,S,N,sim,Ensino de arte e cultura não especificado anteriormente,nao,nao,III-fixo,LC123 art18 §5º-B I,alta,2%,nao,"Cursos de música, dança, artes plásticas, cênicas, visuais, circense e outros cursos de arte e cultura em geral (CTISS 0802-0/05-88, LC116 8.02, 2%)",nao,,,,sim,sim,nao,,,atendemos mas o motor NÃO apura o DAS (dos 7 de 18/09),nao
9609202,AGÊNCIAS MATRIMONIAIS,Agência matrimonial,Agência de casamento e de encontros.,S,OUTRAS ATIVIDADES DE SERVIÇOS,96,960,OUTRAS ATIVIDADES DE SERVIÇOS PESSOAIS,96092,"Esta classe compreende - as atividades de agências matrimoniais | - as atividades de alojamento, higiene e embelezamento de animais domésticos | - os serviços de adestramento de animais domésticos, exceto cães de guarda | - as atividades de exploração de máquinas de serviços pessoais acionadas por moedas, cartões e fichas, tais como: de fotografia, de balança, etc. | - as atividades de astrólogos, videntes e similares | - as atividades de engraxates, carregadores de malas | - as atividades de manobristas de automóveis (serviços de valet) | - as atividades de tatuagem e colocação de piercing | - os serviços de segurança de piscina em prédios | - as atividades de mensagens fonadas (telemensagem) | - os serviços de cuidados de crianças de forma esporádica (baby siter) | - exploração de chuveiro eletrônico | - exploração de sanitários públicos || Esta classe compreende ainda - as atividades de banhos turcos, saunas, banhos a vapor, massagens e relaxamento || Esta classe NÃO compreende - as atividades veterinárias (75.00-1) | - os serviços de adestramento de cães de guarda (80.11-1) | - a atividade de organização de feiras, congressos, exposições e festas (82.30-0) | - as atividades de dermatologistas (86.30-5) e (86.30-5) | - as academias de ginástica aeróbica e outras atividades de condicionamento físico (93.13-1) | - as atividades de estética e outros serviços de cuidados com a beleza (96.02-5) | - os serviços domésticos (97.00-5)",Esta subclasse compreende - as atividades de agências matrimoniais,AGÊNCIA DE CASAMENTO || AGÊNCIA MATRIMONIAL,III/IV/V*,serviço — anexo exato depende da atividade + Fator R (determinar na camada fiscal),,,atende,presumido (serviço/comércio leve no Simples; validar),sim,AGENTE MATRIMONIAL INDEPENDENTE,S,N,sim,Agências matrimoniais,nao,nao,III-fixo,"LC123 art18 5o-F (residual, nenhuma previsao em IV/V)",media,5%,nao,"Assessoria de qualquer natureza (CTISS 1701-0/01-88, LC116 17.01, 5%) || Análise, exame, fornecimento de dados e informações de qualquer natureza (CTISS 1701-0/02-88, LC116 17.01, 5%)",nao,,,,sim,sim,nao,,,atendemos · seção S (OUTRAS ATIVIDADES DE SERVIÇOS),-
8650003,ATIVIDADES DE PSICOLOGIA E PSICANÁLISE,,,Q,SAÚDE HUMANA E SERVIÇOS SOCIAIS,86,865,"ATIVIDADES DE PROFISSIONAIS DA ÁREA DE SAÚDE, EXCETO MÉDICOS E ODONTÓLOGOS",86500,"Esta classe compreende - as atividades realizadas por enfermeiros legalmente habilitados | - as atividades realizadas por nutricionistas | - as atividades realizadas por psicólogos e psicanalistas | - as atividades de fisioterapia realizadas em centros e núcleos de reabilitação física | - as atividades de terapeutas ocupacionais | - as atividades de fonoaudiólogos | - os serviços de terapia de nutrição enteral e parenteral | - as atividades relacionadas com a saúde realizadas por profissionais legalmente habilitados, exceto as compreendidos nas classes anteriores, como as de médicos e dentistas, exercidas de forma independente: | #- as atividades de optometristas | #- as atividades de instrumentadores cirúrgicos | - outras atividades de serviços profissionais da área de saúde, não especificadas anteriormente || Esta classe compreende ainda - as atividades realizadas por enfermeiros legalmente habilitados exercidas de forma independente | - as atividades realizadas por nutricionistas exercidas de forma independente | - as atividades realizadas por fisioterapeutas legalmente habilitados exercidas de forma independente | - as atividades realizadas por terapeutas ocupacionais legalmente habilitados exercidas de forma independente | - as atividades realizadas por fonoaudiólogos legalmente habilitados exercidas de forma independente || Esta classe NÃO compreende - as atividades de práticas integrativas e complementares em saúde humana (86.90-9) | - as atividades de enfermagem associadas ao fornecimento de infra-estrutura de apoio e assistência a paciente no domicílio (87.12-3) | - as atividades dos centros de assistência psicossocial (87.20-4) | - as atividades de hidroginástica e demais atividades de condicionamento físico (93.13-1)",Esta subclasse compreende - as atividades de psicólogos e de psicanalistas || Esta subclasse NÃO compreende - as atividades dos centros de assistência psicossocial (8720-4/01),"PSICANÁLISE; ATIVIDADE DE || PSICANÁLISE; CLÍNICA DE || PSICANÁLISE; CONSULTÓRIO DE || PSICOLOGIA; CLÍNICA, CONSULTÓRIO, CENTRO DE || PSICOLOGIA; SERVIÇOS DE",III/IV/V*,serviço — anexo exato depende da atividade + Fator R (determinar na camada fiscal),,,condicao,regulamentada — exige responsável técnico + conselho,nao,,,,sim,Atividades de psicologia e psicanálise,nao,nao,"fator-r-dinamico(III<->V, limiar 28%)","LC123 art18 5o-B, XXI",alta,3%,nao,"Psicanálise (CTISS 0415-0/01-88, LC116 4.15, 3%) || Psicologia (CTISS 0416-0/01-88, LC116 4.16, 3%)",sim,CRP,Lei 5.766/1971,alta,nao,nao,nao,,,atendemos · âncora de busca (a pessoa digita isso),-
9002702,RESTAURAÇÃO DE OBRAS DE ARTE,Restauração de obras de arte,"Restauração de quadro, escultura, imagem sacra e objeto de arte.",R,"ARTES, CULTURA, ESPORTE E RECREAÇÃO",90,900,"ATIVIDADES ARTÍSTICAS, CRIATIVAS E DE ESPETÁCULOS",90027,"Esta classe compreende - as atividades de artistas plásticos, escultores, pintores | - as atividades de criadores de desenho animado, gravadores, etc. | - as atividades de escritores de todos os tipos de assuntos, inclusive técnicos | - as atividades de jornalistas independentes | - as atividades de restauração de obras de arte, como quadros, esculturas, etc. || Esta classe NÃO compreende - a restauração de órgãos e outros instrumentos musicais históricos (33.19-8) | - as obras de reforma de prédios históricos (41.20-4) | - a restauração de móveis (95.29-1)","Esta subclasse compreende - as atividades de restauração de obras de arte, como quadros, esculturas, etc. || Esta subclasse NÃO compreende - a restauração de órgãos e outros instrumentos musicais históricos (3319-8/00) | - as obras de reforma de prédios históricos (4120-4/00) | - a restauração de móveis (9529-1/05)",OBJETOS DE ARTE; RESTAURAÇÃO DE || RESTAURAÇÃO DE ESCULTURAS; SERVIÇOS DE || RESTAURAÇÃO DE OBRAS DE ARTE; SERVIÇOS DE || RESTAURAÇÃO DE OBRAS E IMAGENS SACRAS || RESTAURAÇÃO DE QUADROS; SERVIÇOS DE,III/IV/V*,serviço — anexo exato depende da atividade + Fator R (determinar na camada fiscal),,,atende,presumido (serviço/comércio leve no Simples; validar),sim,RESTAURADOR(A) DE OBRAS DE ARTE INDEPENDENTE,S,N,sim,Restauração de obras de arte,nao,nao,III-fixo,"LC123 art18 5o-F (residual, nenhuma previsao em IV/V)",media,5%,nao,"Lubrificação, limpeza, lustração, revisão, conserto, restauração, blindagem, manutenção e conservação de motores, máquinas, aparelhos, equipamentos ou de qualquer objeto (exceto peças e partes empregadas, que ficam sujeitas ao ICMS). (CTISS 1401-0/01-88, LC116 14.01, 5%) || Restauração de objetos de arte (CTISS 1405-0/08-88, LC116 14.05, 5%) || Serviços relativos a obras de arte sob encomenda (CTISS 4001-0/01-88, LC116 40.01, 5%)",nao,,,,sim,sim,nao,,,"atendemos · seção R (ARTES, CULTURA, ESPORTE E RECREAÇÃO)",-
9609204,EXPLORAÇÃO DE MÁQUINAS DE SERVIÇOS PESSOAIS ACIONADAS POR MOEDA,,,S,OUTRAS ATIVIDADES DE SERVIÇOS,96,960,OUTRAS ATIVIDADES DE SERVIÇOS PESSOAIS,96092,"Esta classe compreende - as atividades de agências matrimoniais | - as atividades de alojamento, higiene e embelezamento de animais domésticos | - os serviços de adestramento de animais domésticos, exceto cães de guarda | - as atividades de exploração de máquinas de serviços pessoais acionadas por moedas, cartões e fichas, tais como: de fotografia, de balança, etc. | - as atividades de astrólogos, videntes e similares | - as atividades de engraxates, carregadores de malas | - as atividades de manobristas de automóveis (serviços de valet) | - as atividades de tatuagem e colocação de piercing | - os serviços de segurança de piscina em prédios | - as atividades de mensagens fonadas (telemensagem) | - os serviços de cuidados de crianças de forma esporádica (baby siter) | - exploração de chuveiro eletrônico | - exploração de sanitários públicos || Esta classe compreende ainda - as atividades de banhos turcos, saunas, banhos a vapor, massagens e relaxamento || Esta classe NÃO compreende - as atividades veterinárias (75.00-1) | - os serviços de adestramento de cães de guarda (80.11-1) | - a atividade de organização de feiras, congressos, exposições e festas (82.30-0) | - as atividades de dermatologistas (86.30-5) e (86.30-5) | - as academias de ginástica aeróbica e outras atividades de condicionamento físico (93.13-1) | - as atividades de estética e outros serviços de cuidados com a beleza (96.02-5) | - os serviços domésticos (97.00-5)","Esta subclasse compreende - as atividades de exploração de máquinas de serviços pessoais acionadas por moedas, cartões e fichas, tais como: de fotografia, de balança, etc.","BALANÇAS ACIONADAS POR MOEDAS, CARTÕES OU FICHAS; EXPLORAÇÃO DE || EXPLORAÇÃO DE MÁQUINAS DE SERVIÇOS PESSOAIS ACIONADAS POR MOEDAS || MÁQUINAS FOTOGRÁFICAS ACIONADAS POR MOEDAS; EXPLORAÇÃO DE || MÁQUINAS FOTOGRÁFICAS DE AUTO ATENDIMENTO; EXPLORAÇÃO DE",III/IV/V*,serviço — anexo exato depende da atividade + Fator R (determinar na camada fiscal),,,atende,presumido (serviço/comércio leve no Simples; validar),nao,,,,nao,,nao,nao,III-fixo,"LC123 art18 5o-F (residual, nenhuma previsao em IV/V)",media,5%,nao,"Divertimento eletrônico, inclusive vitrola automática, cabines privê, jogos por computador, videogames, videokê e demais equipamentos acionados por fichas, cartões, ou quaisquer outros dispositivos (CTISS 1209-0/04-88, LC116 12.09, 5%)",nao,,,,nao,nao,nao-verificado,,,atendemos · âncora de busca (a pessoa digita isso),-
9602501,"CABELEIREIROS, MANICURE E PEDICURE","Cabeleireiro, manicure e pedicure","Salão de beleza, barbearia, corte, alisamento, manicure, pedicure e podologia.",S,OUTRAS ATIVIDADES DE SERVIÇOS,96,960,OUTRAS ATIVIDADES DE SERVIÇOS PESSOAIS,96025,"Esta classe compreende - as atividades de lavagem, corte, penteado, tingimento e outros tratamentos do cabelo | - os serviços de barbearia | - as atividades de limpeza de pele, massagem facial, maquilagem, etc. | - as atividades de manicure e pedicure | - a atividade de depilação | - as atividades de estética e outros serviços de cuidados com a beleza || Esta classe NÃO compreende - a fabricação de perucas (32.99-0) | - a atividade de podologia (86.90-9) | - as atividades de dermatologistas (86.30-5)","Esta subclasse compreende - as atividades de lavagem, corte, penteado, tingimento e outros tratamentos do cabelo | - os serviços de barbearia | - as atividades de manicure e pedicure || Esta subclasse NÃO compreende - a fabricação de perucas (3299-0/99) | - a atividade de podologia (8690-9/04) | - as atividades de limpeza de pele, massagem facial, maquilagem, etc. (9602-5/02) | - a atividade de depilação (9602-5/02)","ALISAMENTO, PERMANENTE DE CABELO; SERVIÇOS DE || BARBEARIA || BARBEIRO; SALÃO DE || CABELEIREIRO; SERVIÇOS DE || CALISTA; SERVIÇOS DE || COIFFURE || CORTE DE CABELO; SERVIÇOS DE || EMBELEZAMENTO DOS CABELOS; SERVIÇOS DE || HIDRATAÇÃO DE CABELOS; SERVIÇOS DE || LAVAGEM E PENTEADO DE CABELO; SERVIÇOS DE || MANICURA; SERVIÇOS DE || PEDICURE, MANICURE; SERVIÇOS DE || PEDICURO; SERVIÇOS DE || RELAXAMENTO DE CABELOS; SERVIÇOS DE || SALÃO DE CABELEIREIRO || SALÃO DE CABELEIREIRO UNISSEX || TINGIMENTO DE CABELO; SERVIÇOS DE || TINTURA E PINTURA DE CABELO; SERVIÇO DE || TRATAMENTO DOS CABELOS; SERVIÇOS DE",III/IV/V*,serviço — anexo exato depende da atividade + Fator R (determinar na camada fiscal),,,atende,presumido (serviço/comércio leve no Simples; validar),sim,BARBEIRO INDEPENDENTE || CABELEIREIRO(A) INDEPENDENTE || MANICURE/PEDICURE INDEPENDENTE,S,N,sim,"Cabeleireiros, manicure e pedicure",nao,nao,III-fixo,"LC123 art18 5o-F (residual, nenhuma previsao em IV/V)",media,5%,nao,"Barbearia, cabeleireiros, manicuros, pedicuros e congêneres. (CTISS 0601-0/01-88, LC116 6.01, 5%)",nao,,,,sim,sim,nao,,,atendemos · âncora de busca (a pessoa digita isso),-
7490199,"OUTRAS ATIVIDADES PROFISSIONAIS, CIENTÍFICAS E TÉCNICAS NÃO ESPECIFICADAS ANTERIORMENTE",Outros serviços profissionais e técnicos,"Consultoria técnica que não cabe nas outras listas: culinária, moda e imagem pessoal, projetos culturais, sommelier.",M,"ATIVIDADES PROFISSIONAIS, CIENTÍFICAS E TÉCNICAS",74,749,"ATIVIDADES PROFISSIONAIS, CIENTÍFICAS E TÉCNICAS NÃO ESPECIFICADAS ANTERIORMENTE",74901,"Esta classe compreende - os serviços de tradução, de interpretação e similares | - os serviços de tradução simultânea | - os serviços de revisão gramatical | - os serviços de tradução de textos juramentados | - as atividades de escafandria e mergulho para realização de serviços variados como resgates, avaliações, manutenção de navios, etc. | - as atividades de consultoria, assessoria, orientação e assistência prestadas por agrônomos e outros profissionais a estabelecimentos agropecuários | - as atividades de assistência técnica rural | - as atividades de corretagem, intermediação, mediação de negócios ou serviços em geral, sem especificação definida, promovendo a integração entre profissionais e empresas | - as atividades de intermediação na compra e venda de patentes | - as atividades realizadas por agências ou agentes em nome de pessoas para: | ##- obter contrato de atuação em filmes, peças de teatro e outros espetáculos culturais, artísticos e esportivos | ##- oferecer a editores obras literárias, obras de arte, fotografias, etc. | - o serviço de previsão meteorológica | - os serviços de avaliação não-imobiliária (jóias, antiguidades, etc.) | - as atividades de assessoria e consultoria técnica em áreas profissionais, científicas e técnicas não especificadas anteriormente, inclusive as realizadas por profissionais autônomos ou constituídos como empresas individuais || Esta classe compreende ainda - as agências de modelos | - a cessão de uso de imagem de artistas, esportistas, etc. || Esta classe NÃO compreende - os representantes comerciais e agentes do comércio (grupo 46.1) | - as atividades de operador de transporte multimodal - OTM (52.50-8) | - agenciamento e corretagem ou intermediação de títulos e valores mobiliários (divisões 64 e 66) | - as atividades de corretores e agentes de seguros, de planos de previdência complementar e de saúde (66.22-3) | - as atividades imobiliárias por contrato ou comissão (grupo 68.2) | - os serviços de avaliação de imóveis (68.21-8) | - a produção de fotografias submarinas (74.20-0) | - a venda e o licenciamento de franquias (77.40-3) | - as atividades de agenciamento de elenco, inclusive para o teatro (78.10-8) | - as atividades de intermediação na locação de mão-de-obra temporária (78.20-5) | - as atividades de organização de feiras, congressos, exposições e festas (82.30-0) | - a atividade de ensino de mergulho (85.91-1) | - as atividades de diretores, produtores e empresários de eventos artísticos ao vivo (90.01-9) | - as atividades de escritores de todos os tipos de assuntos, inclusive técnicos (90.02-7) | - as atividades de jornalistas independentes (90.02-7)","Esta subclasse compreende - o serviço de previsão meteorológica | - os serviços de avaliação não-imobiliária (jóias, antiguidades, etc.) | - as atividades de assessoria e consultoria técnica em áreas profissionais, científicas e técnicas não especificadas anteriormente, inclusive as realizadas por profissionais autônomos ou constituídos como empresas individuais || Esta subclasse NÃO compreende - os serviços de avaliação de imóveis (6821-8/01) | - as atividades de escritores de todos os tipos de assuntos, inclusive técnicos (9002-7/01) | - as atividades de jornalistas independentes (9002-7/01)"," SOMMELIER, DEGUSTAÇÃO DE CERVEJAS; SERVIÇOS DE || ASSESSORIA E CONSULTORIA EM CULINÁRIA || ASSESSORIA E CONSULTORIA EM MODA E IMAGEM PESSOAL || ASSESSORIA E CONSULTORIA EM PROJETOS CULTURAIS || ASSESSORIA E CONSULTORIA EM SAÚDE E MEDICINA DO TRABALHO || ASSESSORIA E CONSULTORIA NA PRODUÇÃO DE PROGRAMAS DE TELEVISÃO || ASSESSORIA EM ESPORTE || ASSISTÊNCIA TÉCNICA PARA DESENVOLVIMENTO DE PRÁTICAS SUSTENTÁVEIS E DE REDUÇÃO DE IMPACTO AMBIENTAL; SERVIÇOS DE || AVALIAÇÃO DE ANTIGUIDADES; SERVIÇOS DE || AVALIAÇÃO DE JÓIAS; SERVIÇOS DE || AVALIAÇÃO NÃO-IMOBILIÁRIA; SERVIÇOS DE || CONSULTORIA E CERTIFICAÇÃO EM QUESTÕES DE SUSTENTABILIDADE DO MEIO AMBIENTE; SERVIÇOS DE || CONSULTORIA EM ENOLOGIA; ATIVIDADES DE || CONSULTORIA EM ESPORTES || CONSULTORIA EM ESTATÍSTICA; SERVIÇOS DE  || CONSULTORIA EM MUSEOLOGIA; SERVIÇOS DE || CONSULTORIA EM QUESTÕES DE SUSTENTABILIDADE DO MEIO AMBIENTE || CONSULTORIA EM SISTEMAS DE SEGURANÇA; SERVIÇOS DE || CONSULTORIA MÉDICA EM MEDICINA DO TRABALHO || CONSULTORIA NA ÁREA DE ESTATÍSTICA || CONSULTORIA, ASSESSORIA EM PROJETOS DE MEIO AMBIENTE; SERVIÇOS DE || DESENVOLVIMENTO E ELABORAÇÃO DE PLANILHAS PARA ORGANIZAR, CALCULAR E ANALISAR DADOS E INFORMAÇÕES; ATIVIDADES DE || ELABORAÇÃO DE PLANO DE GERENCIAMENTO DE RISCOS AMBIENTAIS (PGRA); SERVIÇOS DE || ELABORAÇÃO DE PROGRAMA DE CONTROLE MÉDICO DE SAÚDE OCUPACIONAL (PCMSO); SERVIÇOS DE || ELABORAÇÃO DE PROGRAMA DE PREVENÇÃO DE RISCOS AMBIENTAIS (PPRA); SERVIÇOS DE || ELABORAÇÃO DE QUESTÕES PARA PROVAS; ATIVIDADES DE || EMISSÃO DE LAUDO TÉCNICO DAS CONDIÇÕES AMBIENTAIS DE TRABALHO (LTCAT); SERVIÇOS DE || ERGONOMIA; ASSESSORIA E CONSULTORIA EM || LOCUTOR; SERVIÇOS DE || LOCUÇÃO; SERVIÇOS DE || MESTRE DE CERIMÔNIAS EM EVENTOS; ATIVIDADES DE || METEOROLOGIA; SERVIÇOS DE || NARRADOR, NARRAÇÃO; SERVIÇOS DE || ORGANIZAÇÃO DE CONCURSOS PÚBLICOS; SERVIÇOS DE || PERÍCIA GRAFOTÉCNICA; SERVIÇOS DE || PREVISÃO METEOROLÓGICA; SERVIÇOS DE || RATING OU AVALIAÇÃO DE RISCOS PARA CLASSIFICAÇÃO DE EMPRESAS || SERVIÇOS DE PROMOÇÃO EM SAÚDE JUNTO A ÁREA DE RECURSOS HUMANOS DE EMPRESAS || SOMMELIER , DEGUSTAÇÃO DE CERVEJAS; SERVIÇOS DE || SOMMELIER, DEGUSTAÇÃO DE VINHOS; SERVIÇOS DE",III/IV/V*,serviço — anexo exato depende da atividade + Fator R (determinar na camada fiscal),,,atende,presumido (serviço/comércio leve no Simples; validar),nao,,,,sim,"Outras atividades profissionais, científicas e técnicas não especificadas anteriormente",nao,nao,"fator-r-dinamico(III<->V, limiar 28%)",LC123 art18 §5º-I XII,alta,2% / 5%,sim,"Orientação pedagógica, educacional e avaliação de conhecimentos (CTISS 0802-0/03-88, LC116 8.02, 2%) || Assessoria de qualquer natureza (CTISS 1701-0/01-88, LC116 17.01, 5%) || Análise, exame, fornecimento de dados e informações de qualquer natureza (CTISS 1701-0/02-88, LC116 17.01, 5%) || Estatística (CTISS 1721-0/01-88, LC116 17.21, 5%) || Assessoria, análise, avaliação, atendimento, consulta, cadastro, seleção, gerenciamento de informações, administração de contas a receber ou a pagar e em geral, relacionados a operações de faturização (factoring). (CTISS 1723-0/01-88, LC116 17.23, 5%) || Serviços de meteorologia (CTISS 3601-0/01-88, LC116 36.01, 5%)",nao,,,,sim,nao,nao,,,atendemos mas o motor NÃO apura o DAS (dos 7 de 18/09),nao
8219999,PREPARAÇÃO DE DOCUMENTOS E SERVIÇOS ESPECIALIZADOS DE APOIO ADMINISTRATIVO NÃO ESPECIFICADOS ANTERIORMENTE,Preparação de documentos e apoio administrativo,"Redação e conferência de texto, elaboração de crachá e cartão de visita, assessoria para visto e passaporte.",N,ATIVIDADES ADMINISTRATIVAS E SERVIÇOS COMPLEMENTARES,82,821,SERVIÇOS DE ESCRITÓRIO E APOIO ADMINISTRATIVO,82199,"Esta classe compreende - os serviços de fotocópias mecânicas ou eletrostáticas para terceiros | - o serviço de preparo de documentos | - o serviço de digitação de textos | - os serviços de preenchimento de formulários, colocação de selos e despacho de correspondência, inclusive de material de publicidade | - os serviços de apoio à secretaria | - a redação de cartas e resumos | - o serviço de transcrição de documentos | - o serviço de plotagem || Esta classe compreende ainda - os serviços de encadernação, quando combinada com a reprodução de cópias || Esta classe NÃO compreende - a impressão de documentos por gráficas (impressão offset, impressão rápida, etc.) (18.11-3) | - a impressão de material para uso industrial e comercial (18.13-0) | - os serviços de microfilmagem (74.20-0) | - os serviços de taquigrafia (82.99-7)","Esta subclasse compreende - o serviço de preparo de documentos | - o serviço de digitação de textos  | - os serviços de preenchimento de formulários, colocação de selos e despacho de correspondência, inclusive de material de publicidade | - os serviços de apoio à secretaria | - a redação de cartas e resumos | - o serviço de transcrição de documentos | - as atividades de registro e de cadastramento de usuários, exceto para fins de certificação digital || Esta subclasse NÃO compreende - a impressão de material para uso industrial e comercial (1813-0/99) | - as atividades de registro e de cadastramento de usuários para fins de certificação digital (6319-4/00) | - os serviços de taquigrafia (8299-7/99)","ASSESSORIA PARA SOLICITAÇÃO DE VISTOS, PASSAPORTES E OUTROS DOCUMENTOS DE VIAGEM; SERVIÇO DE || CARTAS E RESUMOS; REDAÇÃO DE || CARTÕES DE VISITA, CRACHÁS; SERVIÇOS DE ELABORAÇÃO DE || CONFERÊNCIA DE TEXTOS DIGITADOS POR TERCEIROS; SERVIÇO DE || DATILOGRAFIA; SERVIÇO DE || DIGITAÇÃO DE FATURAS, DOCUMENTOS, CARNÊS; SERVIÇOS DE || DIGITAÇÃO DE TEXTOS; SERVIÇO DE || EDITORAÇÃO ELETRÔNICA; SERVIÇOS DE || ENVIO DE CORRESPONDÊNCIA POR MALA DIRETA; SERVIÇO DE || ESTENOTIPIA; SERVIÇOS DE || PREENCHIMENTO, SELAGEM E DESPACHO DE ENCOMENDAS; SERVIÇOS DE || PREPARAÇÃO DE DOCUMENTAÇÃO PARA OBTENÇÃO DE PASSAPORTE OU CIDADANIA ESTRANGEIRA; SERVIÇOS DE || PREPARAÇÃO DE DOCUMENTOS E SERVIÇOS ESPECIALIZADOS DE APOIO ADMINISTRATIVO || ROTULAÇÃO E DESPACHO DE ENCOMENDAS E DOCUMENTOS POR CORREIO; SERVIÇOS DE || SECRETARIA; SERVIÇOS DE  || TRANSCRIÇÃO DE DOCUMENTOS; SERVIÇO DE",III/IV/V*,serviço — anexo exato depende da atividade + Fator R (determinar na camada fiscal),,,atende,presumido (serviço/comércio leve no Simples; validar),sim,DIGITADOR(A) INDEPENDENTE,S,N,sim,Preparação de documentos e serviços especializados de apoio administrativo não especificados anteriormente,nao,nao,III-fixo,LC123 art18 §5º-F,alta,5%,nao,"Organização, arquivamento, conservação e gerenciamento de documentos de terceiros em quaisquer meios (CTISS 1702-0/03-88, LC116 17.02, 5%)",nao,,,,sim,sim,nao,,,atendemos mas o motor NÃO apura o DAS (dos 7 de 18/09),nao
