cnae_fmt,cnae_raw,descricao,atende,incluido_simples,pode_mei,anexos_romano,aliquotas_faixa,fator_r,secao_cod,secao,divisao_cod,divisao,grupo_cod,grupo,classe_cod,classe,atividades_compreende,atividades_nao_compreende,descritores,relacionados,_status,_flags,_nota,_confianca
"0161-0/03","0161003","SERVIÇO DE PREPARAÇÃO DE TERRENO, CULTIVO E COLHEITA","Atende","Sim","Sim","III","III:De 6% até 33%","Não","A","AGRICULTURA, PECUÁRIA, PRODUÇÃO FLORESTAL, PESCA E AQÜICULTURA","01","AGRICULTURA, PECUÁRIA E SERVIÇOS RELACIONADOS","016","ATIVIDADES DE APOIO À AGRICULTURA E À PECUÁRIA; ATIVIDADES DE PÓS-COLHEITA","01610","ATIVIDADES DE APOIO À AGRICULTURA","o serviço de preparação de terreno para fins de plantio realizado sob contrato || o serviço de cultivo, plantio e transplante de mudas realizado sob contrato || o serviço de colheita de produtos agrícolas realizado sob contrato","","COLHEITA DE PRODUTOS AGRÍCOLAS; SERVIÇO DE || COLHEITA; SERVIÇOS DE || CORTE DE CANA; SERVIÇOS DE || CORTE, PLANTIO, CAPINA MANUAL, CAPINA QUIMICA; SERVIÇO DE || PLANTIO DE LAVOURAS AGRÍCOLAS; SERVIÇO DE || PLANTIO DE MUDAS NOS CAMPOS DE CULTIVO POR TERCEIROS; SERVIÇO DE || PLANTIO DE MUDAS; SERVIÇO DE || PREPARAÇÃO DE TERRENOS DE CULTIVO (REALIZADO POR TERCEIROS); SERVIÇOS DE || PREPARAÇÃO DO SOLO; SERVIÇO DE || ROÇAGEM, DESTOCAMENTO, LAVRAÇÃO, GRADAGEM (NIVELAMENTO DO SOLO), SULCAMENTO (ABERTURA DE COVAS); SERVIÇO DE || SEMEADURA REALIZADA POR TERCEIROS; SERVIÇO DE || TRANSPLANTE DE MUDAS; SERVIÇO DE","0111301|0111302|0111303|0111399|0112101|0112102|0112199|0113000|0114800|0115600|0116401|0116402|0116403|0116499|0119901|0119902|0119903|0119904|0119905|0119906|0119907|0119908|0119909|0119999|0121101|0121102|0122900|0131800|0132600|0133401|0133402|0133403|0133404|0133405|0133406|0133407|0133408|0133409|0133410|0133411|0133499|0134200|0135100|0139301|0139302|0139303|0139304|0139305|0139306|0139399|0141501|0141502|0142300|0151201|0151202|0151203|0152101|0152102|0152103|0153901|0153902|0154700|0155501|0155502|0155503|0155504|0155505|0159801|0159802|0159803|0159804|0159899|0161001|0161002|0161099|0162801|0162802|0162803|0162899|0163600|0170900","OK","","","nao-ratificado"
"0162-8/03","0162803","SERVIÇO DE MANEJO DE ANIMAIS","Atende","Sim","Não","III","III:De 6% até 33%","Não","A","AGRICULTURA, PECUÁRIA, PRODUÇÃO FLORESTAL, PESCA E AQÜICULTURA","01","AGRICULTURA, PECUÁRIA E SERVIÇOS RELACIONADOS","016","ATIVIDADES DE APOIO À AGRICULTURA E À PECUÁRIA; ATIVIDADES DE PÓS-COLHEITA","01628","ATIVIDADES DE APOIO À PECUÁRIA","o serviço de manejo de animais: condução, pastoreio e outros","o serviço de alojamento do gado de curta duração (0162-8/99) || as atividades veterinárias (7500-1/00) || a gestão de espaço para leilão de gado (8230-0/01)","MANEJO DE ANIMAIS (CONDUÇÃO, PASTOREIO); SERVIÇOS DE","0111301|0111302|0111303|0111399|0112101|0112102|0112199|0113000|0114800|0115600|0116401|0116402|0116403|0116499|0119901|0119902|0119903|0119904|0119905|0119906|0119907|0119908|0119909|0119999|0121101|0121102|0122900|0131800|0132600|0133401|0133402|0133403|0133404|0133405|0133406|0133407|0133408|0133409|0133410|0133411|0133499|0134200|0135100|0139301|0139302|0139303|0139304|0139305|0139306|0139399|0141501|0141502|0142300|0151201|0151202|0151203|0152101|0152102|0152103|0153901|0153902|0154700|0155501|0155502|0155503|0155504|0155505|0159801|0159802|0159803|0159804|0159899|0161001|0161002|0161003|0161099|0162801|0162802|0162899|0163600|0170900","OK","","","nao-ratificado"
"0322-1/07","0322107","ATIVIDADES DE APOIO À AQÜICULTURA EM ÁGUA DOCE","Atende","Sim","Não","III","III:De 6% até 33%","Não","A","AGRICULTURA, PECUÁRIA, PRODUÇÃO FLORESTAL, PESCA E AQÜICULTURA","03","PESCA E AQÜICULTURA","032","AQÜICULTURA","03221","AQUICULTURA EM ÁGUA DOCE","os serviços relacionados com a aqüicultura em água doce","a pesca esportiva e de lazer (9319-1/99)","APOIO A AQÜICULTURA EM ÁGUA DOCE; SERVIÇO DE","0311601|0311602|0311603|0311604|0312401|0312402|0312403|0312404|0321301|0321302|0321303|0321304|0321305|0321399|0322101|0322102|0322103|0322104|0322105|0322106|0322199","OK","","","nao-ratificado"
"1099-6/04","1099604","FABRICAÇÃO DE GELO COMUM","Atende","Sim","Sim","I","I:De 4% até 19%","Não","C","INDÚSTRIAS DE TRANSFORMAÇÃO","10","FABRICAÇÃO DE PRODUTOS ALIMENTÍCIOS","109","FABRICAÇÃO DE OUTROS PRODUTOS ALIMENTÍCIOS","10996","FABRICAÇÃO DE PRODUTOS ALIMENTÍCIOS NÃO ESPECIFICADOS ANTERIORMENTE","a fabricação de gelo comum para qualquer fim","a fabricação de gelo seco (2014-2/00)","GELO (EXCETO GELO SECO); FABRICAÇÃO DE","1011201|1011202|1011203|1011204|1011205|1012101|1012102|1012103|1012104|1013901|1013902|1020101|1020102|1031700|1032501|1032599|1033301|1033302|1041400|1042200|1043100|1051100|1052000|1053800|1061901|1061902|1062700|1063500|1064300|1065101|1065102|1065103|1066000|1069400|1071600|1072401|1072402|1081301|1081302|1082100|1091101|1091102|1092900|1093701|1093702|1094500|1095300|1096100|1099601|1099602|1099603|1099605|1099606|1099607|1099699","OK","","","nao-ratificado"
"3250-7/06","3250706","SERVIÇOS DE PRÓTESE DENTÁRIA","Atende","Sim","Não","III|V","III:De 6% até 33%|V:De 15,5% até 30,5%","Sim","C","INDÚSTRIAS DE TRANSFORMAÇÃO","32","FABRICAÇÃO DE PRODUTOS DIVERSOS","325","FABRICAÇÃO DE INSTRUMENTOS E MATERIAIS PARA USO MÉDICO E ODONTOLÓGICO E DE ARTIGOS ÓPTICOS","32507","FABRICAÇÃO DE INSTRUMENTOS E MATERIAIS PARA USO MÉDICO E ODONTOLÓGICO E DE ARTIGOS ÓPTICOS","a fabricação de dentes, dentaduras e os laboratórios de prótese dentária","","ARTIGOS E APARELHOS PARA PRÓTESE DENTARIA, INCLUSIVE DENTES ARTIFICIAIS; FABRICAÇÃO DE || DENTES ARTIFICIAIS; FABRICAÇÃO DE || PARTES, PEÇAS E ACESSÓRIOS PARA OUTROS ARTIGOS E APARELHOS DE PRÓTESE; FABRICAÇÃO DE || PRÓTESE DENTARIA; SERVIÇO DE","3211601|3211602|3211603|3212400|3220500|3230200|3240001|3240002|3240003|3240099|3250701|3250702|3250703|3250704|3250705|3250707|3250709|3291400|3292201|3292202|3299001|3299002|3299003|3299004|3299005|3299006|3299099","OK","","","nao-ratificado"
"3250-7/09","3250709","SERVIÇO DE LABORATÓRIO ÓPTICO","Atende","Sim","Não","III","III:De 6% até 33%","Não","C","INDÚSTRIAS DE TRANSFORMAÇÃO","32","FABRICAÇÃO DE PRODUTOS DIVERSOS","325","FABRICAÇÃO DE INSTRUMENTOS E MATERIAIS PARA USO MÉDICO E ODONTOLÓGICO E DE ARTIGOS ÓPTICOS","32507","FABRICAÇÃO DE INSTRUMENTOS E MATERIAIS PARA USO MÉDICO E ODONTOLÓGICO E DE ARTIGOS ÓPTICOS","os serviços de laboratórios óticos (lapidação de lentes) || os serviços de sufassagem para atingir o grau de dioptria óptica","a fabricação de artigos ópticos (óculos, lentes de contato, lentes para óculos, armações para óculos, óculos de sol e semelhantes) (3250-7/07) || a fabricação de óculos para segurança e proteção (3250-7/07)","LABORATÓRIOS ÓPTICOS (LAPIDAÇÃO DE LENTES); SERVIÇOS DE || LABORATÓRIOS ÓPTICOS; SERVIÇOS DE || SURFAÇAGEM; SERVIÇOS DE","3211601|3211602|3211603|3212400|3220500|3230200|3240001|3240002|3240003|3240099|3250701|3250702|3250703|3250704|3250705|3250706|3250707|3291400|3292201|3292202|3299001|3299002|3299003|3299004|3299005|3299006|3299099","OK","","","nao-ratificado"
"3312-1/02","3312102","MANUTENÇÃO E REPARAÇÃO DE APARELHOS E INSTRUMENTOS DE MEDIDA, TESTE E CONTROLE","Atende","Sim","Não","III","III:De 6% até 33%","Não","C","INDÚSTRIAS DE TRANSFORMAÇÃO","33","MANUTENÇÃO, REPARAÇÃO E INSTALAÇÃO DE MÁQUINAS E EQUIPAMENTOS","331","MANUTENÇÃO E REPARAÇÃO DE MÁQUINAS E EQUIPAMENTOS","33121","MANUTENÇÃO E REPARAÇÃO DE EQUIPAMENTOS ELETRÔNICOS E ÓPTICOS","a manutenção e reparação de aparelhos e instrumentos de medida, teste e controle || a manutenção de aparelhos e equipamentos para controle de processos industriais","","APARELHOS DE MEDIÇÃO DE ENERGIA, MANUTENÇÃO E REPARAÇÃO DE || APARELHOS E EQUIPAMENTOS PARA LABORATÓRIOS DE PESQUISA CIENTÍFICA, MANUTENÇAO E REPARACAO DE || APARELHOS E EQUIPAMENTOS PARA LABORATÓRIOS DE PESQUISA E DESENVOLVIMENTO, MANUTENÇAO E REPARACAO DE || APARELHOS E INSTRUMENTOS DE MEDIDA, TESTE E CONTROLE, MANUTENÇÃO E REPARAÇÃO EXECUTADA POR UNIDADE ESPECIALIZADA || INSTRUMENTOS AERONÁUTICOS, LABORATÓRIO DE REVISÃO DE || INSTRUMENTOS DE MEDIÇÃO (GASOMETRO,HIDROMETRO,PLUVIOMETRO,ETC); MANUTENÇÃO E REPARAÇÃO DE || INSTRUMENTOS DE MEDIÇÃO E CONTROLE, MANUTENÇÃO E REPARAÇÃO DE || INSTRUMENTOS DE REGULACAO E CONTROLE, MANUTENÇÃO E REPARAÇÃO DE || INSTRUMENTOS PARA CONTROLE AERONÁUTICO, MANUTENÇÃO DE || MÁQUINAS, APARELHOS E EQUIPAMENTOS ELETRÔNICOS PARA CONTROLE DO PROCESSOS INDUSTRIAIS, MANUTENÇÃO E REPARAÇÃO EXECUTADA POR UNIDADE ESPECIALIZADA || RADARES E OUTROS APARELHOS DE CONTROLE SEMELHANTES; MANUTENÇÃO E REPARAÇÃO DE || TACÓGRAFOS, TACÔMETROS, HODÔMETROS, TAXÍMETROS; MANUTENÇÃO DE","3311200|3312103|3312104|3313901|3313902|3313999|3314701|3314702|3314703|3314704|3314705|3314706|3314707|3314708|3314709|3314710|3314711|3314712|3314713|3314714|3314715|3314716|3314717|3314718|3314719|3314720|3314721|3314722|3314799|3315500|3316301|3316302|3317101|3317102|3319800|3321000|3329501|3329599","OK","","","nao-ratificado"
"3312-1/03","3312103","MANUTENÇÃO E REPARAÇÃO DE APARELHOS ELETROMÉDICOS E ELETROTERAPÊUTICOS E EQUIPAMENTOS DE IRRADIAÇÃO","Atende","Sim","Não","III","III:De 6% até 33%","Não","C","INDÚSTRIAS DE TRANSFORMAÇÃO","33","MANUTENÇÃO, REPARAÇÃO E INSTALAÇÃO DE MÁQUINAS E EQUIPAMENTOS","331","MANUTENÇÃO E REPARAÇÃO DE MÁQUINAS E EQUIPAMENTOS","33121","MANUTENÇÃO E REPARAÇÃO DE EQUIPAMENTOS ELETRÔNICOS E ÓPTICOS","a manutenção e reparação de aparelhos e equipamentos de irradiação, eletromédicos e eletroterapêuticos","","APARELHOS AUDITIVOS, MANUTENÇÃO E REPARAÇÃO EXECUTADA POR UNIDADE ESPECIALIZADA || APARELHOS E EQUIPAMENTOS CIRÚRGICOS, MANUTENÇÃO E REPARAÇÃO EXECUTADA POR  UNIDADE  ESPECIALIZADA || APARELHOS E EQUIPAMENTOS ELETROMÉDICOS E ELETROTERAPÊUTICOS, MANUTENÇÃO E REPARAÇÃO EXECUTADA POR  UNIDADE  ESPECIALIZADA || EQUIPAMENTOS ELETRÔNICOS MÉDICO-HOSPITALARES; MANUTENÇÃO DE || MARCAPASSOS; MANUTENÇÃO E REPARAÇÃO EXECUTADA POR UNIDADE ESPECIALIZADA","3311200|3312102|3312104|3313901|3313902|3313999|3314701|3314702|3314703|3314704|3314705|3314706|3314707|3314708|3314709|3314710|3314711|3314712|3314713|3314714|3314715|3314716|3314717|3314718|3314719|3314720|3314721|3314722|3314799|3315500|3316301|3316302|3317101|3317102|3319800|3321000|3329501|3329599","OK","","","nao-ratificado"
"3312-1/04","3312104","MANUTENÇÃO E REPARAÇÃO DE EQUIPAMENTOS E INSTRUMENTOS ÓPTICOS","Atende","Sim","Não","III","III:De 6% até 33%","Não","C","INDÚSTRIAS DE TRANSFORMAÇÃO","33","MANUTENÇÃO, REPARAÇÃO E INSTALAÇÃO DE MÁQUINAS E EQUIPAMENTOS","331","MANUTENÇÃO E REPARAÇÃO DE MÁQUINAS E EQUIPAMENTOS","33121","MANUTENÇÃO E REPARAÇÃO DE EQUIPAMENTOS ELETRÔNICOS E ÓPTICOS","a manutenção e reparação de equipamentos e instrumentos ópticos (binóculos, telescópios, equipamentos cinematográficos e fotográficos de uso profissional, etc.)","a reparação de câmeras fotográficas e de vídeos de uso doméstico (9521-5/00)","APARELHOS E INSTRUMENTOS CINEMATOGRÁFICOS; MANUTENÇÃO E REPARAÇÃO EXECUTADA POR  UNIDADE  ESPECIALIZADA || EQUIPAMENTO FOTOGRÁFICO DE USO PROFISSIONAL; MANUTENÇÃO E REPARAÇÃO EXECUTADA POR  UNIDADE  ESPECIALIZADA || EQUIPAMENTOS E INSTRUMENTOS ÓPTICOS, MANUTENÇÃO E REPARAÇÃO EXECUTADA POR  UNIDADE  ESPECIALIZADA","3311200|3312102|3312103|3313901|3313902|3313999|3314701|3314702|3314703|3314704|3314705|3314706|3314707|3314708|3314709|3314710|3314711|3314712|3314713|3314714|3314715|3314716|3314717|3314718|3314719|3314720|3314721|3314722|3314799|3315500|3316301|3316302|3317101|3317102|3319800|3321000|3329501|3329599","OK","","","nao-ratificado"
"3313-9/01","3313901","MANUTENÇÃO E REPARAÇÃO DE GERADORES, TRANSFORMADORES E MOTORES ELÉTRICOS","Atende","Sim","Sim","III","III:De 6% até 33%","Não","C","INDÚSTRIAS DE TRANSFORMAÇÃO","33","MANUTENÇÃO, REPARAÇÃO E INSTALAÇÃO DE MÁQUINAS E EQUIPAMENTOS","331","MANUTENÇÃO E REPARAÇÃO DE MÁQUINAS E EQUIPAMENTOS","33139","MANUTENÇÃO E REPARAÇÃO DE MÁQUINAS E EQUIPAMENTOS ELÉTRICOS","a manutenção e reparação de geradores, transformadores, indutores, conversores e semelhantes || a recuperação de motores elétricos","a instalação de geradores, transformadores e de outros equipamentos elétricos (3321-0/00)","GERADORES DE CORRENTE CONTINUA OU ALTERNADA, MANUTENÇÃO OU REPARAÇÃO EXECUTADA POR UNIDADE ESPECIALIZADA || MOTORES ELÉTRICOS, MANUTENÇÃO OU REPARAÇÃO EXECUTADA POR UNIDADE ESPECIALIZADA || TRANSFORMADORES, INDUTORES, CONVERSORES, SINCRONIZADORES E SEMELHANTES, MANUTENÇÃO OU REPARAÇÃO EXECUTADA POR UNIDADE ESPECIALIZADA","3311200|3312102|3312103|3312104|3313902|3313999|3314701|3314702|3314703|3314704|3314705|3314706|3314707|3314708|3314709|3314710|3314711|3314712|3314713|3314714|3314715|3314716|3314717|3314718|3314719|3314720|3314721|3314722|3314799|3315500|3316301|3316302|3317101|3317102|3319800|3321000|3329501|3329599","OK","","","nao-ratificado"
"3313-9/02","3313902","MANUTENÇÃO E REPARAÇÃO DE BATERIAS E ACUMULADORES ELÉTRICOS, EXCETO PARA VEÍCULOS","Atende","Sim","Sim","III","III:De 6% até 33%","Não","C","INDÚSTRIAS DE TRANSFORMAÇÃO","33","MANUTENÇÃO, REPARAÇÃO E INSTALAÇÃO DE MÁQUINAS E EQUIPAMENTOS","331","MANUTENÇÃO E REPARAÇÃO DE MÁQUINAS E EQUIPAMENTOS","33139","MANUTENÇÃO E REPARAÇÃO DE MÁQUINAS E EQUIPAMENTOS ELÉTRICOS","a manutenção e reparação de baterias e acumuladores elétricos, exceto para veículos","a manutenção e reparação de baterias e acumuladores elétricos para veículos (4520-0/03)","BATERIAS E ACUMULADORES ELÉTRICOS (EXCETO PARA VEÍCULOS), MANUTENÇÃO E REPARAÇÃO EXECUTADA POR UNIDADE ESPECIALIZADA","3311200|3312102|3312103|3312104|3313901|3313999|3314701|3314702|3314703|3314704|3314705|3314706|3314707|3314708|3314709|3314710|3314711|3314712|3314713|3314714|3314715|3314716|3314717|3314718|3314719|3314720|3314721|3314722|3314799|3315500|3316301|3316302|3317101|3317102|3319800|3321000|3329501|3329599","OK","","","nao-ratificado"
"3313-9/99","3313999","MANUTENÇÃO E REPARAÇÃO DE MÁQUINAS, APARELHOS E MATERIAIS ELÉTRICOS NÃO ESPECIFICADOS ANTERIORMENTE","Atende","Sim","Sim","III","III:De 6% até 33%","Não","C","INDÚSTRIAS DE TRANSFORMAÇÃO","33","MANUTENÇÃO, REPARAÇÃO E INSTALAÇÃO DE MÁQUINAS E EQUIPAMENTOS","331","MANUTENÇÃO E REPARAÇÃO DE MÁQUINAS E EQUIPAMENTOS","33139","MANUTENÇÃO E REPARAÇÃO DE MÁQUINAS E EQUIPAMENTOS ELÉTRICOS","a manutenção e reparação de aparelhos e equipamentos para distribuição e controle de energia elétrica || a manutenção e reparação de aparelhos e equipamentos elétricos não especificados anteriormente","a instalação de geradores, transformadores e de outros equipamentos elétricos (3321-0/00)","APARELHOS E EQUIPAMENTOS PARA DISTRIBUIÇÃO E CONTROLE DE ENERGIA; MANUTENÇÃO E REPARAÇÃO EXECUTADA POR UNIDADE ESPECIALIZADA || MÁQUINAS, APARELHOS, EQUIPAMENTOS E MATERIAIS ELÉTRICOS, N.E., MANUTENÇÃO E REPARAÇÃO EXECUTADA POR UNIDADE ESPECIALIZADA","3311200|3312102|3312103|3312104|3313901|3313902|3314701|3314702|3314703|3314704|3314705|3314706|3314707|3314708|3314709|3314710|3314711|3314712|3314713|3314714|3314715|3314716|3314717|3314718|3314719|3314720|3314721|3314722|3314799|3315500|3316301|3316302|3317101|3317102|3319800|3321000|3329501|3329599","OK","","","nao-ratificado"
"3314-7/01","3314701","MANUTENÇÃO E REPARAÇÃO DE MÁQUINAS MOTRIZES NÃO ELÉTRICAS","Atende","Sim","Sim","III","III:De 6% até 33%","Não","C","INDÚSTRIAS DE TRANSFORMAÇÃO","33","MANUTENÇÃO, REPARAÇÃO E INSTALAÇÃO DE MÁQUINAS E EQUIPAMENTOS","331","MANUTENÇÃO E REPARAÇÃO DE MÁQUINAS E EQUIPAMENTOS","33147","MANUTENÇÃO E REPARAÇÃO DE MÁQUINAS E EQUIPAMENTOS DA INDÚSTRIA MECÂNICA","a manutenção e reparação de motores estacionários, turbinas e rodas hidráulicas, motores marítimos e outras máquinas motrizes não-elétricas","","CALDEIRA GERADORA DE VAPOR PARA LOCOMOTIVA, MANUTENÇÃO E REPARAÇÃO EXECUTADA POR UNIDADE ESPECIALIZADA || CALDEIRA GERADORA DE VAPOR PARA VEÍCULOS FERROVIÁRIOS, MANUTENÇÃO E REPARAÇÃO EXECUTADA POR UNIDADE ESPECIALIZADA || MOINHOS DE VENTO, MANUTENÇÃO E REPARAÇÃO EXECUTADA POR UNIDADE ESPECIALIZADA || MOTORES ESTACIONÁRIOS DE COMBUSTÃO INTERNA (GASOLINA E DIESEL) - EXCETO PARA VEÍCULOS, REPARAÇÃO E MANUTENÇÃO EXECUTADA POR UNIDADE ESPECIALIZADA || MOTORES MARÍTIMOS, N.E., MANUTENÇÃO E REPARAÇÃO EXECUTADA POR UNIDADE ESPECIALIZADA || MOTORES PARA EMBARCAÇÕES, MANUTENÇÃO E REPARAÇÃO EXECUTADA POR UNIDADE ESPECIALIZADA || MÁQUINAS A VAPOR PARA EMBARCAÇÕES, MANUTENÇÃO E REPARAÇÃO EXECUTADA POR UNIDADE ESPECIALIZADA || MÁQUINAS MOTRIZES NÃO-ELÉTRICOS, REPARAÇÃO E MANUTENÇÃO EXECUTADA POR UNIDADE ESPECIALIZADA || TURBINAS E RODAS HIDRÁULICAS, MANUTENÇÃO E REPARAÇÃO EXECUTADA POR UNIDADE ESPECIALIZADA","3311200|3312102|3312103|3312104|3313901|3313902|3313999|3314702|3314703|3314704|3314705|3314706|3314707|3314708|3314709|3314710|3314711|3314712|3314713|3314714|3314715|3314716|3314717|3314718|3314719|3314720|3314721|3314722|3314799|3315500|3316301|3316302|3317101|3317102|3319800|3321000|3329501|3329599","OK","","","nao-ratificado"
"3314-7/02","3314702","MANUTENÇÃO E REPARAÇÃO DE EQUIPAMENTOS HIDRÁULICOS E PNEUMÁTICOS, EXCETO VÁLVULAS","Atende","Sim","Sim","III","III:De 6% até 33%","Não","C","INDÚSTRIAS DE TRANSFORMAÇÃO","33","MANUTENÇÃO, REPARAÇÃO E INSTALAÇÃO DE MÁQUINAS E EQUIPAMENTOS","331","MANUTENÇÃO E REPARAÇÃO DE MÁQUINAS E EQUIPAMENTOS","33147","MANUTENÇÃO E REPARAÇÃO DE MÁQUINAS E EQUIPAMENTOS DA INDÚSTRIA MECÂNICA","a manutenção e reparação de motores, bombas e cilindros hidráulicos e pneumáticos","","BOMBAS HIDRÁULICAS; REPARAÇÃO E MANUTENÇÃO EXECUTADA POR UNIDADE ESPECIALIZADA || CILINDROS HIDRÁULICOS E PNEUMÁTICOS; REPARAÇÃO E MANUTENÇÃO EXECUTADA POR UNIDADE ESPECIALIZADA || EQUIPAMENTOS HIDRÁULICOS E PNEUMÁTICOS (EXCETO VÁLVULAS); REPARAÇÃO E MANUTENÇÃO EXECUTADA POR UNIDADE ESPECIALIZADA || MOTOBOMBAS, REPARAÇÃO E MANUTENÇÃO EXECUTADA POR UNIDADE ESPECIALIZADA","3311200|3312102|3312103|3312104|3313901|3313902|3313999|3314701|3314703|3314704|3314705|3314706|3314707|3314708|3314709|3314710|3314711|3314712|3314713|3314714|3314715|3314716|3314717|3314718|3314719|3314720|3314721|3314722|3314799|3315500|3316301|3316302|3317101|3317102|3319800|3321000|3329501|3329599","OK","","","nao-ratificado"
"3314-7/03","3314703","MANUTENÇÃO E REPARAÇÃO DE VÁLVULAS INDUSTRIAIS","Atende","Sim","Não","III","III:De 6% até 33%","Não","C","INDÚSTRIAS DE TRANSFORMAÇÃO","33","MANUTENÇÃO, REPARAÇÃO E INSTALAÇÃO DE MÁQUINAS E EQUIPAMENTOS","331","MANUTENÇÃO E REPARAÇÃO DE MÁQUINAS E EQUIPAMENTOS","33147","MANUTENÇÃO E REPARAÇÃO DE MÁQUINAS E EQUIPAMENTOS DA INDÚSTRIA MECÂNICA","a manutenção e reparação de válvulas industriais (automáticas, de pressão, solenóides, borboleta, etc.)","a reparação de válvulas, torneiras e registros hidráulicos para pias, lavatórios e semelhantes (4322-3/01)","VÁLVULAS AGULHA PARA FINS INDUSTRIAIS, REPARAÇÃO E MANUTENÇÃO EXECUTADA POR UNIDADE ESPECIALIZADA || VÁLVULAS BORBOLETA PARA FINS INDUSTRIAIS, REPARAÇÃO E MANUTENÇÃO EXECUTADA POR UNIDADE ESPECIALIZADA || VÁLVULAS DE PRESSÃO PARA FINS INDUSTRIAIS, REPARAÇÃO E MANUTENÇÃO EXECUTADA POR UNIDADE ESPECIALIZADA || VÁLVULAS ESFÉRICAS PARA FINS INDUSTRIAIS, REPARAÇÃO E MANUTENÇÃO EXECUTADA POR UNIDADE ESPECIALIZADA || VÁLVULAS INDUSTRIAIS, N.E., REPARAÇÃO E MANUTENÇÃO EXECUTADA POR UNIDADE ESPECIALIZADA || VÁLVULAS PARA SISTEMA DE PERFURAÇÃO DE POÇOS DE PETRÓLEO (ESPECIAIS, DE LAMA E OUTRAS), REPARAÇÃO E MANUTENÇÃO EXECUTADA POR UNIDADE ESPECIALIZADA","3311200|3312102|3312103|3312104|3313901|3313902|3313999|3314701|3314702|3314704|3314705|3314706|3314707|3314708|3314709|3314710|3314711|3314712|3314713|3314714|3314715|3314716|3314717|3314718|3314719|3314720|3314721|3314722|3314799|3315500|3316301|3316302|3317101|3317102|3319800|3321000|3329501|3329599","OK","","","nao-ratificado"
"3314-7/04","3314704","MANUTENÇÃO E REPARAÇÃO DE COMPRESSORES","Atende","Sim","Não","III","III:De 6% até 33%","Não","C","INDÚSTRIAS DE TRANSFORMAÇÃO","33","MANUTENÇÃO, REPARAÇÃO E INSTALAÇÃO DE MÁQUINAS E EQUIPAMENTOS","331","MANUTENÇÃO E REPARAÇÃO DE MÁQUINAS E EQUIPAMENTOS","33147","MANUTENÇÃO E REPARAÇÃO DE MÁQUINAS E EQUIPAMENTOS DA INDÚSTRIA MECÂNICA","a manutenção e reparação de compressores equipados ou não com motor elétrico","","COMPRESSORES DE AR, ESTACIONÁRIOS OU PORTÁTEIS, REPARAÇÃO E MANUTENÇÃO EXECUTADA POR UNIDADE ESPECIALIZADA || COMPRESSORES PARA QUALQUER USO, REPARAÇÃO E MANUTENÇÃO EXECUTADA POR UNIDADE ESPECIALIZADA || COMPRESSORES PARA USO INDUSTRIAL, REPARAÇÃO E MANUTENÇÃO EXECUTADA POR UNIDADE ESPECIALIZADA","3311200|3312102|3312103|3312104|3313901|3313902|3313999|3314701|3314702|3314703|3314705|3314706|3314707|3314708|3314709|3314710|3314711|3314712|3314713|3314714|3314715|3314716|3314717|3314718|3314719|3314720|3314721|3314722|3314799|3315500|3316301|3316302|3317101|3317102|3319800|3321000|3329501|3329599","OK","","","nao-ratificado"
"3314-7/05","3314705","MANUTENÇÃO E REPARAÇÃO DE EQUIPAMENTOS DE TRANSMISSÃO PARA FINS INDUSTRIAIS","Atende","Sim","Não","III","III:De 6% até 33%","Não","C","INDÚSTRIAS DE TRANSFORMAÇÃO","33","MANUTENÇÃO, REPARAÇÃO E INSTALAÇÃO DE MÁQUINAS E EQUIPAMENTOS","331","MANUTENÇÃO E REPARAÇÃO DE MÁQUINAS E EQUIPAMENTOS","33147","MANUTENÇÃO E REPARAÇÃO DE MÁQUINAS E EQUIPAMENTOS DA INDÚSTRIA MECÂNICA","a manutenção e reparação de rolamentos, mancais, eixos e outros equipamentos de transmissão para fins industriais","","EIXOS DE TRANSMISSÃO PARA INDUSTRIA, REPARAÇÃO E MANUTENÇÃO EXECUTADA POR UNIDADE ESPECIALIZADA || ENGRENAGENS PARA TRANSMISSÃO INDUSTRIAL, DE TODOS OS TIPOS, REPARAÇÃO E MANUTENÇÃO EXECUTADA POR UNIDADE ESPECIALIZADA || EQUIPAMENTOS DE TRANSMISSÃO PARA FINS INDUSTRIAIS, MANUTENÇÃO E REPARAÇÃO EXECUTADA POR UNIDADE ESPECIALIZADA || REDUTORES E VARIADORES DE VELOCIDADE PARA USO INDUSTRIAL, REPARAÇÃO E MANUTENÇÃO EXECUTADA POR UNIDADE ESPECIALIZADA || ROLAMENTOS DE TODOS OS TIPOS PARA USO INDUSTRIAL; MANUTENÇÃO E REPARAÇÃO EXECUTADA POR UNIDADE ESPECIALIZADA","3311200|3312102|3312103|3312104|3313901|3313902|3313999|3314701|3314702|3314703|3314704|3314706|3314707|3314708|3314709|3314710|3314711|3314712|3314713|3314714|3314715|3314716|3314717|3314718|3314719|3314720|3314721|3314722|3314799|3315500|3316301|3316302|3317101|3317102|3319800|3321000|3329501|3329599","OK","","","nao-ratificado"
"3314-7/06","3314706","MANUTENÇÃO E REPARAÇÃO DE MÁQUINAS, APARELHOS E EQUIPAMENTOS PARA INSTALAÇÕES TÉRMICAS","Atende","Sim","Sim","III","III:De 6% até 33%","Não","C","INDÚSTRIAS DE TRANSFORMAÇÃO","33","MANUTENÇÃO, REPARAÇÃO E INSTALAÇÃO DE MÁQUINAS E EQUIPAMENTOS","331","MANUTENÇÃO E REPARAÇÃO DE MÁQUINAS E EQUIPAMENTOS","33147","MANUTENÇÃO E REPARAÇÃO DE MÁQUINAS E EQUIPAMENTOS DA INDÚSTRIA MECÂNICA","a manutenção e reparação de estufas, secadores, fornos industriais e equipamentos para instalações térmicas || a manutenção e reparação de equipamentos alimentados por energia solar","","APARELHOS E EQUIPAMENTOS NÃO-ELETRICOS PARA INSTALAÇÕES TÉRMICAS, REPARAÇÃO E MANUTENÇÃO EXECUTADA POR UNIDADE ESPECIALIZADA || COLETORES SOLARES, REPARAÇÃO E MANUTENÇÃO EXECUTADA POR UNIDADE ESPECIALIZADA || ESTUFAS E FORNOS ELÉTRICOS PARA FINS INDUSTRIAIS, REPARAÇÃO E MANUTENÇÃO EXECUTADA POR UNIDADE ESPECIALIZADA || ESTUFAS, SECADORES E AUTOCLAVES NÃO-ELÉTRICOS, MANUTENÇÃO E REPARAÇÃO EXECUTADA POR UNIDADE ESPECIALIZADA","3311200|3312102|3312103|3312104|3313901|3313902|3313999|3314701|3314702|3314703|3314704|3314705|3314707|3314708|3314709|3314710|3314711|3314712|3314713|3314714|3314715|3314716|3314717|3314718|3314719|3314720|3314721|3314722|3314799|3315500|3316301|3316302|3317101|3317102|3319800|3321000|3329501|3329599","OK","","","nao-ratificado"
"3314-7/07","3314707","MANUTENÇÃO E REPARAÇÃO DE MÁQUINAS E APARELHOS DE REFRIGERAÇÃO E VENTILAÇÃO PARA USO INDUSTRIAL E COMERCIAL","Atende","Sim","Sim","III","III:De 6% até 33%","Não","C","INDÚSTRIAS DE TRANSFORMAÇÃO","33","MANUTENÇÃO, REPARAÇÃO E INSTALAÇÃO DE MÁQUINAS E EQUIPAMENTOS","331","MANUTENÇÃO E REPARAÇÃO DE MÁQUINAS E EQUIPAMENTOS","33147","MANUTENÇÃO E REPARAÇÃO DE MÁQUINAS E EQUIPAMENTOS DA INDÚSTRIA MECÂNICA","a manutenção e reparação de balcões e câmaras frigoríficas || a manutenção e reparação de exaustores, ventiladores e outros aparelhos de ventilação de uso industrial e comercial || a manutenção e reparação de outras máquinas e aparelhos de refrigeração e ventilação de uso industrial e comercial","","APARELHOS DE REFRIGERAÇÃO E VENTILAÇÃO DE USO INDUSTRIAL, N.E., MANUTENÇÃO E REPARAÇÃO EXECUTADA POR UNIDADE ESPECIALIZADA || ASPIRADORES INDUSTRIAIS, MANUTENÇÃO E REPARAÇÃO EXECUTADA POR UNIDADE ESPECIALIZADA || BALCÕES E CÂMARAS FRIGORÍFICAS, DE USOS INDUSTRIAL E COMERCIAL, MANUTENÇÃO E REPARAÇÃO EXECUTADA POR UNIDADE ESPECIALIZADA || BEBEDOUROS ELÉTRICOS, MANUTENÇÃO E REPARAÇÃO EXECUTADA POR UNIDADE ESPECIALIZADA || COIFAS (EXAUSTORES INDUSTRIAIS), MANUTENÇÃO E REPARAÇÃO EXECUTADA POR UNIDADE ESPECIALIZADA || CONGELADORES OU CONSERVADORES COMERCIAIS (FREEZERS), MANUTENÇÃO E REPARAÇÃO EXECUTADA POR UNIDADE ESPECIALIZADA || EXAUSTORES INDUSTRIAIS, MANUTENÇÃO E REPARAÇÃO EXECUTADA POR UNIDADE ESPECIALIZADA || MÁQUINAS E APARELHOS DE REFRIGERAÇÃO PARA USO INDUSTRIAL E COMERCIAL, REPARAÇÃO E MANUTENÇÃO EXECUTADA POR UNIDADE ESPECIALIZADA || MÁQUINAS E APARELHOS DE VENTILAÇÃO PARA USO INDUSTRIAL E COMERCIAL, REPARAÇÃO E MANUTENÇÃO EXECUTADA POR UNIDADE ESPECIALIZADA || REFRIGERADORES COMERCIAIS, MANUTENÇÃO E REPARAÇÃO EXECUTADA POR UNIDADE ESPECIALIZADA || VENTILADORES INDUSTRIAIS, MANUTENÇÃO E REPARAÇÃO EXECUTADA POR UNIDADE ESPECIALIZADA","3311200|3312102|3312103|3312104|3313901|3313902|3313999|3314701|3314702|3314703|3314704|3314705|3314706|3314708|3314709|3314710|3314711|3314712|3314713|3314714|3314715|3314716|3314717|3314718|3314719|3314720|3314721|3314722|3314799|3315500|3316301|3316302|3317101|3317102|3319800|3321000|3329501|3329599","OK","","","nao-ratificado"
"3314-7/08","3314708","MANUTENÇÃO E REPARAÇÃO DE MÁQUINAS, EQUIPAMENTOS E APARELHOS PARA TRANSPORTE E ELEVAÇÃO DE CARGAS","Atende","Sim","Não","III","III:De 6% até 33%","Não","C","INDÚSTRIAS DE TRANSFORMAÇÃO","33","MANUTENÇÃO, REPARAÇÃO E INSTALAÇÃO DE MÁQUINAS E EQUIPAMENTOS","331","MANUTENÇÃO E REPARAÇÃO DE MÁQUINAS E EQUIPAMENTOS","33147","MANUTENÇÃO E REPARAÇÃO DE MÁQUINAS E EQUIPAMENTOS DA INDÚSTRIA MECÂNICA","a manutenção e reparação de empilhadeiras, carregadores mecânicos, macacos hidráulicos e outros aparelhos para carga, descarga e manipulação de mercadorias","a instalação, manutenção e reparação de elevadores, escadas ou esteiras rolantes, quando executadas por empresa especializada (4329-1/03)","EMPILHADEIRAS, MANUTENÇÃO E REPARAÇÃO EXECUTADA POR UNIDADE ESPECIALIZADA || GUINDASTES, MANUTENÇÃO DE || MACACOS HIDRÁULICOS, MANUTENÇÃO E REPARAÇÃO EXECUTADA POR UNIDADE ESPECIALIZADA || MÁQUINAS PARA TRANSPORTE E ELEVAÇÃO DE CARGAS(EXCETO ELEVADORES), MANUTENÇÃO E REPARAÇÃO EXECUTADA POR UNIDADE ESPECIALIZADA || TRANSPORTADORES MECÂNICOS, MANUTENÇÃO E REPARAÇÃO EXECUTADA POR UNIDADE ESPECIALIZADA","3311200|3312102|3312103|3312104|3313901|3313902|3313999|3314701|3314702|3314703|3314704|3314705|3314706|3314707|3314709|3314710|3314711|3314712|3314713|3314714|3314715|3314716|3314717|3314718|3314719|3314720|3314721|3314722|3314799|3315500|3316301|3316302|3317101|3317102|3319800|3321000|3329501|3329599","OK","","","nao-ratificado"
"3314-7/09","3314709","MANUTENÇÃO E REPARAÇÃO DE MÁQUINAS DE ESCREVER, CALCULAR E DE OUTROS EQUIPAMENTOS NÃO ELETRÔNICOS PARA ESCRITÓRIO","Atende","Sim","Sim","III","III:De 6% até 33%","Não","C","INDÚSTRIAS DE TRANSFORMAÇÃO","33","MANUTENÇÃO, REPARAÇÃO E INSTALAÇÃO DE MÁQUINAS E EQUIPAMENTOS","331","MANUTENÇÃO E REPARAÇÃO DE MÁQUINAS E EQUIPAMENTOS","33147","MANUTENÇÃO E REPARAÇÃO DE MÁQUINAS E EQUIPAMENTOS DA INDÚSTRIA MECÂNICA","a manutenção e reparação de máquinas de escrever, mimeógrafos, duplicadores e outras máquinas para escritório","a reparação e manutenção de computadores e equipamentos periféricos (9511-8/00)","CAIXAS REGISTRADORAS; MANUTENÇÃO E REPARAÇÃO EXECUTADA POR UNIDADE ESPECIALIZADA || MÁQUINAS DE CALCULAR, ELETRÔNICAS, MANUAIS OU DE MESA; MANUTENÇÃO E REPARAÇÃO EXECUTADA POR UNIDADE ESPECIALIZADA || MÁQUINAS DE CONTABILIDADE; MANUTENÇÃO E REPARAÇÃO EXECUTADA POR UNIDADE ESPECIALIZADA || MÁQUINAS DE ESCREVER, CALCULAR E OUTROS EQUIPAMENTOS NÃO-ELETRÔNICOS PARA ESCRITÓRIO, MANUTENÇÃO E REPARAÇÃO EXECUTADA POR UNIDADE ESPECIALIZADA || MÁQUINAS DE ESCREVER, MANUAL E ELÉTRICA; MANUTENÇÃO E REPARAÇÃO EXECUTADA POR UNIDADE ESPECIALIZADA || MÁQUINAS DE ESCRITÓRIO; MANUTENÇÃO E REPARAÇÃO EXECUTADA POR UNIDADE ESPECIALIZADA","3311200|3312102|3312103|3312104|3313901|3313902|3313999|3314701|3314702|3314703|3314704|3314705|3314706|3314707|3314708|3314710|3314711|3314712|3314713|3314714|3314715|3314716|3314717|3314718|3314719|3314720|3314721|3314722|3314799|3315500|3316301|3316302|3317101|3317102|3319800|3321000|3329501|3329599","OK","","","nao-ratificado"
"3314-7/10","3314710","MANUTENÇÃO E REPARAÇÃO DE MÁQUINAS E EQUIPAMENTOS PARA USO GERAL NÃO ESPECIFICADOS ANTERIORMENTE","Atende","Sim","Sim","III","III:De 6% até 33%","Não","C","INDÚSTRIAS DE TRANSFORMAÇÃO","33","MANUTENÇÃO, REPARAÇÃO E INSTALAÇÃO DE MÁQUINAS E EQUIPAMENTOS","331","MANUTENÇÃO E REPARAÇÃO DE MÁQUINAS E EQUIPAMENTOS","33147","MANUTENÇÃO E REPARAÇÃO DE MÁQUINAS E EQUIPAMENTOS DA INDÚSTRIA MECÂNICA","a manutenção e reparação de máquinas e equipamentos para embalar e ensacar || a manutenção e reparação de máquinas e aparelhos para saneamento básico e ambiental || a manutenção e reparação de máquinas automáticas para vendas de produtos || a manutenção e reparação de extintores de incêndio || a manutenção e reparação de calandras || a manutenção e reparação de outras máquinas e equipamentos de uso geral, não especificados anteriormente","","BALANÇAS COMERCIAIS E INDUSTRIAIS, REPARAÇÃO E MANUTENÇÃO EXECUTADA POR UNIDADE ESPECIALIZADA || BOMBAS PARA DISTRIBUIÇÃO DE COMBUSTÍVEIS, MANUTENÇÃO EXECUTADA POR UNIDADE ESPECIALIZADA || CABINAS PARA PINTURA, MANUTENÇÃO E REPARAÇÃO EXECUTADA POR UNIDADE ESPECIALIZADA || CALANDRAS INDUSTRIAIS, MANUTENÇÃO E REPARAÇÃO EXECUTADA POR UNIDADE ESPECIALIZADA || ENSACADEIRA AUTOMÁTICA, REPARAÇÃO E MANUTENÇÃO EXECUTADA POR UNIDADE ESPECIALIZADA || EXTINTORES DE INCÊNDIO, REPARAÇÃO E MANUTENÇÃO EXECUTADA POR UNIDADE ESPECIALIZADA || FILTROS INDUSTRIAIS, REPARAÇÃO E MANUTENÇÃO EXECUTADA POR UNIDADE ESPECIALIZADA || INCINERADORES, REPARAÇÃO E MANUTENÇÃO EXECUTADA POR UNIDADE ESPECIALIZADA || LAVADORAS DE CARPETE E ESTOFADOS, MANUTENÇÃO E REPARAÇÃO EXECUTADA POR UNIDADE ESPECIALIZADA || MÁQUINAS AUTOMÁTICAS PARA LAVAR E LUBRIFICAR CARROS, REPARAÇÃO E MANUTENÇÃO EXECUTADA POR UNIDADE ESPECIALIZADA || MÁQUINAS AUTOMÁTICAS PARA VENDA DE PRODUTOS, MANUTENÇÃO E REPARAÇÃO EXECUTADA POR UNIDADE ESPECIALIZADA || MÁQUINAS PARA BARES E LANCHONETES, MANUTENÇÃO E REPARAÇÃO EXECUTADA POR UNIDADE ESPECIALIZADA || MÁQUINAS PARA EMBALAR E ENSACAR, MANUTENÇÃO E REPARAÇÃO EXECUTADA POR UNIDADE ESPECIALIZADA || MÁQUINAS PARA FATIAR (COMERCIAL), MANUTENÇÃO E REPARAÇÃO EXECUTADA POR UNIDADE ESPECIALIZADA || MÁQUINAS PARA SANEAMENTO BÁSICO E AMBIENTAL; MANUTENÇÃO E REPARAÇÃO EXECUTADA POR UNIDADE ESPECIALIZADA || TROCADORES (PERMUTADORES) DE CALOR, REPARAÇÃO E MANUTENÇÃO EXECUTADA POR UNIDADE ESPECIALIZADA","3311200|3312102|3312103|3312104|3313901|3313902|3313999|3314701|3314702|3314703|3314704|3314705|3314706|3314707|3314708|3314709|3314711|3314712|3314713|3314714|3314715|3314716|3314717|3314718|3314719|3314720|3314721|3314722|3314799|3315500|3316301|3316302|3317101|3317102|3319800|3321000|3329501|3329599","OK","","","nao-ratificado"
"3314-7/11","3314711","MANUTENÇÃO E REPARAÇÃO DE MÁQUINAS E EQUIPAMENTOS PARA AGRICULTURA E PECUÁRIA","Atende","Sim","Sim","III","III:De 6% até 33%","Não","C","INDÚSTRIAS DE TRANSFORMAÇÃO","33","MANUTENÇÃO, REPARAÇÃO E INSTALAÇÃO DE MÁQUINAS E EQUIPAMENTOS","331","MANUTENÇÃO E REPARAÇÃO DE MÁQUINAS E EQUIPAMENTOS","33147","MANUTENÇÃO E REPARAÇÃO DE MÁQUINAS E EQUIPAMENTOS DA INDÚSTRIA MECÂNICA","a manutenção e reparação de máquinas para agricultura: arados, grades, adubadoras, semeadeiras, colheitadeiras, trilhadeiras e semelhantes || a manutenção e reparação de máquinas e equipamentos para avicultura, apicultura, cunicultura e criação de pequenos animais (incubadoras, criadeiras, comedouros, colméias, fumigadores, etc.) || a manutenção e reparação de máquinas, aparelhos e materiais para obtenção de produtos de origem animal (ordenhadeiras mecânicas, tosquiadores de lã, etc.) || a manutenção e reparação de máquinas para beneficiamento ou preparação de produtos agrícolas: máquinas para beneficiar algodão, café, arroz, debulhadoras para milho, arroz, etc., instalações para classificação, seleção e beneficiamento de frutas e semelhantes || a manutenção e reparação de outras máquinas e equipamentos para agricultura, avicultura e obtenção de produtos animais","a manutenção e reparação de tratores agrícolas, quando executadas por empresa especializada (3314-7/12)","ADUBADORAS, REPARAÇÃO E MANUTENÇÃO EXECUTADA POR UNIDADE ESPECIALIZADA || APARELHOS E MÁQUINAS PARA APICULTURA E CRIAÇÃO DE PEQUENOS ANIMAIS, MANUTENÇÃO EXECUTADA POR UNIDADE ESPECIALIZADA || ARADOS, MANUTENÇÃO EXECUTADA POR UNIDADE ESPECIALIZADA || CULTIVADORES AGRÍCOLAS, REPARAÇÃO E MANUTENÇÃO EXECUTADA POR UNIDADE ESPECIALIZADA || DISTRIBUIDORES DE FERTILIZANTES, REPARAÇÃO E MANUTENÇÃO EXECUTADA POR UNIDADE ESPECIALIZADA || INCUBADORAS AVÍCOLAS, REPARAÇÃO E MANUTENÇÃO EXECUTADA POR UNIDADE ESPECIALIZADA || MÁQUINAS E APARELHOS PARA AVICULTURA, MANUTENÇÃO EXECUTADA POR UNIDADE ESPECIALIZADA || MÁQUINAS E EQUIPAMENTOS PARA IRRIGAÇÃO AGRÍCOLA; MANUTENÇÃO E REPARAÇÃO EXECUTADA POR UNIDADE ESPECIALIZADA || MÁQUINAS PARA AGRICULTURA, REPARAÇÃO E MANUTENÇÃO EXECUTADA POR UNIDADE ESPECIALIZADA || PULVERIZADORES, REPARAÇÃO E MANUTENÇÃO EXECUTADA POR UNIDADE ESPECIALIZADA || TOSQUIADORES DE LÃ, REPARAÇÃO E MANUTENÇÃO EXECUTADA POR UNIDADE ESPECIALIZADA","3311200|3312102|3312103|3312104|3313901|3313902|3313999|3314701|3314702|3314703|3314704|3314705|3314706|3314707|3314708|3314709|3314710|3314712|3314713|3314714|3314715|3314716|3314717|3314718|3314719|3314720|3314721|3314722|3314799|3315500|3316301|3316302|3317101|3317102|3319800|3321000|3329501|3329599","OK","","","nao-ratificado"
"3314-7/12","3314712","MANUTENÇÃO E REPARAÇÃO DE TRATORES AGRÍCOLAS","Atende","Sim","Sim","III","III:De 6% até 33%","Não","C","INDÚSTRIAS DE TRANSFORMAÇÃO","33","MANUTENÇÃO, REPARAÇÃO E INSTALAÇÃO DE MÁQUINAS E EQUIPAMENTOS","331","MANUTENÇÃO E REPARAÇÃO DE MÁQUINAS E EQUIPAMENTOS","33147","MANUTENÇÃO E REPARAÇÃO DE MÁQUINAS E EQUIPAMENTOS DA INDÚSTRIA MECÂNICA","a manutenção e reparação de tratores agrícolas","a manutenção e reparação de máquinas e equipamentos para agricultura e pecuária (3314-7/11)","TRATORES AGRÍCOLAS, REPARAÇÃO E MANUTENÇÃO EXECUTADA POR UNIDADE ESPECIALIZADA","3311200|3312102|3312103|3312104|3313901|3313902|3313999|3314701|3314702|3314703|3314704|3314705|3314706|3314707|3314708|3314709|3314710|3314711|3314713|3314714|3314715|3314716|3314717|3314718|3314719|3314720|3314721|3314722|3314799|3315500|3316301|3316302|3317101|3317102|3319800|3321000|3329501|3329599","OK","","","nao-ratificado"
"3314-7/13","3314713","MANUTENÇÃO E REPARAÇÃO DE MÁQUINAS FERRAMENTA","Atende","Sim","Não","III","III:De 6% até 33%","Não","C","INDÚSTRIAS DE TRANSFORMAÇÃO","33","MANUTENÇÃO, REPARAÇÃO E INSTALAÇÃO DE MÁQUINAS E EQUIPAMENTOS","331","MANUTENÇÃO E REPARAÇÃO DE MÁQUINAS E EQUIPAMENTOS","33147","MANUTENÇÃO E REPARAÇÃO DE MÁQUINAS E EQUIPAMENTOS DA INDÚSTRIA MECÂNICA","a manutenção e reparação de máquinas-ferramenta para trabalhar metais, madeiras, pedras, borracha endurecida, plástico endurecido, etc. || a manutenção e reparação de máquinas-ferramenta não-elétricas || a manutenção e reparação de ferramentas elétricas manuais (furadeiras, lixadeiras, politrizes, serras, etc.) ou de funcionamento com ar comprimido || a manutenção e reparação de máquinas-ferramenta de comando numérico ou que integre várias fases do trabalho","","CENTROS DE USINAGEM, REPARAÇÃO E MANUTENÇÃO EXECUTADA POR UNIDADE ESPECIALIZADA || FERRAMENTAS ELÉTRICAS MANUAIS, MANUTENÇÃO E REPARAÇÃO EXECUTADA POR UNIDADE ESPECIALIZADA || FURADEIRAS, LIXADEIRAS, POLITRIZES E OUTRAS FERRAMENTAS INDUSTRIAIS, MANUTENÇÃO E REPARAÇÃO EXECUTADA POR UNIDADE ESPECIALIZADA || LAMINADORES PARA MADEIRA, REPARAÇÃO E MANUTENÇÃO EXECUTADA POR UNIDADE ESPECIALIZADA || MOTOSSERRAS, REPARAÇÃO EXECUTADA POR UNIDADE ESPECIALIZADA || MÁQUINAS E EQUIPAMENTOS PARA SOLDA; REPARAÇÃO E MANUTENÇÃO EXECUTADA POR UNIDADE ESPECIALIZADA || MÁQUINAS-FERRAMENTA DE COMANDO NUMÉRICO, REPARAÇÃO E MANUTENÇÃO EXECUTADA POR UNIDADE ESPECIALIZADA || MÁQUINAS-FERRAMENTA NÃO-ELÉTRICOS, REPARAÇÃO E MANUTENÇÃO EXECUTADA POR UNIDADE ESPECIALIZADA || MÁQUINAS-FERRAMENTA PARA INDUSTRIA DA BORRACHA, REPARAÇÃO E MANUTENÇÃO EXECUTADA POR UNIDADE ESPECIALIZADA || MÁQUINAS-FERRAMENTA PARA SERRARIAS, REPARAÇÃO E MANUTENÇÃO EXECUTADA POR UNIDADE ESPECIALIZADA || MÁQUINAS-FERRAMENTA PARA TRABALHAR METAIS, REPARAÇÃO E MANUTENÇÃO EXECUTADA POR UNIDADE ESPECIALIZADA || MÁQUINAS-FERRAMENTA; REPARAÇÃO E MANUTENÇÃO EXECUTADA POR UNIDADE ESPECIALIZADA || PRENSAS INDUSTRIAIS, MANUTENÇÃO E REPARAÇÃO EXECUTADA POR UNIDADE ESPECIALIZADA || TORNOS INDUSTRIAIS, MANUTENÇÃO EXECUTADA POR UNIDADE ESPECIALIZADA","3311200|3312102|3312103|3312104|3313901|3313902|3313999|3314701|3314702|3314703|3314704|3314705|3314706|3314707|3314708|3314709|3314710|3314711|3314712|3314714|3314715|3314716|3314717|3314718|3314719|3314720|3314721|3314722|3314799|3315500|3316301|3316302|3317101|3317102|3319800|3321000|3329501|3329599","OK","","","nao-ratificado"
"3314-7/14","3314714","MANUTENÇÃO E REPARAÇÃO DE MÁQUINAS E EQUIPAMENTOS PARA A PROSPECÇÃO E EXTRAÇÃO DE PETRÓLEO","Atende","Sim","Não","III","III:De 6% até 33%","Não","C","INDÚSTRIAS DE TRANSFORMAÇÃO","33","MANUTENÇÃO, REPARAÇÃO E INSTALAÇÃO DE MÁQUINAS E EQUIPAMENTOS","331","MANUTENÇÃO E REPARAÇÃO DE MÁQUINAS E EQUIPAMENTOS","33147","MANUTENÇÃO E REPARAÇÃO DE MÁQUINAS E EQUIPAMENTOS DA INDÚSTRIA MECÂNICA","a manutenção e reparação de equipamentos para a indústria de prospecção e extração de petróleo (perfuratrizes, sondas, brocas rotativas, etc.)","","MÁQUINAS E EQUIPAMENTOS PARA A INDUSTRIA DE PROSPECÇÃO E EXTRAÇÃO DE PETRÓLEO, REPARAÇÃO E MANUTENÇÃO EXECUTADA POR UNIDADE ESPECIALIZADA || PERFURATRIZES PARA PROSPECÇÃO E EXTRAÇÃO DE PETRÓLEO, REPARAÇÃO E MANUTENÇÃO EXECUTADA POR UNIDADE ESPECIALIZADA","3311200|3312102|3312103|3312104|3313901|3313902|3313999|3314701|3314702|3314703|3314704|3314705|3314706|3314707|3314708|3314709|3314710|3314711|3314712|3314713|3314715|3314716|3314717|3314718|3314719|3314720|3314721|3314722|3314799|3315500|3316301|3316302|3317101|3317102|3319800|3321000|3329501|3329599","OK","","","nao-ratificado"
"3314-7/15","3314715","MANUTENÇÃO E REPARAÇÃO DE MÁQUINAS E EQUIPAMENTOS PARA USO NA EXTRAÇÃO MINERAL, EXCETO NA EXTRAÇÃO DE PETRÓLEO","Atende","Sim","Não","III","III:De 6% até 33%","Não","C","INDÚSTRIAS DE TRANSFORMAÇÃO","33","MANUTENÇÃO, REPARAÇÃO E INSTALAÇÃO DE MÁQUINAS E EQUIPAMENTOS","331","MANUTENÇÃO E REPARAÇÃO DE MÁQUINAS E EQUIPAMENTOS","33147","MANUTENÇÃO E REPARAÇÃO DE MÁQUINAS E EQUIPAMENTOS DA INDÚSTRIA MECÂNICA","a manutenção e reparação de máquinas e equipamentos de uso na extração mineral || a manutenção e reparação de máquinas para beneficiar minerais (para classificação, separação, lavagem, trituração, etc.)","","MÁQUINAS E EQUIPAMENTOS PARA A EXTRAÇÃO E BENEFICIAMENTO DE MINÉRIOS, REPARAÇÃO E MANUTENÇÃO EXECUTADA POR UNIDADE ESPECIALIZADA || MÁQUINAS E EQUIPAMENTOS PARA BENEFICIAR MINERAIS, MANUTENÇÃO E REPARAÇÃO EXECUTADA POR UNIDADE ESPECIALIZADA","3311200|3312102|3312103|3312104|3313901|3313902|3313999|3314701|3314702|3314703|3314704|3314705|3314706|3314707|3314708|3314709|3314710|3314711|3314712|3314713|3314714|3314716|3314717|3314718|3314719|3314720|3314721|3314722|3314799|3315500|3316301|3316302|3317101|3317102|3319800|3321000|3329501|3329599","OK","","","nao-ratificado"
"3314-7/16","3314716","MANUTENÇÃO E REPARAÇÃO DE TRATORES, EXCETO AGRÍCOLAS","Atende","Sim","Não","III","III:De 6% até 33%","Não","C","INDÚSTRIAS DE TRANSFORMAÇÃO","33","MANUTENÇÃO, REPARAÇÃO E INSTALAÇÃO DE MÁQUINAS E EQUIPAMENTOS","331","MANUTENÇÃO E REPARAÇÃO DE MÁQUINAS E EQUIPAMENTOS","33147","MANUTENÇÃO E REPARAÇÃO DE MÁQUINAS E EQUIPAMENTOS DA INDÚSTRIA MECÂNICA","a manutenção e reparação de tratores de rodas ou de esteira","a manutenção e reparação de tratores agrícolas, quando executadas por empresa especializada (3314-7/12)","TRATORES, EXCETO AGRÍCOLAS, MANUTENÇÃO E REPARAÇÃO EXECUTADA POR UNIDADE ESPECIALIZADA","3311200|3312102|3312103|3312104|3313901|3313902|3313999|3314701|3314702|3314703|3314704|3314705|3314706|3314707|3314708|3314709|3314710|3314711|3314712|3314713|3314714|3314715|3314717|3314718|3314719|3314720|3314721|3314722|3314799|3315500|3316301|3316302|3317101|3317102|3319800|3321000|3329501|3329599","OK","","","nao-ratificado"
"3314-7/17","3314717","MANUTENÇÃO E REPARAÇÃO DE MÁQUINAS E EQUIPAMENTOS DE TERRAPLENAGEM, PAVIMENTAÇÃO E CONSTRUÇÃO, EXCETO TRATORES","Atende","Sim","Não","III","III:De 6% até 33%","Não","C","INDÚSTRIAS DE TRANSFORMAÇÃO","33","MANUTENÇÃO, REPARAÇÃO E INSTALAÇÃO DE MÁQUINAS E EQUIPAMENTOS","331","MANUTENÇÃO E REPARAÇÃO DE MÁQUINAS E EQUIPAMENTOS","33147","MANUTENÇÃO E REPARAÇÃO DE MÁQUINAS E EQUIPAMENTOS DA INDÚSTRIA MECÂNICA","a manutenção e reparação de máquinas e equipamentos de terraplenagem, pavimentação e construção (escavadoras, escarificadores, perfuradoras, pás mecânicas, rolos compressores, betoneiras e semelhantes)","a manutenção e reparação de máquinas e equipamentos de uso na extração mineral, quando executada por empresa especializada (3314-7/14) e (3314-7/15)","BETONEIRAS, MANUTENÇÃO E REPARAÇÃO EXECUTADA POR UNIDADE ESPECIALIZADA || ESCAVADEIRAS OU ESCAVADORAS(MÁQUINAS PARA TERRAPLENAGEM, MINERAÇÃO,CONSTRUÇÃO E ETC); MANUTENÇÃO E REPARAÇÃO EXECUTADA POR UNIDADE ESPECIALIZADA || MISTURADORES E ESPALHADORES DE ASFALTO, REPARAÇÃO E MANUTENÇÃO EXECUTADA POR UNIDADE ESPECIALIZADA || MOTONIVELADORAS PARA TERRAPLENAGEM, MANUTENÇÃO E REPARAÇÃO EXECUTADA POR UNIDADE ESPECIALIZADA || MÁQUINAS E EQUIPAMENTOS DE TERRAPLENAGEM E PAVIMENTAÇÃO, REPARAÇÃO E MANUTENÇÃO EXECUTADA POR UNIDADE ESPECIALIZADA || MÁQUINAS E EQUIPAMENTOS PARA A INDUSTRIA DA CONSTRUÇÃO, REPARAÇÃO E MANUTENÇÃO EXECUTADA POR UNIDADE ESPECIALIZADA || MÁQUINAS PARA PAVIMENTAÇÃO, N.E.(EXCETO TRATORES), MANUTENÇÃO E REPARAÇÃO EXECUTADA POR UNIDADE ESPECIALIZADA || PÁS MECÂNICAS, ESCAVADORES, CARREGADORAS E PÁS-CARREGADORAS, REPARAÇÃO E MANUTENÇÃO EXECUTADA POR UNIDADE ESPECIALIZADA || VIBRADORES DE CONCRETO, REPARAÇÃO E MANUTENÇÃO EXECUTADA POR UNIDADE ESPECIALIZADA","3311200|3312102|3312103|3312104|3313901|3313902|3313999|3314701|3314702|3314703|3314704|3314705|3314706|3314707|3314708|3314709|3314710|3314711|3314712|3314713|3314714|3314715|3314716|3314718|3314719|3314720|3314721|3314722|3314799|3315500|3316301|3316302|3317101|3317102|3319800|3321000|3329501|3329599","OK","","","nao-ratificado"
"3314-7/18","3314718","MANUTENÇÃO E REPARAÇÃO DE MÁQUINAS PARA A INDÚSTRIA METALÚRGICA, EXCETO MÁQUINAS FERRAMENTA","Atende","Sim","Não","III","III:De 6% até 33%","Não","C","INDÚSTRIAS DE TRANSFORMAÇÃO","33","MANUTENÇÃO, REPARAÇÃO E INSTALAÇÃO DE MÁQUINAS E EQUIPAMENTOS","331","MANUTENÇÃO E REPARAÇÃO DE MÁQUINAS E EQUIPAMENTOS","33147","MANUTENÇÃO E REPARAÇÃO DE MÁQUINAS E EQUIPAMENTOS DA INDÚSTRIA MECÂNICA","a manutenção e reparação de máquinas e equipamentos para a indústria siderúrgica e metalúrgica em geral (convertedores, laminadores, trens de laminação, etc.) || a manutenção de lingoteiras para siderurgia","","LAMINADORES DE METAIS, REPARAÇÃO E MANUTENÇÃO EXECUTADA POR UNIDADE ESPECIALIZADA || MÁQUINAS PARA A INDUSTRIA METALÚRGICA, REPARAÇÃO E MANUTENÇÃO EXECUTADA POR UNIDADE ESPECIALIZADA || MÁQUINAS PARA A INDUSTRIA SIDERÚRGICA, REPARAÇÃO E MANUTENÇÃO EXECUTADA POR UNIDADE ESPECIALIZADA","3311200|3312102|3312103|3312104|3313901|3313902|3313999|3314701|3314702|3314703|3314704|3314705|3314706|3314707|3314708|3314709|3314710|3314711|3314712|3314713|3314714|3314715|3314716|3314717|3314719|3314720|3314721|3314722|3314799|3315500|3316301|3316302|3317101|3317102|3319800|3321000|3329501|3329599","OK","","","nao-ratificado"
"3314-7/19","3314719","MANUTENÇÃO E REPARAÇÃO DE MÁQUINAS E EQUIPAMENTOS PARA AS INDÚSTRIAS DE ALIMENTOS, BEBIDAS E FUMO","Atende","Sim","Sim","III","III:De 6% até 33%","Não","C","INDÚSTRIAS DE TRANSFORMAÇÃO","33","MANUTENÇÃO, REPARAÇÃO E INSTALAÇÃO DE MÁQUINAS E EQUIPAMENTOS","331","MANUTENÇÃO E REPARAÇÃO DE MÁQUINAS E EQUIPAMENTOS","33147","MANUTENÇÃO E REPARAÇÃO DE MÁQUINAS E EQUIPAMENTOS DA INDÚSTRIA MECÂNICA","a manutenção e reparação de máquinas e equipamentos para as indústrias de alimentos, bebidas e fumo","","MÁQUINAS E APARELHOS PARA PANIFICAÇÃO, MANUTENÇÃO E REPARAÇÃO EXECUTADA POR UNIDADE ESPECIALIZADA || MÁQUINAS E EQUIPAMENTOS PARA A INDUSTRIA ALIMENTAR, REPARAÇÃO E MANUTENÇÃO EXECUTADA POR UNIDADE ESPECIALIZADA || MÁQUINAS E EQUIPAMENTOS PARA A INDUSTRIA DE BEBIDAS, REPARAÇÃO E MANUTENÇÃO EXECUTADA POR UNIDADE ESPECIALIZADA || MÁQUINAS E EQUIPAMENTOS PARA A INDUSTRIA DO FUMO, REPARAÇÃO E MANUTENÇÃO EXECUTADA POR UNIDADE ESPECIALIZADA || MÁQUINAS E EQUIPAMENTOS PARA FRIGORÍFICOS, MATADOUROS E ABATEDOUROS, REPARAÇÃO E MANUTENÇÃO EXECUTADA POR UNIDADE ESPECIALIZADA","3311200|3312102|3312103|3312104|3313901|3313902|3313999|3314701|3314702|3314703|3314704|3314705|3314706|3314707|3314708|3314709|3314710|3314711|3314712|3314713|3314714|3314715|3314716|3314717|3314718|3314720|3314721|3314722|3314799|3315500|3316301|3316302|3317101|3317102|3319800|3321000|3329501|3329599","OK","","","nao-ratificado"
"3314-7/20","3314720","MANUTENÇÃO E REPARAÇÃO DE MÁQUINAS E EQUIPAMENTOS PARA A INDÚSTRIA TÊXTIL, DO VESTUÁRIO, DO COURO E CALÇADOS","Atende","Sim","Sim","III","III:De 6% até 33%","Não","C","INDÚSTRIAS DE TRANSFORMAÇÃO","33","MANUTENÇÃO, REPARAÇÃO E INSTALAÇÃO DE MÁQUINAS E EQUIPAMENTOS","331","MANUTENÇÃO E REPARAÇÃO DE MÁQUINAS E EQUIPAMENTOS","33147","MANUTENÇÃO E REPARAÇÃO DE MÁQUINAS E EQUIPAMENTOS DA INDÚSTRIA MECÂNICA","a manutenção e reparação de máquinas e equipamentos para a indústria têxtil || a manutenção e reparação de máquinas e equipamentos para as indústrias do vestuário, do couro e calçados","","MÁQUINAS DE COSTURA INDUSTRIAIS; REPARAÇÃO E MANUTENÇÃO EXECUTADA POR UNIDADE ESPECIALIZADA || MÁQUINAS E EQUIPAMENTOS PARA A INDUSTRIA DE CALÇADOS, REPARAÇÃO E MANUTENÇÃO EXECUTADA POR UNIDADE ESPECIALIZADA || MÁQUINAS E EQUIPAMENTOS PARA A INDUSTRIA TÊXTIL, REPARAÇÃO E MANUTENÇÃO EXECUTADA POR UNIDADE ESPECIALIZADA || MÁQUINAS E EQUIPAMENTOS PARA AS INDUSTRIAS DO COURO E CURTUME, REPARAÇÃO E MANUTENÇÃO DE || MÁQUINAS E EQUIPAMENTOS PARA AS INDUSTRIAS DO VESTUÁRIO E CONFECÇÃO, REPARAÇÃO E MANUTENÇÃO EXECUTADA POR UNIDADE ESPECIALIZADA || MÁQUINAS E EQUIPAMENTOS PARA INSTALAÇÕES EM LAVANDERIAS, TINTURARIAS E SEMELHANTES, MANUTENÇÃO E REPARAÇÃO EXECUTADA POR UNIDADE ESPECIALIZADA","3311200|3312102|3312103|3312104|3313901|3313902|3313999|3314701|3314702|3314703|3314704|3314705|3314706|3314707|3314708|3314709|3314710|3314711|3314712|3314713|3314714|3314715|3314716|3314717|3314718|3314719|3314721|3314722|3314799|3315500|3316301|3316302|3317101|3317102|3319800|3321000|3329501|3329599","OK","","","nao-ratificado"
"3314-7/21","3314721","MANUTENÇÃO E REPARAÇÃO DE MÁQUINAS E APARELHOS PARA A INDÚSTRIA DE CELULOSE, PAPEL E PAPELÃO E ARTEFATOS","Atende","Sim","Não","III","III:De 6% até 33%","Não","C","INDÚSTRIAS DE TRANSFORMAÇÃO","33","MANUTENÇÃO, REPARAÇÃO E INSTALAÇÃO DE MÁQUINAS E EQUIPAMENTOS","331","MANUTENÇÃO E REPARAÇÃO DE MÁQUINAS E EQUIPAMENTOS","33147","MANUTENÇÃO E REPARAÇÃO DE MÁQUINAS E EQUIPAMENTOS DA INDÚSTRIA MECÂNICA","a manutenção e reparação de máquinas e equipamentos para as indústrias de celulose, papel, papel-cartão, papelão e artefatos","","MÁQUINAS E EQUIPAMENTOS PARA AS INDUSTRIAS DE CELULOSE, PAPEL E PAPELÃO, REPARAÇÃO E MANUTENÇÃO EXECUTADA POR UNIDADE ESPECIALIZADA","3311200|3312102|3312103|3312104|3313901|3313902|3313999|3314701|3314702|3314703|3314704|3314705|3314706|3314707|3314708|3314709|3314710|3314711|3314712|3314713|3314714|3314715|3314716|3314717|3314718|3314719|3314720|3314722|3314799|3315500|3316301|3316302|3317101|3317102|3319800|3321000|3329501|3329599","OK","","","nao-ratificado"
"3314-7/22","3314722","MANUTENÇÃO E REPARAÇÃO DE MÁQUINAS E APARELHOS PARA A INDÚSTRIA DO PLÁSTICO","Atende","Sim","Não","III","III:De 6% até 33%","Não","C","INDÚSTRIAS DE TRANSFORMAÇÃO","33","MANUTENÇÃO, REPARAÇÃO E INSTALAÇÃO DE MÁQUINAS E EQUIPAMENTOS","331","MANUTENÇÃO E REPARAÇÃO DE MÁQUINAS E EQUIPAMENTOS","33147","MANUTENÇÃO E REPARAÇÃO DE MÁQUINAS E EQUIPAMENTOS DA INDÚSTRIA MECÂNICA","a manutenção e reparação de máquinas e aparelhos para a indústria do plástico","a manutenção e reparação de máquinas e aparelhos para trabalhar plástico endurecido (3314-7/13)","MÁQUINAS PARA A INDUSTRIA DO PLÁSTICO, REPARAÇÃO E MANUTENÇÃO EXECUTADA POR UNIDADE ESPECIALIZADA","3311200|3312102|3312103|3312104|3313901|3313902|3313999|3314701|3314702|3314703|3314704|3314705|3314706|3314707|3314708|3314709|3314710|3314711|3314712|3314713|3314714|3314715|3314716|3314717|3314718|3314719|3314720|3314721|3314799|3315500|3316301|3316302|3317101|3317102|3319800|3321000|3329501|3329599","OK","","","nao-ratificado"
"3314-7/99","3314799","MANUTENÇÃO E REPARAÇÃO DE OUTRAS MÁQUINAS E EQUIPAMENTOS PARA USOS INDUSTRIAIS NÃO ESPECIFICADOS ANTERIORMENTE","Atende","Sim","Sim","III","III:De 6% até 33%","Não","C","INDÚSTRIAS DE TRANSFORMAÇÃO","33","MANUTENÇÃO, REPARAÇÃO E INSTALAÇÃO DE MÁQUINAS E EQUIPAMENTOS","331","MANUTENÇÃO E REPARAÇÃO DE MÁQUINAS E EQUIPAMENTOS","33147","MANUTENÇÃO E REPARAÇÃO DE MÁQUINAS E EQUIPAMENTOS DA INDÚSTRIA MECÂNICA","a manutenção e reparação de máquinas e equipamentos para a indústria da madeira || a manutenção e reparação de máquinas e equipamentos para a indústria de perfumaria, sabões e velas || a manutenção e reparação de máquinas e aparelhos para a indústria de cerâmica, artefatos de cimento e olarias || a manutenção e reparação de máquinas e aparelhos para a indústria da borracha || a manutenção e reparação de máquinas e aparelhos para a indústria gráfica || a manutenção e reparação de máquinas para encadernação || a manutenção e reparação de máquinas para trabalhar fios de fibra de vidro || a manutenção e reparação de máquinas para a indústria do refino do petróleo || a manutenção e reparação de outras máquinas e equipamentos de usos industriais não especificados anteriormente","","MÁQUINAS E APARELHOS PARA A INDUSTRIA DE PRODUTOS QUÍMICOS E FARMACÊUTICOS, MANUTENÇÃO E REPARAÇÃO EXECUTADA POR UNIDADE ESPECIALIZADA || MÁQUINAS E APARELHOS PARA A INDUSTRIA GRÁFICA, MANUTENÇÃO E REPARAÇÃO EXECUTADA POR UNIDADE ESPECIALIZADA || MÁQUINAS PARA A INDUSTRIA DA BORRACHA, MANUTENÇÃO E REPARAÇÃO EXECUTADA POR UNIDADE ESPECIALIZADA || MÁQUINAS PARA A INDUSTRIA DA MADEIRA, REPARAÇÃO E MANUTENÇÃO EXECUTADA POR UNIDADE ESPECIALIZADA || MÁQUINAS PARA AS INDUSTRIAS DE PERFUMARIA, SABÕES E VELAS, REPARAÇÃO E MANUTENÇÃO EXECUTADA POR UNIDADE ESPECIALIZADA || MÁQUINAS PARA DESTILARIAS DE ÁLCOOL, MANUTENÇÃO E REPARAÇÃO EXECUTADA POR UNIDADE ESPECIALIZADA || MÁQUINAS PARA INDUSTRIA DE ARTEFATOS DE CIMENTO, MANUTENÇÃO E REPARAÇÃO EXECUTADA POR UNIDADE ESPECIALIZADA || MÁQUINAS PARA REFINAÇÃO DE PETRÓLEO, MANUTENÇÃO E REPARAÇÃO EXECUTADA POR UNIDADE ESPECIALIZADA","3311200|3312102|3312103|3312104|3313901|3313902|3313999|3314701|3314702|3314703|3314704|3314705|3314706|3314707|3314708|3314709|3314710|3314711|3314712|3314713|3314714|3314715|3314716|3314717|3314718|3314719|3314720|3314721|3314722|3315500|3316301|3316302|3317101|3317102|3319800|3321000|3329501|3329599","OK","","","nao-ratificado"
"3315-5/00","3315500","MANUTENÇÃO E REPARAÇÃO DE VEÍCULOS FERROVIÁRIOS","Atende","Sim","Não","III","III:De 6% até 33%","Não","C","INDÚSTRIAS DE TRANSFORMAÇÃO","33","MANUTENÇÃO, REPARAÇÃO E INSTALAÇÃO DE MÁQUINAS E EQUIPAMENTOS","331","MANUTENÇÃO E REPARAÇÃO DE MÁQUINAS E EQUIPAMENTOS","33155","MANUTENÇÃO E REPARAÇÃO DE VEÍCULOS FERROVIÁRIOS","a manutenção e reparação de veículos ferroviários","a reparação de caldeiras e motores para veículos ferroviários (3314-7/01) || a reparação de motores elétricos para veículos ferroviários quando executada por empresa especializada (3313-9/01)","VEÍCULOS FERROVIÁRIOS, MANUTENÇÃO E REPARAÇÃO EXECUTADA POR UNIDADE ESPECIALIZADA","3311200|3312102|3312103|3312104|3313901|3313902|3313999|3314701|3314702|3314703|3314704|3314705|3314706|3314707|3314708|3314709|3314710|3314711|3314712|3314713|3314714|3314715|3314716|3314717|3314718|3314719|3314720|3314721|3314722|3314799|3316301|3316302|3317101|3317102|3319800|3321000|3329501|3329599","OK","","","nao-ratificado"
"3316-3/01","3316301","MANUTENÇÃO E REPARAÇÃO DE AERONAVES, EXCETO A MANUTENÇÃO NA PISTA","Atende","Sim","Não","III","III:De 6% até 33%","Não","C","INDÚSTRIAS DE TRANSFORMAÇÃO","33","MANUTENÇÃO, REPARAÇÃO E INSTALAÇÃO DE MÁQUINAS E EQUIPAMENTOS","331","MANUTENÇÃO E REPARAÇÃO DE MÁQUINAS E EQUIPAMENTOS","33163","MANUTENÇÃO E REPARAÇÃO DE AERONAVES","a manutenção e reparação de aeronaves, turbinas e motores de aviação","a manutenção de aeronaves na pista (3316-3/02) || a reparação de instrumentos para navegação aérea (3312-1/02)","AERONAVES, MANUTENÇÃO E REPARAÇÃO EXECUTADA POR UNIDADE ESPECIALIZADA || TURBINAS E MOTORES DE AERONAVES, MANUTENÇÃO E REPARAÇÃO EXECUTADA POR UNIDADE ESPECIALIZADA","3311200|3312102|3312103|3312104|3313901|3313902|3313999|3314701|3314702|3314703|3314704|3314705|3314706|3314707|3314708|3314709|3314710|3314711|3314712|3314713|3314714|3314715|3314716|3314717|3314718|3314719|3314720|3314721|3314722|3314799|3315500|3316302|3317101|3317102|3319800|3321000|3329501|3329599","OK","","","nao-ratificado"
"3316-3/02","3316302","MANUTENÇÃO DE AERONAVES NA PISTA","Atende","Sim","Não","III","III:De 6% até 33%","Não","C","INDÚSTRIAS DE TRANSFORMAÇÃO","33","MANUTENÇÃO, REPARAÇÃO E INSTALAÇÃO DE MÁQUINAS E EQUIPAMENTOS","331","MANUTENÇÃO E REPARAÇÃO DE MÁQUINAS E EQUIPAMENTOS","33163","MANUTENÇÃO E REPARAÇÃO DE AERONAVES","a manutenção de aeronaves na pista","a manutenção e reparação de aeronaves, turbinas e motores de aviação (3316-3/01) || a reparação de instrumentos para navegação aérea (3312-1/02)","AERONAVES NA PISTA, MANUTENÇÃO E REPARAÇÃO EXECUTADA POR UNIDADE ESPECIALIZADA","3311200|3312102|3312103|3312104|3313901|3313902|3313999|3314701|3314702|3314703|3314704|3314705|3314706|3314707|3314708|3314709|3314710|3314711|3314712|3314713|3314714|3314715|3314716|3314717|3314718|3314719|3314720|3314721|3314722|3314799|3315500|3316301|3317101|3317102|3319800|3321000|3329501|3329599","OK","","","nao-ratificado"
"3317-1/01","3317101","MANUTENÇÃO E REPARAÇÃO DE EMBARCAÇÕES E ESTRUTURAS FLUTUANTES","Atende","Sim","Não","III","III:De 6% até 33%","Não","C","INDÚSTRIAS DE TRANSFORMAÇÃO","33","MANUTENÇÃO, REPARAÇÃO E INSTALAÇÃO DE MÁQUINAS E EQUIPAMENTOS","331","MANUTENÇÃO E REPARAÇÃO DE MÁQUINAS E EQUIPAMENTOS","33171","MANUTENÇÃO E REPARAÇÃO DE EMBARCAÇÕES","a reparação de embarcações de grande porte para transporte de passageiros e carga || a manutenção e reparação de embarcações para usos especiais (rebocadores, pesqueiros, barcos-farol, embarcações para uso do corpo de bombeiros, dragas e afins) || a manutenção e reparação de estruturas flutuantes (desembarcadouros, diques, pontões, bóias, etc.) || a manutenção e limpeza de navios no porto","a reparação de embarcações de grande porte para transporte de passageiros e carga realizada em estaleiros (3011-3/01)","BARCOS PESQUEIROS; MANUTENÇÃO E REPARAÇÃO EXECUTADA POR UNIDADE ESPECIALIZADA || DRAGAS; MANUTENÇÃO E REPARAÇÃO EXECUTADA POR UNIDADE ESPECIALIZADA || EMBARCAÇÃO PARA USO DO CORPO DE BOMBEIROS, MANUTENÇÃO E REPARAÇÃO EXECUTADA POR UNIDADE ESPECIALIZADA || EMBARCAÇÃO PARA USO MILITAR, MANUTENÇÃO E REPARAÇÃO EXECUTADA POR UNIDADE ESPECIALIZADA || EMBARCAÇÕES PARA TRANPORTE DE CARGAS, MANUTENÇÃO E REPARAÇÃO EXECUTADA POR UNIDADE ESPECIALIZADA || EMBARCAÇÕES PARA TRANPORTE DE PASSAGEIROS, MANUTENÇÃO E REPARAÇÃO EXECUTADA POR UNIDADE ESPECIALIZADA || LIMPEZA DE CASCO DE NAVIOS; SERVIÇOS EXECUTADO POR UNIDADE ESPECIALIZADA || NAVIOS NO PORTO; MANUTENÇÃO EXECUTADA POR UNIDADE ESPECIALIZADA || NAVIOS PETROLEIROS (GRANDE PORTE), MANUTENÇÃO E REPARAÇÃO EXECUTADA POR UNIDADE ESPECIALIZADA || REBOCADORES, MANUTENÇÃO E REPARAÇÃO EXECUTADA POR UNIDADE ESPECIALIZADA","3311200|3312102|3312103|3312104|3313901|3313902|3313999|3314701|3314702|3314703|3314704|3314705|3314706|3314707|3314708|3314709|3314710|3314711|3314712|3314713|3314714|3314715|3314716|3314717|3314718|3314719|3314720|3314721|3314722|3314799|3315500|3316301|3316302|3317102|3319800|3321000|3329501|3329599","OK","","","nao-ratificado"
"3317-1/02","3317102","MANUTENÇÃO E REPARAÇÃO DE EMBARCAÇÕES PARA ESPORTE E LAZER","Atende","Sim","Sim","III","III:De 6% até 33%","Não","C","INDÚSTRIAS DE TRANSFORMAÇÃO","33","MANUTENÇÃO, REPARAÇÃO E INSTALAÇÃO DE MÁQUINAS E EQUIPAMENTOS","331","MANUTENÇÃO E REPARAÇÃO DE MÁQUINAS E EQUIPAMENTOS","33171","MANUTENÇÃO E REPARAÇÃO DE EMBARCAÇÕES","a manutenção e reparação de embarcações para esporte e lazer (veleiros, lanchas, canoas, caiaques, pedalinho, etc.)","","BARCOS A VELA MANUTENÇÃO E REPARAÇÃO EXECUTADA POR UNIDADE ESPECIALIZADA || CAIAQUES, MANUTENÇÃO E REPARAÇÃO EXECUTADA POR UNIDADE ESPECIALIZADA || EMBARCAÇÕES PARA ESPORTE E LAZER; REPARAÇÃO EXECUTADA POR UNIDADE ESPECIALIZADA || IATES E OUTRAS EMBARCAÇÕES DE RECREIO OU ESPORTE, MANUTENÇÃO E REPARAÇÃO EXECUTADA POR UNIDADE ESPECIALIZADA || LANCHAS, MANUTENÇÃO E REPARAÇÃO EXECUTADA POR UNIDADE ESPECIALIZADA || PEDALINHOS, MANUTENÇÃO E REPARAÇÃO EXECUTADA POR UNIDADE ESPECIALIZADA || VELEIROS, MANUTENÇÃO E REPARAÇÃO EXECUTADA POR UNIDADE ESPECIALIZADA","3311200|3312102|3312103|3312104|3313901|3313902|3313999|3314701|3314702|3314703|3314704|3314705|3314706|3314707|3314708|3314709|3314710|3314711|3314712|3314713|3314714|3314715|3314716|3314717|3314718|3314719|3314720|3314721|3314722|3314799|3315500|3316301|3316302|3317101|3319800|3321000|3329501|3329599","OK","","","nao-ratificado"
"3319-8/00","3319800","MANUTENÇÃO E REPARAÇÃO DE EQUIPAMENTOS E PRODUTOS NÃO ESPECIFICADOS ANTERIORMENTE","Atende","Sim","Sim","III","III:De 6% até 33%","Não","C","INDÚSTRIAS DE TRANSFORMAÇÃO","33","MANUTENÇÃO, REPARAÇÃO E INSTALAÇÃO DE MÁQUINAS E EQUIPAMENTOS","331","MANUTENÇÃO E REPARAÇÃO DE MÁQUINAS E EQUIPAMENTOS","33198","MANUTENÇÃO E REPARAÇÃO DE EQUIPAMENTOS E PRODUTOS NÃO ESPECIFICADOS ANTERIORMENTE","a reparação de cordas, velames e lonas || a reparação de tonéis, barris, paletes de madeira e artigos semelhantes || a reparação de veículos de tração animal || a restauração de instrumentos musicais históricos || a restauração de jogos acionados por moedas || a manutenção e reparação de não-eletrônicos e utensílios para uso médico, cirúrgico, odontológico e de laboratório || a manutenção e reparação de mobiliário específico para uso médico, cirúrgico, odontológico e de laboratório || a manutenção e reparação de equipamentos e produtos não especificados","","BARRACAS DE ACAMPAMENTO; REPARAÇÃO EXECUTADA POR UNIDADE ESPECIALIZADA || CARRINHOS PARA SUPERMERCADO; MANUTENÇÃO OU REPARAÇÃO DE || CONTÊINERES (CONTAINERS, CONTENTORES); MANUTENÇÃO E REPARAÇÃO DE || CORDAS, VELAMES E LONAS, REPARAÇÃO EXECUTADA POR UNIDADE ESPECIALIZADA || INSTRUMENTOS NÃO-ELETRÔNICOS PARA USO MÉDICO-HOSPITALAR, CIRÚRGICO, ODONTOLÓGICO E DE LABORATÓRIO; MANUTENÇÃO E REPARAÇÃO EXECUTADA POR UNIDADE ESPECIALIZADA || MOBILIÁRIO ESPECIFICO PARA USO MÉDICO-HOSPITALAR, CIRÚRGICO, ODONTOLÓGICO E DE LABORATÓRIO; MANUTENÇÃO E REPARAÇÃO EXECUTADA POR UNIDADE ESPECIALIZADA || RECUPERAÇÃO E ARTEFATOS METÁLICOS, N.E.; SERVIÇOS EXECUTADA POR UNIDADE ESPECIALIZADA || TAMBORES E TANQUES METÁLICOS PARA EMBALAGEM, RECUPERAÇÃO DE || TOLDOS E VELAS PARA BARCOS; REPARAÇÃO EXECUTADA POR UNIDADE ESPECIALIZADA || TONÉIS, BARRIS E PALETES DE MADEIRA, REPARAÇÃO EXECUTADA POR UNIDADE ESPECIALIZADA || VEÍCULOS DE TRAÇÃO ANIMAL, REPARAÇÃO EXECUTADA POR UNIDADE ESPECIALIZADA","3311200|3312102|3312103|3312104|3313901|3313902|3313999|3314701|3314702|3314703|3314704|3314705|3314706|3314707|3314708|3314709|3314710|3314711|3314712|3314713|3314714|3314715|3314716|3314717|3314718|3314719|3314720|3314721|3314722|3314799|3315500|3316301|3316302|3317101|3317102|3321000|3329501|3329599","OK","","","nao-ratificado"
"3321-0/00","3321000","INSTALAÇÃO DE MÁQUINAS E EQUIPAMENTOS INDUSTRIAIS","Atende","Sim","Sim","III","III:De 6% até 33%","Não","C","INDÚSTRIAS DE TRANSFORMAÇÃO","33","MANUTENÇÃO, REPARAÇÃO E INSTALAÇÃO DE MÁQUINAS E EQUIPAMENTOS","332","INSTALAÇÃO DE MÁQUINAS E EQUIPAMENTOS","33210","INSTALAÇÃO DE MÁQUINAS E EQUIPAMENTOS INDUSTRIAIS","a instalação de aparelhos e instrumentos de medida, teste e controle e de equipamentos para controle de processos industriais || a instalação de equipamentos e instrumentos ópticos || a instalação de aparelhos e equipamentos de irradiação, eletromédicos e eletroterapêuticos || a instalação de geradores, transformadores e de outros equipamentos elétricos || a instalação de motores, bombas, compressores e equipamentos de transmissão || a instalação de máquinas e equipamentos para agricultura, avicultura e usos semelhantes || a instalação de máquinas-ferramentas || a instalação de máquinas e equipamentos de uso na extração mineral e construção || a instalação de máquinas e equipamentos para a indústria siderúrgica e metalurgia em geral || a instalação de máquinas e equipamentos para as indústrias alimentar, de bebida e fumo || a instalação de máquinas e equipamentos para a indústria têxtil, de vestuário, couro e calçados || a instalação de máquinas e equipamentos para as indústrias de celulose, papel, papelão, papel-cartão e artefatos || a montagem de obras de caldeiraria pesada || a montagem e instalação de tanques, reservatórios e caldeiras para aquecimento central || a instalação de máquinas e equipamentos de terraplenagem, pavimentação e construção || a instalação de máquinas e equipamentos de uso geral || a instalação de outras máquinas e equipamentos industriais de uso específico","a instalação de elevadores e escadas rolantes, sistemas de alarme, sistemas de ar condicionado e outros equipamentos incorporados às edificações (divisão 43)","APARELHOS E EQUIPAMENTOS DE IRRADIAÇÃO ELETROMÉDICOS E ELETROTERAPÊUTICOS, INSTALAÇÃO E MONTAGEM EXECUTADA POR UNIDADE ESPECIALIZADA || EQUIPAMENTOS E INSTRUMENTOS DE MEDIDA, TESTE E CONTROLE, INSTALAÇÃO E MONTAGEM EXECUTADA POR UNIDADE ESPECIALIZADA || EQUIPAMENTOS E INSTRUMENTOS ÓPTICOS, INSTALAÇÃO E MONTAGEM EXECUTADA POR UNIDADE ESPECIALIZADA || EQUIPAMENTOS TRANSMISSORES DE RADIO E TELEVISÃO, MONTAGEM E INSTALAÇÃO EXECUTADAS POR UNIDADE ESPECIALIZADA || ESTUFAS, SECADORES E AUTOCLAVES NÃO-ELÉTRICAS, MONTAGEM E INSTALAÇÃO EXECUTADA POR UNIDADE ESPECIALIZADA || GERADORES, TRANSFORMADORES, MOTORES E OUTROS EQUIPAMENTOS ELÉTRICOS, INSTALAÇÃO E MONTAGEM EXECUTADA POR UNIDADE ESPECIALIZADA || MOTORES, BOMBAS, COMPRESSORES E EQUIPAMENTOS DE TRANSMISSÃO, INSTALAÇÃO E MONTAGEM EXECUTADA POR UNIDADE ESPECIALIZADA || MÁQUINAS E EQUIPAMENTOS PARA INDUSTRIA ALIMENTAR, DE BEBIDAS E FUMO, INSTALAÇÃO E MONTAGEM EXECUTADA POR UNIDADE ESPECIALIZADA || MÁQUINAS E EQUIPAMENTOS PARA INDUSTRIA DE CELULOSE, PAPEL, PAPELÃO E SEUS ARTEFATOS, INSTALAÇÃO E MONTAGEM EXECUTADA POR UNIDADE ESPECIALIZADA || MÁQUINAS E EQUIPAMENTOS PARA INDUSTRIA DO PLÁSTICO, INSTALAÇÃO E MONTAGEM EXECUTADA POR UNIDADE ESPECIALIZADA || MÁQUINAS E EQUIPAMENTOS PARA INDUSTRIA METALÚRGICA, SIDERÚRGICA OU MECÂNICA, INSTALAÇÃO E MONTAGEM EXECUTADA POR UNIDADE ESPECIALIZADA || MÁQUINAS E EQUIPAMENTOS PARA INDUSTRIA TÊXTIL, DO VESTUÁRIO, COURO E CALÇADOS, INSTALAÇÃO E MONTAGEM EXECUTADA POR UNIDADE ESPECIALIZADA || MÁQUINAS E EQUIPAMENTOS PARA TERRAPLENAGEM, PAVIMENTAÇÃO E CONSTRUÇÃO, INSTALAÇÃO E MONTAGEM EXECUTADA POR UNIDADE ESPECIALIZADA || MÁQUINAS E EQUIPAMENTOS PARA USO AGRÍCOLA, INSTALAÇÃO E MONTAGEM EXECUTADA POR UNIDADE ESPECIALIZADA || MÁQUINAS E EQUIPAMENTOS PARA USO GERAL, INSTALAÇÃO E MONTAGEM EXECUTADA POR UNIDADE ESPECIALIZADA || MÁQUINAS E EQUIPAMENTOS PARA USO NA EXTRAÇÃO MINERAL, INSTALAÇÃO E MONTAGEM EXECUTADA POR UNIDADE ESPECIALIZADA || MÁQUINAS E EQUIPAMENTOS PARA USOS INDUSTRIAIS ESPECÍFICOS, INSTALAÇÃO E MONTAGEM EXECUTADA POR UNIDADE ESPECIALIZADA || MÁQUINAS-FERRAMENTA, INSTALAÇÃO E MONTAGEM EXECUTADA POR UNIDADE ESPECIALIZADA","3311200|3312102|3312103|3312104|3313901|3313902|3313999|3314701|3314702|3314703|3314704|3314705|3314706|3314707|3314708|3314709|3314710|3314711|3314712|3314713|3314714|3314715|3314716|3314717|3314718|3314719|3314720|3314721|3314722|3314799|3315500|3316301|3316302|3317101|3317102|3319800|3329501|3329599","OK","","","nao-ratificado"
"4211-1/02","4211102","PINTURA PARA SINALIZAÇÃO EM PISTAS RODOVIÁRIAS E AEROPORTOS","Atende","Sim","Não","III","III:De 6% até 33%","Não","F","CONSTRUÇÃO","42","OBRAS DE INFRA-ESTRUTURA","421","CONSTRUÇÃO DE RODOVIAS, FERROVIAS, OBRAS URBANAS E OBRAS-DE-ARTE ESPECIAIS","42111","CONSTRUÇÃO DE RODOVIAS E FERROVIAS","a sinalização com pintura em rodovias e aeroportos || a instalação de placas de sinalização de tráfego e semelhantes","a fabricação de placas e de painéis luminosos de sinalização de tráfego e semelhantes (32.99-0) || a sinalização com pintura em vias urbanas, ruas e locais para estacionamento de veículos (4213-8/00) || a instalação de sistemas de iluminação e sinalização luminosa em vias públicas, rodovias, ferrovias, portos e aeroportos (4329-1/04)","IMPLANTAÇÃO DE SINALIZAÇÃO EM ESTRADAS E RODOVIAS || PINTURA PARA SINALIZAÇÃO EM AEROPORTOS; SERVIÇO DE || PINTURA PARA SINALIZAÇÃO EM PISTAS RODOVIÁRIAS; SERVIÇO DE || PLACAS DE SINALIZAÇÃO DE TRÁFEGO; INSTALAÇÃO DE || SINALIZAÇÃO COM PINTURA EM RODOVIAS E AEROPORTOS (CONSTRUÇÃO); SERVIÇO DE || SINALIZAÇÃO RODOVIÁRIA","4211101|4212000|4213800|4221901|4221902|4221903|4221904|4221905|4222701|4222702|4223500|4291000|4292801|4292802|4299501|4299599","OK","","","nao-ratificado"
"4221-9/03","4221903","MANUTENÇÃO DE REDES DE DISTRIBUIÇÃO DE ENERGIA ELÉTRICA","Atende","Sim","Não","III|IV","III:De 6% até 33%|IV:De 4,5% até 33%","Não","F","CONSTRUÇÃO","42","OBRAS DE INFRA-ESTRUTURA","422","OBRAS DE INFRA-ESTRUTURA PARA ENERGIA ELÉTRICA, TELECOMUNICAÇÕES, ÁGUA, ESGOTO E TRANSPORTE POR DUTOS","42219","OBRAS PARA GERAÇÃO E DISTRIBUIÇÃO DE ENERGIA ELÉTRICA E PARA TELECOMUNICAÇÕES","a manutenção de redes de distribuição de energia elétrica, quando executada por empresa não-produtora ou distribuidora de energia elétrica","a manutenção de redes de eletricidade, quando executada por empresas de produção e distribuição de energia elétrica (grupo 35.1)","LINHAS DE TRANSMISSÃO DE ENERGIA ELÉTRICA, REPARAÇÃO E MANUTENÇÃO DE || REDES DE ENERGIA ELÉTRICA; MANUTENÇÃO DE || REDES ELÉTRICAS; MANUTENÇÃO DE || SISTEMA DE PRODUÇÃO E DISTRIBUIÇÃO DE ENERGIA ELÉTRICA; MANUTENÇÃO DE","4211101|4211102|4212000|4213800|4221901|4221902|4221904|4221905|4222701|4222702|4223500|4291000|4292801|4292802|4299501|4299599","OK","","","nao-ratificado"
"4221-9/05","4221905","MANUTENÇÃO DE ESTAÇÕES E REDES DE TELECOMUNICAÇÕES","Atende","Sim","Não","III|IV","III:De 6% até 33%|IV:De 4,5% até 33%","Não","F","CONSTRUÇÃO","42","OBRAS DE INFRA-ESTRUTURA","422","OBRAS DE INFRA-ESTRUTURA PARA ENERGIA ELÉTRICA, TELECOMUNICAÇÕES, ÁGUA, ESGOTO E TRANSPORTE POR DUTOS","42219","OBRAS PARA GERAÇÃO E DISTRIBUIÇÃO DE ENERGIA ELÉTRICA E PARA TELECOMUNICAÇÕES","a manutenção de estações e redes de longa e média distância de telecomunicações","a manutenção de conexos operacionais à rede de telecomunicações em prédios residenciais, comerciais, industriais, etc. (6190-6/99) || a instalação e reparação de sistemas de telecomunicações, como, por exemplo, estações telefônicas (9512-6/00)","CABOS DE COMUNICAÇÃO E TRANSMISSÃO DE DADOS DE LONGA E MÉDIA DISTÂNCIA, EXCETO CABOS SUBMARINOS; MANUTENÇÃO DE || ESTAÇÃO E REDES DE TELEFONIA E COMUNICAÇÕES; MANUTENÇÃO DAS INSTALAÇÕES PARA || REDES DE TELECOMUNICAÇÕES DE LONGA E MEDIA DISTANCIA; MANUTENÇÃO POR TERCEIROS","4211101|4211102|4212000|4213800|4221901|4221902|4221903|4221904|4222701|4222702|4223500|4291000|4292801|4292802|4299501|4299599","OK","","","nao-ratificado"
"4313-4/00","4313400","OBRAS DE TERRAPLENAGEM","Atende","Sim","Não","III|IV","III:De 6% até 33%|IV:De 4,5% até 33%","Não","F","CONSTRUÇÃO","43","SERVIÇOS ESPECIALIZADOS PARA CONSTRUÇÃO","431","DEMOLIÇÃO E PREPARAÇÃO DO TERRENO","43134","OBRAS DE TERRAPLENAGEM","o conjunto de operações de escavação, transporte, depósito e compactação de terras, necessárias à realização de uma obra || a execução de escavações diversas para construção civil || os derrocamentos (desmonte de rochas) || o nivelamento para a execução de obras viárias e de aeroportos || a destruição de rochas através de explosivos || o aluguel, com operador, de máquinas e equipamentos destinados aos serviços de terraplenagem","a escavação de minas para fins de extração (divisões 05, 07 e 08) || as obras de drenagem (4319-3/00) || a execução de fundações para edifícios e outras obras de engenharia civil (4391-6/00)","BOTA FORA; SERVIÇOS DE || COMPACTAÇÃO DO TERRENO; SERVIÇO DE || CORTE E ATERRO; SERVIÇOS DE || DERROCAMENTOS; SERVIÇOS DE (CONSTRUÇÃO) || DESATERRO; SERVIÇOS DE || DINAMITAÇÃO (CONSTRUÇÃO) || DRENO PROFUNDO, CONSTRUÇÃO DE || DRENO PROFUNDO; RECOMPOSIÇÃO (RECONSTRUÇÃO) DE || DRENOS EM CAMADAS (COLCHÃO DRENANTE, CAMADA DRENANTE); EXECUÇÃO DE || DRENOS LINEARES (LONGITUDINAIS, TRANSVERSAIS, OBLÍQUOS, VERTICAIS, SUB-HORIZONTAIS); EXECUÇÃO DE || ESCAVADORAS PARA CONSTRUÇÃO COM OPERADOR; ALUGUEL(LOCAÇÃO) DE || ESCAVAÇÃO (ESCAVAÇÕES) DIVERSAS PARA A EXECUÇÃO DE CONSTRUÇÃO (OBRAS) || GRANDES MOVIMENTAÇÕES DE TERRA (CONSTRUÇÃO) || LEITOS OU PERFIS DE RIOS; REGULARIZAÇÃO DE || MOTONIVELADORES COM OPERADOR; LOCAÇÃO DE || MOTONIVELADORES PARA CONSTRUÇÃO COM OPERADOR; ALUGUEL DE || MOVIMENTAÇÃO DE TERRA; SERVIÇOS DE || MÁQUINAS DE TERRAPLENAGEM COM OPERADOR; ALUGUEL (LOCAÇÃO) DE || NIVELAMENTOS DIVERSOS PARA CONSTRUÇÃO CIVIL (OBRAS) || NIVELAÇÃO (NIVELAMENTO) PARA CONSTRUÇÃO DE RODOVIAS (VIÁRIAS) E AEROPORTOS; OBRAS DE || NIVELAÇÃO (NIVELAMENTO), EXCETO PARA CONSTRUÇÃO DE RODOVIAS E AEROPORTOS; OBRAS DE || ROCHAS ATRAVÉS DE EXPLOSIVOS; REMOÇÃO DE || ROCHAS; ESCAVAÇÃO (ESCAVAÇÕES) E REMOÇÕES DE || TERRA; MOVIMENTAÇÃO DE (CONSTRUÇÃO) || TERRA; REMOÇÃO, RETIRADA DE || TERRAPLANAGEM (TERRAPLENAGEM) PARA CONSTRUÇÃO DE RODOVIAS E AEROPORTOS; OBRAS DE || TERRAPLANAGEM (TERRAPLENAGEM) PARA PROTEÇÃO AMBIENTAL; OBRAS DE || TERRAPLANAGEM (TERRAPLENAGEM): GREIDE, LEITO, SUB-LEITO, CORTE, ATERRO; SERVIÇOS DE || TERRAPLANAGEM (TERRAPLENAGEM); OBRAS DE || TERRAPLANAGEM(TERRAPLENAGEM); SERVIÇOS DE || TERRAPLENAGEM (TERRAPLENAGEM) EM CORTES E EM ATERROS || TERRAPLENAGEM (TERRAPLENAGEM) MECANIZADA, MANUAL OU COMPENSADA","4311801|4311802|4312600|4319300|4321500|4322301|4322302|4322303|4329101|4329102|4329103|4329104|4329105|4329199|4330401|4330402|4330403|4330404|4330405|4330499|4391600|4399101|4399102|4399103|4399104|4399105|4399199","OK","","","nao-ratificado"
"4321-5/00","4321500","INSTALAÇÃO E MANUTENÇÃO ELÉTRICA","Atende","Sim","Sim","III|IV","III:De 6% até 33%|IV:De 4,5% até 33%","Não","F","CONSTRUÇÃO","43","SERVIÇOS ESPECIALIZADOS PARA CONSTRUÇÃO","432","INSTALAÇÕES ELÉTRICAS, HIDRÁULICAS E OUTRAS INSTALAÇÕES EM CONSTRUÇÕES","43215","INSTALAÇÕES ELÉTRICAS","a instalação, alteração, manutenção e reparo em todos os tipos de construções de: || #- sistemas de eletricidade (cabos de qualquer tensão, fiação, materiais elétricos, etc.) || #- cabos para instalações telefônicas e de comunicações || #- cabos para redes de informática e televisão a cabo, inclusive por fibra óptica || #- antenas coletivas e parabólicas || #- pára-raios || #- sistemas de iluminação || #- sistemas de alarme contra incêndio || #- sistemas de alarme contra roubo || #- sistemas de controle eletrônico e automação predial || a instalação de equipamentos elétricos para aquecimento","a instalação de elevadores, escadas e esteiras rolantes quando executada pela unidade fabricante (28.22-4/01; 2822-4/02) || a construção de redes de transmissão e distribuição de energia elétrica, inclusive o serviço de eletrificação rural (4221-9/02) || as obras para implantação de serviços de telecomunicações (construção e manutenção de redes de longa e média distância de telecomunicações) (4221-9/04) || a instalação de sistemas de aquecimento (coletor solar, gás e óleo), exceto elétricos (4322-3/01) || a instalação de sistema de prevenção contra incêndio (4322-3/03) || a instalação, manutenção e reparação de elevadores, escadas e esteiras rolantes, quando realizada por unidade fabricante (4329-1/03) || a montagem ou instalação de sistemas e equipamentos de iluminação e sinalização em vias públicas, portos e aeroportos (4329-1/04) || o monitoramento, inclusive por meio remoto, de sistemas de alarme de segurança e incêndio eletrônicos, inclusive a sua instalação e manutenção (8020-0/01)","ALARME CONTRA ROUBO EM EDIFICAÇÕES; INSTALAÇÃO DE || ANTENAS COLETIVAS E PARABÓLICAS; INSTALAÇÃO DE || ANTENAS DE TELEVISÃO; INSTALAÇÃO DE || AUTOMAÇÃO BANCARIA, OBRAS PARA INSTALAÇÕES DE || AUTOMAÇÃO PREDIAL, INSTALAÇÃO E MANUTENÇÃO DE || CABEAÇÃO LÓGICA; INSTALAÇÃO DE || CABOS DE FIBRA ÓTICA EM EDIFICAÇÕES; INSTALAÇÃO DE || CABOS ELÉTRICOS EM EDIFICAÇÕES, INSTALAÇÃO E MANUTENÇÃO DE || CABOS LÓGICOS, PASSAGEM DE || CABOS LÓGICOS; INSTALAÇÃO DE || CABOS PARA INSTALAÇÕES DE COMUNICAÇÃO E INFORMÁTICA EM EDIFICAÇÕES; INSTALAÇÃO DE || CABOS PARA INSTALAÇÕES TELEFÔNICAS EM EDIFICAÇÕES; INSTALAÇÃO DE || CABOS PARA INSTALAÇÕES TELEFÔNICAS, INFORMÁTICAS E COMUNICAÇÕES EM EDIFICAÇÕES DE QUALQUER TIPO, OBRAS DE INSTALAÇÃO, MANUTENÇÃO E REPARAÇÃO || CABOS PARA TELEVISÃO EM EDIFICAÇÕES; INSTALAÇÃO DE || CAIXAS DE ENTRADA DE ENERGIA EM EDIFICAÇÕES; INSTALAÇÃO DE || CENTRO DE PROCESSAMENTO DE DADOS, CONSTRUÇÃO E MANUTENÇÃO DE INSTALAÇÕES PARA || CPD, CONSTRUÇÃO E MANUTENÇÃO DE INSTALAÇÕES PARA || CÂMERAS DE SEGURANÇA EM EDIFICAÇÕES; INSTALAÇÃO E MANUTENÇÃO DE || DUTOS E CONDUÍTES PARA PASSAGEM DE CABOS DE FIBRA ÓPTICA EM EDIFICAÇÕES; INSTALAÇÃO DE || ELETRICISTA RESIDENCIAL; SERVIÇO DE || EQUIPAMENTOS DE INTERCOMUNICAÇÃO EM EDIFICAÇÕES; INSTALAÇÃO DE || EQUIPAMENTOS PARA A GERAÇÃO DE ENERGIA ELÉTRICA POR FONTE SOLAR EM INSTALAÇÕES PREDIAIS; INSTALAÇÃO DE || INSTALAÇÃO DE SISTEMAS DE ELETRICIDADE (CABOS DE QUALQUER TENSÃO, FIAÇÃO, MATERIAIS ELÉTRICOS), OBRAS DE INSTALAÇÃO, MANUTENÇÃO E REPARAÇÃO || INSTALAÇÕES ELÉTRICAS EM EDIFICAÇÕES, OBRAS DE || INSTALAÇÕES ELÉTRICAS, OBRAS DE || INSTALAÇÕES PARA ANTENAS COLETIVAS E PARABÓLICAS; MANUTENÇÃO DE || INTERFONE, OBRAS PARA INSTALAÇÃO DE || OBRAS DE INSTALAÇÕES PARA ELETRIFICAÇÃO RURAL || PADRÃO DE ENERGIA (CAIXAS, QUADROS, PAINÉIS OU CUBÍCULOS); INSTALAÇÃO DE || PAINÉIS FOTOVOLTAICOS SOLARES PARA GERAÇÃO DE ENERGIA ELETRICA EM INSTALAÇÕES PREDIAIS; INSTALAÇÃO DE || PORTÃO ELETRÔNICO; INSTALAÇÃO DE || PORTÃO ELETRÔNICO; MANUTENÇÃO DE || PORTÃO ELETRÔNICO; MANUTENÇÃO DE INSTALAÇÕES PARA || PREPARAÇÃO DE INSTALAÇÕES ELÉTRICAS PREDIAIS PARA POSSIBILITAR O USO DE APARELHOS E EQUIPAMENTOS DOMÉSTICOS; SERVIÇO DE || PÁRA-RAIOS; INSTALAÇÃO DE || PÁRA-RAIOS; MANUTENÇÃO DE || PÁRA-RAIOS; MANUTENÇÃO DE INSTALAÇÕES PARA || SERVIÇO DE INSTALAÇÃO ELÉTRICA RESIDENCIAL || SISTEMA DE ALARMES CONTRA ROUBOS EM EDIFICAÇÕES; MANUTENÇÃO DE INSTALAÇÕES PARA || SISTEMA DE CONTROLE ELETRÔNICO; INSTALAÇÃO DE || SISTEMAS ANTI-ROUBO EM EDIFICAÇÕES; INSTALAÇÃO DE || SISTEMAS DE ALARME CONTRA ROUBO EM EDIFICAÇÕES; INSTALAÇÃO DE || SISTEMAS DE ALARMES CONTRA ROUBO EM EDIFICAÇÕES; MANUTENÇÃO DE || SISTEMAS DE COMUNICAÇÃO ELÉTRICOS EM EDIFICAÇÕES; INSTALAÇÃO DE || SISTEMAS DE CONTROLE ELETRÔNICO EM EDIFICAÇÕES; INSTALAÇÃO DE || SISTEMAS DE SEGURANÇA DE CIRCUITO FECHADO DE TELEVISÃO (CFTV) EM EDIFICAÇÕES; INSTALAÇÃO E MANUTENÇÃO DE || SISTEMAS ELÉTRICOS EM EDIFICAÇÕES; INSTALAÇÃO DE","4311801|4311802|4312600|4313400|4319300|4322301|4322302|4322303|4329101|4329102|4329103|4329104|4329105|4329199|4330401|4330402|4330403|4330404|4330405|4330499|4391600|4399101|4399102|4399103|4399104|4399105|4399199","OK","","","nao-ratificado"
"4322-3/01","4322301","INSTALAÇÕES HIDRÁULICAS, SANITÁRIAS E DE GÁS","Atende","Sim","Sim","III|IV","III:De 6% até 33%|IV:De 4,5% até 33%","Não","F","CONSTRUÇÃO","43","SERVIÇOS ESPECIALIZADOS PARA CONSTRUÇÃO","432","INSTALAÇÕES ELÉTRICAS, HIDRÁULICAS E OUTRAS INSTALAÇÕES EM CONSTRUÇÕES","43223","INSTALAÇÕES HIDRÁULICAS, DE SISTEMAS DE VENTILAÇÃO E REFRIGERAÇÃO","a instalação, alteração, manutenção e reparo em todos os tipos de construções de: || #- sistemas de aquecimento (coletor solar, gás e óleo), exceto elétricos || #- equipamentos hidráulicos e sanitários || #- ligações de gás || #- tubulações de vapor || a instalação, alteração, manutenção e reparo de rede para distribuição de gases e fluídos diversos (p. ex., oxigênio nos hospitais)","a instalação e manutenção de sistemas de refrigeração central, exceto industrial, quando realizada pela unidade fabricante (2824-1/02) || a instalação e manutenção de coletores solares de energia quando realizadas pela unidade fabricante (2821-6/01) || as instalações de equipamentos elétricos para aquecimento (4321-5/00)","BOMBEIROS HIDRÁULICOS; SERVIÇOS DE || ENCANAMENTOS; INSTALAÇÃO DE || ENCANAÇÃO RESIDENCIAL; SERVIÇO DE || INSTALAÇÕES HIDRÁULICAS, SANITÁRIAS E DE GÁS (CONSTRUÇÃO) || INSTALAÇÕES HIDRÁULICAS, SANITÁRIAS E DE GÁS, REPARAÇÃO OU MANUTENÇÃO DE || PLACAS COLETORAS PARA INSTALAÇÕES TÉRMICAS ALIMENTADAS POR ENERGIA SOLAR, QUANDO EXECUTADA POR UNIDADE ESPECIALIZADA; INSTALAÇÃO DE || PREPARAÇÃO DE INSTALAÇÕES HIDRÁULICAS OU DE GÁS PREDIAIS PARA POSSIBILITAR O USO DE APARELHOS E EQUIPAMENTOS DOMÉSTICOS; SERVIÇO DE || REDES PARA DISTRIBUIÇÃO DE FLUIDOS DIVERSOS (OXIGÊNIO NOS HOSPITAIS); INSTALAÇÃO DE || REDES PARA DISTRIBUIÇÃO DE GASES E FLUIDOS; INSTALAÇÃO DE || REDES PARA DISTRIBUIÇÃO PARA FLUÍDOS DIVERSOS (OXIGÊNIO NOS HOSPITAIS), REPARAÇÃO OU MANUTENÇÃO DE || SERVIÇOS HIDRÁULICOS || SISTEMA DE AQUECIMENTO SOLAR, QUANDO EXECUTADA POR UNIDADE ESPECIALIZADA; INSTALAÇÃO DE","4311801|4311802|4312600|4313400|4319300|4321500|4322302|4322303|4329101|4329102|4329103|4329104|4329105|4329199|4330401|4330402|4330403|4330404|4330405|4330499|4391600|4399101|4399102|4399103|4399104|4399105|4399199","OK","","","nao-ratificado"
"4322-3/02","4322302","INSTALAÇÃO E MANUTENÇÃO DE SISTEMAS CENTRAIS DE AR CONDICIONADO, DE VENTILAÇÃO E REFRIGERAÇÃO","Atende","Sim","Sim","III|IV","III:De 6% até 33%|IV:De 4,5% até 33%","Não","F","CONSTRUÇÃO","43","SERVIÇOS ESPECIALIZADOS PARA CONSTRUÇÃO","432","INSTALAÇÕES ELÉTRICAS, HIDRÁULICAS E OUTRAS INSTALAÇÕES EM CONSTRUÇÕES","43223","INSTALAÇÕES HIDRÁULICAS, DE SISTEMAS DE VENTILAÇÃO E REFRIGERAÇÃO","a instalação, alteração, manutenção e reparo em todos os tipos de construções de: || sistemas de refrigeração central, quando não realizados pela unidade fabricante || sistemas de ventilação mecânica controlada, inclusive exaustores || a instalação de sistemas de aquecimento (coletor solar, gás e óleo), exceto elétricos","a instalação e manutenção de sistemas de refrigeração central, exceto industrial, quando  executada pelo pela unidade fabricante (2824-1/02)","AR CONDICIONADO CENTRAL; MANUTENÇÃO DE || DUTOS PARA SISTEMAS DE AR CONDICIONADO; INSTALAÇÃO DE || SISTEMA DE REFRIGERAÇÃO CENTRAL EM IMÓVEIS RESIDENCIAIS E COMERCIAIS, REPARAÇÃO OU MANUTENÇÃO DE || SISTEMA DE VENTILAÇÃO MECÂNICA CONTROLADA, REPARAÇÃO OU MANUTENÇÃO DE || SISTEMAS CENTRAIS DE AQUECIMENTO CENTRAL EM EDIFÍCIOS RESIDENCIAIS E COMERCIAIS; INSTALAÇÃO DE || SISTEMAS CENTRAIS PARA CALEFAÇÃO; INSTALAÇÃO  DE || SISTEMAS DE AR CONDICIONADO, DE VENTILAÇÃO E REFRIGERAÇÃO; INSTALAÇÃO DE || SISTEMAS DE REFRIGERAÇÃO CENTRAL EM IMÓVEIS RESIDENCIAIS E COMERCIAIS, MONTAGEM DE || SISTEMAS DE VENTILAÇÃO MECÂNICA CONTROLADA, INCLUSIVE EXAUSTORES; INSTALAÇÃO DE","4311801|4311802|4312600|4313400|4319300|4321500|4322301|4322303|4329101|4329102|4329103|4329104|4329105|4329199|4330401|4330402|4330403|4330404|4330405|4330499|4391600|4399101|4399102|4399103|4399104|4399105|4399199","OK","","","nao-ratificado"
"4322-3/03","4322303","INSTALAÇÕES DE SISTEMA DE PREVENÇÃO CONTRA INCÊNDIO","Atende","Sim","Sim","III|IV","III:De 6% até 33%|IV:De 4,5% até 33%","Não","F","CONSTRUÇÃO","43","SERVIÇOS ESPECIALIZADOS PARA CONSTRUÇÃO","432","INSTALAÇÕES ELÉTRICAS, HIDRÁULICAS E OUTRAS INSTALAÇÕES EM CONSTRUÇÕES","43223","INSTALAÇÕES HIDRÁULICAS, DE SISTEMAS DE VENTILAÇÃO E REFRIGERAÇÃO","a instalação, alteração, manutenção e reparo, em todos os tipos de construções, de sistemas de prevenção contra incêndio","o monitoramento, inclusive por meio remoto, de sistemas de alarme de segurança e incêndio eletrônicos, inclusive a sua instalação e manutenção (8020-0/01)","ALARME ANTI-FOGO; INSTALAÇÃO DE || EQUIPAMENTOS EXTINTORES DE INCÊNDIO; INSTALAÇÃO DE || INSTALAÇÕES DE SISTEMAS DE PREVENÇÃO CONTRA INCÊNDIO (CONSTRUÇÃO) || SISTEMA DE DETECÇÃO DE INCÊNDIO; INSTALAÇÃO DE || SISTEMAS DE ALARME CONTRA INCÊNDIO; MANUTENÇÃO DE || SISTEMAS DE PREVENÇÃO CONTRA INCÊNDIO, REPARAÇÃO OU MANUTENÇÃO DE || SISTEMAS DE PREVENÇÃO CONTRA INCÊNDIO; INSTALAÇÃO DE || SPRINKLERS AUTOMÁTICOS CONTRA FOGO; INSTALAÇÃO DE","4311801|4311802|4312600|4313400|4319300|4321500|4322301|4322302|4329101|4329102|4329103|4329104|4329105|4329199|4330401|4330402|4330403|4330404|4330405|4330499|4391600|4399101|4399102|4399103|4399104|4399105|4399199","OK","","","nao-ratificado"
"4329-1/01","4329101","INSTALAÇÃO DE PAINÉIS PUBLICITÁRIOS","Atende","Sim","Sim","III","III:De 6% até 33%","Não","F","CONSTRUÇÃO","43","SERVIÇOS ESPECIALIZADOS PARA CONSTRUÇÃO","432","INSTALAÇÕES ELÉTRICAS, HIDRÁULICAS E OUTRAS INSTALAÇÕES EM CONSTRUÇÕES","43291","OBRAS DE INSTALAÇÕES EM CONSTRUÇÕES NÃO ESPECIFICADAS ANTERIORMENTE","a instalação de: || #- anúncios e letreiros luminosos || #- outdoors || #- placas e painéis de identificação","a fabricação de painéis e letreiros luminosos (3299-0/04) || a colocação de anúncios e propagandas em outdoors (7312-2/00) || o agenciamento de espaços para publicidade, exceto em veículos de comunicação (7312-2/00)","ANÚNCIOS LUMINOSOS OU NÃO, REPARAÇÃO OU MANUTENÇÃO DE || ANÚNCIOS LUMINOSOS OU NÃO; INSTALAÇÃO DE || LETREIROS LUMINOSOS; INSTALAÇÃO DE || OUTDOOR; INSTALAÇÃO DE || PLACAS OU PAINÉIS DE IDENTIFICAÇÃO; INSTALAÇÃO DE","4311801|4311802|4312600|4313400|4319300|4321500|4322301|4322302|4322303|4329102|4329103|4329104|4329105|4329199|4330401|4330402|4330403|4330404|4330405|4330499|4391600|4399101|4399102|4399103|4399104|4399105|4399199","OK","","","nao-ratificado"
"4329-1/02","4329102","INSTALAÇÃO DE EQUIPAMENTOS PARA ORIENTAÇÃO À NAVEGAÇÃO MARÍTIMA FLUVIAL E LACUSTRE","Atende","Sim","Sim","III","III:De 6% até 33%","Não","F","CONSTRUÇÃO","43","SERVIÇOS ESPECIALIZADOS PARA CONSTRUÇÃO","432","INSTALAÇÕES ELÉTRICAS, HIDRÁULICAS E OUTRAS INSTALAÇÕES EM CONSTRUÇÕES","43291","OBRAS DE INSTALAÇÕES EM CONSTRUÇÕES NÃO ESPECIFICADAS ANTERIORMENTE","a instalação de equipamentos para orientação à navegação marítima, fluvial e lacustre","","EQUIPAMENTOS PARA ORIENTAÇÃO A NAVEGAÇÃO MARÍTIMA, FLUVIAL E LACUSTRE; INSTALAÇÃO DE","4311801|4311802|4312600|4313400|4319300|4321500|4322301|4322302|4322303|4329101|4329103|4329104|4329105|4329199|4330401|4330402|4330403|4330404|4330405|4330499|4391600|4399101|4399102|4399103|4399104|4399105|4399199","OK","","","nao-ratificado"
"4329-1/03","4329103","INSTALAÇÃO, MANUTENÇÃO E REPARAÇÃO DE ELEVADORES, ESCADAS E ESTEIRAS ROLANTES","Atende","Sim","Sim","III|IV","III:De 6% até 33%|IV:De 4,5% até 33%","Não","F","CONSTRUÇÃO","43","SERVIÇOS ESPECIALIZADOS PARA CONSTRUÇÃO","432","INSTALAÇÕES ELÉTRICAS, HIDRÁULICAS E OUTRAS INSTALAÇÕES EM CONSTRUÇÕES","43291","OBRAS DE INSTALAÇÕES EM CONSTRUÇÕES NÃO ESPECIFICADAS ANTERIORMENTE","a montagem, instalação e reparação de equipamentos incorporados às construções, como elevadores, escadas e esteiras rolantes, portas automáticas e giratórias, etc., por unidades especializadas,","a instalação, manutenção e reparação de elevadores, escadas e esteiras rolantes para transporte e elevação de pessoas quando executadas pela unidade fabricante (2822-4/01)","ELEVADORES, ESCADAS E ESTEIRAS ROLANTES, MONTAGEM, INSTALAÇÃO, REPARAÇÃO E MANUTENÇÃO DE, QUANDO REALIZADA POR UNIDADE ESPECIALIZADA","4311801|4311802|4312600|4313400|4319300|4321500|4322301|4322302|4322303|4329101|4329102|4329104|4329105|4329199|4330401|4330402|4330403|4330404|4330405|4330499|4391600|4399101|4399102|4399103|4399104|4399105|4399199","OK","","","nao-ratificado"
"4329-1/04","4329104","MONTAGEM E INSTALAÇÃO DE SISTEMAS E EQUIPAMENTOS DE ILUMINAÇÃO E SINALIZAÇÃO EM VIAS PÚBLICAS, PORTOS E AEROPORTOS","Atende","Sim","Sim","III","III:De 6% até 33%","Não","F","CONSTRUÇÃO","43","SERVIÇOS ESPECIALIZADOS PARA CONSTRUÇÃO","432","INSTALAÇÕES ELÉTRICAS, HIDRÁULICAS E OUTRAS INSTALAÇÕES EM CONSTRUÇÕES","43291","OBRAS DE INSTALAÇÕES EM CONSTRUÇÕES NÃO ESPECIFICADAS ANTERIORMENTE","a montagem ou instalação de sistemas de iluminação e sinalização em vias públicas, rodovias, ferrovias, portos e aeroportos || a iluminação urbana e semáforos || a iluminação de pistas de decolagem","a fabricação de placas e de painéis luminosos, a sinalização de tráfego e semelhantes (3299-0/04) || a sinalização com pintura em rodovias e aeroportos (4211-1/02)","CANCELAS ELETRÔNICAS; INSTALAÇÃO DE || FAIXAS E DELIMITADORES LUMINOSOS (TACHAS) PARA RODOVIAS E AEROPORTOS, IMPLANTAÇÃO DE || ILUMINAÇÃO DE PISTAS DE DECOLAGEM; INSTALAÇÃO DE || ILUMINAÇÃO PUBLICA; INSTALAÇÃO DE || ILUMINAÇÃO URBANA E SEMÁFOROS, IMPLANTAÇÃO DE || POSTES DE ILUMINAÇÃO, COLOCAÇÃO DE || REDE DE ILUMINAÇÃO PUBLICA; MANUTENÇÃO DE || SINAIS LUMINOSOS (SEMÁFOROS), MANUTENÇÃO E REPARAÇÃO DE || SISTEMAS DE ILUMINAÇÃO E DE SINALIZAÇÃO EM VIAS PÚBLICAS, RODOVIAS, FERROVIAS, PORTOS E AEROPORTOS, MONTAGEM E INSTALAÇÃO DE || SISTEMAS DE ILUMINAÇÃO E SINALIZAÇÃO EM VIAS PUBLICAS, MANUTENÇÃO E REPARAÇÃO DE || SISTEMAS E EQUIPAMENTOS DE ILUMINAÇÃO E SINALIZAÇÃO EM VIAS PUBLICAS, PORTOS E AEROPORTOS, REPARAÇÃO OU MANUTENÇÃO DE || SUBSTITUIÇÃO DE POSTES DE ILUMINAÇÃO","4311801|4311802|4312600|4313400|4319300|4321500|4322301|4322302|4322303|4329101|4329102|4329103|4329105|4329199|4330401|4330402|4330403|4330404|4330405|4330499|4391600|4399101|4399102|4399103|4399104|4399105|4399199","OK","","","nao-ratificado"
"4329-1/05","4329105","TRATAMENTOS TÉRMICOS, ACÚSTICOS OU DE VIBRAÇÃO","Atende","Sim","Sim","III|IV","III:De 6% até 33%|IV:De 4,5% até 33%","Não","F","CONSTRUÇÃO","43","SERVIÇOS ESPECIALIZADOS PARA CONSTRUÇÃO","432","INSTALAÇÕES ELÉTRICAS, HIDRÁULICAS E OUTRAS INSTALAÇÕES EM CONSTRUÇÕES","43291","OBRAS DE INSTALAÇÕES EM CONSTRUÇÕES NÃO ESPECIFICADAS ANTERIORMENTE","os serviços de tratamento térmico, acústico ou de vibração","","ALMOFADAS TÉRMICAS E ACÚSTICAS PARA CONSTRUÇÃO CIVIL; INSTALAÇÃO DE || FORROS E PLACAS ACÚSTICAS; INSTALAÇÃO DE || ISOLAMENTO TÉRMICO (CONSTRUÇÃO) || ISOLAMENTOS TÉRMICOS OU ACÚSTICOS EM LAJES, TELHADOS, TELHAS, PAREDES, RESERVATÓRIOS, TANQUES, ETC., APLICAÇÃO DE || MANTAS DE POLIETILENO EXPANDIDO EM PAREDES E FORROS PARA TRATAMENTO TÉRMICO OU ACÚSTICO, COLOCAÇÃO DE || MANTAS OU PLACAS DE LÃ DE ROCHA OU LÃ DE VIDRO EM PAREDES E FORROS PARA TRATAMENTO TÉRMICO OU ACÚSTICO, COLOCAÇÃO DE || PAINÉIS ACÚSTICOS; INSTALAÇÃO DE || SISTEMA DE ISOLAMENTO ACÚSTICO E TÉRMICO; INSTALAÇÃO DE || SISTEMAS DE AMORTECIMENTO (ATENUAÇÃO) E CONTROLE DE VIBRAÇÕES E RUÍDOS EM EDIFICAÇÕES; INSTALAÇÃO DE || SISTEMAS DE AMORTECIMENTO DE VIBRAÇÕES EM EDIFICAÇÕES; INSTALAÇÃO DE || SISTEMAS DE MONITORAMENTO DINÂMICO DE VIBRAÇÕES EM ESTRUTURAS DIVERSAS; INSTALAÇÃO DE || TRATAMENTO ACÚSTICO E TÉRMICO, REPARAÇÃO OU MANUTENÇÃO DE || TRATAMENTOS ACÚSTICOS E TÉRMICOS (CONSTRUÇÃO)","4311801|4311802|4312600|4313400|4319300|4321500|4322301|4322302|4322303|4329101|4329102|4329103|4329104|4329199|4330401|4330402|4330403|4330404|4330405|4330499|4391600|4399101|4399102|4399103|4399104|4399105|4399199","OK","","","nao-ratificado"
"4399-1/01","4399101","ADMINISTRAÇÃO DE OBRAS","Atende","Sim","Não","III|V","III:De 6% até 33%|V:De 15,5% até 30,5%","Sim","F","CONSTRUÇÃO","43","SERVIÇOS ESPECIALIZADOS PARA CONSTRUÇÃO","439","OUTROS SERVIÇOS ESPECIALIZADOS PARA CONSTRUÇÃO","43991","SERVIÇOS ESPECIALIZADOS PARA CONSTRUÇÃO NÃO ESPECIFICADOS ANTERIORMENTE","as atividades de gerenciamento e execução de obras através de contrato de construção por administração || as atividades de direção e a responsabilidade técnica da obra","a execução de obras por empreitada ou subempreitada (divisões 41 ou 42) || a incorporação de empreendimentos imobiliários (4110-7/00) || os serviços especializados de engenharia (concepção de projetos estruturais e de instalações, supervisão, fiscalização e gerenciamento de projetos de construção) (7112-0/00)","ADMINISTRAÇÃO DE OBRAS; SERVIÇO DE || GERENCIAMENTO E EXECUÇÃO DE OBRAS POR CONTRATO DE CONSTRUÇÃO POR ADMINISTRAÇÃO; SERVIÇO DE || OBRAS POR CONTRATO DE CONSTRUÇÃO POR ADMINISTRAÇÃO, DIREÇÃO E RESPONSABILIDADE TÉCNICA DE || OBRAS POR CONTRATO DE CONSTRUÇÃO POR ADMINISTRAÇÃO, EXECUÇÃO DE || OBRAS POR CONTRATO DE CONSTRUÇÃO POR ADMINISTRAÇÃO, GERENCIAMENTO DE","4311801|4311802|4312600|4313400|4319300|4321500|4322301|4322302|4322303|4329101|4329102|4329103|4329104|4329105|4329199|4330401|4330402|4330403|4330404|4330405|4330499|4391600|4399102|4399103|4399104|4399105|4399199","OK","","","nao-ratificado"
"4399-1/02","4399102","MONTAGEM E DESMONTAGEM DE ANDAIMES E OUTRAS ESTRUTURAS TEMPORÁRIAS","Atende","Sim","Não","III","III:De 6% até 33%","Não","F","CONSTRUÇÃO","43","SERVIÇOS ESPECIALIZADOS PARA CONSTRUÇÃO","439","OUTROS SERVIÇOS ESPECIALIZADOS PARA CONSTRUÇÃO","43991","SERVIÇOS ESPECIALIZADOS PARA CONSTRUÇÃO NÃO ESPECIFICADOS ANTERIORMENTE","a montagem e desmontagem de plataformas de trabalho e andaimes, exceto o aluguel de andaimes e plataformas de trabalho || a montagem e desmontagem de fôrmas para concreto e escoramentos || a montagem e desmontagem de estruturas temporárias","a montagem e instalação de máquinas e equipamentos industriais (divisão 33) || a montagem e desmontagem de estruturas metálicas permanentes por conta de terceiros (4292-8/01) || o aluguel de andaimes e plataformas de trabalho sem montagem e desmontagem (7732-2/02)","ANDAIME TORRE, MONTAGEM E DESMONTAGEM DE || ANDAIMES DE ENCAIXE EM QUADROS PARA USO EM FACHADAS (FACHADEIROS), MONTAGEM E DESMONTAGEM DE || ANDAIMES E PLATAFORMAS SUSPENSAS, MONTAGEM E DESMONTAGEM DE || ANDAIMES FACHADEIROS, MONTAGEM E DESMONTAGEM DE || ANDAIMES INDUSTRIAIS, MONTAGEM E DESMONTAGEM DE || ANDAIMES TUBULARES, MONTAGEM E DESMONTAGEM DE || ANDAIMES, MONTAGEM E DESMONTAGEM DE || ANDAIMES, PLATAFORMAS, FORMAS PARA CONCRETO E ESCORAMENTO, DESMONTAGEM DE || ANDAIMES, PLATAFORMAS, FORMAS PARA CONCRETO E ESCORAMENTO, MONTAGEM DE || APARALIXOS, MONTAGEM E DESMONTAGEM DE || CIMBRAMENTO, MONTAGEM E DESMONTAGEM DE || ESCORAS, MONTAGEM E DESMONTAGEM DE || ESTRUTURAS METÁLICAS MOVEIS, DESMONTAGEM DE || ESTRUTURAS METÁLICAS TUBULARES TEMPORÁRIAS PARA USOS DIVERSOS (ARQUIBANCADAS, PALCOS, ETC.), EXCETO POR CONTA DE TERCEIROS, MONTAGEM E DESMONTAGEM DE || ESTRUTURAS TEMPORÁRIAS, MONTAGEM E DESMONTAGEM DE || FÔRMAS METÁLICAS PARA LAJES, COLUNAS, VIGAS E PILARES, MONTAGEM E DESMONTAGEM DE || MONTAGEM E DESMONTAGEM DE ESCORAMENTO METÁLICOS E EM MADEIRA PARA A SUSTENTAÇÃO DE FORMAS PARA O CONCRETO ARMADO, SERVIÇOS DE; || PLATAFORMAS DE TRABALHO, MONTAGEM E DESMONTAGEM DE || TERÇAS E TRELIÇAS METÁLICAS PARA ESCORAMENTO DE PONTES, VIADUTOS E PASSARELAS, MONTAGEM E DESMONTAGEM DE","4311801|4311802|4312600|4313400|4319300|4321500|4322301|4322302|4322303|4329101|4329102|4329103|4329104|4329105|4329199|4330401|4330402|4330403|4330404|4330405|4330499|4391600|4399101|4399103|4399104|4399105|4399199","OK","","","nao-ratificado"
"4511-1/01","4511101","COMÉRCIO A VAREJO DE AUTOMÓVEIS, CAMIONETAS E UTILITÁRIOS NOVOS","Atende","Sim","Não","I","I:De 4% até 19%","Não","G","COMÉRCIO; REPARAÇÃO DE VEÍCULOS AUTOMOTORES E MOTOCICLETAS","45","COMÉRCIO E REPARAÇÃO DE VEÍCULOS AUTOMOTORES E MOTOCICLETAS","451","COMÉRCIO DE VEÍCULOS AUTOMOTORES","45111","COMÉRCIO A VAREJO E POR ATACADO DE VEÍCULOS AUTOMOTORES","o comércio varejista de veículos automotores novos: automóveis, utilitários, camionetas e similares","o comércio varejista de motocicletas e motonetas novas e usadas (45.41-2) e bicicletas (4763-6/03) || a venda de peças e acessórios para veículos automotores (grupo 45.3) || as atividades de representantes comerciais e agentes do comércio de veículos automotores (4512-9/01) || os leiloeiros independentes (8299-7/04)","AUTOMÓVEL, CAMINHONETES (CAMIONETAS, CAMIONETES) E UTILITÁRIOS NOVOS; COMÉRCIO VAREJISTA DE || CARROS NOVOS PARA GOLFE E OUTROS ESPORTES; COMÉRCIO VAREJISTA DE || REBOQUES E SEMIRREBOQUES NOVOS; COMERCIO VAREJISTA DE || TRAILLERS NOVOS; COMÉRCIO VAREJISTA DE","4511102|4511103|4511104|4511105|4511106|4512901|4512902|4520001|4520002|4520003|4520004|4520005|4520006|4520007|4520008|4530701|4530702|4530703|4530704|4530705|4530706|4541201|4541202|4541203|4541204|4541206|4541207|4542101|4542102|4543900","OK","","","nao-ratificado"
"4512-9/01","4512901","REPRESENTANTES COMERCIAIS E AGENTES DO COMÉRCIO DE VEÍCULOS AUTOMOTORES","Atende","Sim","Não","III|V","III:De 6% até 33%|V:De 15,5% até 30,5%","Sim","G","COMÉRCIO; REPARAÇÃO DE VEÍCULOS AUTOMOTORES E MOTOCICLETAS","45","COMÉRCIO E REPARAÇÃO DE VEÍCULOS AUTOMOTORES E MOTOCICLETAS","451","COMÉRCIO DE VEÍCULOS AUTOMOTORES","45129","REPRESENTANTES COMERCIAIS E AGENTES DO COMÉRCIO DE VEÍCULOS AUTOMOTORES","as atividades de representantes comerciais e agentes do comércio a varejo e por atacado de veículos automotores","o comércio de veículos sob consignação, a varejo e por atacado (4512-9/02)","INTERMEDIÁRIOS NA VENDA DE VEÍCULOS AUTOMOTORES, ATACADISTA E VAREJISTA || REPRESENTANTE COMERCIAL E AGENTE DO COMÉRCIO DE VEÍCULOS AUTOMOTORES, ATACADISTA E VAREJISTA","4511101|4511102|4511103|4511104|4511105|4511106|4512902|4520001|4520002|4520003|4520004|4520005|4520006|4520007|4520008|4530701|4530702|4530703|4530704|4530705|4530706|4541201|4541202|4541203|4541204|4541206|4541207|4542101|4542102|4543900","OK","","","nao-ratificado"
"4520-0/01","4520001","SERVIÇOS DE MANUTENÇÃO E REPARAÇÃO MECÂNICA DE VEÍCULOS AUTOMOTORES","Atende","Sim","Sim","III","III:De 6% até 33%","Não","G","COMÉRCIO; REPARAÇÃO DE VEÍCULOS AUTOMOTORES E MOTOCICLETAS","45","COMÉRCIO E REPARAÇÃO DE VEÍCULOS AUTOMOTORES E MOTOCICLETAS","452","MANUTENÇÃO E REPARAÇÃO DE VEÍCULOS AUTOMOTORES","45200","MANUTENÇÃO E REPARAÇÃO DE VEÍCULOS AUTOMOTORES","a manutenção e reparação de veículos automotores: || #- reparações mecânicas || #- reparações em sistemas de injeção eletrônica em automóveis || #- serviços de vidraçaria em automóveis || a manutenção e reparação de caminhões, ônibus e outros veículos pesados || os serviços de conversão de motores de veículos automotores || a adaptação de veículos em oficinas mecânicas, para necessidades especiais de deficientes físicos e similares || a manutenção e reparação de tanques, reservatórios e cilindros metálicos para veículos automotores.","a manutenção e reparação de motocicletas (4543-9/00) e de bicicletas (9529-1/04) || a recauchutagem de pneumáticos (2212-9/00) || a instalação ou substituição de peças e acessórios para veículos automotores, associado a venda (45.30-7) || a instalação ou substituição de peças e acessórios para veículos automotores, não associado a venda ou a fabricação (4520-0/07) || o recondicionamento, recuperação ou retífica de motores para veículos automotores (2950-6/00) || a blindagem de veículos automotores (2930-1/03) || a manutenção e reparação de tratores agrícolas (3314-7/12) e não agrícolas (3314-7/16) || os serviços de guincho (reboque), inclusive a assistência a veículos em estradas (5229-0/02) || serviços de capoteiros(4520-0/08)","ADAPTAÇÃO DE VEÍCULOS AUTOMOTORES PARA DEFICIENTES FÍSICOS; SERVIÇOS DE || CABOS DE VELOCÍMETROS DE VEÍCULOS AUTOMOTORES; REPARAÇÃO DE || CAMBAGEM DE AUTOMÓVEL; SERVIÇOS DE || CAMBAGEM EM ÔNIBUS, CAMINHÕES E VEÍCULOS PESADOS; SERVIÇOS DE || CAMINHÕES, ÔNIBUS E VEÍCULOS PESADOS; MANUTENÇÃO MECÂNICA DE || CARROÇARIAS, CARROCERIAS PARA CAMINHÕES, ÔNIBUS E VEÍCULOS PESADOS (INCLUSIVE MADEIRA); MANUTENÇÃO E REFORMA || CONVERSÃO DE MOTORES DE AUTOMÓVEL; SERVIÇOS DE || INSPEÇAO MECÂNICA E ELÉTRICA  PARA VEÍCULOS AUTOMOTORES PARA FINS DE VISTORIA || INSTALAÇÃO DE KIT DE GÁS VEICULAR PARA CONVERSÂO DE MOTORES DE VEÍCULOS AUTOMOTORES; SERVIÇOS DE || MANUTENÇÃO E REPARAÇÃO DE RODAS E AROS DE VEICULOS AUTOMOTORES; SERVIÇOS DE || MONTAGEM DE CALIBRADORES EM ÔNIBUS E CAMINHÕES; SERVIÇOS DE || OFICINA MECÂNICA DE VEICULO AUTOMOTOR || REPARAÇÃO EM SISTEMAS DE INJEÇÃO E IGNIÇÃO ELETRÔNICA EM VEÍCULOS AUTOMOTORES; SERVIÇOS DE || TANQUES, RESERVATÓRIOS E CILINDROS METÁLICOS PARA VEÍCULOS AUTOMOTORES; MANUTENÇÃO E REPARAÇÃO DE || VIDRAÇARIA EM CAMINHÕES, ÔNIBUS E VEÍCULOS PESADOS; SERVIÇOS DE || VIDRAÇARIA, VIDRACEIRO EM VEICULO; SERVIÇOS DE","4511101|4511102|4511103|4511104|4511105|4511106|4512901|4512902|4520002|4520003|4520004|4520005|4520006|4520007|4520008|4530701|4530702|4530703|4530704|4530705|4530706|4541201|4541202|4541203|4541204|4541206|4541207|4542101|4542102|4543900","OK","","","nao-ratificado"
"4520-0/02","4520002","SERVIÇOS DE LANTERNAGEM OU FUNILARIA E PINTURA DE VEÍCULOS AUTOMOTORES","Atende","Sim","Sim","III","III:De 6% até 33%","Não","G","COMÉRCIO; REPARAÇÃO DE VEÍCULOS AUTOMOTORES E MOTOCICLETAS","45","COMÉRCIO E REPARAÇÃO DE VEÍCULOS AUTOMOTORES E MOTOCICLETAS","452","MANUTENÇÃO E REPARAÇÃO DE VEÍCULOS AUTOMOTORES","45200","MANUTENÇÃO E REPARAÇÃO DE VEÍCULOS AUTOMOTORES","os serviços de lanternagem ou funilaria de veículos automotores || os serviços de pintura de veículos automotores || os serviços de lanternagem ou funilaria e pintura de caminhões, ônibus e outros veículos pesados","","MARTELINHO DE OURO; SERVIÇOS DE || PINTURA, LANTERNAGEM E FUNILARIA DE VEICULO; SERVIÇOS DE || PINTURA, LANTERNAGEM E FUNILARIA DE ÔNIBUS, CAMINHÕES E VEÍCULOS PESADOS; SERVIÇOS DE","4511101|4511102|4511103|4511104|4511105|4511106|4512901|4512902|4520001|4520003|4520004|4520005|4520006|4520007|4520008|4530701|4530702|4530703|4530704|4530705|4530706|4541201|4541202|4541203|4541204|4541206|4541207|4542101|4542102|4543900","OK","","","nao-ratificado"
"4520-0/03","4520003","SERVIÇOS DE MANUTENÇÃO E REPARAÇÃO ELÉTRICA DE VEÍCULOS AUTOMOTORES","Atende","Sim","Sim","III","III:De 6% até 33%","Não","G","COMÉRCIO; REPARAÇÃO DE VEÍCULOS AUTOMOTORES E MOTOCICLETAS","45","COMÉRCIO E REPARAÇÃO DE VEÍCULOS AUTOMOTORES E MOTOCICLETAS","452","MANUTENÇÃO E REPARAÇÃO DE VEÍCULOS AUTOMOTORES","45200","MANUTENÇÃO E REPARAÇÃO DE VEÍCULOS AUTOMOTORES","os serviços de manutenção e reparação elétrica de veículos automotores || os serviços de manutenção e reparação elétrica de caminhões, ônibus e outros veículos pesados || a manutenção e reparação de baterias e acumuladores elétricos para veículos automotores","","BATERIAS E ACUMULADORES ELÉTRICOS PARA VEÍCULOS AUTOMOTORES; MANUTENÇÃO E REPARAÇÃO DE || CAMINHÕES, ÔNIBUS E VEÍCULOS PESADOS; MANUTENÇÃO ELÉTRICA DE || MANUTENÇÃO E REPARAÇÃO ELÉTRICA DE AUTOMÓVEL || RÁDIOS E AUTO-FALANTES PARA AUTOMÓVEL; REPARAÇÃO","4511101|4511102|4511103|4511104|4511105|4511106|4512901|4512902|4520001|4520002|4520004|4520005|4520006|4520007|4520008|4530701|4530702|4530703|4530704|4530705|4530706|4541201|4541202|4541203|4541204|4541206|4541207|4542101|4542102|4543900","OK","","","nao-ratificado"
"4520-0/04","4520004","SERVIÇOS DE ALINHAMENTO E BALANCEAMENTO DE VEÍCULOS AUTOMOTORES","Atende","Sim","Não","III","III:De 6% até 33%","Não","G","COMÉRCIO; REPARAÇÃO DE VEÍCULOS AUTOMOTORES E MOTOCICLETAS","45","COMÉRCIO E REPARAÇÃO DE VEÍCULOS AUTOMOTORES E MOTOCICLETAS","452","MANUTENÇÃO E REPARAÇÃO DE VEÍCULOS AUTOMOTORES","45200","MANUTENÇÃO E REPARAÇÃO DE VEÍCULOS AUTOMOTORES","os serviços de alinhamento e balanceamento de veículos automotores || os serviços de alinhamento e balanceamento de caminhões, ônibus e outros veículos pesados","","ALINHAMENTO E BALANCEAMENTO DE AUTOMÓVEL; SERVIÇOS DE || ALINHAMENTO E BALANCEAMENTO DE ÔNIBUS, CAMINHÕES E VEÍCULOS PESADOS; SERVIÇOS DE","4511101|4511102|4511103|4511104|4511105|4511106|4512901|4512902|4520001|4520002|4520003|4520005|4520006|4520007|4520008|4530701|4530702|4530703|4530704|4530705|4530706|4541201|4541202|4541203|4541204|4541206|4541207|4542101|4542102|4543900","OK","","","nao-ratificado"
"4520-0/05","4520005","SERVIÇOS DE LAVAGEM, LUBRIFICAÇÃO E POLIMENTO DE VEÍCULOS AUTOMOTORES","Atende","Sim","Sim","III|IV","III:De 6% até 33%|IV:De 4,5% até 33%","Não","G","COMÉRCIO; REPARAÇÃO DE VEÍCULOS AUTOMOTORES E MOTOCICLETAS","45","COMÉRCIO E REPARAÇÃO DE VEÍCULOS AUTOMOTORES E MOTOCICLETAS","452","MANUTENÇÃO E REPARAÇÃO DE VEÍCULOS AUTOMOTORES","45200","MANUTENÇÃO E REPARAÇÃO DE VEÍCULOS AUTOMOTORES","os serviços de lavagem, lubrificação e polimento de veículos automotores || os serviços de lavagem e lubrificação de caminhões, ônibus e outros veículos pesados","","LAVA JATO, LAVA RÁPIDO DE VEICULO AUTOMOTOR; SERVIÇOS DE || LAVAGEM A SECO (ECOLÓGICA)  DE VEÍCULOS AUTOMOTORES; SERVIÇOS DE || LAVAGEM A SECO DE VEÍCULOS AUTOMOTORES; SERVIÇOS DE || LAVAGEM AUTOMOTIVA A SECO; SERVIÇOS DE || LAVAGEM, LUBRIFICAÇÃO E POLIMENTO DE CAMINHÕES, ÔNIBUS E VEÍCULOS PESADOS; SERVIÇOS DE || LAVAGEM, LUBRIFICAÇÃO E POLIMENTO DE VEICULO AUTOMOTOR; SERVIÇOS DE || TROCA DE ÓLEO AUTOMOTIVO; SERVIÇOS DE","4511101|4511102|4511103|4511104|4511105|4511106|4512901|4512902|4520001|4520002|4520003|4520004|4520006|4520007|4520008|4530701|4530702|4530703|4530704|4530705|4530706|4541201|4541202|4541203|4541204|4541206|4541207|4542101|4542102|4543900","OK","","","nao-ratificado"
"4520-0/06","4520006","SERVIÇOS DE BORRACHARIA PARA VEÍCULOS AUTOMOTORES","Atende","Sim","Sim","III","III:De 6% até 33%","Não","G","COMÉRCIO; REPARAÇÃO DE VEÍCULOS AUTOMOTORES E MOTOCICLETAS","45","COMÉRCIO E REPARAÇÃO DE VEÍCULOS AUTOMOTORES E MOTOCICLETAS","452","MANUTENÇÃO E REPARAÇÃO DE VEÍCULOS AUTOMOTORES","45200","MANUTENÇÃO E REPARAÇÃO DE VEÍCULOS AUTOMOTORES","os serviços de reparação e conserto de pneus e câmaras-de-ar de veículos automotores || os serviços de borracharia em caminhões, ônibus e outros veículos pesados","a recauchutagem de pneumáticos (2212-9/00)","BORRACHARIA DE VEICULO AUTOMOTOR; SERVIÇOS DE || BORRACHEIRO E GOMARIA DE VEICULO AUTOMOTOR; SERVIÇOS DE || PNEUS E CÂMARAS-DE-AR DE VEICULO AUTOMOTOR; REPARAÇÃO DE","4511101|4511102|4511103|4511104|4511105|4511106|4512901|4512902|4520001|4520002|4520003|4520004|4520005|4520007|4520008|4530701|4530702|4530703|4530704|4530705|4530706|4541201|4541202|4541203|4541204|4541206|4541207|4542101|4542102|4543900","OK","","","nao-ratificado"
"4520-0/07","4520007","SERVIÇOS DE INSTALAÇÃO, MANUTENÇÃO E REPARAÇÃO DE ACESSÓRIOS PARA VEÍCULOS AUTOMOTORES","Atende","Sim","Sim","III","III:De 6% até 33%","Não","G","COMÉRCIO; REPARAÇÃO DE VEÍCULOS AUTOMOTORES E MOTOCICLETAS","45","COMÉRCIO E REPARAÇÃO DE VEÍCULOS AUTOMOTORES E MOTOCICLETAS","452","MANUTENÇÃO E REPARAÇÃO DE VEÍCULOS AUTOMOTORES","45200","MANUTENÇÃO E REPARAÇÃO DE VEÍCULOS AUTOMOTORES","a instalação, manutenção e reparação de acessórios para veículos automotores || a instalação, manutenção e reparação de ar condicionado para veículos automotores || a instalação ou substituição de peças e acessórios para veículos automotores, não associado a venda ou a fabricação || a colocação de películas de insulfilm em veículos automotores || o serviço de instalação de kits blindagem de veículos automotores || os serviços de instalação, manutenção e reparação de acessórios de caminhões, ônibus e outros veículos pesados","a instalação ou substituição de peças e acessórios para veículos automotores, associado a venda (45.30-7)","ALARMES E SISTEMAS DE SEGURANÇA EM AUTOMÓVEL; INSTALAÇÃO DE || AR CONDICIONADO PARA VEICULO AUTOMOTOR; INSTALAÇÃO || AR CONDICIONADO PARA VEICULO AUTOMOTOR; MANUTENÇÃO || FILMES OU PELÍCULAS DE POLIÉSTER DE CONTROLE SOLAR (INSULFILME) EM AUTOMÓVEIS; INSTALAÇÃO, APLICAÇÃO, COLOCAÇÃO DE || INSTALAÇÃO DE ACESSÓRIOS PARA VEÍCULOS AUTOMOTORES; SERVIÇOS DE || INSTALAÇÃO DE KITS DE BLINDAGEM DE VEÍCULOS AUTOMOTORES; SERVIÇOS DE || RECONDICIONAMENTO DE PEÇAS AUTOMOTIVAS; SERVIÇOS DE","4511101|4511102|4511103|4511104|4511105|4511106|4512901|4512902|4520001|4520002|4520003|4520004|4520005|4520006|4520008|4530701|4530702|4530703|4530704|4530705|4530706|4541201|4541202|4541203|4541204|4541206|4541207|4542101|4542102|4543900","OK","","","nao-ratificado"
"4520-0/08","4520008","SERVIÇOS DE CAPOTARIA","Atende","Sim","Sim","III","III:De 6% até 33%","Não","G","COMÉRCIO; REPARAÇÃO DE VEÍCULOS AUTOMOTORES E MOTOCICLETAS","45","COMÉRCIO E REPARAÇÃO DE VEÍCULOS AUTOMOTORES E MOTOCICLETAS","452","MANUTENÇÃO E REPARAÇÃO DE VEÍCULOS AUTOMOTORES","45200","MANUTENÇÃO E REPARAÇÃO DE VEÍCULOS AUTOMOTORES","Atividades de capotaria em veículos || Atividades de reforma e manutenção de estofados de veículos","","CAPOTEIRO DE AUTOMÓVEIS; SERVIÇOS DE || CAPOTEIRO DE ÔNIBUS, CAMINHÕES E VEÍCULOS PESADOS; SERVIÇOS DE || ESTOFARIA DE VEÍCULOS; SERVIÇOS DE || LIMPEZA DE ESTOFADOS DE VEÍCULOS AUTOMOTORES; SERVIÇOS DE || REFORMA E MANUTENÇÃO DE ESTOFADOS DE VEÍCULOS; SERVIÇOS DE","4511101|4511102|4511103|4511104|4511105|4511106|4512901|4512902|4520001|4520002|4520003|4520004|4520005|4520006|4520007|4530701|4530702|4530703|4530704|4530705|4530706|4541201|4541202|4541203|4541204|4541206|4541207|4542101|4542102|4543900","OK","","","nao-ratificado"
"4530-7/03","4530703","COMÉRCIO A VAREJO DE PEÇAS E ACESSÓRIOS NOVOS PARA VEÍCULOS AUTOMOTORES","Atende","Sim","Sim","I","I:De 4% até 19%","Não","G","COMÉRCIO; REPARAÇÃO DE VEÍCULOS AUTOMOTORES E MOTOCICLETAS","45","COMÉRCIO E REPARAÇÃO DE VEÍCULOS AUTOMOTORES E MOTOCICLETAS","453","COMÉRCIO DE PEÇAS E ACESSÓRIOS PARA VEÍCULOS AUTOMOTORES","45307","COMÉRCIO DE PEÇAS E ACESSÓRIOS PARA VEÍCULOS AUTOMOTORES","o comércio varejista de peças e acessórios novos, mecânicos e elétricos para veículos automotores || o comércio varejista de motores completos, novos e recondicionados para veículos automotores || o comércio varejista de peças e acessórios novos para carrocerias para veículos automotores || o comércio varejista de capas, capotas, bancos e estofados para veículos automotores || o comércio varejista de ar condicionados novos para veículos automotores || o comércio varejista de vidros e espelhos para veículos automotores","o comércio varejista de peças e acessórios para motocicletas (4541-2/05) e bicicletas (4763-6/03) || o comércio varejista de peças e acessórios usados para veículos automotores (4530-7/04) || o comércio varejista de pneus e câmaras-de-ar para veículos automotores (4530-7/05) || as atividades de representantes comerciais e agentes do comércio de peças e acessórios para veículos automotores (4530-7/06)","ALARMES PARA AUTOMÓVEIS; COMÉRCIO VAREJISTA || ALARMES PARA VEÍCULOS AUTOMOTIVOS; COMÉRCIO VAREJISTA || AMORTECEDORES E MOLAS NOVOS PARA VEICULO AUTOMOTOR; COMÉRCIO VAREJISTA || AR CONDICIONADO NOVO PARA VEICULO AUTOMOTOR; COMÉRCIO VAREJISTA || AUTO-FALANTES PARA VEÍCULOS AUTOMOTIVOS; COMÉRCIO VAREJISTA || BANCOS ESTOFADOS NOVOS PARA VEICULO AUTOMOTOR; COMÉRCIO VAREJISTA || BATERIAS E ACUMULADORES NOVOS PARA VEICULO AUTOMOTOR; COMÉRCIO VAREJISTA || CANOS E SILENCIOSOS NOVOS PARA VEICULO AUTOMOTOR; COMÉRCIO VAREJISTA || CAPAS E ENCERADOS NOVOS PARA VEICULO AUTOMOTOR; COMÉRCIO VAREJISTA || CAPOTAS NOVAS PARA VEÍCULO AUTOMOTOR; COMÉRCIO VAREJISTA DE || EQUIPAMENTOS DE SOM NOVOS PARA VEICULO AUTOMOTOR; COMÉRCIO VAREJISTA || EXTINTORES DE INCÊNDIO NOVOS PARA VEICULO AUTOMOTOR; COMÉRCIO VAREJISTA || MOTORES NOVOS E RECONDICIONADOS PARA VEÍCULOS AUTOMOTORES; COMÉRCIO VAREJISTA || PEÇAS E ACESSÓRIOS NOVOS PARA CARROCERIAS; COMÉRCIO VAREJISTA DE || PEÇAS E ACESSÓRIOS NOVOS PARA VEICULO AUTOMOTOR; COMÉRCIO VAREJISTA || PEÇAS E ADESIVOS NOVOS (ESPOLEERS, SAIS, AEROFÓLIS, ETC) PARA TUNAGEM DE VEÍCULOS; COMÉRCIO VAREJISTA DE || RADIADORES PARA VEÍCULOS; COMÉRCIO VAREJISTA || RODAS E AROS NOVOS PARA VEICULO AUTOMOTOR; COMÉRCIO VAREJISTA || ROLAMENTOS NOVOS PARA VEÍCULOS AUTOMOTORES; COMÉRCIO VAREJISTA || VIDROS E ESPELHOS PARA VEÍCULOS AUTOMOTORES; COMÉRCIO VAREJISTA DE","4511101|4511102|4511103|4511104|4511105|4511106|4512901|4512902|4520001|4520002|4520003|4520004|4520005|4520006|4520007|4520008|4530701|4530702|4530704|4530705|4530706|4541201|4541202|4541203|4541204|4541206|4541207|4542101|4542102|4543900","OK","","","nao-ratificado"
"4530-7/04","4530704","COMÉRCIO A VAREJO DE PEÇAS E ACESSÓRIOS USADOS PARA VEÍCULOS AUTOMOTORES","Atende","Sim","Sim","I","I:De 4% até 19%","Não","G","COMÉRCIO; REPARAÇÃO DE VEÍCULOS AUTOMOTORES E MOTOCICLETAS","45","COMÉRCIO E REPARAÇÃO DE VEÍCULOS AUTOMOTORES E MOTOCICLETAS","453","COMÉRCIO DE PEÇAS E ACESSÓRIOS PARA VEÍCULOS AUTOMOTORES","45307","COMÉRCIO DE PEÇAS E ACESSÓRIOS PARA VEÍCULOS AUTOMOTORES","o comércio varejista de peças e acessórios usados, mecânicos e elétricos para veículos automotores || o comércio varejista de motores completos usados, para veículos automotores || o comércio varejista de peças e acessórios usados, para carrocerias para veículos automotores || o comércio varejista de capas, capotas, bancos e estofados usados, para veículos automotores || o comércio varejista de ar condicionados usados, para veículos automotores","o comércio varejista de peças e acessórios para motocicletas (4541-2/05) e bicicletas (4763-6/03) || o comércio varejista de peças e acessórios novos para veículos automotores (4530-7/03) || o comércio varejista de pneus e câmaras-de-ar para veículos automotores (4530-7/05) || as atividades de representantes comerciais e agentes do comércio de peças e acessórios para veículos automotores (4530-7/06)","AMORTECEDORES E MOLAS USADOS PARA VEICULO AUTOMOTOR; COMÉRCIO VAREJISTA || AR CONDICIONADO USADO PARA VEICULO AUTOMOTOR; COMÉRCIO VAREJISTA || BANCOS ESTOFADOS USADOS PARA VEICULO AUTOMOTOR; COMÉRCIO VAREJISTA || BATERIAS E ACUMULADORES USADOS PARA VEICULO AUTOMOTOR; COMÉRCIO VAREJISTA || CANOS E SILENCIOSOS USADOS PARA VEICULO AUTOMOTOR; COMÉRCIO VAREJISTA || CAPAS E ENCERADOS USADOS PARA VEICULO AUTOMOTOR; COMÉRCIO VAREJISTA || CAPOTAS USADAS PARA VEÍCULO AUTOMOTOR; COMÉRCIO VAREJISTA DE || DESMANCHE DE VEÍCULOS AUTOMOTORES, COM COMERCIALIZAÇÃO DE PARTES, PEÇAS E ACESSÓRIOS; SERVIÇOS DE || EQUIPAMENTOS DE SOM USADOS PARA VEICULO AUTOMOTOR; COMÉRCIO VAREJISTA || EXTINTORES DE INCÊNDIO USADOS PARA VEICULO AUTOMOTOR; COMÉRCIO VAREJISTA || MOTORES USADOS E RECONDICIONADOS PARA VEICULO AUTOMOTOR; COMÉRCIO VAREJISTA || PEÇAS E ACESSÓRIOS USADOS PARA CARROCERIAS; COMÉRCIO VAREJISTA DE || PEÇAS E ACESSÓRIOS USADOS PARA VEICULO AUTOMOTOR; COMÉRCIO VAREJISTA || RODAS E AROS USADOS PARA VEICULO AUTOMOTOR; COMÉRCIO VAREJISTA","4511101|4511102|4511103|4511104|4511105|4511106|4512901|4512902|4520001|4520002|4520003|4520004|4520005|4520006|4520007|4520008|4530701|4530702|4530703|4530705|4530706|4541201|4541202|4541203|4541204|4541206|4541207|4542101|4542102|4543900","OK","","","nao-ratificado"
"4530-7/05","4530705","COMÉRCIO A VAREJO DE PNEUMÁTICOS E CÂMARAS DE AR","Atende","Sim","Sim","I","I:De 4% até 19%","Não","G","COMÉRCIO; REPARAÇÃO DE VEÍCULOS AUTOMOTORES E MOTOCICLETAS","45","COMÉRCIO E REPARAÇÃO DE VEÍCULOS AUTOMOTORES E MOTOCICLETAS","453","COMÉRCIO DE PEÇAS E ACESSÓRIOS PARA VEÍCULOS AUTOMOTORES","45307","COMÉRCIO DE PEÇAS E ACESSÓRIOS PARA VEÍCULOS AUTOMOTORES","o comércio varejista de pneumáticos e câmaras-de-ar novos e usados para veículos automotores","atividades de representantes comerciais e agentes do comércio de peças e acessórios para veículos automotores (4530-7/06)","PNEUS E CÂMARAS DE AR NOVOS E USADOS PARA VEICULO AUTOMOTOR; COMÉRCIO VAREJISTA","4511101|4511102|4511103|4511104|4511105|4511106|4512901|4512902|4520001|4520002|4520003|4520004|4520005|4520006|4520007|4520008|4530701|4530702|4530703|4530704|4530706|4541201|4541202|4541203|4541204|4541206|4541207|4542101|4542102|4543900","OK","","","nao-ratificado"
"4530-7/06","4530706","REPRESENTANTES COMERCIAIS E AGENTES DO COMÉRCIO DE PEÇAS E ACESSÓRIOS NOVOS E USADOS PARA VEÍCULOS AUTOMOTORES","Atende","Sim","Não","III|V","III:De 6% até 33%|V:De 15,5% até 30,5%","Sim","G","COMÉRCIO; REPARAÇÃO DE VEÍCULOS AUTOMOTORES E MOTOCICLETAS","45","COMÉRCIO E REPARAÇÃO DE VEÍCULOS AUTOMOTORES E MOTOCICLETAS","453","COMÉRCIO DE PEÇAS E ACESSÓRIOS PARA VEÍCULOS AUTOMOTORES","45307","COMÉRCIO DE PEÇAS E ACESSÓRIOS PARA VEÍCULOS AUTOMOTORES","as atividades de representantes comerciais e agentes do comércio por atacado e a varejo de peças e acessórios novos e usados para veículos automotores","","REPRESENTANTE COMERCIAL E AGENTE DE COMÉRCIO DE PEÇAS E ACESSÓRIOS NOVOS E USADOS PARA VEICULO AUTOMOTOR; ATACADISTA E VAREJISTA","4511101|4511102|4511103|4511104|4511105|4511106|4512901|4512902|4520001|4520002|4520003|4520004|4520005|4520006|4520007|4520008|4530701|4530702|4530703|4530704|4530705|4541201|4541202|4541203|4541204|4541206|4541207|4542101|4542102|4543900","OK","","","nao-ratificado"
"4541-2/03","4541203","COMÉRCIO A VAREJO DE MOTOCICLETAS E MOTONETAS NOVAS","Atende","Sim","Não","I","I:De 4% até 19%","Não","G","COMÉRCIO; REPARAÇÃO DE VEÍCULOS AUTOMOTORES E MOTOCICLETAS","45","COMÉRCIO E REPARAÇÃO DE VEÍCULOS AUTOMOTORES E MOTOCICLETAS","454","COMÉRCIO, MANUTENÇÃO E REPARAÇÃO DE MOTOCICLETAS, PEÇAS E ACESSÓRIOS","45412","COMÉRCIO POR ATACADO E A VAREJO DE MOTOCICLETAS, PEÇAS E ACESSÓRIOS","o comércio varejista de motocicletas e motonetas novas","o comércio varejista de bicicletas e triciclos (4763-6/03) || a manutenção e reparação de motocicletas e motonetas (4543-9/00) || o comércio varejista de peças e acessórios para motocicletas e motonetas (4541-2/05) || as atividades de representantes comerciais e agentes do comércio atacadista e varejista de motocicletas e motonetas (4542-1/01) || o comércio sob consignação, a varejo e por atacado, de motocicletas e motonetas (4542-1/02)","MOTOS E MOTONETAS NOVAS; COMÉRCIO VAREJISTA || TRICICLOS, QUADRICICLOS MOTORIZADOS; COMÉRCIO VAREJISTA DE","4511101|4511102|4511103|4511104|4511105|4511106|4512901|4512902|4520001|4520002|4520003|4520004|4520005|4520006|4520007|4520008|4530701|4530702|4530703|4530704|4530705|4530706|4541201|4541202|4541204|4541206|4541207|4542101|4542102|4543900","OK","","","nao-ratificado"
"4541-2/04","4541204","COMÉRCIO A VAREJO DE MOTOCICLETAS E MOTONETAS USADAS","Atende","Sim","Não","I|III|V","I:De 4% até 19%|III:De 6% até 33%|V:De 15,5% até 30,5%","Sim","G","COMÉRCIO; REPARAÇÃO DE VEÍCULOS AUTOMOTORES E MOTOCICLETAS","45","COMÉRCIO E REPARAÇÃO DE VEÍCULOS AUTOMOTORES E MOTOCICLETAS","454","COMÉRCIO, MANUTENÇÃO E REPARAÇÃO DE MOTOCICLETAS, PEÇAS E ACESSÓRIOS","45412","COMÉRCIO POR ATACADO E A VAREJO DE MOTOCICLETAS, PEÇAS E ACESSÓRIOS","o comércio varejista de motocicletas e motonetas usadas","o comércio varejista de bicicletas e triciclos (4763-6/03) || a manutenção e reparação de motocicletas e motonetas (4543-9/00) || o comércio varejista de peças e acessórios para motocicletas e motonetas (4541-2/05) || as atividades de representantes comerciais e agentes do comércio atacadista e varejista de motocicletas e motonetas (4542-1/01) || o comércio sob consignação, a varejo e por atacado, de motocicletas e motonetas (4542-1/02)","MOTOCICLETAS, MOTOS E MOTONETAS USADAS; COMÉRCIO VAREJISTA","4511101|4511102|4511103|4511104|4511105|4511106|4512901|4512902|4520001|4520002|4520003|4520004|4520005|4520006|4520007|4520008|4530701|4530702|4530703|4530704|4530705|4530706|4541201|4541202|4541203|4541206|4541207|4542101|4542102|4543900","OK","","","nao-ratificado"
"4541-2/06","4541206","COMÉRCIO A VAREJO DE PEÇAS E ACESSÓRIOS NOVOS PARA MOTOCICLETAS E MOTONETAS","Atende","Sim","Sim","I","I:De 4% até 19%","Não","G","COMÉRCIO; REPARAÇÃO DE VEÍCULOS AUTOMOTORES E MOTOCICLETAS","45","COMÉRCIO E REPARAÇÃO DE VEÍCULOS AUTOMOTORES E MOTOCICLETAS","454","COMÉRCIO, MANUTENÇÃO E REPARAÇÃO DE MOTOCICLETAS, PEÇAS E ACESSÓRIOS","45412","COMÉRCIO POR ATACADO E A VAREJO DE MOTOCICLETAS, PEÇAS E ACESSÓRIOS","o comércio varejista de peças, partes e acessórios novas para motocicletas e motonetas","o comércio varejista de peças, partes e acessórios usadas para motocicletas e motonetas (4541-2/07) || as atividades de representantes comerciais e agentes do comércio atacadista e varejista de motocicletas e motonetas (4542-1/01) || o comércio sob consignação, a varejo e por atacado, de motocicletas e motonetas (4542-1/02) || o comércio varejista de peças e acessórios para bicicletas (4763-6/03)","PEÇAS, PARTES E ACESSÓRIOS PARA MOTOCICLETAS, MOTOS E MOTONETAS, NOVAS; COMÉRCIO VAREJISTA","4511101|4511102|4511103|4511104|4511105|4511106|4512901|4512902|4520001|4520002|4520003|4520004|4520005|4520006|4520007|4520008|4530701|4530702|4530703|4530704|4530705|4530706|4541201|4541202|4541203|4541204|4541207|4542101|4542102|4543900","OK","","","nao-ratificado"
"4541-2/07","4541207","COMÉRCIO A VAREJO DE PEÇAS E ACESSÓRIOS USADOS PARA MOTOCICLETAS E MOTONETAS","Atende","Sim","Sim","I","I:De 4% até 19%","Não","G","COMÉRCIO; REPARAÇÃO DE VEÍCULOS AUTOMOTORES E MOTOCICLETAS","45","COMÉRCIO E REPARAÇÃO DE VEÍCULOS AUTOMOTORES E MOTOCICLETAS","454","COMÉRCIO, MANUTENÇÃO E REPARAÇÃO DE MOTOCICLETAS, PEÇAS E ACESSÓRIOS","45412","COMÉRCIO POR ATACADO E A VAREJO DE MOTOCICLETAS, PEÇAS E ACESSÓRIOS","o comércio varejista de peças, partes e acessórios usadas para motocicletas e motonetas","o comércio varejista de peças, partes e acessórios novas para motocicletas e motonetas (4541-2/06) || as atividades de representantes comerciais e agentes do comércio de motocicletas e motonetas (4542-1/01) || o comércio sob consignação de motocicletas e motonetas (4542-1/02) || o comércio varejista de peças e acessórios para bicicletas (4763-6/03)","PEÇAS, PARTES E ACESSÓRIOS PARA MOTOCICLETAS, MOTOS E MOTONETAS, USADAS; COMÉRCIO VAREJISTA","4511101|4511102|4511103|4511104|4511105|4511106|4512901|4512902|4520001|4520002|4520003|4520004|4520005|4520006|4520007|4520008|4530701|4530702|4530703|4530704|4530705|4530706|4541201|4541202|4541203|4541204|4541206|4542101|4542102|4543900","OK","","","nao-ratificado"
"4542-1/01","4542101","REPRESENTANTES COMERCIAIS E AGENTES DO COMÉRCIO DE MOTOCICLETAS E MOTONETAS, PEÇAS E ACESSÓRIOS","Atende","Sim","Não","III|V","III:De 6% até 33%|V:De 15,5% até 30,5%","Sim","G","COMÉRCIO; REPARAÇÃO DE VEÍCULOS AUTOMOTORES E MOTOCICLETAS","45","COMÉRCIO E REPARAÇÃO DE VEÍCULOS AUTOMOTORES E MOTOCICLETAS","454","COMÉRCIO, MANUTENÇÃO E REPARAÇÃO DE MOTOCICLETAS, PEÇAS E ACESSÓRIOS","45421","REPRESENTANTES COMERCIAIS E AGENTES DO COMÉRCIO DE MOTOCICLETAS, PEÇAS E ACESSÓRIOS","as atividades de representantes comerciais e agentes do comércio atacadista e varejista de motocicletas e motonetas; partes, peças e acessórios","o comércio sob consignação, a varejo e por atacado, de motocicletas e motonetas (4542-1/02) || o comércio de motocicletas e motonetas por atacado (4541-2/01) e a varejo (4541-2/03) e (4541-2/04) || o comércio de peças e acessórios de motocicletas e motonetas por atacado (4541-2/02) e a varejo (4541-2/05)","REPRESENTANTE COMERCIAL E AGENTE DE COMÉRCIO DE PEÇAS E ACESSÓRIOS NOVOS E USADOS PARA MOTOCICLETAS, MOTOS E MOTONETAS; ATACADISTA E VAREJISTA","4511101|4511102|4511103|4511104|4511105|4511106|4512901|4512902|4520001|4520002|4520003|4520004|4520005|4520006|4520007|4520008|4530701|4530702|4530703|4530704|4530705|4530706|4541201|4541202|4541203|4541204|4541206|4541207|4542102|4543900","OK","","","nao-ratificado"
"4543-9/00","4543900","MANUTENÇÃO E REPARAÇÃO DE MOTOCICLETAS E MOTONETAS","Atende","Sim","Sim","III","III:De 6% até 33%","Não","G","COMÉRCIO; REPARAÇÃO DE VEÍCULOS AUTOMOTORES E MOTOCICLETAS","45","COMÉRCIO E REPARAÇÃO DE VEÍCULOS AUTOMOTORES E MOTOCICLETAS","454","COMÉRCIO, MANUTENÇÃO E REPARAÇÃO DE MOTOCICLETAS, PEÇAS E ACESSÓRIOS","45439","MANUTENÇÃO E REPARAÇÃO DE MOTOCICLETAS","a manutenção e reparação de motocicletas e motonetas || a instalação de acessórios em motocicletas e motonetas","a manutenção e reparação de bicicletas, triciclos e outros veículos recreativos (9529-1/04)","FUNILARIA E PINTURA DE MOTOCICLETAS E MOTONETAS; SERVIÇOS DE || ACESSÓRIOS EM MOTOCICLETAS E MOTONETAS; INSTALAÇÃO DE || MOTOCICLETAS, MOTOS E MOTONETAS; MANUTENÇÃO E REPARAÇÃO","4511101|4511102|4511103|4511104|4511105|4511106|4512901|4512902|4520001|4520002|4520003|4520004|4520005|4520006|4520007|4520008|4530701|4530702|4530703|4530704|4530705|4530706|4541201|4541202|4541203|4541204|4541206|4541207|4542101|4542102","OK","","","nao-ratificado"
"4611-7/00","4611700","REPRESENTANTES COMERCIAIS E AGENTES DO COMÉRCIO DE MATÉRIAS PRIMAS AGRÍCOLAS E ANIMAIS VIVOS","Atende","Sim","Não","III|V","III:De 6% até 33%|V:De 15,5% até 30,5%","Sim","G","COMÉRCIO; REPARAÇÃO DE VEÍCULOS AUTOMOTORES E MOTOCICLETAS","46","COMÉRCIO POR ATACADO, EXCETO VEÍCULOS AUTOMOTORES E MOTOCICLETAS","461","REPRESENTANTES COMERCIAIS E AGENTES DO COMÉRCIO, EXCETO DE VEÍCULOS AUTOMOTORES E MOTOCICLETAS","46117","REPRESENTANTES COMERCIAIS E AGENTES DO COMÉRCIO DE MATÉRIAS-PRIMAS AGRÍCOLAS E ANIMAIS VIVOS","as atividades de representantes comerciais e agentes do comércio de matérias agrícolas in natura tais como: || #- lã, couro bruto, cana de açúcar, algodão, café em coco, etc. || #- fios e fibras têxteis não beneficiadas || #- animais vivos: bovinos, suínos, caprinos, ovinos, eqüinos, etc. || #- subprodutos de origem animal não comestíveis: chifres, ossos, crinas etc. || #- outras matérias-primas agrícolas ou animal","as atividades de representantes comerciais e agentes do comércio de cereais beneficiados (4617-6/00) || as atividades dos representantes comerciais e agentes do comércio dos subprodutos do abate, comestíveis (4617-6/00) || as atividades de representantes comerciais e agentes do comércio de fios e fibras têxteis beneficiadas (4618-4/99)","ALGODÃO EM CAROÇO, JUTA, SISAL, FIBRAS VEGETAIS, LÃ, CRINAS, PELOS, CERDAS ANIMAIS; REPRESENTANTE COMERCIAL E AGENTE DO COMÉRCIO DE || ANIMAIS VIVOS; REPRESENTANTE COMERCIAL E AGENTE DO COMÉRCIO DE || BORRACHA NATURAL, GOMA VEGETAL; REPRESENTANTE COMERCIAL E AGENTE DO COMÉRCIO DE || BOVINOS; REPRESENTANTE COMERCIAL E AGENTE DO COMÉRCIO DE || CAFÉ EM COCO; REPRESENTANTE COMERCIAL E AGENTE DO COMÉRCIO DE || CAFÉ EM GRÃO; REPRESENTANTE COMERCIAL E AGENTE DO COMÉRCIO DE || CAFÉ IN NATURA; REPRESENTANTE COMERCIAL E AGENTE DO COMÉRCIO DE || CAFÉ VERDE; REPRESENTANTE COMERCIAL E AGENTE DO COMÉRCIO DE || CAPRINOS; REPRESENTANTE COMERCIAL E AGENTE DO COMÉRCIO || CASULOS DE BICHO DA SEDA; REPRESENTANTE COMERCIAL E AGENTE DO COMÉRCIO DE || CEREAIS EM BRUTO; REPRESENTANTE COMERCIAL E AGENTE DO COMÉRCIO DE || COURO EM BRUTO; REPRESENTANTE COMERCIAL E AGENTE DO COMÉRCIO DE || EQÜINO; REPRESENTANTE COMERCIAL E AGENTE DO COMÉRCIO DE || ERVAS MEDICINAIS EM BRUTO; REPRESENTANTE COMERCIAL E AGENTE DO COMÉRCIO DE || FIOS E FIBRAS TÊXTEIS NÃO BENEFICIADAS; REPRESENTANTE COMERCIAL E AGENTE DO COMÉRCIO DE || FORRAGENS; REPRESENTANTE COMERCIAL E AGENTE DO COMÉRCIO DE || FUMO EM FOLHA NÃO BENEFICIADO; REPRESENTANTE COMERCIAL E AGENTE DO COMÉRCIO DE || LEGUMINOSAS EM BRUTO; REPRESENTANTE COMERCIAL E AGENTE DO COMÉRCIO DE || MATÉRIAS PRIMAS AGRÍCOLAS; REPRESENTANTE COMERCIAL E AGENTE DO COMÉRCIO DE || MATÉRIAS PRIMAS TÊXTEIS; REPRESENTANTE COMERCIAL E AGENTE DO COMÉRCIO DE || MILHO EM GRÃO, SOJA EM GRÃO, CAFÉ EM COCO, ARROZ EM CASCA, TRIGO EM GRÃO, CANA DE AÇÚCAR, AMENDOIM EM CASCA, BABAÇU; REPRESENTANTE COMERCIAL E AGENTE DO COMÉRCIO DE || OLEAGINOSAS EM BRUTO; REPRESENTANTE COMERCIAL E AGENTE DO COMÉRCIO DE || OVINOS; REPRESENTANTE COMERCIAL E AGENTE DO COMÉRCIO DE || PALHA, CERA DE CARNAÚBA; REPRESENTANTE COMERCIAL E AGENTE DO COMÉRCIO DE || PRODUTOS AGRÍCOLAS; REPRESENTANTE COMERCIAL E AGENTE DO COMÉRCIO DE || PRODUTOS SEMIACABADOS; REPRESENTANTE COMERCIAL E AGENTE DO COMÉRCIO DE || SEMENTES, BAGAS, GRÃOS; REPRESENTANTE COMERCIAL E AGENTE DO COMÉRCIO DE || SUÍNOS (PORCOS); REPRESENTANTE COMERCIAL E AGENTE DO COMÉRCIO DE || SÊMEN BOVINOS; REPRESENTANTE COMERCIAL E AGENTE DO COMÉRCIO DE","4612500|4613300|4614100|4615000|4616800|4617600|4618401|4618402|4618403|4618499|4619200|4621400|4622200|4623101|4623102|4623103|4623104|4623105|4623106|4623107|4623108|4623109|4623199|4631100|4632001|4632002|4632003|4633801|4633802|4633803|4634601|4634602|4634603|4634699|4635401|4635402|4635403|4635499|4636201|4636202|4637101|4637102|4637103|4637104|4637105|4637106|4637107|4637199|4639701|4639702|4641901|4641902|4641903|4642701|4642702|4643501|4643502|4644301|4644302|4645101|4645102|4645103|4646001|4646002|4647801|4647802|4649401|4649402|4649403|4649404|4649405|4649406|4649407|4649408|4649409|4649410|4649499|4651601|4651602|4652400|4661300|4662100|4663000|4664800|4665600|4669901|4669999|4671100|4672900|4673700|4674500|4679601|4679602|4679603|4679604|4679699|4681801|4681802|4681803|4681804|4681805|4682600|4683400|4684201|4684202|4684299|4685100|4686901|4686902|4687701|4687702|4687703|4689301|4689302|4689399|4691500|4692300|4693100","OK","","","nao-ratificado"
"4612-5/00","4612500","REPRESENTANTES COMERCIAIS E AGENTES DO COMÉRCIO DE COMBUSTÍVEIS, MINERAIS, PRODUTOS SIDERÚRGICOS E QUÍMICOS","Atende","Sim","Não","III|V","III:De 6% até 33%|V:De 15,5% até 30,5%","Sim","G","COMÉRCIO; REPARAÇÃO DE VEÍCULOS AUTOMOTORES E MOTOCICLETAS","46","COMÉRCIO POR ATACADO, EXCETO VEÍCULOS AUTOMOTORES E MOTOCICLETAS","461","REPRESENTANTES COMERCIAIS E AGENTES DO COMÉRCIO, EXCETO DE VEÍCULOS AUTOMOTORES E MOTOCICLETAS","46125","REPRESENTANTES COMERCIAIS E AGENTES DO COMÉRCIO DE COMBUSTÍVEIS, MINERAIS, PRODUTOS SIDERÚRGICOS E QUÍMICOS","as atividades de representantes comerciais e agentes do comércio de: || #- combustíveis sólidos, líquidos e gasosos, gás liqüefeito de petróleo e lubrificantes || #- minerais metálicos e não-metálicos || #- produtos siderúrgicos e metalúrgicos, exceto para construção || #- defensivos agrícolas, fertilizantes e corretivos do solo || #- produtos químicos e petroquímicos em geral || as atividades de representantes comerciais e agentes do comércio de: || #- produtos químicos para limpeza e conservação de prédios e domicílios || #- sal gema e sal marinho","as atividades de representantes comerciais e agentes do comércio de: || #- produtos farmacêuticos e veterinários (4618-4/01) || #- produtos siderúrgicos e metalúrgicos para construção (4613-3/00) || os agentes e corretores de gás natural para postos de combustíveis e consumidores industriais (3520-4/02)","ANILINA; REPRESENTANTE COMERCIAL E AGENTE DO COMÉRCIO DE || AÇO CARBONO BRUTO; REPRESENTANTE COMERCIAL E AGENTE DO COMÉRCIO DE || COLA QUÍMICA; REPRESENTANTE COMERCIAL E AGENTE DO COMÉRCIO DE || COLORANTES; REPRESENTANTE COMERCIAL E AGENTE DO COMÉRCIO DE || COMBUSTÍVEIS; REPRESENTANTE COMERCIAL E AGENTE DO COMÉRCIO DE || CORRETIVOS DO SOLO; REPRESENTANTE COMERCIAL E AGENTE DO COMÉRCIO DE || DEFENSIVOS AGRÍCOLAS; REPRESENTANTE COMERCIAL E AGENTE DO COMÉRCIO DE || DERIVADOS DO REFINO DO PETRÓLEO; REPRESENTANTE COMERCIAL E AGENTE DO COMÉRCIO DE || FERTILIZANTES; REPRESENTANTE COMERCIAL E AGENTE DO COMÉRCIO DE || GÁS LIQUEFEITO DE PETRÓLEO; REPRESENTANTE COMERCIAL E AGENTE DO COMÉRCIO DE || INSUMOS AGRÍCOLAS INDUSTRIAIS (FERTILIZANTES, ADUBOS, AGROTÓXICOS, BACTERICIDAS E SIMILARES); REPRESENTANTE COMERCIAL E AGENTE DO COMÉRCIO DE || LUBRIFICANTES; REPRESENTANTE COMERCIAL E AGENTE DO COMÉRCIO DE || METAIS EM FORMA PRIMARIA; REPRESENTANTE COMERCIAL E AGENTE DO COMÉRCIO DE || MINERAIS METÁLICOS; REPRESENTANTE COMERCIAL E AGENTE DO COMÉRCIO DE || MINERAIS NÃO METÁLICOS; REPRESENTANTE COMERCIAL E AGENTE DO COMÉRCIO DE || PARAFINA; REPRESENTANTE COMERCIAL E AGENTE DO COMÉRCIO DE || PETROQUÍMICOS; REPRESENTANTE COMERCIAL E AGENTE DO COMÉRCIO DE || PRODUTOS QUÍMICOS DE USO NA AGROPECUÁRIA; REPRESENTANTE COMERCIAL E AGENTE DO COMÉRCIO DE || PRODUTOS QUÍMICOS EM GERAL; REPRESENTANTE COMERCIAL E AGENTE DO COMÉRCIO DE || PRODUTOS QUÍMICOS INDUSTRIAIS; REPRESENTANTE COMERCIAL E AGENTE DO COMÉRCIO DE || PRODUTOS QUÍMICOS PARA HIGIENE DOMESTICA; INTERMEDIÁRIO DO COMÉRCIO ATACADISTA DE || PRODUTOS QUÍMICOS PARA LIMPEZA E CONSERVAÇÃO DE PRÉDIOS E DOMICÍLIOS; REPRESENTANTE COMERCIAL E AGENTE DO COMÉRCIO DE || PRODUTOS SIDERÚRGICOS E METALÚRGICOS, EXCETO PARA CONSTRUÇÃO; REPRESENTANTE COMERCIAL E AGENTE DO COMÉRCIO DE || PRODUTOS SIDERÚRGICOS; REPRESENTANTE COMERCIAL E AGENTE DO COMÉRCIO DE || RESINA SINTÉTICA; REPRESENTANTE COMERCIAL E AGENTE DO COMÉRCIO DE || SAL GEMA; REPRESENTANTE COMERCIAL E AGENTE DE COMÉRCIO DE || SAL INDUSTRIAL; REPRESENTANTE COMERCIAL E AGENTE DO COMÉRCIO DE || SAL MARINHO; REPRESENTANTE COMERCIAL E AGENTE DO COMÉRCIO DE || SODA CÁUSTICA; REPRESENTANTE COMERCIAL E AGENTE DO COMÉRCIO DE","4611700|4613300|4614100|4615000|4616800|4617600|4618401|4618402|4618403|4618499|4619200|4621400|4622200|4623101|4623102|4623103|4623104|4623105|4623106|4623107|4623108|4623109|4623199|4631100|4632001|4632002|4632003|4633801|4633802|4633803|4634601|4634602|4634603|4634699|4635401|4635402|4635403|4635499|4636201|4636202|4637101|4637102|4637103|4637104|4637105|4637106|4637107|4637199|4639701|4639702|4641901|4641902|4641903|4642701|4642702|4643501|4643502|4644301|4644302|4645101|4645102|4645103|4646001|4646002|4647801|4647802|4649401|4649402|4649403|4649404|4649405|4649406|4649407|4649408|4649409|4649410|4649499|4651601|4651602|4652400|4661300|4662100|4663000|4664800|4665600|4669901|4669999|4671100|4672900|4673700|4674500|4679601|4679602|4679603|4679604|4679699|4681801|4681802|4681803|4681804|4681805|4682600|4683400|4684201|4684202|4684299|4685100|4686901|4686902|4687701|4687702|4687703|4689301|4689302|4689399|4691500|4692300|4693100","OK","","","nao-ratificado"
"4613-3/00","4613300","REPRESENTANTES COMERCIAIS E AGENTES DO COMÉRCIO DE MADEIRA, MATERIAL DE CONSTRUÇÃO E FERRAGENS","Atende","Sim","Não","III|V","III:De 6% até 33%|V:De 15,5% até 30,5%","Sim","G","COMÉRCIO; REPARAÇÃO DE VEÍCULOS AUTOMOTORES E MOTOCICLETAS","46","COMÉRCIO POR ATACADO, EXCETO VEÍCULOS AUTOMOTORES E MOTOCICLETAS","461","REPRESENTANTES COMERCIAIS E AGENTES DO COMÉRCIO, EXCETO DE VEÍCULOS AUTOMOTORES E MOTOCICLETAS","46133","REPRESENTANTES COMERCIAIS E AGENTES DO COMÉRCIO DE MADEIRA, MATERIAL DE CONSTRUÇÃO E FERRAGENS","as atividades de representantes comerciais e agentes do comércio de: || #- madeira em bruto perfilada ou serrada || #- produtos derivados - tábuas, ripas, vigas, pranchas, dormentes, barrotes e similares || #- o comércio atacadista de pré-moldados de madeira para construção || #- louças e aparelhos sanitários - pias, lavatórios, banheiras e outros similares || #- material de revestimento - azulejos e pisos, mosaicos, pastilhas, ladrilhos e outros similares || #- material para pintura || #- material elétrico || #- vidros || #- ferragens e produtos siderúrgicos e metalúrgicos para construção - válvulas, torneiras, registros, arames, pregos, fechaduras, dobradiças e outros similares","as atividades de representantes comerciais e agentes do comércio de: || #- lustres, luminárias e abajures (4615-0/00) || #- tapetes, carpetes e outros artigos de tapeçaria (4618-4/99) || #- papel de parede e similares (4618-4/99) || #- produtos siderúrgicos e metalúrgicos, exceto para construção (4612-5/00) || a fabricação de pré-moldados de madeira para construção com montagem associada (1622-6/02)","APARELHOS SANITÁRIOS (PIAS, LAVATÓRIOS, BANHEIRAS); REPRESENTANTE COMERCIAL E AGENTE DO COMÉRCIO || ARGAMASSA PRONTA; REPRESENTANTE COMERCIAL E AGENTE DO COMÉRCIO DE || ARTIGOS E EQUIPAMENTOS PARA SAUNAS; REPRESENTANTE COMERCIAL E AGENTE DO COMÉRCIO DE || BOMBAS HIDRÁULICAS; REPRESENTANTE COMERCIAL E AGENTE DO COMÉRCIO DE || CAIXA DE DESCARGA; REPRESENTANTE COMERCIAL E AGENTE DO COMÉRCIO DE || CAIXA DE ÁGUA; REPRESENTANTE COMERCIAL E AGENTE DO COMÉRCIO DE || CIMENTO; REPRESENTANTE COMERCIAL E AGENTE DO COMÉRCIO DE || DIVISÓRIAS SANFONADAS; REPRESENTANTE COMERCIAL E AGENTE DO COMÉRCIO DE || FERRAGENS; REPRESENTANTE COMERCIAL E AGENTE DO COMÉRCIO DE || FERRAMENTAS; REPRESENTANTE COMERCIAL E AGENTE DO COMÉRCIO DE || LOUÇAS SANITÁRIAS; REPRESENTANTE COMERCIAL E AGENTE DO COMÉRCIO DE || LÂMPADAS; REPRESENTANTE COMERCIAL E AGENTE DO COMÉRCIO DE || MADEIRA; REPRESENTANTE COMERCIAL E AGENTE DO COMÉRCIO DE || MATERIAIS ELÉTRICOS; REPRESENTANTE COMERCIAL E AGENTE DO COMÉRCIO DE || MATERIAL DE CONSTRUÇÃO; REPRESENTANTE COMERCIAL E AGENTE DO COMÉRCIO DE || MATERIAL DE PINTURA (TINTURA, SOLVENTE, ETC.), REPRESENTANTE COMERCIAL E AGENTE DO COMÉRCIO || MATERIAL DE REVESTIMENTO (AZULEJOS, PISOS, MOSAICOS E SIMILARES); REPRESENTANTE COMERCIAL E AGENTE DO COMÉRCIO || MATERIAL ELÉTRICO PARA CONSTRUÇÃO; REPRESENTANTE COMERCIAL E AGENTE DO COMÉRCIO DE || MATERIAL ELÉTRICO; REPRESENTANTE COMERCIAL E AGENTE DO COMÉRCIO DE || PARAFUSOS; REPRESENTANTE COMERCIAL E AGENTE DO COMÉRCIO DE || PORTAS SANFONADAS; REPRESENTANTE COMERCIAL E AGENTE DO COMÉRCIO DE || PRODUTOS METALÚRGICOS; REPRESENTANTE COMERCIAL E AGENTE DO COMÉRCIO DE || PRODUTOS SANITÁRIOS; REPRESENTANTE COMERCIAL E AGENTE DO COMÉRCIO DE || PRODUTOS SIDERÚRGICOS E METALÚRGICOS PARA CONSTRUÇÃO; REPRESENTANTE COMERCIAL E AGENTE DO COMÉRCIO DE || TINTAS, ESMALTES, VERNIZES; REPRESENTANTE COMERCIAL E AGENTE DO COMÉRCIO DE || TÍNERES PARA TINTAS; REPRESENTANTE COMERCIAL E AGENTE DO COMÉRCIO DE || VIDROS; REPRESENTANTE COMERCIAL E AGENTE DO COMÉRCIO DE","4611700|4612500|4614100|4615000|4616800|4617600|4618401|4618402|4618403|4618499|4619200|4621400|4622200|4623101|4623102|4623103|4623104|4623105|4623106|4623107|4623108|4623109|4623199|4631100|4632001|4632002|4632003|4633801|4633802|4633803|4634601|4634602|4634603|4634699|4635401|4635402|4635403|4635499|4636201|4636202|4637101|4637102|4637103|4637104|4637105|4637106|4637107|4637199|4639701|4639702|4641901|4641902|4641903|4642701|4642702|4643501|4643502|4644301|4644302|4645101|4645102|4645103|4646001|4646002|4647801|4647802|4649401|4649402|4649403|4649404|4649405|4649406|4649407|4649408|4649409|4649410|4649499|4651601|4651602|4652400|4661300|4662100|4663000|4664800|4665600|4669901|4669999|4671100|4672900|4673700|4674500|4679601|4679602|4679603|4679604|4679699|4681801|4681802|4681803|4681804|4681805|4682600|4683400|4684201|4684202|4684299|4685100|4686901|4686902|4687701|4687702|4687703|4689301|4689302|4689399|4691500|4692300|4693100","OK","","","nao-ratificado"
"4614-1/00","4614100","REPRESENTANTES COMERCIAIS E AGENTES DO COMÉRCIO DE MÁQUINAS, EQUIPAMENTOS, EMBARCAÇÕES E AERONAVES","Atende","Sim","Não","III|V","III:De 6% até 33%|V:De 15,5% até 30,5%","Sim","G","COMÉRCIO; REPARAÇÃO DE VEÍCULOS AUTOMOTORES E MOTOCICLETAS","46","COMÉRCIO POR ATACADO, EXCETO VEÍCULOS AUTOMOTORES E MOTOCICLETAS","461","REPRESENTANTES COMERCIAIS E AGENTES DO COMÉRCIO, EXCETO DE VEÍCULOS AUTOMOTORES E MOTOCICLETAS","46141","REPRESENTANTES COMERCIAIS E AGENTES DO COMÉRCIO DE MÁQUINAS, EQUIPAMENTOS, EMBARCAÇÕES E AERONAVES","as atividades de representantes comerciais e agentes do comércio de máquinas, aparelhos e equipamentos, tais como: || #- máquinas operatrizes - tornos, fresas, teares, maçaricos, etc. || #- máquinas para instalações hidráulicas, máquinas utilizadas em aplicações industriais do ar (aerotécnicas) ou térmicas || #- máquinas, aparelhos e equipamentos de uso agrícola || #- máquinas e equipamentos de informática e comunicação || #- equipamentos médico-cirúrgicos e hospitalares diversos || #- embarcações || #- aeronaves || as atividades de representantes comerciais e agentes do comércio de: || #- máquinas para automação gerencial e comercial || #- máquinas e equipamentos para o comércio || #- máquinas e equipamentos para escritório || #- motores marítimos || #- extintores","","AERONAVES; REPRESENTANTE COMERCIAL E AGENTE DO COMÉRCIO DE || AIVECA PARA ARADOS; REPRESENTANTE COMERCIAL E AGENTE DO COMÉRCIO DE || ANCINHOS MECÂNICOS; REPRESENTANTE COMERCIAL E AGENTE DO COMÉRCIO DE || APARELHOS ELETRÔNICOS DE USO PROFISSIONAL; REPRESENTANTE COMERCIAL E AGENTE DO COMÉRCIO DE || APARELHOS ELETRÔNICOS PARA INDUSTRIA; REPRESENTANTE COMERCIAL E AGENTE DO COMÉRCIO DE || BARBEIROS OU CABELEIREIROS, MÁQUINAS DE; REPRESENTANTE COMERCIAL E AGENTE DO COMÉRCIO || CLASSIFICADORES PARA OVOS; REPRESENTANTE COMERCIAL E AGENTE DO COMÉRCIO DE || CORTADORES DE FRIOS PARA BARES E LANCHONETES; REPRESENTANTE COMERCIAL E AGENTE DO COMÉRCIO DE || CÂMERAS DE SEGURANÇA PARA USO INDUSTRIAL; REPRESENTANTE COMERCIAL E AGENTE DO COMÉRCIO DE || DEBULHADORES AGRÍCOLAS; REPRESENTANTE COMERCIAL E AGENTE DO COMÉRCIO DE || EMBARCAÇÕES; REPRESENTANTE COMERCIAL E AGENTE DO COMÉRCIO DE || EQUIPAMENTOS DE SEGURANÇA PARA USO INDUSTRIAL; REPRESENTANTE COMERCIAL E AGENTE DO COMÉRCIO DE || EQUIPAMENTOS MÉDICO-CIRÚRGICOS DIVERSOS; REPRESENTANTE COMERCIAL E AGENTE DO COMÉRCIO DE || EQUIPAMENTOS PARA INFORMÁTICA; REPRESENTANTE COMERCIAL E AGENTE DO COMÉRCIO DE || EQUIPAMENTOS PARA MONITORAMENTO; REPRESENTANTE COMERCIAL E AGENTE DO COMÉRCIO DE || EQUIPAMENTOS PARA USOS TÉCNICO OU PROFISSIONAL; REPRESENTANTE COMERCIAL E AGENTE DO COMÉRCIO || ESMERILHADEIRAS; REPRESENTANTE COMERCIAL E AGENTE DO COMÉRCIO DE || EXTINTORES DE INCÊNDIO; REPRESENTANTE COMERCIAL E AGENTE DO COMÉRCIO DE || FRESADORES (HORIZONTAIS, VERTICAIS, UNIVERSAIS); REPRESENTANTE COMERCIAL E AGENTE DO COMÉRCIO DE || FRITADORAS, REFRESQUEIRAS, SANDUICHEIRA E CAFETEIRAS PARA BARES E LANCHONETES; REPRESENTANTE COMERCIAL E AGENTE DO COMÉRCIO DE || LAGARTAS PARA TRATORES DE USO NA CONSTRUÇÃO E MINERAÇÃO; REPRESENTANTE COMERCIAL E AGENTE DO COMÉRCIO DE || MOBILIÁRIO ODONTOLÓGICO; REPRESENTANTE COMERCIAL E AGENTE DO COMÉRCIO DE || MOBILIÁRIO PARA USO MÉDICO-HOSPITALAR; REPRESENTANTE COMERCIAL E AGENTE DO COMÉRCIO DE || MOTORES MARÍTIMOS; REPRESENTANTE COMERCIAL E AGENTE DO COMÉRCIO DE || MÁQUINAS E EQUIPAMENTOS AGRÍCOLAS; REPRESENTANTE COMERCIAL E AGENTE DO COMÉRCIO DE || MÁQUINAS E EQUIPAMENTOS INDUSTRIAIS; REPRESENTANTE COMERCIAL E AGENTE DO COMÉRCIO DE || MÁQUINAS E EQUIPAMENTOS PARA AUTOMAÇÃO GERENCIAL E COMERCIAL; REPRESENTANTE COMERCIAL E AGENTE DO COMÉRCIO DE || MÁQUINAS E EQUIPAMENTOS PARA ESCRITÓRIO; REPRESENTANTE COMERCIAL E AGENTE DO COMÉRCIO DE || MÁQUINAS E IMPLEMENTOS AGRÍCOLAS; REPRESENTANTE COMERCIAL E AGENTE DO COMÉRCIO DE || MÁQUINAS FERRAMENTA; REPRESENTANTE COMERCIAL E AGENTE DO COMÉRCIO || MÁQUINAS OPERATRIZES; REPRESENTANTE COMERCIAL E AGENTE DO COMÉRCIO || MÁQUINAS PARA APLICAÇÃO DE CÓDIGO DE BARRAS; REPRESENTANTE COMERCIAL E AGENTE DO COMÉRCIO DE || MÁQUINAS PARA ELEVAÇÃO DE CARGAS; REPRESENTANTE COMERCIAL E AGENTE DO COMÉRCIO DE || MÁQUINAS PARA INSTALAÇÕES HIDRÁULICAS; REPRESENTANTE COMERCIAL E AGENTE DO COMÉRCIO DE || MÁQUINAS PARA PAVIMENTAÇÃO; REPRESENTANTE COMERCIAL E AGENTE DO COMÉRCIO || MÁQUINAS PARA TRANSPORTE DE CARGAS; REPRESENTANTE COMERCIAL E AGENTE DO COMÉRCIO || MÁQUINAS PARA USOS TÉCNICO OU PROFISSIONAL; REPRESENTANTE COMERCIAL E AGENTE DO COMÉRCIO DE || PEÇAS E ACESSÓRIOS PARA EMBARCAÇÕES; REPRESENTANTE COMERCIAL E AGENTE DO COMÉRCIO DE || PEÇAS E ACESSÓRIOS PARA MOTORES MARÍTIMOS; REPRESENTANTE COMERCIAL E AGENTE DO COMÉRCIO DE || PEÇAS PARA MÁQUINAS AGRÍCOLAS; REPRESENTANTE COMERCIAL E AGENTE DO COMÉRCIO DE || PEÇAS PARA MÁQUINAS INDUSTRIAIS; REPRESENTANTE COMERCIAL E AGENTE DO COMÉRCIO DE || PLACAS DE GERAÇÃO DE ENERGIA ELÉTRICA; REPRESENTANTE COMERCIAL E AGENTE DE COMÉRCIO DE || PLANTADEIRAS; REPRESENTANTE COMERCIAL E AGENTE DO COMÉRCIO DE || SISTEMA DE SEGURANÇA PARA USO INDUSTRIAL; REPRESENTANTE COMERCIAL E AGENTE DO COMÉRCIO DE || TELEFONES; REPRESENTANTE COMERCIAL E AGENTE DE COMÉRCIO DE || TOSQUIADORES DE LÃ; REPRESENTANTE COMERCIAL E AGENTE DO COMÉRCIO DE || TRATORES AGRÍCOLAS; REPRESENTANTE COMERCIAL E AGENTE DO COMÉRCIO DE || TRATORES DE RODA OU ESTEIRA DE USO NA CONSTRUÇÃO OU MINERAÇÃO; REPRESENTANTE COMERCIAL E AGENTE DO COMÉRCIO DE || TRILHADEIRAS AGRÍCOLAS; REPRESENTANTE COMERCIAL E AGENTE DO COMÉRCIO DE","4611700|4612500|4613300|4615000|4616800|4617600|4618401|4618402|4618403|4618499|4619200|4621400|4622200|4623101|4623102|4623103|4623104|4623105|4623106|4623107|4623108|4623109|4623199|4631100|4632001|4632002|4632003|4633801|4633802|4633803|4634601|4634602|4634603|4634699|4635401|4635402|4635403|4635499|4636201|4636202|4637101|4637102|4637103|4637104|4637105|4637106|4637107|4637199|4639701|4639702|4641901|4641902|4641903|4642701|4642702|4643501|4643502|4644301|4644302|4645101|4645102|4645103|4646001|4646002|4647801|4647802|4649401|4649402|4649403|4649404|4649405|4649406|4649407|4649408|4649409|4649410|4649499|4651601|4651602|4652400|4661300|4662100|4663000|4664800|4665600|4669901|4669999|4671100|4672900|4673700|4674500|4679601|4679602|4679603|4679604|4679699|4681801|4681802|4681803|4681804|4681805|4682600|4683400|4684201|4684202|4684299|4685100|4686901|4686902|4687701|4687702|4687703|4689301|4689302|4689399|4691500|4692300|4693100","OK","","","nao-ratificado"
"4615-0/00","4615000","REPRESENTANTES COMERCIAIS E AGENTES DO COMÉRCIO DE ELETRODOMÉSTICOS, MÓVEIS E ARTIGOS DE USO DOMÉSTICO","Atende","Sim","Não","III|V","III:De 6% até 33%|V:De 15,5% até 30,5%","Sim","G","COMÉRCIO; REPARAÇÃO DE VEÍCULOS AUTOMOTORES E MOTOCICLETAS","46","COMÉRCIO POR ATACADO, EXCETO VEÍCULOS AUTOMOTORES E MOTOCICLETAS","461","REPRESENTANTES COMERCIAIS E AGENTES DO COMÉRCIO, EXCETO DE VEÍCULOS AUTOMOTORES E MOTOCICLETAS","46150","REPRESENTANTES COMERCIAIS E AGENTES DO COMÉRCIO DE ELETRODOMÉSTICOS, MÓVEIS E ARTIGOS DE USO DOMÉSTICO","as atividades de representantes comerciais e agentes do comércio de: || #- eletrodomésticos e outros aparelhos e equipamentos de uso doméstico || #- móveis em geral, para qualquer uso || #- utensílios e artigos de uso doméstico de vidro, cristal, porcelana, borracha, plástico, metal, madeira, vime, bambu e outros similares || as atividades de representantes comerciais e agentes do comércio de: || #- lustres, luminárias e abajures || #- alarmes e equipamentos para segurança industrial, comercial e residencial","as atividades de representantes comerciais e agentes do comércio de: || #- máquinas e equipamentos de informática e comunicação (4614-1/00) || #- produtos químicos para limpeza doméstica e conservação de prédios e domicílios (4612-5/00) || #- papel de parede e similares (4618-4/99) || tapetes, carpetes e outros artigos de tapeçaria (4618-4/99)","ALARMES - USO DOMÉSTICO; REPRESENTANTE COMERCIAL E AGENTE DO COMÉRCIO DE || APARELHOS ELETRÔNICOS DOMÉSTICOS E PESSOAIS; REPRESENTANTE COMERCIAL E AGENTE DO COMÉRCIO DE || ARTIGOS DE CUTELARIA; REPRESENTANTE COMERCIAL E AGENTE DO COMÉRCIO DE || ARTIGOS DE ILUMINAÇÃO; REPRESENTANTE COMERCIAL E AGENTE DO COMÉRCIO DE || ARTIGOS DE LOUÇA, VIDRO, METAL, MADEIRA, PLÁSTICO, BORRACHA E DE OUTROS MATERIAIS - PARA USO DOMÉSTICO; REPRESENTANTE COMERCIAL E AGENTE DO COMÉRCIO DE || ARTIGOS DE USO DOMÉSTICO; REPRESENTANTE COMERCIAL E AGENTE DO COMÉRCIO DE || ARTIGOS DE ÓPTICA (ÓTICA); REPRESENTANTE COMERCIAL E AGENTE DO COMÉRCIO DE || ARTIGOS PARA RESIDÊNCIAS DE LOUÇA, VIDRO, METAL, MADEIRA, PLÁSTICO, BORRACHA E DE OUTROS MATERIAIS; REPRESENTANTE COMERCIAL E AGENTE DO COMÉRCIO DE || CÂMERAS DE SEGURANÇA PARA USO DOMÉSTICO; REPRESENTANTE COMERCIAL E AGENTE DO COMÉRCIO DE || ELETRODOMÉSTICOS; REPRESENTANTE COMERCIAL E AGENTE DO COMÉRCIO DE || EQUIPAMENTOS DE MONITORAÇÃO; REPRESENTANTE COMERCIAL E AGENTE DO COMÉRCIO DE || EQUIPAMENTOS DE SEGURANÇA PARA USO DOMÉSTICO; REPRESENTANTE COMERCIAL E AGENTE DO COMÉRCIO DE || FILMADORAS, MÁQUINAS FOTOGRÁFICAS; REPRESENTANTE COMERCIAL E AGENTE DO COMÉRCIO DE || LOUÇAS; REPRESENTANTE COMERCIAL E AGENTE DO COMÉRCIO DE || LUSTRES, LUMINÁRIAS, ABAJURES; REPRESENTANTE COMERCIAL E AGENTE DO COMÉRCIO DE || MATERIAIS, ARTIGOS FOTOGRÁFICOS; REPRESENTANTE COMERCIAL E AGENTE DO COMÉRCIO DE || MATERIAL DE LIMPEZA; REPRESENTANTE COMERCIAL E AGENTE DO COMÉRCIO DE || MOVEIS; REPRESENTANTE COMERCIAL E AGENTE DO COMÉRCIO DE || PANELAS, UTENSÍLIOS DE COZINHA DOMÉSTICO; REPRESENTANTE COMERCIAL E AGENTE DO COMÉRCIO DE || SISTEMA DE SEGURANÇA PARA USO DOMÉSTICO; REPRESENTANTE COMERCIAL E AGENTE DO COMÉRCIO DE || UTENSÍLIOS DOMÉSTICOS; REPRESENTANTE COMERCIAL E AGENTE DO COMÉRCIO DE || ÓCULOS; REPRESENTANTE COMERCIAL E AGENTE DO COMÉRCIO DE","4611700|4612500|4613300|4614100|4616800|4617600|4618401|4618402|4618403|4618499|4619200|4621400|4622200|4623101|4623102|4623103|4623104|4623105|4623106|4623107|4623108|4623109|4623199|4631100|4632001|4632002|4632003|4633801|4633802|4633803|4634601|4634602|4634603|4634699|4635401|4635402|4635403|4635499|4636201|4636202|4637101|4637102|4637103|4637104|4637105|4637106|4637107|4637199|4639701|4639702|4641901|4641902|4641903|4642701|4642702|4643501|4643502|4644301|4644302|4645101|4645102|4645103|4646001|4646002|4647801|4647802|4649401|4649402|4649403|4649404|4649405|4649406|4649407|4649408|4649409|4649410|4649499|4651601|4651602|4652400|4661300|4662100|4663000|4664800|4665600|4669901|4669999|4671100|4672900|4673700|4674500|4679601|4679602|4679603|4679604|4679699|4681801|4681802|4681803|4681804|4681805|4682600|4683400|4684201|4684202|4684299|4685100|4686901|4686902|4687701|4687702|4687703|4689301|4689302|4689399|4691500|4692300|4693100","OK","","","nao-ratificado"
"4616-8/00","4616800","REPRESENTANTES COMERCIAIS E AGENTES DO COMÉRCIO DE TÊXTEIS, VESTUÁRIO, CALÇADOS E ARTIGOS DE VIAGEM","Atende","Sim","Não","III|V","III:De 6% até 33%|V:De 15,5% até 30,5%","Sim","G","COMÉRCIO; REPARAÇÃO DE VEÍCULOS AUTOMOTORES E MOTOCICLETAS","46","COMÉRCIO POR ATACADO, EXCETO VEÍCULOS AUTOMOTORES E MOTOCICLETAS","461","REPRESENTANTES COMERCIAIS E AGENTES DO COMÉRCIO, EXCETO DE VEÍCULOS AUTOMOTORES E MOTOCICLETAS","46168","REPRESENTANTES COMERCIAIS E AGENTES DO COMÉRCIO DE TÊXTEIS, VESTUÁRIO, CALÇADOS E ARTIGOS DE VIAGEM","as atividades de representantes comerciais e agentes do comércio de: || #- fios naturais, artificiais e sintéticos || #- tecidos || #- artigos do vestuário, tais como, vestidos, calças, camisas, roupas íntimas e similares || #- complementos do vestuário, tais como, cintos, chapéus, gravatas, luvas, lenços, meias, sombrinhas e similares || #- roupas para segurança pessoal || #- uniformes médicos e escolares e outros similares || #- calçados de qualquer material, inclusive tênis e calçados esportivos || #- artigos de couro para viagem e outros usos pessoais || as atividades de representantes comerciais e agentes do comércio de couro curtido","as atividades de representantes comerciais e agentes do comércio de couro em bruto (4611-7/00)","ACESSÓRIOS DO VESTUÁRIO; REPRESENTANTE COMERCIAL E AGENTE DO COMÉRCIO DE || ARTIGOS DE ARMARINHO, AVIAMENTOS; REPRESENTANTE COMERCIAL E AGENTE DO COMÉRCIO DE || ARTIGOS DE CAMA, MESA E BANHO; REPRESENTANTE COMERCIAL E AGENTE DO COMÉRCIO DE || ARTIGOS DE COURO PARA VIAGEM E VESTUÁRIO; REPRESENTANTE COMERCIAL E AGENTE DO COMÉRCIO DE || ARTIGOS DE VIAGEM; REPRESENTANTE COMERCIAL E AGENTE DO COMÉRCIO DE || ARTIGOS DO VESTUÁRIO; REPRESENTANTE COMERCIAL E AGENTE DO COMÉRCIO DE || ARTIGOS TÊXTEIS EM GERAL; REPRESENTANTE COMERCIAL E AGENTE DO COMÉRCIO DE || CALÇADOS; REPRESENTANTE COMERCIAL E AGENTE DO COMÉRCIO DE || COMPLEMENTOS DO VESTUÁRIO; REPRESENTANTE COMERCIAL E AGENTE DO COMÉRCIO DE || CONFECÇÕES; REPRESENTANTE COMERCIAL E AGENTE DO COMÉRCIO DE || COURO CURTIDO; REPRESENTANTE COMERCIAL E AGENTE DO COMÉRCIO DE || INJETADOS, PARTES PARA CALÇADOS; REPRESENTANTE COMERCIAL E AGENTE DO COMÉRCIO DE || ROUPAS MASCULINAS, FEMININAS, INFANTIS; REPRESENTANTE COMERCIAL E AGENTE DO COMÉRCIO DE || ROUPAS PARA SEGURANÇA PESSOAL; REPRESENTANTE COMERCIAL E AGENTES DO COMÉRCIO DE || TECIDOS; REPRESENTANTE COMERCIAL E AGENTE DO COMÉRCIO DE || UNIFORMES ESCOLARES; REPRESENTANTE COMERCIAL E AGENTE DO COMÉRCIO DE || UNIFORMES MÉDICOS; REPRESENTANTE COMERCIAL E AGENTE DO COMÉRCIO DE","4611700|4612500|4613300|4614100|4615000|4617600|4618401|4618402|4618403|4618499|4619200|4621400|4622200|4623101|4623102|4623103|4623104|4623105|4623106|4623107|4623108|4623109|4623199|4631100|4632001|4632002|4632003|4633801|4633802|4633803|4634601|4634602|4634603|4634699|4635401|4635402|4635403|4635499|4636201|4636202|4637101|4637102|4637103|4637104|4637105|4637106|4637107|4637199|4639701|4639702|4641901|4641902|4641903|4642701|4642702|4643501|4643502|4644301|4644302|4645101|4645102|4645103|4646001|4646002|4647801|4647802|4649401|4649402|4649403|4649404|4649405|4649406|4649407|4649408|4649409|4649410|4649499|4651601|4651602|4652400|4661300|4662100|4663000|4664800|4665600|4669901|4669999|4671100|4672900|4673700|4674500|4679601|4679602|4679603|4679604|4679699|4681801|4681802|4681803|4681804|4681805|4682600|4683400|4684201|4684202|4684299|4685100|4686901|4686902|4687701|4687702|4687703|4689301|4689302|4689399|4691500|4692300|4693100","OK","","","nao-ratificado"
"4617-6/00","4617600","REPRESENTANTES COMERCIAIS E AGENTES DO COMÉRCIO DE PRODUTOS ALIMENTÍCIOS, BEBIDAS E FUMO","Atende","Sim","Não","III|V","III:De 6% até 33%|V:De 15,5% até 30,5%","Sim","G","COMÉRCIO; REPARAÇÃO DE VEÍCULOS AUTOMOTORES E MOTOCICLETAS","46","COMÉRCIO POR ATACADO, EXCETO VEÍCULOS AUTOMOTORES E MOTOCICLETAS","461","REPRESENTANTES COMERCIAIS E AGENTES DO COMÉRCIO, EXCETO DE VEÍCULOS AUTOMOTORES E MOTOCICLETAS","46176","REPRESENTANTES COMERCIAIS E AGENTES DO COMÉRCIO DE PRODUTOS ALIMENTÍCIOS, BEBIDAS E FUMO","as atividades de representantes comerciais e agentes do comércio de: || #- produtos alimentícios industrializados, em geral || #- hortifrutigranjeiros || #- bebidas alcoólicas e não alcoólicas || #- fumo e produtos do fumo","as atividades de representantes comerciais e agentes do comércio de: || #- ração e outros produtos alimentícios para animais (4618-4/99) || #- fumo não beneficiado (4611-7/00)","SUPLEMENTOS ALIMENTARES; REPRESENTANTE COMERCIAL E AGENTE DO COMÉRCIO DE || AVES; REPRESENTANTE COMERCIAL E AGENTE DO COMERCIO DE || BEBIDAS ALCOÓLICAS E NÃO ALCOÓLICAS; REPRESENTANTE COMERCIAL E AGENTE DO COMÉRCIO DE || CACHAÇA OU CANINHA; REPRESENTANTE COMERCIAL E AGENTE DO COMÉRCIO DE || CAFÉ TORRADO, MOÍDO E SOLÚVEL; REPRESENTANTE COMERCIAL E AGENTE DO COMÉRCIO DE || CEREAIS BENEFICIADOS; REPRESENTANTE COMERCIAL E AGENTE DO COMÉRCIO DE || CHOCOLATE; REPRESENTANTE COMERCIAL E AGENTE DO COMÉRCIO DE || CONHAQUE; REPRESENTANTE COMERCIAL E AGENTE DO COMÉRCIO DE || FUMO BENEFICIADO; REPRESENTANTE COMERCIAL E AGENTE DO COMÉRCIO DE || GELO; REPRESENTANTE COMERCIAL E AGENTE DO COMÉRCIO DE || GÊNEROS ALIMENTÍCIOS; REPRESENTANTE COMERCIAL E AGENTE DO COMÉRCIO DE || HORTIFRUTIGRANJEIROS; REPRESENTANTE COMERCIAL E AGENTE DO COMÉRCIO DE || HORTIGRANJEIROS; REPRESENTANTE COMERCIAL E AGENTE DO COMÉRCIO DE || LATICÍNIOS; REPRESENTANTE COMERCIAL E AGENTE DO COMÉRCIO DE || LEITE; REPRESENTANTE COMERCIAL E AGENTE DO COMÉRCIO DE || LICORES OU CREME; REPRESENTANTE COMERCIAL E AGENTE DO COMÉRCIO DE || OVOS; REPRESENTANTE COMERCIAL E AGENTE DO COMÉRCIO DE || PEIXES, CRUSTÁCEOS E MOLUSCOS, FRIGORIFICADO OU CONGELADO; REPRESENTANTE COMERCIAL E AGENTE DO COMÉRCIO DE || PRODUTOS ALIMENTÍCIOS EMBUTIDOS; REPRESENTANTE COMERCIAL E AGENTE DO COMÉRCIO DE || PRODUTOS ALIMENTÍCIOS; REPRESENTANTE COMERCIAL E AGENTE DO COMÉRCIO DE || PRODUTOS DE SALSICHARIA; REPRESENTANTE COMERCIAL E AGENTE DO COMÉRCIO DE || PRODUTOS DO FUMO; REPRESENTANTE COMERCIAL E AGENTE DO COMÉRCIO DE || PRODUTOS FRIGORIFICADOS; REPRESENTANTE COMERCIAL E AGENTE DO COMÉRCIO DE || SAQUÊ; REPRESENTANTE COMERCIAL E AGENTE DO COMÉRCIO DE || SECOS E MOLHADOS; REPRESENTANTE COMERCIAL E AGENTE DO COMÉRCIO DE || UÍSQUE, WHISKY; REPRESENTANTE COMERCIAL E AGENTE DO COMÉRCIO DE","4611700|4612500|4613300|4614100|4615000|4616800|4618401|4618402|4618403|4618499|4619200|4621400|4622200|4623101|4623102|4623103|4623104|4623105|4623106|4623107|4623108|4623109|4623199|4631100|4632001|4632002|4632003|4633801|4633802|4633803|4634601|4634602|4634603|4634699|4635401|4635402|4635403|4635499|4636201|4636202|4637101|4637102|4637103|4637104|4637105|4637106|4637107|4637199|4639701|4639702|4641901|4641902|4641903|4642701|4642702|4643501|4643502|4644301|4644302|4645101|4645102|4645103|4646001|4646002|4647801|4647802|4649401|4649402|4649403|4649404|4649405|4649406|4649407|4649408|4649409|4649410|4649499|4651601|4651602|4652400|4661300|4662100|4663000|4664800|4665600|4669901|4669999|4671100|4672900|4673700|4674500|4679601|4679602|4679603|4679604|4679699|4681801|4681802|4681803|4681804|4681805|4682600|4683400|4684201|4684202|4684299|4685100|4686901|4686902|4687701|4687702|4687703|4689301|4689302|4689399|4691500|4692300|4693100","OK","","","nao-ratificado"
"4618-4/01","4618401","REPRESENTANTES COMERCIAIS E AGENTES DO COMÉRCIO DE MEDICAMENTOS, COSMÉTICOS E PRODUTOS DE PERFUMARIA","Atende","Sim","Não","III|V","III:De 6% até 33%|V:De 15,5% até 30,5%","Sim","G","COMÉRCIO; REPARAÇÃO DE VEÍCULOS AUTOMOTORES E MOTOCICLETAS","46","COMÉRCIO POR ATACADO, EXCETO VEÍCULOS AUTOMOTORES E MOTOCICLETAS","461","REPRESENTANTES COMERCIAIS E AGENTES DO COMÉRCIO, EXCETO DE VEÍCULOS AUTOMOTORES E MOTOCICLETAS","46184","REPRESENTANTES COMERCIAIS E AGENTES DO COMÉRCIO ESPECIALIZADO EM PRODUTOS NÃO ESPECIFICADOS ANTERIORMENTE","as atividades de representantes comerciais e agentes do comércio de: || #- medicamentos para uso humano, inclusive da flora medicinal e veterinário || #- cosméticos e produtos de perfumaria","","ARTIGOS, PRODUTOS DE TOUCADOR; REPRESENTANTE COMERCIAL E AGENTE DO COMÉRCIO DE || BASES PARA UNHA E ROSTO; REPRESENTANTE COMERCIAL E AGENTE DO COMÉRCIO DE || BRONZEADORES E ACELERADORES DE BRONZEAMENTO; REPRESENTANTE COMERCIAL E AGENTE DO COMÉRCIO DE || COSMÉTICOS; REPRESENTANTE COMERCIAL E AGENTE DO COMÉRCIO DE || ESMALTES; REPRESENTANTE COMERCIAL E AGENTE DO COMÉRCIO DE || FLORA MEDICINAL, PRODUTOS DE; REPRESENTANTE COMERCIAL E AGENTE DO COMÉRCIO DE || MEDICAMENTOS; REPRESENTANTE COMERCIAL E AGENTE DO COMERCO DE || PRODUTOS DE PERFUMARIA; REPRESENTANTE COMERCIAL E AGENTE DO COMÉRCIO DE || PRODUTOS FARMACÊUTICOS; REPRESENTANTE COMERCIAL E AGENTE DO COMÉRCIO DE || PRODUTOS VETERINÁRIOS (INCLUSIVE MEDICAMENTOS); REPRESENTANTE COMERCIAL E AGENTE DO COMÉRCIO DE","4611700|4612500|4613300|4614100|4615000|4616800|4617600|4618402|4618403|4618499|4619200|4621400|4622200|4623101|4623102|4623103|4623104|4623105|4623106|4623107|4623108|4623109|4623199|4631100|4632001|4632002|4632003|4633801|4633802|4633803|4634601|4634602|4634603|4634699|4635401|4635402|4635403|4635499|4636201|4636202|4637101|4637102|4637103|4637104|4637105|4637106|4637107|4637199|4639701|4639702|4641901|4641902|4641903|4642701|4642702|4643501|4643502|4644301|4644302|4645101|4645102|4645103|4646001|4646002|4647801|4647802|4649401|4649402|4649403|4649404|4649405|4649406|4649407|4649408|4649409|4649410|4649499|4651601|4651602|4652400|4661300|4662100|4663000|4664800|4665600|4669901|4669999|4671100|4672900|4673700|4674500|4679601|4679602|4679603|4679604|4679699|4681801|4681802|4681803|4681804|4681805|4682600|4683400|4684201|4684202|4684299|4685100|4686901|4686902|4687701|4687702|4687703|4689301|4689302|4689399|4691500|4692300|4693100","OK","","","nao-ratificado"
"4618-4/02","4618402","REPRESENTANTES COMERCIAIS E AGENTES DO COMÉRCIO DE INSTRUMENTOS E MATERIAIS ODONTO MÉDICO HOSPITALARES","Atende","Sim","Não","III|V","III:De 6% até 33%|V:De 15,5% até 30,5%","Sim","G","COMÉRCIO; REPARAÇÃO DE VEÍCULOS AUTOMOTORES E MOTOCICLETAS","46","COMÉRCIO POR ATACADO, EXCETO VEÍCULOS AUTOMOTORES E MOTOCICLETAS","461","REPRESENTANTES COMERCIAIS E AGENTES DO COMÉRCIO, EXCETO DE VEÍCULOS AUTOMOTORES E MOTOCICLETAS","46184","REPRESENTANTES COMERCIAIS E AGENTES DO COMÉRCIO ESPECIALIZADO EM PRODUTOS NÃO ESPECIFICADOS ANTERIORMENTE","as atividades de representantes comerciais e agentes do comércio de: || #- instrumentos e materiais médico-cirúrgicos hospitalares e odontológicos e laboratoriais, tais como: estetoscópios, medidores de pressão, bisturis, boticões, pinças, tubos de ensaio e análises química e similares || as atividades de representantes comerciais e agentes do comércio de: || #- equipamentos médico-cirúrgicos hospitalares || #- produtos odontológicos, exceto medicamentos || #- próteses e artigos de ortopedia","os representantes comerciais e agentes do comércio de medicamentos (4618-4/01)","APARELHOS NÃO ELÉTRICOS PARA ODONTOLOGIA; REPRESENTANTE COMERCIAL E AGENTE DO COMÉRCIO DE || ARTIGOS DE ORTOPEDIA; REPRESENTANTE COMERCIAL E AGENTE DO COMÉRCIO DE || BOTICÕES PARA EXTRAÇÃO DENTÁRIA; REPRESENTANTE COMERCIAL E AGENTE DO COMÉRCIO DE || CERAS, DENTES E COMPOSTOS PARA RESTAURAÇÃO DENTÁRIA; REPRESENTANTE COMERCIAL E AGENTE DO COMÉRCIO DE || DENTES ARTIFICIAIS; REPRESENTANTE COMERCIAL E AGENTE DO COMÉRCIO DE || GEL PARA MOLDES DE DENTADURAS; REPRESENTANTE COMERCIAL E AGENTE DO COMÉRCIO DE || MATERIAL HOSPITALAR; REPRESENTANTE COMERCIAL E AGENTE DO COMÉRCIO DE || MATERIAL MÉDICO CIRÚRGICO; REPRESENTANTE COMERCIAL E AGENTE DO COMÉRCIO DE || PINOS DE TITÂNIO E OUTROS MATERIAIS PARA ORTOPEDIA; REPRESENTANTE COMERCIAL E AGENTE DO COMÉRCIO DE || PLACAS DE TITÂNIO E OUTROS MATERIAIS PARA ORTOPEDIA; REPRESENTANTE COMERCIAL E AGENTE DO COMÉRCIO DE || PRODUTOS HOSPITALARES; REPRESENTANTE COMERCIAL E AGENTE DO COMÉRCIO DE || PRODUTOS MÉDICOS; REPRESENTANTE COMERCIAL E AGENTE DO COMÉRCIO DE || PRODUTOS ODONTOLÓGICOS; REPRESENTANTE COMERCIAL E AGENTE DO COMÉRCIO DE || PRÓTESES; REPRESENTANTE COMERCIAL E AGENTE DO COMÉRCIO DE","4611700|4612500|4613300|4614100|4615000|4616800|4617600|4618401|4618403|4618499|4619200|4621400|4622200|4623101|4623102|4623103|4623104|4623105|4623106|4623107|4623108|4623109|4623199|4631100|4632001|4632002|4632003|4633801|4633802|4633803|4634601|4634602|4634603|4634699|4635401|4635402|4635403|4635499|4636201|4636202|4637101|4637102|4637103|4637104|4637105|4637106|4637107|4637199|4639701|4639702|4641901|4641902|4641903|4642701|4642702|4643501|4643502|4644301|4644302|4645101|4645102|4645103|4646001|4646002|4647801|4647802|4649401|4649402|4649403|4649404|4649405|4649406|4649407|4649408|4649409|4649410|4649499|4651601|4651602|4652400|4661300|4662100|4663000|4664800|4665600|4669901|4669999|4671100|4672900|4673700|4674500|4679601|4679602|4679603|4679604|4679699|4681801|4681802|4681803|4681804|4681805|4682600|4683400|4684201|4684202|4684299|4685100|4686901|4686902|4687701|4687702|4687703|4689301|4689302|4689399|4691500|4692300|4693100","OK","","","nao-ratificado"
"4618-4/03","4618403","REPRESENTANTES COMERCIAIS E AGENTES DO COMÉRCIO DE JORNAIS, REVISTAS E OUTRAS PUBLICAÇÕES","Atende","Sim","Não","III|V","III:De 6% até 33%|V:De 15,5% até 30,5%","Sim","G","COMÉRCIO; REPARAÇÃO DE VEÍCULOS AUTOMOTORES E MOTOCICLETAS","46","COMÉRCIO POR ATACADO, EXCETO VEÍCULOS AUTOMOTORES E MOTOCICLETAS","461","REPRESENTANTES COMERCIAIS E AGENTES DO COMÉRCIO, EXCETO DE VEÍCULOS AUTOMOTORES E MOTOCICLETAS","46184","REPRESENTANTES COMERCIAIS E AGENTES DO COMÉRCIO ESPECIALIZADO EM PRODUTOS NÃO ESPECIFICADOS ANTERIORMENTE","as atividades de representantes comerciais e agentes do comércio de: || #- jornais, revistas e outras publicações || #- distribuidores de jornais, revistas e outras publicações para o comércio varejista (bancas de jornais e livrarias) sob contrato de comissão || a intermediação na venda de assinaturas de jornais, revistas e outras publicações","a entrega de jornais e revistas em domicílio sob contrato (5320-2/02) || as bancas de jornais e revistas (4761-0/02)","DISTRIBUIDORES DE JORNAIS, REVISTAS E OUTRAS PUBLICAÇÕES PARA O COMÉRCIO, SOB CONTRATO DE COMISSÃO || INTERMEDIAÇÃO NA VENDA DE ASSINATURAS DE JORNAIS, REVISTAS E OUTRAS PUBLICAÇÕES; SERVIÇOS DE || JORNAIS, REVISTAS E OUTRAS PUBLICAÇÕES; REPRESENTANTE COMERCIAL E AGENTE DO COMÉRCIO DE || LIVROS; REPRESENTANTE COMERCIAL E AGENTE DO COMÉRCIO DE","4611700|4612500|4613300|4614100|4615000|4616800|4617600|4618401|4618402|4618499|4619200|4621400|4622200|4623101|4623102|4623103|4623104|4623105|4623106|4623107|4623108|4623109|4623199|4631100|4632001|4632002|4632003|4633801|4633802|4633803|4634601|4634602|4634603|4634699|4635401|4635402|4635403|4635499|4636201|4636202|4637101|4637102|4637103|4637104|4637105|4637106|4637107|4637199|4639701|4639702|4641901|4641902|4641903|4642701|4642702|4643501|4643502|4644301|4644302|4645101|4645102|4645103|4646001|4646002|4647801|4647802|4649401|4649402|4649403|4649404|4649405|4649406|4649407|4649408|4649409|4649410|4649499|4651601|4651602|4652400|4661300|4662100|4663000|4664800|4665600|4669901|4669999|4671100|4672900|4673700|4674500|4679601|4679602|4679603|4679604|4679699|4681801|4681802|4681803|4681804|4681805|4682600|4683400|4684201|4684202|4684299|4685100|4686901|4686902|4687701|4687702|4687703|4689301|4689302|4689399|4691500|4692300|4693100","OK","","","nao-ratificado"
"4618-4/99","4618499","OUTROS REPRESENTANTES COMERCIAIS E AGENTES DO COMÉRCIO ESPECIALIZADO EM PRODUTOS NÃO ESPECIFICADOS ANTERIORMENTE","Atende","Sim","Não","III|V","III:De 6% até 33%|V:De 15,5% até 30,5%","Sim","G","COMÉRCIO; REPARAÇÃO DE VEÍCULOS AUTOMOTORES E MOTOCICLETAS","46","COMÉRCIO POR ATACADO, EXCETO VEÍCULOS AUTOMOTORES E MOTOCICLETAS","461","REPRESENTANTES COMERCIAIS E AGENTES DO COMÉRCIO, EXCETO DE VEÍCULOS AUTOMOTORES E MOTOCICLETAS","46184","REPRESENTANTES COMERCIAIS E AGENTES DO COMÉRCIO ESPECIALIZADO EM PRODUTOS NÃO ESPECIFICADOS ANTERIORMENTE","as atividades de representantes comerciais e agentes do comércio de: || #- bicicletas, triciclos e outros veículos recreativos || #- papel de parede e similares || #- carpetes, tapetes e outros artigos de tapeçaria || #- brinquedos || #- fios e fibras têxteis beneficiadas || #- jóias, relógios e bijuterias || #- ração e outros produtos alimentícios para animais || #- artigos de escritório e de papelaria || as atividades de representantes comerciais e agentes do comércio especializado em produtos não especificados anteriormente","as atividades dos agentes e corretores de seguros (divisão 66) || as atividades dos agentes e corretores imobiliários (divisão 68) || as atividades dos agentes e corretores de veículos automotores (divisão 45) || as atividades de representantes comerciais e agentes do comércio de fios e fibras têxteis não beneficiadas (4611-7/00)","AQUÁRIOS; REPRESENTANTE COMERCIAL E AGENTE DO COMÉRCIO DE || ARTIGOS DE COMISSARIA; INTERMEDIÁRIO DO COMÉRCIO ATACADISTA DE || ARTIGOS DE ESCRITÓRIO E DE PAPELARIA; REPRESENTANTE COMERCIAL E AGENTE DO COMÉRCIO DE || ARTIGOS DE RELOJOARIA; REPRESENTANTE COMERCIAL E AGENTE DO COMÉRCIO DE || ARTIGOS ESPORTIVOS; REPRESENTANTE COMERCIAL E AGENTE DO COMÉRCIO DE || ARTIGOS PARA AQUÁRIO; REPRESENTANTE COMERCIAL E AGENTE DO COMÉRCIO DE || ARTIGOS VETERINÁRIOS; REPRESENTANTE COMERCIAL E AGENTE DO COMÉRCIO DE || BICICLETAS, TRICICLOS E OUTROS VEÍCULOS RECREATIVOS; REPRESENTANTE COMERCIAL E AGENTE DO COMÉRCIO DE || BOLAS DE FUTEBOL, JOELHEIRAS, TORNOZELEIRAS, CANELEIRAS; REPRESENTANTE COMERCIAL E AGENTE DO COMÉRCIO DE || BRINQUEDOS; REPRESENTANTE COMERCIAL E AGENTE DO COMÉRCIO DE || CARPETES E TAPETES; REPRESENTANTE COMERCIAL E AGENTE DO COMÉRCIO DE || EMBALAGENS DE QUALQUER MATERIAL; REPRESENTANTE COMERCIAL E AGENTE DO COMÉRCIO DE || EQUIPAMENTOS PARA CAÇA SUBMARINA; REPRESENTANTE COMERCIAL E AGENTE DO COMÉRCIO DE || ESTEIRA ERGOMÉTRICA DOMÉSTICA; REPRESENTANTE COMERCIAL E AGENTE DO COMÉRCIO DE || FIOS E FIBRAS TÊXTEIS BENEFICIADAS; REPRESENTANTE COMERCIAL E AGENTE DO COMÉRCIO DE || FLORES E PLANTAS NATURAIS; REPRESENTANTE COMERCIAL E AGENTE DO COMÉRCIO DE || JÓIAS, SEMIJÓIAS, BIJUTERIAS; REPRESENTANTE COMERCIAL E AGENTE DO COMÉRCIO DE || LUVAS DE BOXE, RAQUETES, REDES ESPORTIVAS; REPRESENTANTE COMERCIAL E AGENTE DO COMÉRCIO DE || MATERIAL ELETROFORÉTICOS; REPRESENTANTE COMERCIAL E AGENTE DO COMÉRCIO DE || MATERIAL ESCOLAR; REPRESENTANTE COMERCIAL E AGENTE DO COMÉRCIO DE || MOLINETES E LINHAS PARA VARA DE PESCAR; REPRESENTANTE COMERCIAL E AGENTE DO COMÉRCIO DE || PAPEL DE PAREDE E SIMILARES; REPRESENTANTE COMERCIAL E AGENTE DO COMÉRCIO DE || PAPEL E PAPELÃO; REPRESENTANTE COMERCIAL E AGENTE DO COMÉRCIO DE || PERSIANAS; REPRESENTANTE COMERCIAL E AGENTE DO COMÉRCIO DE || PEÇAS PARA BICICLETAS; REPRESENTANTE COMERCIAL E AGENTE DO COMÉRCIO DE || PURIFICADORES DE ÁGUA DOMÉSTICOS; REPRESENTANTE COMERCIAL E AGENTE DO COMÉRCIO DE || RAÇÕES; REPRESENTANTE COMERCIAL E AGENTE DO COMÉRCIO DE || RELÓGIOS; REPRESENTANTE COMERCIAL E AGENTE DO COMÉRCIO DE || SAL MINERAL E OUTROS ALIMENTOS PARA ANIMAIS; REPRESENTANTE COMERCIAL DE || SUPRIMENTOS PARA NAVIOS REPRESENTANTE COMERCIAL E AGENTE DO COMÉRCIO DE || TOLDOS; REPRESENTANTE COMERCIAL E AGENTE DO COMÉRCIO DE || ÁLBUNS FOTOGRÁFICOS; REPRESENTANTE COMERCIAL E AGENTE DO COMÉRCIO DE","4611700|4612500|4613300|4614100|4615000|4616800|4617600|4618401|4618402|4618403|4619200|4621400|4622200|4623101|4623102|4623103|4623104|4623105|4623106|4623107|4623108|4623109|4623199|4631100|4632001|4632002|4632003|4633801|4633802|4633803|4634601|4634602|4634603|4634699|4635401|4635402|4635403|4635499|4636201|4636202|4637101|4637102|4637103|4637104|4637105|4637106|4637107|4637199|4639701|4639702|4641901|4641902|4641903|4642701|4642702|4643501|4643502|4644301|4644302|4645101|4645102|4645103|4646001|4646002|4647801|4647802|4649401|4649402|4649403|4649404|4649405|4649406|4649407|4649408|4649409|4649410|4649499|4651601|4651602|4652400|4661300|4662100|4663000|4664800|4665600|4669901|4669999|4671100|4672900|4673700|4674500|4679601|4679602|4679603|4679604|4679699|4681801|4681802|4681803|4681804|4681805|4682600|4683400|4684201|4684202|4684299|4685100|4686901|4686902|4687701|4687702|4687703|4689301|4689302|4689399|4691500|4692300|4693100","OK","","","nao-ratificado"
"4619-2/00","4619200","REPRESENTANTES COMERCIAIS E AGENTES DO COMÉRCIO DE MERCADORIAS EM GERAL NÃO ESPECIALIZADO","Atende","Sim","Não","III|V","III:De 6% até 33%|V:De 15,5% até 30,5%","Sim","G","COMÉRCIO; REPARAÇÃO DE VEÍCULOS AUTOMOTORES E MOTOCICLETAS","46","COMÉRCIO POR ATACADO, EXCETO VEÍCULOS AUTOMOTORES E MOTOCICLETAS","461","REPRESENTANTES COMERCIAIS E AGENTES DO COMÉRCIO, EXCETO DE VEÍCULOS AUTOMOTORES E MOTOCICLETAS","46192","REPRESENTANTES COMERCIAIS E AGENTES DO COMÉRCIO DE MERCADORIAS EM GERAL NÃO ESPECIALIZADO","as atividades de representantes comerciais e agentes do comércio de mercadorias em geral, isto é, sem predominância de mercadorias ou grupo de mercadorias específicas","","COMÉRCIO EM GERAL; REPRESENTANTE COMERCIAL E AGENTE DO COMÉRCIO DE || PRODUTOS DIVERSOS; REPRESENTANTE COMERCIAL E AGENTE DO COMÉRCIO DE || REPRESENTANTE COMERCIAL E AGENTE DO COMÉRCIO ATACADISTA NÃO ESPECIALIZADO || REPRESENTANTE COMERCIAL E AGENTE DO COMÉRCIO DE MERCADORIAS SEM PREDOMINÂNCIA","4611700|4612500|4613300|4614100|4615000|4616800|4617600|4618401|4618402|4618403|4618499|4621400|4622200|4623101|4623102|4623103|4623104|4623105|4623106|4623107|4623108|4623109|4623199|4631100|4632001|4632002|4632003|4633801|4633802|4633803|4634601|4634602|4634603|4634699|4635401|4635402|4635403|4635499|4636201|4636202|4637101|4637102|4637103|4637104|4637105|4637106|4637107|4637199|4639701|4639702|4641901|4641902|4641903|4642701|4642702|4643501|4643502|4644301|4644302|4645101|4645102|4645103|4646001|4646002|4647801|4647802|4649401|4649402|4649403|4649404|4649405|4649406|4649407|4649408|4649409|4649410|4649499|4651601|4651602|4652400|4661300|4662100|4663000|4664800|4665600|4669901|4669999|4671100|4672900|4673700|4674500|4679601|4679602|4679603|4679604|4679699|4681801|4681802|4681803|4681804|4681805|4682600|4683400|4684201|4684202|4684299|4685100|4686901|4686902|4687701|4687702|4687703|4689301|4689302|4689399|4691500|4692300|4693100","OK","","","nao-ratificado"
"4711-3/01","4711301","COMÉRCIO VAREJISTA DE MERCADORIAS EM GERAL, COM PREDOMINÂNCIA DE PRODUTOS ALIMENTÍCIOS   HIPERMERCADOS","Atende","Sim","Não","I","I:De 4% até 19%","Não","G","COMÉRCIO; REPARAÇÃO DE VEÍCULOS AUTOMOTORES E MOTOCICLETAS","47","COMÉRCIO VAREJISTA","471","COMÉRCIO VAREJISTA NÃO-ESPECIALIZADO","47113","COMÉRCIO VAREJISTA DE MERCADORIAS EM GERAL, COM PREDOMINÂNCIA DE PRODUTOS ALIMENTÍCIOS - HIPERMERCADOS E SUPERMERCADOS","as atividades dos estabelecimentos comerciais com venda predominante de produtos alimentícios variados e que também oferecem um gama variada de outras mercadorias, tais como: utensílios domésticos, produtos de limpeza e higiene pessoal, roupas, ferragens, etc. com área de venda superior a 5000 metros quadrados","","HIPERMERCADO || HIPERMERCADO - ÁREA DE VENDA SUPERIOR A 5000 METROS QUADRADOS; COMÉRCIO VAREJISTA || MERCADORIAS EM GERAL, COM PREDOMINÂNCIA DE PRODUTOS ALIMENTÍCIOS, COM ÁREA DE VENDA SUPERIOR A 5000 METROS QUADRADOS; COMÉRCIO VAREJISTA","4711302|4712100|4713002|4713004|4713005|4721102|4721103|4721104|4722901|4722902|4723700|4724500|4729601|4729602|4729699|4731800|4732600|4741500|4742300|4743100|4744001|4744002|4744003|4744004|4744005|4744006|4744099|4751201|4751202|4752100|4753900|4754701|4754702|4754703|4755501|4755502|4755503|4756300|4757100|4759801|4759899|4761001|4761002|4761003|4762800|4763601|4763602|4763603|4763604|4763605|4771701|4771702|4771703|4771704|4772500|4773300|4774100|4781400|4782201|4782202|4783101|4783102|4784900|4785701|4785799|4789001|4789002|4789003|4789004|4789005|4789006|4789007|4789008|4789009|4789099","OK","","","nao-ratificado"
"4711-3/02","4711302","COMÉRCIO VAREJISTA DE MERCADORIAS EM GERAL, COM PREDOMINÂNCIA DE PRODUTOS ALIMENTÍCIOS - SUPERMERCADOS","Atende","Sim","Não","I","I:De 4% até 19%","Não","G","COMÉRCIO; REPARAÇÃO DE VEÍCULOS AUTOMOTORES E MOTOCICLETAS","47","COMÉRCIO VAREJISTA","471","COMÉRCIO VAREJISTA NÃO-ESPECIALIZADO","47113","COMÉRCIO VAREJISTA DE MERCADORIAS EM GERAL, COM PREDOMINÂNCIA DE PRODUTOS ALIMENTÍCIOS - HIPERMERCADOS E SUPERMERCADOS","as atividades dos estabelecimentos comerciais com venda predominante de produtos alimentícios variados e que também oferecem um gama variada de outras mercadorias, tais como: utensílios domésticos, produtos de limpeza e higiene pessoal, roupas, ferragens, etc. com área de venda entre 300 a 5000 metros quadrados","","MERCADORIAS EM GERAL, COM PREDOMINÂNCIA DE PRODUTOS ALIMENTÍCIOS, COM ÁREA DE VENDA ENTRE 300 E 5000 METROS QUADRADOS; COMÉRCIO VAREJISTA || SUPERMERCADO || SUPERMERCADO - ÁREA DE VENDA DE 300 A 5000 METROS QUADRADOS; COMÉRCIO VAREJISTA","4711301|4712100|4713002|4713004|4713005|4721102|4721103|4721104|4722901|4722902|4723700|4724500|4729601|4729602|4729699|4731800|4732600|4741500|4742300|4743100|4744001|4744002|4744003|4744004|4744005|4744006|4744099|4751201|4751202|4752100|4753900|4754701|4754702|4754703|4755501|4755502|4755503|4756300|4757100|4759801|4759899|4761001|4761002|4761003|4762800|4763601|4763602|4763603|4763604|4763605|4771701|4771702|4771703|4771704|4772500|4773300|4774100|4781400|4782201|4782202|4783101|4783102|4784900|4785701|4785799|4789001|4789002|4789003|4789004|4789005|4789006|4789007|4789008|4789009|4789099","OK","","","nao-ratificado"
"4712-1/00","4712100","COMÉRCIO VAREJISTA DE MERCADORIAS EM GERAL, COM PREDOMINÂNCIA DE PRODUTOS ALIMENTÍCIOS - MINIMERCADOS, MERCEARIAS E ARMAZÉNS","Atende","Sim","Sim","I","I:De 4% até 19%","Não","G","COMÉRCIO; REPARAÇÃO DE VEÍCULOS AUTOMOTORES E MOTOCICLETAS","47","COMÉRCIO VAREJISTA","471","COMÉRCIO VAREJISTA NÃO-ESPECIALIZADO","47121","COMÉRCIO VAREJISTA DE MERCADORIAS EM GERAL, COM PREDOMINÂNCIA DE PRODUTOS ALIMENTÍCIOS - MINIMERCADOS, MERCEARIAS E ARMAZÉNS","as atividades dos estabelecimentos comerciais com e sem auto-atendimento e com venda predominante de produtos alimentícios variados em minimercados, mercearias, armazéns, empórios, secos e molhados, com área de venda inferior a 300 metros quadrados","os estabelecimentos comerciais com venda predominante de produtos alimentícios industrializados (lojas de conveniência) além de outros produtos não alimentícios (4729-6/99) || os estabelecimentos comerciais com venda de produtos alimentícios variados (lojas de delicatessen) (4729-6/99)","ARMAZÉM VAREJISTA || ARMAZÉM; COMÉRCIO VAREJISTA || ARMAZÉNS VAREJISTAS || EMPÓRIO; COMÉRCIO VAREJISTA || MERCEARIA; COMÉRCIO VAREJISTA || MINI-MARKET; COMÉRCIO VAREJISTA || MINI-MERCADO; COMÉRCIO VAREJISTA || MINIMERCADO; COMÉRCIO VAREJISTA || MINIMERCADOS || SECOS E MOLHADOS; COMÉRCIO VAREJISTA","4711301|4711302|4713002|4713004|4713005|4721102|4721103|4721104|4722901|4722902|4723700|4724500|4729601|4729602|4729699|4731800|4732600|4741500|4742300|4743100|4744001|4744002|4744003|4744004|4744005|4744006|4744099|4751201|4751202|4752100|4753900|4754701|4754702|4754703|4755501|4755502|4755503|4756300|4757100|4759801|4759899|4761001|4761002|4761003|4762800|4763601|4763602|4763603|4763604|4763605|4771701|4771702|4771703|4771704|4772500|4773300|4774100|4781400|4782201|4782202|4783101|4783102|4784900|4785701|4785799|4789001|4789002|4789003|4789004|4789005|4789006|4789007|4789008|4789009|4789099","OK","","","nao-ratificado"
"4713-0/02","4713002","LOJAS DE VARIEDADES, EXCETO LOJAS DE DEPARTAMENTOS OU MAGAZINES","Atende","Sim","Sim","I","I:De 4% até 19%","Não","G","COMÉRCIO; REPARAÇÃO DE VEÍCULOS AUTOMOTORES E MOTOCICLETAS","47","COMÉRCIO VAREJISTA","471","COMÉRCIO VAREJISTA NÃO-ESPECIALIZADO","47130","COMÉRCIO VAREJISTA DE MERCADORIAS EM GERAL, SEM PREDOMINÂNCIA DE PRODUTOS ALIMENTÍCIOS","o comércio varejista não especializado sem predominância de gêneros alimentícios em estabelecimentos de pequeno porte que oferecem miudezas, quinquilharias e outras mercadorias variadas || o comércio fora de lojas não-especializado via internet, telefone, catálogo, etc.","","COMPRA COLETIVA,; COMERCIO VAREJISTA EM SITES DE || LOJAS DE VARIEDADES (MIUDEZAS E QUINQUILHARIAS) EXCETO AGRÍCOLAS E ALIMENTOS; COMÉRCIO VAREJISTA || LOJAS DE VARIEDADES DE PEQUENO PORTE; COMÉRCIO VAREJISTA","4711301|4711302|4712100|4713004|4713005|4721102|4721103|4721104|4722901|4722902|4723700|4724500|4729601|4729602|4729699|4731800|4732600|4741500|4742300|4743100|4744001|4744002|4744003|4744004|4744005|4744006|4744099|4751201|4751202|4752100|4753900|4754701|4754702|4754703|4755501|4755502|4755503|4756300|4757100|4759801|4759899|4761001|4761002|4761003|4762800|4763601|4763602|4763603|4763604|4763605|4771701|4771702|4771703|4771704|4772500|4773300|4774100|4781400|4782201|4782202|4783101|4783102|4784900|4785701|4785799|4789001|4789002|4789003|4789004|4789005|4789006|4789007|4789008|4789009|4789099","OK","","","nao-ratificado"
"4713-0/04","4713004","LOJAS DE DEPARTAMENTOS OU MAGAZINES, EXCETO LOJAS FRANCAS (DUTY FREE)","Atende","Sim","Não","I","I:De 4% até 19%","Não","G","COMÉRCIO; REPARAÇÃO DE VEÍCULOS AUTOMOTORES E MOTOCICLETAS","47","COMÉRCIO VAREJISTA","471","COMÉRCIO VAREJISTA NÃO-ESPECIALIZADO","47130","COMÉRCIO VAREJISTA DE MERCADORIAS EM GERAL, SEM PREDOMINÂNCIA DE PRODUTOS ALIMENTÍCIOS","o comércio varejista não especializado sem predominância de gêneros alimentícios em estabelecimentos organizados em departamentos, que oferecem variedades de linhas de mercadorias comercializadas (roupas, móveis, eletrodomésticos, ferragens, cosméticos, bijuterias, jogos, artigos de esporte, etc.) || o comércio fora de lojas não especializado via internet, telefone, catálogo, etc.","as lojas francas (duty free) de aeroportos, portos e em fronteiras terrestres (4713-0/05)","LOJA DE DEPARTAMENTOS; COMÉRCIO VAREJISTA || MAGAZINES; COMÉRCIO VAREJISTA","4711301|4711302|4712100|4713002|4713005|4721102|4721103|4721104|4722901|4722902|4723700|4724500|4729601|4729602|4729699|4731800|4732600|4741500|4742300|4743100|4744001|4744002|4744003|4744004|4744005|4744006|4744099|4751201|4751202|4752100|4753900|4754701|4754702|4754703|4755501|4755502|4755503|4756300|4757100|4759801|4759899|4761001|4761002|4761003|4762800|4763601|4763602|4763603|4763604|4763605|4771701|4771702|4771703|4771704|4772500|4773300|4774100|4781400|4782201|4782202|4783101|4783102|4784900|4785701|4785799|4789001|4789002|4789003|4789004|4789005|4789006|4789007|4789008|4789009|4789099","OK","","","nao-ratificado"
"4721-1/02","4721102","PADARIA E CONFEITARIA COM PREDOMINÂNCIA DE REVENDA","Atende","Sim","Sim","I","I:De 4% até 19%","Não","G","COMÉRCIO; REPARAÇÃO DE VEÍCULOS AUTOMOTORES E MOTOCICLETAS","47","COMÉRCIO VAREJISTA","472","COMÉRCIO VAREJISTA DE PRODUTOS ALIMENTÍCIOS, BEBIDAS E FUMO","47211","COMÉRCIO VAREJISTA DE PRODUTOS DE PADARIA, LATICÍNIO, DOCES, BALAS E SEMELHANTES","o comércio varejista de pães e roscas, bolos, tortas e outros produtos de padaria quando a revenda de outros produtos é predominante","as panificadoras industriais (1091-1/01) || as padarias e confeitarias com predominância de produção própria (1091-1/02) || as lojas de tortas, sorvetes, doces e salgados de fabricação própria e venda ao público, com consumo no local ou não (grupo 56.1)","PADARIA E CONFEITARIA COM PREDOMINÂNCIA DE REVENDA; COMÉRCIO VAREJISTA || PADARIA SEM VENDA PREDOMINANTE DE PRODUÇÃO PRÓPRIA || PANIFICADORA SEM VENDA PREDOMINANTE DE PRODUÇÃO PRÓPRIA; COMÉRCIO VAREJISTA || PRODUTOS DE CONFEITARIA COM PREDOMINÂNCIA DE REVENDA; COMÉRCIO VAREJISTA || PRODUTOS DE PADARIA; COMÉRCIO VAREJISTA || PÃES, BOLOS, TORTAS; COMÉRCIO VAREJISTA || PÃO; COMÉRCIO VAREJISTA DE","4711301|4711302|4712100|4713002|4713004|4713005|4721103|4721104|4722901|4722902|4723700|4724500|4729601|4729602|4729699|4731800|4732600|4741500|4742300|4743100|4744001|4744002|4744003|4744004|4744005|4744006|4744099|4751201|4751202|4752100|4753900|4754701|4754702|4754703|4755501|4755502|4755503|4756300|4757100|4759801|4759899|4761001|4761002|4761003|4762800|4763601|4763602|4763603|4763604|4763605|4771701|4771702|4771703|4771704|4772500|4773300|4774100|4781400|4782201|4782202|4783101|4783102|4784900|4785701|4785799|4789001|4789002|4789003|4789004|4789005|4789006|4789007|4789008|4789009|4789099","OK","","","nao-ratificado"
"4721-1/03","4721103","COMÉRCIO VAREJISTA DE LATICÍNIOS E FRIOS","Atende","Sim","Sim","I","I:De 4% até 19%","Não","G","COMÉRCIO; REPARAÇÃO DE VEÍCULOS AUTOMOTORES E MOTOCICLETAS","47","COMÉRCIO VAREJISTA","472","COMÉRCIO VAREJISTA DE PRODUTOS ALIMENTÍCIOS, BEBIDAS E FUMO","47211","COMÉRCIO VAREJISTA DE PRODUTOS DE PADARIA, LATICÍNIO, DOCES, BALAS E SEMELHANTES","o comércio varejista de: || #- leite e derivados, tais como: manteiga, creme de leite, iogurtes e coalhadas || #- frios e carnes conservadas || #- conservas de frutas, legumes, verduras e similares","as lojas de tortas, sorvetes, doces e salgados de fabricação própria e venda ao público, com consumo no local ou não (grupo 56.1)","CARNES CONSERVADAS; COMÉRCIO VAREJISTA DE || CONSERVAS DE FRUTAS, LEGUMES, VERDURAS; COMÉRCIO VAREJISTA || DELICATESSEN ESPECIALIZADA EM FRIOS E LATICÍNIOS; COMÉRCIO VAREJISTA || DOCE DE LEITE; COMÉRCIO VAREJISTA DE || FRIOS E CONSERVAS; COMÉRCIO VAREJISTA || LEITE; COMÉRCIO VAREJISTA || LEITERIA; COMÉRCIO VAREJISTA || MANTEIGA, MARGARINA; COMÉRCIO VAREJISTA || PRODUTOS DE LATICÍNIO; COMÉRCIO VAREJISTA || PRODUTOS DERIVADOS DO LEITE; COMÉRCIO VAREJISTA || QUEIJO; COMÉRCIO VAREJISTA DE","4711301|4711302|4712100|4713002|4713004|4713005|4721102|4721104|4722901|4722902|4723700|4724500|4729601|4729602|4729699|4731800|4732600|4741500|4742300|4743100|4744001|4744002|4744003|4744004|4744005|4744006|4744099|4751201|4751202|4752100|4753900|4754701|4754702|4754703|4755501|4755502|4755503|4756300|4757100|4759801|4759899|4761001|4761002|4761003|4762800|4763601|4763602|4763603|4763604|4763605|4771701|4771702|4771703|4771704|4772500|4773300|4774100|4781400|4782201|4782202|4783101|4783102|4784900|4785701|4785799|4789001|4789002|4789003|4789004|4789005|4789006|4789007|4789008|4789009|4789099","OK","","","nao-ratificado"
"4721-1/04","4721104","COMÉRCIO VAREJISTA DE DOCES, BALAS, BOMBONS E SEMELHANTES","Atende","Sim","Sim","I","I:De 4% até 19%","Não","G","COMÉRCIO; REPARAÇÃO DE VEÍCULOS AUTOMOTORES E MOTOCICLETAS","47","COMÉRCIO VAREJISTA","472","COMÉRCIO VAREJISTA DE PRODUTOS ALIMENTÍCIOS, BEBIDAS E FUMO","47211","COMÉRCIO VAREJISTA DE PRODUTOS DE PADARIA, LATICÍNIO, DOCES, BALAS E SEMELHANTES","o comércio varejista de doces, balas, bombons, confeitos e semelhantes","","BALAS, BOMBONS E SEMELHANTES; COMÉRCIO VAREJISTA || BALAS, CONFEITOS E SEMELHANTES; COMÉRCIO VAREJISTA || BOMBONIERE; COMÉRCIO VAREJISTA || CHOCOLATES, BOMBONS E SEMELHANTES; COMÉRCIO VAREJISTA || CHOCOLATES; COMÉRCIO VAREJISTA || DOCES; COMÉRCIO VAREJISTA DE","4711301|4711302|4712100|4713002|4713004|4713005|4721102|4721103|4722901|4722902|4723700|4724500|4729601|4729602|4729699|4731800|4732600|4741500|4742300|4743100|4744001|4744002|4744003|4744004|4744005|4744006|4744099|4751201|4751202|4752100|4753900|4754701|4754702|4754703|4755501|4755502|4755503|4756300|4757100|4759801|4759899|4761001|4761002|4761003|4762800|4763601|4763602|4763603|4763604|4763605|4771701|4771702|4771703|4771704|4772500|4773300|4774100|4781400|4782201|4782202|4783101|4783102|4784900|4785701|4785799|4789001|4789002|4789003|4789004|4789005|4789006|4789007|4789008|4789009|4789099","OK","","","nao-ratificado"
"4722-9/02","4722902","PEIXARIA","Atende","Sim","Sim","I","I:De 4% até 19%","Não","G","COMÉRCIO; REPARAÇÃO DE VEÍCULOS AUTOMOTORES E MOTOCICLETAS","47","COMÉRCIO VAREJISTA","472","COMÉRCIO VAREJISTA DE PRODUTOS ALIMENTÍCIOS, BEBIDAS E FUMO","47229","COMÉRCIO VAREJISTA DE CARNES E PESCADOS - AÇOUGUES E PEIXARIAS","o comércio varejista de pescados, crustáceos e moluscos frescos, congelados, conservados ou frigorificados","","CAMARÃO FRESCO, FRIGORIFICADO E CONGELADO; COMÉRCIO VAREJISTA || PEIXARIA; COMÉRCIO VAREJISTA || PEIXES PARA ALIMENTAÇÃO; COMÉRCIO VAREJISTA || PEIXES, CRUSTÁCEOS E MOLUSCOS FRESCOS, FRIGORIFICADOS E CONGELADOS; COMÉRCIO VAREJISTA || PESCADOS E FRUTOS DO MAR; COMÉRCIO VAREJISTA || PESCADOS FRESCOS, CONGELADOS, FRIGORIFICADOS; COMÉRCIO VAREJISTA","4711301|4711302|4712100|4713002|4713004|4713005|4721102|4721103|4721104|4722901|4723700|4724500|4729601|4729602|4729699|4731800|4732600|4741500|4742300|4743100|4744001|4744002|4744003|4744004|4744005|4744006|4744099|4751201|4751202|4752100|4753900|4754701|4754702|4754703|4755501|4755502|4755503|4756300|4757100|4759801|4759899|4761001|4761002|4761003|4762800|4763601|4763602|4763603|4763604|4763605|4771701|4771702|4771703|4771704|4772500|4773300|4774100|4781400|4782201|4782202|4783101|4783102|4784900|4785701|4785799|4789001|4789002|4789003|4789004|4789005|4789006|4789007|4789008|4789009|4789099","OK","","","nao-ratificado"
"4723-7/00","4723700","COMÉRCIO VAREJISTA DE BEBIDAS","Atende","Sim","Sim","I","I:De 4% até 19%","Não","G","COMÉRCIO; REPARAÇÃO DE VEÍCULOS AUTOMOTORES E MOTOCICLETAS","47","COMÉRCIO VAREJISTA","472","COMÉRCIO VAREJISTA DE PRODUTOS ALIMENTÍCIOS, BEBIDAS E FUMO","47237","COMÉRCIO VAREJISTA DE BEBIDAS","o comércio varejista de bebidas alcoólicas e não alcoólicas, não consumidas no local de venda","a venda de bebidas alcoólicas e não alcoólicas em bares, restaurantes e similares (56.11-2)","BEBIDAS ALCOÓLICAS E NÃO ALCOÓLICAS; COMÉRCIO VAREJISTA || CERVEJAS, SEM ATIVIDADE DE SERVIR; COMÉRCIO VAREJISTA DE || DEPOSITO DE BEBIDAS; COMÉRCIO VAREJISTA || DISTRIBUIDORA DE BEBIDAS; COMÉRCIO VAREJISTA || REFRIGERANTES, SEM ATIVIDADE DE SERVIR; COMÉRCIO VAREJISTA DE || SAQUÊ; COMÉRCIO VAREJISTA || VINHOS, SEM ATIVIDADE DE SERVIR; COMÉRCIO VAREJISTA DE || ÁGUA MINERAL, DEPOSITO DE; COMÉRCIO VAREJISTA","4711301|4711302|4712100|4713002|4713004|4713005|4721102|4721103|4721104|4722901|4722902|4724500|4729601|4729602|4729699|4731800|4732600|4741500|4742300|4743100|4744001|4744002|4744003|4744004|4744005|4744006|4744099|4751201|4751202|4752100|4753900|4754701|4754702|4754703|4755501|4755502|4755503|4756300|4757100|4759801|4759899|4761001|4761002|4761003|4762800|4763601|4763602|4763603|4763604|4763605|4771701|4771702|4771703|4771704|4772500|4773300|4774100|4781400|4782201|4782202|4783101|4783102|4784900|4785701|4785799|4789001|4789002|4789003|4789004|4789005|4789006|4789007|4789008|4789009|4789099","OK","","","nao-ratificado"
"4724-5/00","4724500","COMÉRCIO VAREJISTA DE HORTIFRUTIGRANJEIROS","Atende","Sim","Sim","I","I:De 4% até 19%","Não","G","COMÉRCIO; REPARAÇÃO DE VEÍCULOS AUTOMOTORES E MOTOCICLETAS","47","COMÉRCIO VAREJISTA","472","COMÉRCIO VAREJISTA DE PRODUTOS ALIMENTÍCIOS, BEBIDAS E FUMO","47245","COMÉRCIO VAREJISTA DE HORTIFRUTIGRANJEIROS","o comércio varejista de hortifrutigranjeiros || o comércio varejista de aves vivas, coelhos e outros pequenos animais para alimentação","","ANIMAIS DE ESTIMAÇÃO SILVESTRES OU EXÓTICOS; COMÉRCIO VAREJISTA || AVES VIVAS PARA ALIMENTAÇÃO; COMÉRCIO VAREJISTA || AVES VIVAS SILVESTRES OU EXÓTICAS PARA ALIMENTAÇÃO; COMÉRCIO VAREJISTA || AVIÁRIO (EXCETO PASSARINHOS), AVES VIVAS; COMÉRCIO VAREJISTA || COELHOS E OUTROS PEQUENOS ANIMAIS PARA ALIMENTAÇÃO; COMÉRCIO VAREJISTA || FRANGOS VIVOS PARA ALIMENTAÇÃO; COMÉRCIO VAREJISTA || FRUTARIA; COMÉRCIO VAREJISTA || FRUTAS; COMÉRCIO VAREJISTA || GALINHAS PARA ALIMENTAÇÃO; COMÉRCIO VAREJISTA || HORTALIÇAS; COMÉRCIO VAREJISTA || HORTIGRANJEIROS; COMÉRCIO VAREJISTA || LEGUMES, RAÍZES, TUBÉRCULOS; COMÉRCIO VAREJISTA || LEGUMINOSAS; COMÉRCIO VAREJISTA DE || PEQUENOS ANIMAIS VIVOS PARA ALIMENTAÇÃO; COMÉRCIO VAREJISTA || PEQUENOS ANIMAIS VIVOS SILVESTRES OU EXÓTICOS PARA ALIMENTAÇÃO; COMÉRCIO VAREJISTA || QUITANDA ESPECIALIZADO EM FRUTAS E LEGUMES; COMÉRCIO VAREJISTA || SACOLÃO; COMÉRCIO VAREJISTA || VERDURAS E FRUTAS; COMÉRCIO VAREJISTA || VERDUREIRO; COMÉRCIO VAREJISTA","4711301|4711302|4712100|4713002|4713004|4713005|4721102|4721103|4721104|4722901|4722902|4723700|4729601|4729602|4729699|4731800|4732600|4741500|4742300|4743100|4744001|4744002|4744003|4744004|4744005|4744006|4744099|4751201|4751202|4752100|4753900|4754701|4754702|4754703|4755501|4755502|4755503|4756300|4757100|4759801|4759899|4761001|4761002|4761003|4762800|4763601|4763602|4763603|4763604|4763605|4771701|4771702|4771703|4771704|4772500|4773300|4774100|4781400|4782201|4782202|4783101|4783102|4784900|4785701|4785799|4789001|4789002|4789003|4789004|4789005|4789006|4789007|4789008|4789009|4789099","OK","","","nao-ratificado"
"4729-6/01","4729601","TABACARIA","Atende","Sim","Sim","I","I:De 4% até 19%","Não","G","COMÉRCIO; REPARAÇÃO DE VEÍCULOS AUTOMOTORES E MOTOCICLETAS","47","COMÉRCIO VAREJISTA","472","COMÉRCIO VAREJISTA DE PRODUTOS ALIMENTÍCIOS, BEBIDAS E FUMO","47296","COMÉRCIO VAREJISTA DE PRODUTOS ALIMENTÍCIOS EM GERAL OU ESPECIALIZADO EM PRODUTOS ALIMENTÍCIOS NÃO ESPECIFICADOS ANTERIORMENTE; PRODUTOS DO FUMO","o comércio varejista de cigarros, charutos e cigarrilhas || o comércio varejista de fumo em rolo ou em corda e fumo desfiado ou em pó || o comércio varejista de isqueiros, piteiras e cachimbos","","ARTIGOS DE TABACARIA; COMÉRCIO VAREJISTA || CHARUTARIA; COMÉRCIO VAREJISTA || CHARUTOS, PITEIRAS, CACHIMBOS; COMÉRCIO VAREJISTA || CIGARRO; COMÉRCIO VAREJISTA || FUMO EM ROLO E EM CORDA; COMÉRCIO VAREJISTA || ISQUEIROS, CACHIMBOS, PITEIRAS, CIGARRILHAS; COMÉRCIO VEREJISTA || PRODUTOS DE TABACARIA; COMÉRCIO VAREJISTA || TABACARIA; COMÉRCIO VAREJISTA","4711301|4711302|4712100|4713002|4713004|4713005|4721102|4721103|4721104|4722901|4722902|4723700|4724500|4729602|4729699|4731800|4732600|4741500|4742300|4743100|4744001|4744002|4744003|4744004|4744005|4744006|4744099|4751201|4751202|4752100|4753900|4754701|4754702|4754703|4755501|4755502|4755503|4756300|4757100|4759801|4759899|4761001|4761002|4761003|4762800|4763601|4763602|4763603|4763604|4763605|4771701|4771702|4771703|4771704|4772500|4773300|4774100|4781400|4782201|4782202|4783101|4783102|4784900|4785701|4785799|4789001|4789002|4789003|4789004|4789005|4789006|4789007|4789008|4789009|4789099","OK","","","nao-ratificado"
"4729-6/02","4729602","COMÉRCIO VAREJISTA DE MERCADORIAS EM LOJAS DE CONVENIÊNCIA","Atende","Sim","Não","I","I:De 4% até 19%","Não","G","COMÉRCIO; REPARAÇÃO DE VEÍCULOS AUTOMOTORES E MOTOCICLETAS","47","COMÉRCIO VAREJISTA","472","COMÉRCIO VAREJISTA DE PRODUTOS ALIMENTÍCIOS, BEBIDAS E FUMO","47296","COMÉRCIO VAREJISTA DE PRODUTOS ALIMENTÍCIOS EM GERAL OU ESPECIALIZADO EM PRODUTOS ALIMENTÍCIOS NÃO ESPECIFICADOS ANTERIORMENTE; PRODUTOS DO FUMO","As atividades dos estabelecimentos comerciais com venda predominante de produtos alimentícios industrializados além de outros não alimentícios, usualmente associado a outra atividade, com horário de funcionamento de 24 horas por dia.","As atividades dos estabelecimentos comerciais sem auto-atendimento e com venda predominante de produtos alimentícios variados em minimercados, mercearias, armazéns, empórios, secos e molhados, com área de venda inferior a 300 metros quadrados","LOJAS DE CONVENIÊNCIA, COMERCIO VAREJISTA","4711301|4711302|4712100|4713002|4713004|4713005|4721102|4721103|4721104|4722901|4722902|4723700|4724500|4729601|4729699|4731800|4732600|4741500|4742300|4743100|4744001|4744002|4744003|4744004|4744005|4744006|4744099|4751201|4751202|4752100|4753900|4754701|4754702|4754703|4755501|4755502|4755503|4756300|4757100|4759801|4759899|4761001|4761002|4761003|4762800|4763601|4763602|4763603|4763604|4763605|4771701|4771702|4771703|4771704|4772500|4773300|4774100|4781400|4782201|4782202|4783101|4783102|4784900|4785701|4785799|4789001|4789002|4789003|4789004|4789005|4789006|4789007|4789008|4789009|4789099","OK","","","nao-ratificado"
"4729-6/99","4729699","COMÉRCIO VAREJISTA DE PRODUTOS ALIMENTÍCIOS EM GERAL OU ESPECIALIZADO EM PRODUTOS ALIMENTÍCIOS NÃO ESPECIFICADOS ANTERIORMENTE","Atende","Sim","Sim","I","I:De 4% até 19%","Não","G","COMÉRCIO; REPARAÇÃO DE VEÍCULOS AUTOMOTORES E MOTOCICLETAS","47","COMÉRCIO VAREJISTA","472","COMÉRCIO VAREJISTA DE PRODUTOS ALIMENTÍCIOS, BEBIDAS E FUMO","47296","COMÉRCIO VAREJISTA DE PRODUTOS ALIMENTÍCIOS EM GERAL OU ESPECIALIZADO EM PRODUTOS ALIMENTÍCIOS NÃO ESPECIFICADOS ANTERIORMENTE; PRODUTOS DO FUMO","o comércio varejista em lojas especializadas produtos alimentícios em geral não especificados anteriormente, tais como: || #- produtos naturais e dietéticos || #- comidas congeladas, mel, etc. || #- café moído || #- sorvetes, embalados, em potes e similares || os estabelecimentos comerciais com venda de produtos alimentícios variados (lojas de delicatessen)","a fabricação de sorvetes (1053-8/00) || as lojas de tortas, sorvetes, doces e salgados de fabricação própria e venda ao público com consumo no local ou não (grupo 56.1) || mercearias, armazéns e minimercados (4712-1/00) || abate de pequenos animais associado ao comércio (4722-9/01) || os estabelecimentos comerciais com venda predominante de produtos alimentícios industrializados (lojas de conveniência) além de outros produtos não alimentícios(4729-6/02)","BATATA FRITA; COMÉRCIO VAREJISTA || CAFÉ EM GRÃO, TORRADO OU MOÍDO; COMÉRCIO VAREJISTA || CAFÉ MOÍDO; COMÉRCIO VAREJISTA || CERA DE ABELHA; COMÉRCIO VAREJISTA || CEREAIS; COMÉRCIO VAREJISTA || CESTAS DE CAFÉ DA MANHA; COMÉRCIO VAREJISTA || COMIDAS CONGELADAS; COMÉRCIO VAREJISTA || DELICATESSEN; LOJAS DE || ERVA MATE BENEFICIADA; COMÉRCIO VAREJISTA || FERMENTOS; COMÉRCIO VAREJISTA || GELO; COMÉRCIO VAREJISTA || GORDURA COMESTÍVEL; COMÉRCIO VAREJISTA || KETCHUP, MAIONESE, MOSTARDA; COMÉRCIO VAREJISTA DE || MASSAS ALIMENTÍCIAS; COMÉRCIO VAREJISTA || MEL; COMÉRCIO VAREJISTA || OVOS; COMÉRCIO VAREJISTA || PICOLÉS; COMÉRCIO VAREJISTA || POLPA DE FRUTAS; COMÉRCIO VAREJISTA || PRATOS PRONTOS CONGELADOS; COMÉRCIO VAREJISTA DE || PRODUTOS ALIMENTÍCIOS EM GERAL; COMÉRCIO VAREJISTA || PRODUTOS DIETÉTICOS; COMÉRCIO VAREJISTA || PRODUTOS NATURAIS; COMÉRCIO VAREJISTA || SAL DE COZINHA; COMÉRCIO VAREJISTA || SORVETE OU POLPA DE AÇAÍ; COMÉRCIO VAREJISTA || SORVETES; COMÉRCIO VAREJISTA || SUPLEMENTOS ALIMENTÍCIOS; COMÉRCIO VAREJISTA || TEMPEROS, CONDIMENTOS E ESPECIARIAS; COMÉRCIO VAREJISTA || TORTAS GELADAS; COMÉRCIO VAREJISTA || ÓLEO COMESTÍVEL; COMÉRCIO VAREJISTA || ÓLEO VEGETAL; COMÉRCIO VAREJISTA","4711301|4711302|4712100|4713002|4713004|4713005|4721102|4721103|4721104|4722901|4722902|4723700|4724500|4729601|4729602|4731800|4732600|4741500|4742300|4743100|4744001|4744002|4744003|4744004|4744005|4744006|4744099|4751201|4751202|4752100|4753900|4754701|4754702|4754703|4755501|4755502|4755503|4756300|4757100|4759801|4759899|4761001|4761002|4761003|4762800|4763601|4763602|4763603|4763604|4763605|4771701|4771702|4771703|4771704|4772500|4773300|4774100|4781400|4782201|4782202|4783101|4783102|4784900|4785701|4785799|4789001|4789002|4789003|4789004|4789005|4789006|4789007|4789008|4789009|4789099","OK","","","nao-ratificado"
"4741-5/00","4741500","COMÉRCIO VAREJISTA DE TINTAS E MATERIAIS PARA PINTURA","Atende","Sim","Sim","I","I:De 4% até 19%","Não","G","COMÉRCIO; REPARAÇÃO DE VEÍCULOS AUTOMOTORES E MOTOCICLETAS","47","COMÉRCIO VAREJISTA","474","COMÉRCIO VAREJISTA DE MATERIAL DE CONSTRUÇÃO","47415","COMÉRCIO VAREJISTA DE TINTAS E MATERIAIS PARA PINTURA","o comércio varejista especializado de materiais para pintura, tais como: tintas, esmaltes, lacas, vernizes, corantes, impermeabilizantes, solventes para tintas, massas, pincéis, brochas, rolos, etc. || o comércio varejista de tintas automotivas","o comércio varejista de materiais de construção em geral (4744-0/99)","IMPERMEABILIZANTES; COMÉRCIO VAREJISTA || LOJA DE TINTAS; COMÉRCIO VAREJISTA || MASSA PARA PINTURA DE PRÉDIOS; COMÉRCIO VAREJISTA || MATERIAL PARA PINTURA; COMÉRCIO VAREJISTA || PINCÉIS, ROLOS, BROCHAS; COMÉRCIO VAREJISTA || SOLVENTES PARA TINTA; COMÉRCIO VAREJISTA || TEXTURAS E GRAFIATOS; COMÉRCIO VAREJISTA DE || TINTAS AUTOMOTIVAS; COMÉRCIO VAREJISTA || TINTAS; COMÉRCIO VAREJISTA || TÍNERES PARA TINTA; COMÉRCIO VAREJISTA","4711301|4711302|4712100|4713002|4713004|4713005|4721102|4721103|4721104|4722901|4722902|4723700|4724500|4729601|4729602|4729699|4731800|4732600|4742300|4743100|4744001|4744002|4744003|4744004|4744005|4744006|4744099|4751201|4751202|4752100|4753900|4754701|4754702|4754703|4755501|4755502|4755503|4756300|4757100|4759801|4759899|4761001|4761002|4761003|4762800|4763601|4763602|4763603|4763604|4763605|4771701|4771702|4771703|4771704|4772500|4773300|4774100|4781400|4782201|4782202|4783101|4783102|4784900|4785701|4785799|4789001|4789002|4789003|4789004|4789005|4789006|4789007|4789008|4789009|4789099","OK","","","nao-ratificado"
"4742-3/00","4742300","COMÉRCIO VAREJISTA DE MATERIAL ELÉTRICO","Atende","Sim","Sim","I","I:De 4% até 19%","Não","G","COMÉRCIO; REPARAÇÃO DE VEÍCULOS AUTOMOTORES E MOTOCICLETAS","47","COMÉRCIO VAREJISTA","474","COMÉRCIO VAREJISTA DE MATERIAL DE CONSTRUÇÃO","47423","COMÉRCIO VAREJISTA DE MATERIAL ELÉTRICO","o comércio varejista especializado de materiais elétricos tais como: fios, cabos, condutores elétricos, chaves elétricas, lâmpadas, interruptores, tomadas e similares","o comércio varejista de peças e acessórios para aparelhos de uso doméstico e pessoal, elétricos e eletrônicos (4757-1/00) || o comércio varejista de material elétrico para veículos (divisão 45) || o comércio varejista de artigos de iluminação - lustres, luminárias e abajures (4754-7/03)","CHAVES ELÉTRICAS, INTERRUPTORES, TOMADAS; COMÉRCIO VAREJISTA || CHUVEIROS ELÉTRICOS, COMÉRCIO VAREJISTA || FIOS, CABOS E CONDUTORES ELÉTRICOS PARA CONSTRUÇÃO; COMÉRCIO VAREJISTA || LÂMPADAS; COMÉRCIO VAREJISTA || MATERIAL ELÉTRICO PARA CONSTRUÇÃO; COMÉRCIO VAREJISTA","4711301|4711302|4712100|4713002|4713004|4713005|4721102|4721103|4721104|4722901|4722902|4723700|4724500|4729601|4729602|4729699|4731800|4732600|4741500|4743100|4744001|4744002|4744003|4744004|4744005|4744006|4744099|4751201|4751202|4752100|4753900|4754701|4754702|4754703|4755501|4755502|4755503|4756300|4757100|4759801|4759899|4761001|4761002|4761003|4762800|4763601|4763602|4763603|4763604|4763605|4771701|4771702|4771703|4771704|4772500|4773300|4774100|4781400|4782201|4782202|4783101|4783102|4784900|4785701|4785799|4789001|4789002|4789003|4789004|4789005|4789006|4789007|4789008|4789009|4789099","OK","","","nao-ratificado"
"4743-1/00","4743100","COMÉRCIO VAREJISTA DE VIDROS","Atende","Sim","Sim","I","I:De 4% até 19%","Não","G","COMÉRCIO; REPARAÇÃO DE VEÍCULOS AUTOMOTORES E MOTOCICLETAS","47","COMÉRCIO VAREJISTA","474","COMÉRCIO VAREJISTA DE MATERIAL DE CONSTRUÇÃO","47431","COMÉRCIO VAREJISTA DE VIDROS","o comércio varejista especializado em vidros planos e de segurança || o comércio varejista especializado em vidros para boxes || o comércio varejista especializado em espelhos","o comércio varejista de vidros e espelhos para veículos automotores (4530-7/03) || o comércio varejista especializado em molduras e quadros (4789-0/99)","ESPELHOS E VITRAIS PARA CONSTRUÇÃO; COMÉRCIO VAREJISTA || VIDRAÇARIA, EXCETO DE VEÍCULOS; COMÉRCIO VAREJISTA || VIDROS PARA BOXES; COMÉRCIO VAREJISTA DE || VIDROS PARA CONSTRUÇÃO; COMÉRCIO VAREJISTA || VIDROS PLANOS E DE SEGURANÇA; COMÉRCIO VAREJISTA || VIDROS PLANOS E TEMPERADOS PARA CONSTRUÇÃO; COMÉRCIO VAREJISTA","4711301|4711302|4712100|4713002|4713004|4713005|4721102|4721103|4721104|4722901|4722902|4723700|4724500|4729601|4729602|4729699|4731800|4732600|4741500|4742300|4744001|4744002|4744003|4744004|4744005|4744006|4744099|4751201|4751202|4752100|4753900|4754701|4754702|4754703|4755501|4755502|4755503|4756300|4757100|4759801|4759899|4761001|4761002|4761003|4762800|4763601|4763602|4763603|4763604|4763605|4771701|4771702|4771703|4771704|4772500|4773300|4774100|4781400|4782201|4782202|4783101|4783102|4784900|4785701|4785799|4789001|4789002|4789003|4789004|4789005|4789006|4789007|4789008|4789009|4789099","OK","","","nao-ratificado"
"4744-0/01","4744001","COMÉRCIO VAREJISTA DE FERRAGENS E FERRAMENTAS","Atende","Sim","Sim","I","I:De 4% até 19%","Não","G","COMÉRCIO; REPARAÇÃO DE VEÍCULOS AUTOMOTORES E MOTOCICLETAS","47","COMÉRCIO VAREJISTA","474","COMÉRCIO VAREJISTA DE MATERIAL DE CONSTRUÇÃO","47440","COMÉRCIO VAREJISTA DE FERRAGENS, MADEIRA E MATERIAIS DE CONSTRUÇÃO","o comércio varejista especializado em ferragens para construção || o comércio varejista de ferramentas manuais, elétricas e não-elétricas - martelos, serras, picaretas, chaves de fenda alicates, furadeiras, etc.","o comércio atacadista de máquinas e equipamentos (grupo 46.6)","ALUMÍNIO, CHAPAS DE; COMÉRCIO VAREJISTA || ARAMES, PREGOS, PARAFUSOS; COMÉRCIO VAREJISTA || AÇO PARA CONSTRUÇÃO; COMÉRCIO VAREJISTA || CADEADOS; COMÉRCIO VAREJISTA || FECHADURAS, DOBRADIÇAS; COMÉRCIO VAREJISTA || FERRAGENS; COMÉRCIO VAREJISTA || FERRAMENTAS MANUAIS ELÉTRICAS; COMÉRCIO VAREJISTA || FERRAMENTAS MANUAIS NÃO-ELÉTRICAS; COMÉRCIO VAREJISTA || FERRAMENTAS MANUAIS; COMÉRCIO VAREJISTA || FERRO PARA CONSTRUÇÃO; COMÉRCIO VAREJISTA || FURADEIRAS, SERRAS ELÉTRICAS; COMÉRCIO VAREJISTA || MARTELO, PICARETAS; COMÉRCIO VAREJISTA || METAIS SANITÁRIOS; COMÉRCIO VAREJISTA || PRODUTOS METALÚRGICOS; COMÉRCIO VAREJISTA || SERROTES, SERRAS; COMÉRCIO VAREJISTA || TELAS DE ARAME; COMÉRCIO VAREJISTA","4711301|4711302|4712100|4713002|4713004|4713005|4721102|4721103|4721104|4722901|4722902|4723700|4724500|4729601|4729602|4729699|4731800|4732600|4741500|4742300|4743100|4744002|4744003|4744004|4744005|4744006|4744099|4751201|4751202|4752100|4753900|4754701|4754702|4754703|4755501|4755502|4755503|4756300|4757100|4759801|4759899|4761001|4761002|4761003|4762800|4763601|4763602|4763603|4763604|4763605|4771701|4771702|4771703|4771704|4772500|4773300|4774100|4781400|4782201|4782202|4783101|4783102|4784900|4785701|4785799|4789001|4789002|4789003|4789004|4789005|4789006|4789007|4789008|4789009|4789099","OK","","","nao-ratificado"
"4744-0/02","4744002","COMÉRCIO VAREJISTA DE MADEIRA E ARTEFATOS","Atende","Sim","Sim","I","I:De 4% até 19%","Não","G","COMÉRCIO; REPARAÇÃO DE VEÍCULOS AUTOMOTORES E MOTOCICLETAS","47","COMÉRCIO VAREJISTA","474","COMÉRCIO VAREJISTA DE MATERIAL DE CONSTRUÇÃO","47440","COMÉRCIO VAREJISTA DE FERRAGENS, MADEIRA E MATERIAIS DE CONSTRUÇÃO","o comércio varejista de madeira em bruto perfilada ou serrada || os produtos derivados da madeira - tábuas, ripas, vigas, pranchas, dormentes, barrote, portas, janelas e similares || o comércio varejista de pré-moldados de madeira para construção","a fabricação de pré-moldados de madeira para construção com montagem associada (1622-6/02) || o comércio varejista de materiais de construção em geral (4744-0/99)","BRIQUETE (SERRAGEM COMPACTADA); COMÉRCIO VAREJISTA || ESQUADRIAS DE MADEIRA; COMÉRCIO VAREJISTA || MADEIRA FOLHEADA, PRENSADA E COMPENSADA; COMÉRCIO VAREJISTA || MADEIRA PERFILADA; COMÉRCIO VAREJISTA DE || MADEIRA SERRADA; COMÉRCIO VAREJISTA || MADEIRAS PARA CONSTRUÇÃO; COMÉRCIO VAREJISTA || PORTAS DE MADEIRA; COMÉRCIO VAREJISTA || PORTAS E JANELAS DE MADEIRA; COMÉRCIO VAREJISTA || PRODUTOS DERIVADOS DA MADEIRA (TÁBUAS, RIPAS, VIGAS, PRANCHAS, DORMENTES, BARROTE, CAIBRO E SIMILARES); COMÉRCIO VAREJISTA DE || PRÉ-MOLDADOS DE MADEIRA PARA CONSTRUÇÃO; COMÉRCIO VAREJISTA DE || TACOS DE MADEIRA PARA PISOS; COMÉRCIO VAREJISTA","4711301|4711302|4712100|4713002|4713004|4713005|4721102|4721103|4721104|4722901|4722902|4723700|4724500|4729601|4729602|4729699|4731800|4732600|4741500|4742300|4743100|4744001|4744003|4744004|4744005|4744006|4744099|4751201|4751202|4752100|4753900|4754701|4754702|4754703|4755501|4755502|4755503|4756300|4757100|4759801|4759899|4761001|4761002|4761003|4762800|4763601|4763602|4763603|4763604|4763605|4771701|4771702|4771703|4771704|4772500|4773300|4774100|4781400|4782201|4782202|4783101|4783102|4784900|4785701|4785799|4789001|4789002|4789003|4789004|4789005|4789006|4789007|4789008|4789009|4789099","OK","","","nao-ratificado"
"4744-0/03","4744003","COMÉRCIO VAREJISTA DE MATERIAIS HIDRÁULICOS","Atende","Sim","Sim","I","I:De 4% até 19%","Não","G","COMÉRCIO; REPARAÇÃO DE VEÍCULOS AUTOMOTORES E MOTOCICLETAS","47","COMÉRCIO VAREJISTA","474","COMÉRCIO VAREJISTA DE MATERIAL DE CONSTRUÇÃO","47440","COMÉRCIO VAREJISTA DE FERRAGENS, MADEIRA E MATERIAIS DE CONSTRUÇÃO","o comércio varejista de materiais hidráulicos para construção tais como: torneiras, canos, tubos, conexões, etc.","o comércio varejista de bombas d’água (4744-0/05)","CANOS, TUBOS, CONEXÕES; COMÉRCIO VAREJISTA DE || MATERIAL HIDRÁULICO; COMÉRCIO VAREJISTA || VÁLVULAS, TORNEIRAS E REGISTROS; COMÉRCIO VAREJISTA","4711301|4711302|4712100|4713002|4713004|4713005|4721102|4721103|4721104|4722901|4722902|4723700|4724500|4729601|4729602|4729699|4731800|4732600|4741500|4742300|4743100|4744001|4744002|4744004|4744005|4744006|4744099|4751201|4751202|4752100|4753900|4754701|4754702|4754703|4755501|4755502|4755503|4756300|4757100|4759801|4759899|4761001|4761002|4761003|4762800|4763601|4763602|4763603|4763604|4763605|4771701|4771702|4771703|4771704|4772500|4773300|4774100|4781400|4782201|4782202|4783101|4783102|4784900|4785701|4785799|4789001|4789002|4789003|4789004|4789005|4789006|4789007|4789008|4789009|4789099","OK","","","nao-ratificado"
"4744-0/04","4744004","COMÉRCIO VAREJISTA DE CAL, AREIA, PEDRA BRITADA, TIJOLOS E TELHAS","Atende","Sim","Sim","I","I:De 4% até 19%","Não","G","COMÉRCIO; REPARAÇÃO DE VEÍCULOS AUTOMOTORES E MOTOCICLETAS","47","COMÉRCIO VAREJISTA","474","COMÉRCIO VAREJISTA DE MATERIAL DE CONSTRUÇÃO","47440","COMÉRCIO VAREJISTA DE FERRAGENS, MADEIRA E MATERIAIS DE CONSTRUÇÃO","o comércio varejista de cal, areia, pedra britada. tijolos e telhas","","AREIA; COMÉRCIO VAREJISTA || CAL PARA CONSTRUÇÃO; COMÉRCIO VAREJISTA DE || PEDRA BRITADA; COMÉRCIO VAREJISTA || TELHAS (DE QUALQUER MATERIAL); COMÉRCIO VAREJISTA DE || TELHAS DE MATERIAL CERÂMICO; COMÉRCIO VAREJISTA || TIJOLOS DE MATERIAL CERÂMICO; COMÉRCIO VAREJISTA","4711301|4711302|4712100|4713002|4713004|4713005|4721102|4721103|4721104|4722901|4722902|4723700|4724500|4729601|4729602|4729699|4731800|4732600|4741500|4742300|4743100|4744001|4744002|4744003|4744005|4744006|4744099|4751201|4751202|4752100|4753900|4754701|4754702|4754703|4755501|4755502|4755503|4756300|4757100|4759801|4759899|4761001|4761002|4761003|4762800|4763601|4763602|4763603|4763604|4763605|4771701|4771702|4771703|4771704|4772500|4773300|4774100|4781400|4782201|4782202|4783101|4783102|4784900|4785701|4785799|4789001|4789002|4789003|4789004|4789005|4789006|4789007|4789008|4789009|4789099","OK","","","nao-ratificado"
"4744-0/05","4744005","COMÉRCIO VAREJISTA DE MATERIAIS DE CONSTRUÇÃO NÃO ESPECIFICADOS ANTERIORMENTE","Atende","Sim","Não","I","I:De 4% até 19%","Não","G","COMÉRCIO; REPARAÇÃO DE VEÍCULOS AUTOMOTORES E MOTOCICLETAS","47","COMÉRCIO VAREJISTA","474","COMÉRCIO VAREJISTA DE MATERIAL DE CONSTRUÇÃO","47440","COMÉRCIO VAREJISTA DE FERRAGENS, MADEIRA E MATERIAIS DE CONSTRUÇÃO","o comércio varejista especializado em materiais de construção não especificados anteriormente","","ARGAMASSA PRONTA; COMÉRCIO VAREJISTA DE || ARTEFATOS DE CIMENTO; GESSO E AMIANTO; COMÉRCIO VAREJISTA || ARTIGOS E EQUIPAMENTOS PARA SAUNAS; COMÉRCIO VAREJISTA || AZULEJOS, CERÂMICAS; COMÉRCIO VAREJISTA || BOMBAS DE ÁGUA; COMÉRCIO VAREJISTA || BOMBAS E FILTROS PARA PISCINAS; COMÉRCIO VAREJISTA DE || BOMBAS HIDRÁULICAS; COMÉRCIO VAREJISTA || BOX PARA BANHEIRO; COMÉRCIO VAREJISTA || CAIXAS DE ÁGUA; COMÉRCIO VAREJISTA || CALHAS PARA CONSTRUCAO; COMERCIO VAREJISTA || CIMENTO; COMÉRCIO VAREJISTA || DIVISÓRIAS E PORTAS SANFONADAS; COMÉRCIO VAREJISTA || ESQUADRIAS DE PLÁSTICO; COMÉRCIO VAREJISTA DE || ESQUADRIAS METÁLICAS; COMÉRCIO VAREJISTA || FILMES OU PELÍCULAS DE POLIÉSTER DE CONTROLE SOLAR (INSULFILME) PARA REVESTIMENTO DE VIDROS RESIDENCIAIS E COMERCIAIS; COMÉRCIO VAREJISTA DE || FORRO PARA CONSTRUÇÃO; COMÉRCIO VAREJISTA || GESSO PARA CONSTRUÇÃO; COMÉRCIO VAREJISTA || JANELAS METÁLICAS; COMÉRCIO VAREJISTA || PIAS, LAVATÓRIOS, BANHEIRAS; COMÉRCIO VAREJISTA || PISCINAS E EQUIPAMENTOS PARA SUA INSTALAÇÃO; COMÉRCIO VAREJISTA || PISOS E REVESTIMENTOS CERÂMICOS PARA CONSTRUÇÃO; COMÉRCIO VAREJISTA || PISOS E REVESTIMENTOS PARA CONSTRUÇÃO; COMÉRCIO VAREJISTA DE || PORTAS ELETRÔNICAS; COMÉRCIO VAREJISTA || PORTAS METÁLICAS; COMÉRCIO VAREJISTA || PORTAS SANFONADAS; COMÉRCIO VAREJISTA || PORTÕES ELETRÔNICOS; COMÉRCIO VAREJISTA || RODAPÉS DE CERÂMICA; COMÉRCIO VAREJISTA || VERGALHÕES E ARMAÇÕES METÁLICAS; COMÉRCIO VAREJISTA","4711301|4711302|4712100|4713002|4713004|4713005|4721102|4721103|4721104|4722901|4722902|4723700|4724500|4729601|4729602|4729699|4731800|4732600|4741500|4742300|4743100|4744001|4744002|4744003|4744004|4744006|4744099|4751201|4751202|4752100|4753900|4754701|4754702|4754703|4755501|4755502|4755503|4756300|4757100|4759801|4759899|4761001|4761002|4761003|4762800|4763601|4763602|4763603|4763604|4763605|4771701|4771702|4771703|4771704|4772500|4773300|4774100|4781400|4782201|4782202|4783101|4783102|4784900|4785701|4785799|4789001|4789002|4789003|4789004|4789005|4789006|4789007|4789008|4789009|4789099","OK","","","nao-ratificado"
"4744-0/06","4744006","COMÉRCIO VAREJISTA DE PEDRAS PARA REVESTIMENTO","Atende","Sim","Não","I","I:De 4% até 19%","Não","G","COMÉRCIO; REPARAÇÃO DE VEÍCULOS AUTOMOTORES E MOTOCICLETAS","47","COMÉRCIO VAREJISTA","474","COMÉRCIO VAREJISTA DE MATERIAL DE CONSTRUÇÃO","47440","COMÉRCIO VAREJISTA DE FERRAGENS, MADEIRA E MATERIAIS DE CONSTRUÇÃO","O comércio varejista de pedras decorativas para revestimentos (ardósia, São Tomé, granito, etc.)","O comércio varejista de materiais de construção em geral, sem especialização (4744-0/99)","MÁRMORES E GRANITOS PARA CONSTRUÇÃO; COMÉRCIO VAREJISTA || PEDRAS DECORATIVAS (ARDÓSIA, SÃO TOMÉ, GRANITO); COMÉRCIO VAREJISTA DE || PEDRAS DECORATIVAS PARA CONSTRUÇÃO; COMÉRCIO VAREJISTA DE || PEDRAS DECORATIVAS PARA REVESTIMENTO; COMÉRCIO VAREJISTA DE","4711301|4711302|4712100|4713002|4713004|4713005|4721102|4721103|4721104|4722901|4722902|4723700|4724500|4729601|4729602|4729699|4731800|4732600|4741500|4742300|4743100|4744001|4744002|4744003|4744004|4744005|4744099|4751201|4751202|4752100|4753900|4754701|4754702|4754703|4755501|4755502|4755503|4756300|4757100|4759801|4759899|4761001|4761002|4761003|4762800|4763601|4763602|4763603|4763604|4763605|4771701|4771702|4771703|4771704|4772500|4773300|4774100|4781400|4782201|4782202|4783101|4783102|4784900|4785701|4785799|4789001|4789002|4789003|4789004|4789005|4789006|4789007|4789008|4789009|4789099","OK","","","nao-ratificado"
"4744-0/99","4744099","COMÉRCIO VAREJISTA DE MATERIAIS DE CONSTRUÇÃO EM GERAL","Atende","Sim","Sim","I","I:De 4% até 19%","Não","G","COMÉRCIO; REPARAÇÃO DE VEÍCULOS AUTOMOTORES E MOTOCICLETAS","47","COMÉRCIO VAREJISTA","474","COMÉRCIO VAREJISTA DE MATERIAL DE CONSTRUÇÃO","47440","COMÉRCIO VAREJISTA DE FERRAGENS, MADEIRA E MATERIAIS DE CONSTRUÇÃO","o comércio varejista de materiais de construção em geral, sem especialização","","COMÉRCIO VAREJISTA DE MATERIAIS DE CONSTRUÇÃO EM GERAL || MATERIAL DE CONSTRUÇÃO EM GERAL (NO MESMO ESTABELECIMENTO); COMÉRCIO VAREJISTA || VIGAS E VIGOTAS PRÉ-MOLDADAS DE CONCRETO; COMÉRCIO VAREJISTA DE","4711301|4711302|4712100|4713002|4713004|4713005|4721102|4721103|4721104|4722901|4722902|4723700|4724500|4729601|4729602|4729699|4731800|4732600|4741500|4742300|4743100|4744001|4744002|4744003|4744004|4744005|4744006|4751201|4751202|4752100|4753900|4754701|4754702|4754703|4755501|4755502|4755503|4756300|4757100|4759801|4759899|4761001|4761002|4761003|4762800|4763601|4763602|4763603|4763604|4763605|4771701|4771702|4771703|4771704|4772500|4773300|4774100|4781400|4782201|4782202|4783101|4783102|4784900|4785701|4785799|4789001|4789002|4789003|4789004|4789005|4789006|4789007|4789008|4789009|4789099","OK","","","nao-ratificado"
"4751-2/01","4751201","COMÉRCIO VAREJISTA ESPECIALIZADO DE EQUIPAMENTOS E SUPRIMENTOS DE INFORMÁTICA","Atende","Sim","Sim","I","I:De 4% até 19%","Não","G","COMÉRCIO; REPARAÇÃO DE VEÍCULOS AUTOMOTORES E MOTOCICLETAS","47","COMÉRCIO VAREJISTA","475","COMÉRCIO VAREJISTA DE EQUIPAMENTOS DE INFORMÁTICA E COMUNICAÇÃO; EQUIPAMENTOS E ARTIGOS DE USO DOMÉSTICO","47512","COMÉRCIO VAREJISTA ESPECIALIZADO DE EQUIPAMENTOS E SUPRIMENTOS DE INFORMÁTICA","o comércio varejista de equipamentos e materiais de informática tais como: || #- computadores e periféricos (impressoras, drives, mouses, monitores de vídeo, etc. || #- suprimentos de informática (discos e disquetes ópticos, CD-Rom, cartuchos com toner para impressoras, etc.) || #- o comércio varejista de programas de computador não-customizáveis || o comércio varejista de partes e peças para equipamentos de informática","a reparação e manutenção de equipamentos de informática (9511-8/00) || o comércio atacadista de máquinas para automação comercial e gerencial (4665-6/00) || a recarga de cartuchos para equipamentos de informática (4751-2/02) || o comércio varejista de equipamentos para escritório (4789-0/07)","ACESSÓRIOS PARA EQUIPAMENTOS DE INFORMÁTICA; COMÉRCIO VAREJISTA || APLICATIVOS INFORMÁTICOS, COMÉRCIO VAREJISTA DE || ASSESSORIA EM INFORMÁTICA ASSOCIADO À VENDA DE COMPUTADORES E PERIFÉRICOS || CARTUCHOS NOVOS PARA IMPRESSORAS; COMÉRCIO VAREJISTA DE || CARTÕES MEMÓRIA; COMÉRCIO VAREJISTA || COMPUTADORES DE PEQUENO PORTE; COMÉRCIO VAREJISTA || DRIVES, PEN-DRIVES, MOUSE; COMÉRCIO VAREJISTA || EQUIPAMENTOS DE INFORMÁTICA; COMÉRCIO VAREJISTA || FORMULÁRIOS CONTÍNUOS PARA INFORMÁTICA, EXCETO PRÉ-IMPRESSOS; COMÉRCIO VAREJISTA || IMPRESSORAS PARA COMPUTADORES; COMÉRCIO VAREJISTA || MICROCOMPUTADORES E PERIFÉRICOS; COMÉRCIO VAREJISTA || MICROCOMPUTADORES; COMÉRCIO VAREJISTA || MONITORES DE VÍDEO; COMÉRCIO VAREJISTA || MÍDIAS (VIRGENS) PARA GRAVAÇÃO E REPRODUÇÃO DE ARQUIVOS ELETRÔNICOS; COMÉRCIO VAREJISTA || NOTEBOOKS, LAPTOPS; COMÉRCIO VAREJISTA DE || PERIFÉRICOS PARA INFORMÁTICA; COMÉRCIO VAREJISTA || PEÇAS E ACESSÓRIOS PARA EQUIPAMENTOS DE INFORMÁTICA; COMÉRCIO VAREJISTA || PLACAS PARA COMPUTADORES; COMÉRCIO VAREJISTA || PROGRAMAS DE COMPUTADOR NÃO-COSTUMIZÁVEIS; COMÉRCIO VAREJISTA DE || SOFTWARES; COMÉRCIO VAREJISTA || SUPRIMENTOS PARA COMPUTADORES; COMÉRCIO VAREJISTA || SUPRIMENTOS PARA INFORMÁTICA; COMÉRCIO VAREJISTA || SUPRIMENTOS PARA MICROCOMPUTADORES; COMÉRCIO VAREJISTA || TECLADOS PARA COMPUTADORES; COMÉRCIO VAREJISTA || WINCHESTER; COMÉRCIO VAREJISTA","4711301|4711302|4712100|4713002|4713004|4713005|4721102|4721103|4721104|4722901|4722902|4723700|4724500|4729601|4729602|4729699|4731800|4732600|4741500|4742300|4743100|4744001|4744002|4744003|4744004|4744005|4744006|4744099|4751202|4752100|4753900|4754701|4754702|4754703|4755501|4755502|4755503|4756300|4757100|4759801|4759899|4761001|4761002|4761003|4762800|4763601|4763602|4763603|4763604|4763605|4771701|4771702|4771703|4771704|4772500|4773300|4774100|4781400|4782201|4782202|4783101|4783102|4784900|4785701|4785799|4789001|4789002|4789003|4789004|4789005|4789006|4789007|4789008|4789009|4789099","OK","","","nao-ratificado"
"4751-2/02","4751202","RECARGA DE CARTUCHOS PARA EQUIPAMENTOS DE INFORMÁTICA","Atende","Sim","Sim","I","I:De 4% até 19%","Não","G","COMÉRCIO; REPARAÇÃO DE VEÍCULOS AUTOMOTORES E MOTOCICLETAS","47","COMÉRCIO VAREJISTA","475","COMÉRCIO VAREJISTA DE EQUIPAMENTOS DE INFORMÁTICA E COMUNICAÇÃO; EQUIPAMENTOS E ARTIGOS DE USO DOMÉSTICO","47512","COMÉRCIO VAREJISTA ESPECIALIZADO DE EQUIPAMENTOS E SUPRIMENTOS DE INFORMÁTICA","a recarga de cartuchos associada ao comércio","o comércio varejista de equipamentos e materiais de informática tais como: || computadores e periféricos (impressoras, drives, mouses, monitores de vídeo, etc.) (4751-2/01) || suprimentos de informática (discos e disquetes ópticos, CD-Rom, cartuchos com toner para impressoras, etc.) (4751-2/01) || o comércio varejista de programas de computador não-customizáveis (4751-2/01) || o comércio varejista de partes e peças para equipamentos de informática (4751-2/01) || a reparação e manutenção de equipamentos de informática (9511-8/00) || o comércio atacadista de máquinas para automação comercial e gerencial (4665-6/00) || o comércio varejista de equipamentos para escritório (4789-0/07)","RECARGA DE CARTUCHOS PARA COMPUTADORES; COMÉRCIO VAREJISTA || RECARGA DE CARTUCHOS PARA EQUIPAMENTOS DE INFORMÁTICA; COMÉRCIO VAREJISTA || RECARGA DE CARTUCHOS PARA IMPRESSORAS; COMÉRCIO VAREJISTA","4711301|4711302|4712100|4713002|4713004|4713005|4721102|4721103|4721104|4722901|4722902|4723700|4724500|4729601|4729602|4729699|4731800|4732600|4741500|4742300|4743100|4744001|4744002|4744003|4744004|4744005|4744006|4744099|4751201|4752100|4753900|4754701|4754702|4754703|4755501|4755502|4755503|4756300|4757100|4759801|4759899|4761001|4761002|4761003|4762800|4763601|4763602|4763603|4763604|4763605|4771701|4771702|4771703|4771704|4772500|4773300|4774100|4781400|4782201|4782202|4783101|4783102|4784900|4785701|4785799|4789001|4789002|4789003|4789004|4789005|4789006|4789007|4789008|4789009|4789099","OK","","","nao-ratificado"
"4752-1/00","4752100","COMÉRCIO VAREJISTA ESPECIALIZADO DE EQUIPAMENTOS DE TELEFONIA E COMUNICAÇÃO","Atende","Sim","Sim","I","I:De 4% até 19%","Não","G","COMÉRCIO; REPARAÇÃO DE VEÍCULOS AUTOMOTORES E MOTOCICLETAS","47","COMÉRCIO VAREJISTA","475","COMÉRCIO VAREJISTA DE EQUIPAMENTOS DE INFORMÁTICA E COMUNICAÇÃO; EQUIPAMENTOS E ARTIGOS DE USO DOMÉSTICO","47521","COMÉRCIO VAREJISTA ESPECIALIZADO DE EQUIPAMENTOS DE TELEFONIA E COMUNICAÇÃO","o comércio varejista de equipamentos de telefonia e comunicação: telefones, intercomunicadores, fax, secretária eletrônica e similares || o comércio varejista de partes e peças para equipamentos de telefonia e comunicação","a manutenção e reparação de equipamentos de telefonia e comunicação (9512-6/00)","APARELHOS TELEFÔNICOS, INCLUSIVE CELULAR; COMÉRCIO VAREJISTA || EQUIPAMENTOS DE COMUNICAÇÃO PESSOAL; COMÉRCIO VAREJISTA || EQUIPAMENTOS DE TELECOMUNICAÇÃO; COMÉRCIO VAREJISTA || EQUIPAMENTOS PARA COMUNICAÇÃO; COMÉRCIO VAREJISTA || EQUIPAMENTOS PARA RADIOCOMUNICADORES; COMÉRCIO VAREJISTA || FAX; COMÉRCIO VAREJISTA || INTERCOMUNICADORES, INTERFONES; COMÉRCIO VAREJISTA || MATERIAIS PARA COMUNICAÇÃO; COMÉRCIO VAREJISTA || MÁQUINAS PARA COMUNICAÇÃO; COMÉRCIO VAREJISTA || PEÇAS E ACESSÓRIOS PARA CELULAR; COMÉRCIO VAREJISTA || PEÇAS E ACESSÓRIOS PARA EQUIPAMENTOS DE COMUNICAÇÃO; COMÉRCIO VAREJISTA || PEÇAS E ACESSÓRIOS PARA EQUIPAMENTOS DE TELECOMUNICAÇÃO; COMÉRCIO VAREJISTA || PEÇAS E ACESSÓRIOS PARA EQUIPAMENTOS RADIOCOMUNICADORES; COMÉRCIO VAREJISTA || PEÇAS E ACESSÓRIOS PARA TELEFONES; COMÉRCIO VAREJISTA || RADIOCOMUNICADORES; COMÉRCIO VAREJISTA || SECRETARIA ELETRÔNICA; COMÉRCIO VAREJISTA || SECRETÁRIAS ELETRÔNICAS; COMÉRCIO VAREJISTA || TELEFONES; COMÉRCIO VAREJISTA","4711301|4711302|4712100|4713002|4713004|4713005|4721102|4721103|4721104|4722901|4722902|4723700|4724500|4729601|4729602|4729699|4731800|4732600|4741500|4742300|4743100|4744001|4744002|4744003|4744004|4744005|4744006|4744099|4751201|4751202|4753900|4754701|4754702|4754703|4755501|4755502|4755503|4756300|4757100|4759801|4759899|4761001|4761002|4761003|4762800|4763601|4763602|4763603|4763604|4763605|4771701|4771702|4771703|4771704|4772500|4773300|4774100|4781400|4782201|4782202|4783101|4783102|4784900|4785701|4785799|4789001|4789002|4789003|4789004|4789005|4789006|4789007|4789008|4789009|4789099","OK","","","nao-ratificado"
"4753-9/00","4753900","COMÉRCIO VAREJISTA ESPECIALIZADO DE ELETRODOMÉSTICOS E EQUIPAMENTOS DE ÁUDIO E VÍDEO","Atende","Sim","Sim","I","I:De 4% até 19%","Não","G","COMÉRCIO; REPARAÇÃO DE VEÍCULOS AUTOMOTORES E MOTOCICLETAS","47","COMÉRCIO VAREJISTA","475","COMÉRCIO VAREJISTA DE EQUIPAMENTOS DE INFORMÁTICA E COMUNICAÇÃO; EQUIPAMENTOS E ARTIGOS DE USO DOMÉSTICO","47539","COMÉRCIO VAREJISTA ESPECIALIZADO DE ELETRODOMÉSTICOS E EQUIPAMENTOS DE ÁUDIO E VÍDEO","o comércio varejista especializado em: || #- eletrodomésticos - fogões, geladeiras, batedeiras, fornos microondas, máquinas de lavar, etc. || #- equipamentos de áudio e vídeo - câmeras filmadoras, fotográficas e similares, rádios, televisores, etc.","o comércio varejista de equipamentos de informática (4751-2/00) || o comércio varejista de equipamentos de comunicação (4752-1/00) || o comércio varejista de peças e acessórios para aparelhos eletroeletrônicos domésticos (4757-1/00)","FILMADORAS; COMÉRCIO VAREJISTA DE || SECADOR, PRANCHA PARA CABELOS; COMÉRCIO VAREJISTA || AMPLIFICADORES DE SOM; COMÉRCIO VAREJISTA || APARELHO DE AR CONDICIONADO DOMÉSTICO; COMÉRCIO VAREJISTA || APARELHO DE AR REFRIGERADO DOMÉSTICO; COMÉRCIO VAREJISTA || APARELHO DE SOM; COMÉRCIO VAREJISTA || APARELHO DE VÍDEO, EXCETO MONITOR DE MICROCOMPUTADOR; COMÉRCIO VAREJISTA || APARELHOS DE BLU-RAY; COMÉRCIO VAREJISTA DE || APARELHOS DE DVD; COMÉRCIO VAREJISTA DE || APARELHOS DE RADIO; COMÉRCIO VAREJISTA DE || APARELHOS DE REPRODUÇÃO DE MÍDIA (ÁUDIO E VÍDEO), EXCETO PERIFÉRICOS DE MICROCOMPUTADOR; COMÉRCIO VAREJISTA || APARELHOS DE TELEVISÃO; COMÉRCIO VAREJISTA || APARELHOS DE USO DOMÉSTICO; COMÉRCIO VAREJISTA || APARELHOS ELETROELETRÔNICOS DOMÉSTICOS OU PESSOAIS; COMÉRCIO VAREJISTA || APARELHOS ELETRÔNICOS DOMÉSTICOS OU PESSOAIS; COMÉRCIO VAREJISTA || AQUECEDOR A GÁS PARA USO DOMÉSTICO; COMÉRCIO VAREJISTA DE || AQUECEDOR ELÉTRICO; COMÉRCIO VAREJISTA || ASPIRADOR DE PÓ DOMÉSTICO; COMÉRCIO VAREJISTA || CAIXAS ACÚSTICAS; COMÉRCIO VAREJISTA || CÂMERAS, CÂMARAS FOTOGRÁFICAS; COMÉRCIO VAREJISTA || ELETRODOMÉSTICOS; COMÉRCIO VAREJISTA || ENCERADEIRAS; COMÉRCIO VAREJISTA || EQUIPAMENTOS ELETRÔNICOS DOMÉSTICOS; COMÉRCIO VAREJISTA || FOGÃO; COMÉRCIO VAREJISTA || FORNO DE MICROONDAS; COMÉRCIO VAREJISTA || FOTO, CINE E SOM; COMÉRCIO VAREJISTA || GELADEIRA; COMÉRCIO VAREJISTA || GRAVADORES; COMÉRCIO VAREJISTA || LENTES OBJETIVAS PARA USO FOTOGRÁFICO; COMÉRCIO VAREJISTA || LOJA DE ELETRODOMÉSTICOS; COMÉRCIO VAREJISTA || MÁQUINA DE COSTURA DOMESTICA; COMÉRCIO VAREJISTA || MÁQUINA DE LAVAR E SECAR DOMESTICAS; COMÉRCIO VAREJISTA || MÁQUINA DE TRICÔ DOMESTICA; COMÉRCIO VAREJISTA || MÁQUINAS DE USO DOMÉSTICO; COMÉRCIO VAREJISTA || MÁQUINAS FOTOGRÁFICAS; COMÉRCIO VAREJISTA || OZONIZADORES DE ÁGUA ELÉTRICOS; COMÉRCIO VAREJISTA || OZONIZADORES, PURIFICADORES DE ÁGUA; COMERCIO VAREJISTA || PROJETORES DE SLIDES; COMÉRCIO VAREJISTA || PURIFICADORES DE ÁGUA ELÉTRICOS; COMÉRCIO VAREJISTA || REFRIGERADORES DOMÉSTICOS; COMÉRCIO VAREJISTA || TELAS PARA PROJEÇÃO; COMÉRCIO VAREJISTA || TELEVISÕES; COMÉRCIO VAREJISTA || VENTILADOR; COMÉRCIO VAREJISTA || VENTILADORES OU CIRCULADORES PARA USO DOMÉSTICO; COMÉRCIO VAREJISTA DE || VIDEOCASSETE; COMÉRCIO VAREJISTA","4711301|4711302|4712100|4713002|4713004|4713005|4721102|4721103|4721104|4722901|4722902|4723700|4724500|4729601|4729602|4729699|4731800|4732600|4741500|4742300|4743100|4744001|4744002|4744003|4744004|4744005|4744006|4744099|4751201|4751202|4752100|4754701|4754702|4754703|4755501|4755502|4755503|4756300|4757100|4759801|4759899|4761001|4761002|4761003|4762800|4763601|4763602|4763603|4763604|4763605|4771701|4771702|4771703|4771704|4772500|4773300|4774100|4781400|4782201|4782202|4783101|4783102|4784900|4785701|4785799|4789001|4789002|4789003|4789004|4789005|4789006|4789007|4789008|4789009|4789099","OK","","","nao-ratificado"
"4754-7/01","4754701","COMÉRCIO VAREJISTA DE MÓVEIS","Atende","Sim","Sim","I","I:De 4% até 19%","Não","G","COMÉRCIO; REPARAÇÃO DE VEÍCULOS AUTOMOTORES E MOTOCICLETAS","47","COMÉRCIO VAREJISTA","475","COMÉRCIO VAREJISTA DE EQUIPAMENTOS DE INFORMÁTICA E COMUNICAÇÃO; EQUIPAMENTOS E ARTIGOS DE USO DOMÉSTICO","47547","COMÉRCIO VAREJISTA ESPECIALIZADO DE MÓVEIS, COLCHOARIA E ARTIGOS DE ILUMINAÇÃO","o comércio varejista de móveis novos para qualquer uso","","CADEIRAS; COMÉRCIO VAREJISTA || CAMAS; COMÉRCIO VAREJISTA DE || ESTOFADOS (EXCETO PARA AUTOMÓVEIS), SOFÁS E POLTRONAS; COMÉRCIO VAREJISTA || LOJA DE MOVEIS NOVOS; COMÉRCIO VAREJISTA || MESAS E CADEIRAS; COMÉRCIO VAREJISTA || MOVEIS ESTOFADOS; COMÉRCIO VAREJISTA || MOVEIS NOVOS DE QUALQUER MATERIAL; COMÉRCIO VAREJISTA || MOVEIS NOVOS PARA ESCRITÓRIO; COMÉRCIO VAREJISTA || MOVEIS NOVOS PARA RESIDÊNCIAS; COMÉRCIO VAREJISTA || POLTRONAS; COMÉRCIO VAREJISTA || SOFÁS; COMÉRCIO VAREJISTA","4711301|4711302|4712100|4713002|4713004|4713005|4721102|4721103|4721104|4722901|4722902|4723700|4724500|4729601|4729602|4729699|4731800|4732600|4741500|4742300|4743100|4744001|4744002|4744003|4744004|4744005|4744006|4744099|4751201|4751202|4752100|4753900|4754702|4754703|4755501|4755502|4755503|4756300|4757100|4759801|4759899|4761001|4761002|4761003|4762800|4763601|4763602|4763603|4763604|4763605|4771701|4771702|4771703|4771704|4772500|4773300|4774100|4781400|4782201|4782202|4783101|4783102|4784900|4785701|4785799|4789001|4789002|4789003|4789004|4789005|4789006|4789007|4789008|4789009|4789099","OK","","","nao-ratificado"
"4754-7/02","4754702","COMÉRCIO VAREJISTA DE ARTIGOS DE COLCHOARIA","Atende","Sim","Sim","I","I:De 4% até 19%","Não","G","COMÉRCIO; REPARAÇÃO DE VEÍCULOS AUTOMOTORES E MOTOCICLETAS","47","COMÉRCIO VAREJISTA","475","COMÉRCIO VAREJISTA DE EQUIPAMENTOS DE INFORMÁTICA E COMUNICAÇÃO; EQUIPAMENTOS E ARTIGOS DE USO DOMÉSTICO","47547","COMÉRCIO VAREJISTA ESPECIALIZADO DE MÓVEIS, COLCHOARIA E ARTIGOS DE ILUMINAÇÃO","o comércio varejista de artigos de colchoaria","o comércio varejista de móveis (4754-7/01)","ARTIGOS DE COLCHOARIA; COMÉRCIO VAREJISTA || COLCHÕES, TRAVESSEIROS; COMÉRCIO VAREJISTA","4711301|4711302|4712100|4713002|4713004|4713005|4721102|4721103|4721104|4722901|4722902|4723700|4724500|4729601|4729602|4729699|4731800|4732600|4741500|4742300|4743100|4744001|4744002|4744003|4744004|4744005|4744006|4744099|4751201|4751202|4752100|4753900|4754701|4754703|4755501|4755502|4755503|4756300|4757100|4759801|4759899|4761001|4761002|4761003|4762800|4763601|4763602|4763603|4763604|4763605|4771701|4771702|4771703|4771704|4772500|4773300|4774100|4781400|4782201|4782202|4783101|4783102|4784900|4785701|4785799|4789001|4789002|4789003|4789004|4789005|4789006|4789007|4789008|4789009|4789099","OK","","","nao-ratificado"
"4754-7/03","4754703","COMÉRCIO VAREJISTA DE ARTIGOS DE ILUMINAÇÃO","Atende","Sim","Sim","I","I:De 4% até 19%","Não","G","COMÉRCIO; REPARAÇÃO DE VEÍCULOS AUTOMOTORES E MOTOCICLETAS","47","COMÉRCIO VAREJISTA","475","COMÉRCIO VAREJISTA DE EQUIPAMENTOS DE INFORMÁTICA E COMUNICAÇÃO; EQUIPAMENTOS E ARTIGOS DE USO DOMÉSTICO","47547","COMÉRCIO VAREJISTA ESPECIALIZADO DE MÓVEIS, COLCHOARIA E ARTIGOS DE ILUMINAÇÃO","o comércio varejista de artigos de iluminação residencial (lustres, luminárias e abajures, etc.)","o comércio varejista de material elétrico (4742-3/00)","ABAJURES; COMÉRCIO VAREJISTA || ARTIGOS DE ILUMINAÇÃO; COMÉRCIO VAREJISTA || LUMINÁRIAS; COMÉRCIO VAREJISTA || LUSTRES; COMÉRCIO VAREJISTA","4711301|4711302|4712100|4713002|4713004|4713005|4721102|4721103|4721104|4722901|4722902|4723700|4724500|4729601|4729602|4729699|4731800|4732600|4741500|4742300|4743100|4744001|4744002|4744003|4744004|4744005|4744006|4744099|4751201|4751202|4752100|4753900|4754701|4754702|4755501|4755502|4755503|4756300|4757100|4759801|4759899|4761001|4761002|4761003|4762800|4763601|4763602|4763603|4763604|4763605|4771701|4771702|4771703|4771704|4772500|4773300|4774100|4781400|4782201|4782202|4783101|4783102|4784900|4785701|4785799|4789001|4789002|4789003|4789004|4789005|4789006|4789007|4789008|4789009|4789099","OK","","","nao-ratificado"
"4755-5/01","4755501","COMÉRCIO VAREJISTA DE TECIDOS","Atende","Sim","Sim","I","I:De 4% até 19%","Não","G","COMÉRCIO; REPARAÇÃO DE VEÍCULOS AUTOMOTORES E MOTOCICLETAS","47","COMÉRCIO VAREJISTA","475","COMÉRCIO VAREJISTA DE EQUIPAMENTOS DE INFORMÁTICA E COMUNICAÇÃO; EQUIPAMENTOS E ARTIGOS DE USO DOMÉSTICO","47555","COMÉRCIO VAREJISTA ESPECIALIZADO DE TECIDOS E ARTIGOS DE CAMA, MESA E BANHO","o comércio varejista de tecidos","o comércio varejista de cortinas (4759-8/01)","FAZENDAS, TECIDOS; COMÉRCIO VAREJISTA || LOJA DE TECIDOS; COMÉRCIO VAREJISTA || TECIDOS DE MALHA PARA CONFECÇÃO; COMÉRCIO VAREJISTA || TECIDOS DE MALHA; COMÉRCIO VAREJISTA || TECIDOS EM GERAL; COMÉRCIO VAREJISTA","4711301|4711302|4712100|4713002|4713004|4713005|4721102|4721103|4721104|4722901|4722902|4723700|4724500|4729601|4729602|4729699|4731800|4732600|4741500|4742300|4743100|4744001|4744002|4744003|4744004|4744005|4744006|4744099|4751201|4751202|4752100|4753900|4754701|4754702|4754703|4755502|4755503|4756300|4757100|4759801|4759899|4761001|4761002|4761003|4762800|4763601|4763602|4763603|4763604|4763605|4771701|4771702|4771703|4771704|4772500|4773300|4774100|4781400|4782201|4782202|4783101|4783102|4784900|4785701|4785799|4789001|4789002|4789003|4789004|4789005|4789006|4789007|4789008|4789009|4789099","OK","","","nao-ratificado"
"4755-5/02","4755502","COMERCIO VAREJISTA DE ARTIGOS DE ARMARINHO","Atende","Sim","Sim","I","I:De 4% até 19%","Não","G","COMÉRCIO; REPARAÇÃO DE VEÍCULOS AUTOMOTORES E MOTOCICLETAS","47","COMÉRCIO VAREJISTA","475","COMÉRCIO VAREJISTA DE EQUIPAMENTOS DE INFORMÁTICA E COMUNICAÇÃO; EQUIPAMENTOS E ARTIGOS DE USO DOMÉSTICO","47555","COMÉRCIO VAREJISTA ESPECIALIZADO DE TECIDOS E ARTIGOS DE CAMA, MESA E BANHO","o comércio varejista de artigos de armarinho, linhas, botões, zíperes e outros aviamentos para costura","o comércio varejista de tecidos (4755-5/01) || o comércio varejista de artigos de cama, mesa e banho (4755-5/03) || o comércio varejista de artigos de tapeçaria, cortinas e persianas (4759-8/01)","ARMARINHO; COMÉRCIO VAREJISTA || ARTIGOS DE ARMARINHO; COMÉRCIO VAREJISTA || ARTIGOS DE PASSAMANARIA, FILÓS, ELÁSTICOS; COMÉRCIO VAREJISTA || ARTIGOS DE PASSAMANARIA; COMÉRCIO VAREJISTA || AVIAMENTOS PARA COSTURA; COMÉRCIO VAREJISTA || BOTÕES; COMÉRCIO VAREJISTA || FELTROS, ENTRETELAS; COMÉRCIO VAREJISTA || FIOS E CORDÕES TÊXTEIS; COMÉRCIO VAREJISTA || LINHAS; COMÉRCIO VAREJISTA || LOJA DE ARMARINHO; COMÉRCIO VAREJISTA || NOVELOS DE LÃ; COMÉRCIO VAREJISTA","4711301|4711302|4712100|4713002|4713004|4713005|4721102|4721103|4721104|4722901|4722902|4723700|4724500|4729601|4729602|4729699|4731800|4732600|4741500|4742300|4743100|4744001|4744002|4744003|4744004|4744005|4744006|4744099|4751201|4751202|4752100|4753900|4754701|4754702|4754703|4755501|4755503|4756300|4757100|4759801|4759899|4761001|4761002|4761003|4762800|4763601|4763602|4763603|4763604|4763605|4771701|4771702|4771703|4771704|4772500|4773300|4774100|4781400|4782201|4782202|4783101|4783102|4784900|4785701|4785799|4789001|4789002|4789003|4789004|4789005|4789006|4789007|4789008|4789009|4789099","OK","","","nao-ratificado"
"4755-5/03","4755503","COMERCIO VAREJISTA DE ARTIGOS DE CAMA, MESA E BANHO","Atende","Sim","Sim","I","I:De 4% até 19%","Não","G","COMÉRCIO; REPARAÇÃO DE VEÍCULOS AUTOMOTORES E MOTOCICLETAS","47","COMÉRCIO VAREJISTA","475","COMÉRCIO VAREJISTA DE EQUIPAMENTOS DE INFORMÁTICA E COMUNICAÇÃO; EQUIPAMENTOS E ARTIGOS DE USO DOMÉSTICO","47555","COMÉRCIO VAREJISTA ESPECIALIZADO DE TECIDOS E ARTIGOS DE CAMA, MESA E BANHO","o comércio varejista de artigos de cama, mesa e banho","o comércio varejista de artigos de armarinho (4755-5/02)","ARTIGOS DE CAMA, MESA E BANHO; COMÉRCIO VAREJISTA || ROUPAS DE CAMA, MESA E BANHO; COMÉRCIO VAREJISTA","4711301|4711302|4712100|4713002|4713004|4713005|4721102|4721103|4721104|4722901|4722902|4723700|4724500|4729601|4729602|4729699|4731800|4732600|4741500|4742300|4743100|4744001|4744002|4744003|4744004|4744005|4744006|4744099|4751201|4751202|4752100|4753900|4754701|4754702|4754703|4755501|4755502|4756300|4757100|4759801|4759899|4761001|4761002|4761003|4762800|4763601|4763602|4763603|4763604|4763605|4771701|4771702|4771703|4771704|4772500|4773300|4774100|4781400|4782201|4782202|4783101|4783102|4784900|4785701|4785799|4789001|4789002|4789003|4789004|4789005|4789006|4789007|4789008|4789009|4789099","OK","","","nao-ratificado"
"4756-3/00","4756300","COMÉRCIO VAREJISTA ESPECIALIZADO DE INSTRUMENTOS MUSICAIS E ACESSÓRIOS","Atende","Sim","Sim","I","I:De 4% até 19%","Não","G","COMÉRCIO; REPARAÇÃO DE VEÍCULOS AUTOMOTORES E MOTOCICLETAS","47","COMÉRCIO VAREJISTA","475","COMÉRCIO VAREJISTA DE EQUIPAMENTOS DE INFORMÁTICA E COMUNICAÇÃO; EQUIPAMENTOS E ARTIGOS DE USO DOMÉSTICO","47563","COMÉRCIO VAREJISTA ESPECIALIZADO DE INSTRUMENTOS MUSICAIS E ACESSÓRIOS","o comércio varejista de instrumentos musicais e acessórios; músicas impressas","","ACESSÓRIOS PARA INSTRUMENTOS MUSICAIS; COMÉRCIO VAREJISTA || INSTRUMENTOS MUSICAIS; COMÉRCIO VAREJISTA || MUSICAS IMPRESSAS; COMÉRCIO VAREJISTA || PIANO; COMÉRCIO VAREJISTA","4711301|4711302|4712100|4713002|4713004|4713005|4721102|4721103|4721104|4722901|4722902|4723700|4724500|4729601|4729602|4729699|4731800|4732600|4741500|4742300|4743100|4744001|4744002|4744003|4744004|4744005|4744006|4744099|4751201|4751202|4752100|4753900|4754701|4754702|4754703|4755501|4755502|4755503|4757100|4759801|4759899|4761001|4761002|4761003|4762800|4763601|4763602|4763603|4763604|4763605|4771701|4771702|4771703|4771704|4772500|4773300|4774100|4781400|4782201|4782202|4783101|4783102|4784900|4785701|4785799|4789001|4789002|4789003|4789004|4789005|4789006|4789007|4789008|4789009|4789099","OK","","","nao-ratificado"
"4757-1/00","4757100","COMÉRCIO VAREJISTA ESPECIALIZADO DE PEÇAS E ACESSÓRIOS PARA APARELHOS ELETROELETRÔNICOS PARA USO DOMÉSTICO, EXCETO INFORMÁTICA E COMUNICAÇÃO","Atende","Sim","Sim","I","I:De 4% até 19%","Não","G","COMÉRCIO; REPARAÇÃO DE VEÍCULOS AUTOMOTORES E MOTOCICLETAS","47","COMÉRCIO VAREJISTA","475","COMÉRCIO VAREJISTA DE EQUIPAMENTOS DE INFORMÁTICA E COMUNICAÇÃO; EQUIPAMENTOS E ARTIGOS DE USO DOMÉSTICO","47571","COMÉRCIO VAREJISTA ESPECIALIZADO DE PEÇAS E ACESSÓRIOS PARA APARELHOS ELETROELETRÔNICOS PARA USO DOMÉSTICO, EXCETO INFORMÁTICA E COMUNICAÇÃO","o comércio varejista de peças e acessórios para aparelhos de uso doméstico e pessoal, elétricos e eletrônicos || o comércio varejista de antenas, inclusive parabólicas","o comércio varejista de partes e peças para equipamentos de informática (4751-2/00) || o comércio varejista de partes e peças equipamentos de comunicação (4752-1/00)","ANTENAS PARABÓLICAS; COMÉRCIO VAREJISTA || ANTENAS; COMÉRCIO VAREJISTA || COMPONENTES ELETRÔNICOS; COMÉRCIO VAREJISTA || PEÇAS E ACESSÓRIOS PARA APARELHOS ELETRÔNICOS; COMÉRCIO VAREJISTA || PEÇAS E ACESSÓRIOS PARA ELETRODOMÉSTICOS; COMÉRCIO VAREJISTA || PEÇAS E ACESSÓRIOS PARA FOGÕES; COMÉRCIO VAREJISTA || PEÇAS PARA GELADEIRAS; COMÉRCIO VAREJISTA || PEÇAS PARA MÁQUINAS DE COSTURA; COMÉRCIO VAREJISTA || PEÇAS PARA TELEVISORES; COMÉRCIO VAREJISTA || PEÇAS PARA VÍDEO CASSETES; COMÉRCIO VAREJISTA","4711301|4711302|4712100|4713002|4713004|4713005|4721102|4721103|4721104|4722901|4722902|4723700|4724500|4729601|4729602|4729699|4731800|4732600|4741500|4742300|4743100|4744001|4744002|4744003|4744004|4744005|4744006|4744099|4751201|4751202|4752100|4753900|4754701|4754702|4754703|4755501|4755502|4755503|4756300|4759801|4759899|4761001|4761002|4761003|4762800|4763601|4763602|4763603|4763604|4763605|4771701|4771702|4771703|4771704|4772500|4773300|4774100|4781400|4782201|4782202|4783101|4783102|4784900|4785701|4785799|4789001|4789002|4789003|4789004|4789005|4789006|4789007|4789008|4789009|4789099","OK","","","nao-ratificado"
"4759-8/01","4759801","COMÉRCIO VAREJISTA DE ARTIGOS DE TAPEÇARIA, CORTINAS E PERSIANAS","Atende","Sim","Sim","I","I:De 4% até 19%","Não","G","COMÉRCIO; REPARAÇÃO DE VEÍCULOS AUTOMOTORES E MOTOCICLETAS","47","COMÉRCIO VAREJISTA","475","COMÉRCIO VAREJISTA DE EQUIPAMENTOS DE INFORMÁTICA E COMUNICAÇÃO; EQUIPAMENTOS E ARTIGOS DE USO DOMÉSTICO","47598","COMÉRCIO VAREJISTA DE ARTIGOS DE USO DOMÉSTICO NÃO ESPECIFICADOS ANTERIORMENTE","o comércio varejista de cortinas, tapetes, carpetes e outros artigos de tapeçaria || o comércio varejista de forrações e persianas","o comércio varejista de artigos de tecidos (4755-5/01) || o comércio varejista de artigos de armarinho (4755-5/02)","ARTIGOS DE TAPEÇARIA; COMÉRCIO VAREJISTA || CARPETES; COMÉRCIO VAREJISTA || CORTINAS; COMÉRCIO VAREJISTA || FORRAÇÕES; COMÉRCIO VAREJISTA || PERSIANAS; COMÉRCIO VAREJISTA || TAPETES; COMÉRCIO VAREJISTA || VENEZIANAS; COMÉRCIO VAREJISTA","4711301|4711302|4712100|4713002|4713004|4713005|4721102|4721103|4721104|4722901|4722902|4723700|4724500|4729601|4729602|4729699|4731800|4732600|4741500|4742300|4743100|4744001|4744002|4744003|4744004|4744005|4744006|4744099|4751201|4751202|4752100|4753900|4754701|4754702|4754703|4755501|4755502|4755503|4756300|4757100|4759899|4761001|4761002|4761003|4762800|4763601|4763602|4763603|4763604|4763605|4771701|4771702|4771703|4771704|4772500|4773300|4774100|4781400|4782201|4782202|4783101|4783102|4784900|4785701|4785799|4789001|4789002|4789003|4789004|4789005|4789006|4789007|4789008|4789009|4789099","OK","","","nao-ratificado"
"4759-8/99","4759899","COMÉRCIO VAREJISTA DE OUTROS ARTIGOS DE USO PESSOAL E DOMÉSTICO NÃO ESPECIFICADOS ANTERIORMENTE","Atende","Sim","Sim","I","I:De 4% até 19%","Não","G","COMÉRCIO; REPARAÇÃO DE VEÍCULOS AUTOMOTORES E MOTOCICLETAS","47","COMÉRCIO VAREJISTA","475","COMÉRCIO VAREJISTA DE EQUIPAMENTOS DE INFORMÁTICA E COMUNICAÇÃO; EQUIPAMENTOS E ARTIGOS DE USO DOMÉSTICO","47598","COMÉRCIO VAREJISTA DE ARTIGOS DE USO DOMÉSTICO NÃO ESPECIFICADOS ANTERIORMENTE","o comércio varejista de: || #- artigos para habitação de vidro, cristal, porcelana, borracha, plástico, metal, madeira, vime, bambu e outros similares - panelas, louças, garrafas térmicas, escadas domésticas. escovas, vassouras, cabides etc. || #- artigos de cutelaria || #- toldos e similares || #- papel de parede e similares || #- sistema de segurança residencial não associado a instalação ou manutenção","o comércio varejista de: || #- molduras e quadros (4789-0/99) || #- flores para ornamentação (4789-0/02) || #- móveis (4754-7/01) || #- objetos de arte (4789-0/03) || #- antigüidades (4785-7/01)","ESCOVA PARA CABELOS; COMÉRCIO VAREJISTA || ALARME PARA RESIDÊNCIA; COMÉRCIO VAREJISTA || ALARMES ELETRÔNICOS NÃO ASSOCIADO A INSTALAÇÃO OU MANUTENÇÃO - USO DOMÉSTICO (EXCETO VEÍCULOS); COMÉRCIO VAREJISTA || AQUECEDORES SOLARES; COMÉRCIO VAREJISTA || ARTIGO DE BORRACHA PARA HABITAÇÃO; COMÉRCIO VAREJISTA || ARTIGO DE CRISTAL PARA HABITAÇÃO; COMÉRCIO VAREJISTA DE || ARTIGO DE LOUÇA PARA HABITAÇÃO; COMÉRCIO VAREJISTA || ARTIGO DE MADEIRA PARA HABITAÇÃO; COMÉRCIO VAREJISTA || ARTIGO DE METAL PARA HABITAÇÃO; COMÉRCIO VAREJISTA || ARTIGO DE PLÁSTICO PARA HABITAÇÃO; COMÉRCIO VAREJISTA || ARTIGO DE PORCELANA PARA HABITAÇÃO; COMÉRCIO VAREJISTA DE || ARTIGO DE VIDRO PARA HABITAÇÃO; COMÉRCIO VAREJISTA || ARTIGOS DE BAMBU; COMÉRCIO VAREJISTA || ARTIGOS DE CUTELARIA; COMÉRCIO VAREJISTA || ARTIGOS DE PEDRA SABÃO, COMÉRCIO VAREJISTA || ARTIGOS DE VIME, COMÉRCIO VAREJISTA || ARTIGOS DESCARTÁVEIS EM GERAL (COPOS, TALHERES, GUARDANAPOS, EMBALAGENS PARA ALIMENTOS PREPARADOS E SIMILARES); COMÉRCIO VAREJISTA DE || CÂMERAS DE SEGURANÇA PARA USO DOMÉSTICO; COMÉRCIO VAREJISTA DE || EQUIPAMENTOS DE SEGURANÇA RESIDENCIAL NÃO ASSOCIADO A INSTALAÇÃO OU MANUTENÇÃO; COMERCIO VAREJISTA || FACAS; COMÉRCIO VAREJISTA || FILTROS DE ÁGUA DOMÉSTICO; COMÉRCIO VAREJISTA || OZONIZADORES DE ÁGUA NÃO ELÉTRICOS; COMÉRCIO VAREJISTA || PANELAS; COMÉRCIO VAREJISTA || PAPEIS DE PAREDE E SIMILARES; COMÉRCIO VAREJISTA || PAPEL DE PAREDE  E SIMILARES; COMÉRCIO VAREJISTA DE || PRATOS; COMÉRCIO VAREJISTA || PURIFICADORES DE ÁGUA NÃO ELÉTRICOS; COMÉRCIO VAREJISTA || REDES DE PROTEÇÃO PARA RESIDÊNCIAS; COMÉRCIO VAREJISTA || SISTEMA DE SEGURANÇA RESIDENCIAL NÃO ASSOCIADO A INSTALAÇÃO OU MANUTENÇÃO; COMÉRCIO VAREJISTA DE || SISTEMAS DE SEGURANÇA; COMÉRCIO VAREJISTA || TALHAS E FILTROS DE QUALQUER MATERIAL; COMÉRCIO VAREJISTA || TALHAS; COMÉRCIO VAREJISTA || TALHERES; COMÉRCIO VAREJISTA || TOLDOS; COMÉRCIO VAREJISTA || UTENSÍLIOS DOMÉSTICOS; COMÉRCIO VAREJISTA || UTENSÍLIOS PARA USO DOMÉSTICO; COMÉRCIO VAREJISTA || UTILIDADES DOMESTICAS EM GERAL; COMÉRCIO VAREJISTA || UTILIDADES DOMESTICAS; COMÉRCIO VAREJISTA || VASSOURAS; COMÉRCIO VAREJISTA","4711301|4711302|4712100|4713002|4713004|4713005|4721102|4721103|4721104|4722901|4722902|4723700|4724500|4729601|4729602|4729699|4731800|4732600|4741500|4742300|4743100|4744001|4744002|4744003|4744004|4744005|4744006|4744099|4751201|4751202|4752100|4753900|4754701|4754702|4754703|4755501|4755502|4755503|4756300|4757100|4759801|4761001|4761002|4761003|4762800|4763601|4763602|4763603|4763604|4763605|4771701|4771702|4771703|4771704|4772500|4773300|4774100|4781400|4782201|4782202|4783101|4783102|4784900|4785701|4785799|4789001|4789002|4789003|4789004|4789005|4789006|4789007|4789008|4789009|4789099","OK","","","nao-ratificado"
"4761-0/01","4761001","COMÉRCIO VAREJISTA DE LIVROS","Atende","Sim","Sim","I","I:De 4% até 19%","Não","G","COMÉRCIO; REPARAÇÃO DE VEÍCULOS AUTOMOTORES E MOTOCICLETAS","47","COMÉRCIO VAREJISTA","476","COMÉRCIO VAREJISTA DE ARTIGOS CULTURAIS, RECREATIVOS E ESPORTIVOS","47610","COMÉRCIO VAREJISTA DE LIVROS, JORNAIS, REVISTAS E PAPELARIA","o comércio varejista de livros, inclusive didáticos","o comércio varejista de livros usados (4785-7/99)","APOSTILAS; COMÉRCIO VAREJISTA || LIVRARIA; COMÉRCIO VAREJISTA || LIVROS VIRTUAIS (E-BOOKS); COMÉRCIO VAREJISTA DE || LIVROS; COMÉRCIO VAREJISTA","4711301|4711302|4712100|4713002|4713004|4713005|4721102|4721103|4721104|4722901|4722902|4723700|4724500|4729601|4729602|4729699|4731800|4732600|4741500|4742300|4743100|4744001|4744002|4744003|4744004|4744005|4744006|4744099|4751201|4751202|4752100|4753900|4754701|4754702|4754703|4755501|4755502|4755503|4756300|4757100|4759801|4759899|4761002|4761003|4762800|4763601|4763602|4763603|4763604|4763605|4771701|4771702|4771703|4771704|4772500|4773300|4774100|4781400|4782201|4782202|4783101|4783102|4784900|4785701|4785799|4789001|4789002|4789003|4789004|4789005|4789006|4789007|4789008|4789009|4789099","OK","","","nao-ratificado"
"4761-0/02","4761002","COMÉRCIO VAREJISTA DE JORNAIS E REVISTAS","Atende","Sim","Sim","I","I:De 4% até 19%","Não","G","COMÉRCIO; REPARAÇÃO DE VEÍCULOS AUTOMOTORES E MOTOCICLETAS","47","COMÉRCIO VAREJISTA","476","COMÉRCIO VAREJISTA DE ARTIGOS CULTURAIS, RECREATIVOS E ESPORTIVOS","47610","COMÉRCIO VAREJISTA DE LIVROS, JORNAIS, REVISTAS E PAPELARIA","o comércio varejista de revistas, jornais, periódicos e outros impressos || as bancas de jornais e revistas","o comércio varejista de livros (4761-0/01) || o comércio varejista de artigos de papelaria (4761-0/03)","BANCA DE JORNAIS; COMÉRCIO VAREJISTA || BANCA DE REVISTA; COMÉRCIO VAREJISTA || JORNAIS; COMÉRCIO VAREJISTA || JORNALEIRO || PERIÓDICOS; COMÉRCIO VAREJISTA || REVISTAS; COMÉRCIO VAREJISTA","4711301|4711302|4712100|4713002|4713004|4713005|4721102|4721103|4721104|4722901|4722902|4723700|4724500|4729601|4729602|4729699|4731800|4732600|4741500|4742300|4743100|4744001|4744002|4744003|4744004|4744005|4744006|4744099|4751201|4751202|4752100|4753900|4754701|4754702|4754703|4755501|4755502|4755503|4756300|4757100|4759801|4759899|4761001|4761003|4762800|4763601|4763602|4763603|4763604|4763605|4771701|4771702|4771703|4771704|4772500|4773300|4774100|4781400|4782201|4782202|4783101|4783102|4784900|4785701|4785799|4789001|4789002|4789003|4789004|4789005|4789006|4789007|4789008|4789009|4789099","OK","","","nao-ratificado"
"4761-0/03","4761003","COMÉRCIO VAREJISTA DE ARTIGOS DE PAPELARIA","Atende","Sim","Sim","I","I:De 4% até 19%","Não","G","COMÉRCIO; REPARAÇÃO DE VEÍCULOS AUTOMOTORES E MOTOCICLETAS","47","COMÉRCIO VAREJISTA","476","COMÉRCIO VAREJISTA DE ARTIGOS CULTURAIS, RECREATIVOS E ESPORTIVOS","47610","COMÉRCIO VAREJISTA DE LIVROS, JORNAIS, REVISTAS E PAPELARIA","o comércio varejista de artigos de papelaria e de escritório || o comércio varejista de embalagens de papel e papelão || o comércio varejista de grampeadores, perfuradores, rotuladores, e outros similares","o comércio varejista de jornais e revistas (4761-0/02) || o comércio varejista especializado de equipamentos e suprimentos de informática (4751-2/01)","ARTIGOS DE ESCRITÓRIO; COMÉRCIO VAREJISTA || ARTIGOS DE PAPELARIA; COMÉRCIO VAREJISTA || CADERNOS; COMÉRCIO VAREJISTA || CANETAS, LÁPIS, BORRACHAS; COMÉRCIO VAREJISTA || EMBALAGENS DE PAPEL E PAPELÃO; COMÉRCIO VAREJISTA || ETIQUETAS DE PAPEL, PLÁSTICO; COMÉRCIO VAREJISTA || GRAMPEADORES, ROTULADORES, PERFURADORES; COMÉRCIO VAREJISTA || MATERIAL DE EXPEDIENTE; COMÉRCIO VAREJISTA || MATERIAL ESCOLAR; COMÉRCIO VAREJISTA || MATERIAL PARA DESENHO; COMÉRCIO VAREJISTA || PAPELARIA; COMÉRCIO VAREJISTA","4711301|4711302|4712100|4713002|4713004|4713005|4721102|4721103|4721104|4722901|4722902|4723700|4724500|4729601|4729602|4729699|4731800|4732600|4741500|4742300|4743100|4744001|4744002|4744003|4744004|4744005|4744006|4744099|4751201|4751202|4752100|4753900|4754701|4754702|4754703|4755501|4755502|4755503|4756300|4757100|4759801|4759899|4761001|4761002|4762800|4763601|4763602|4763603|4763604|4763605|4771701|4771702|4771703|4771704|4772500|4773300|4774100|4781400|4782201|4782202|4783101|4783102|4784900|4785701|4785799|4789001|4789002|4789003|4789004|4789005|4789006|4789007|4789008|4789009|4789099","OK","","","nao-ratificado"
"4762-8/00","4762800","COMÉRCIO VAREJISTA DE DISCOS, CDS, DVDS E FITAS","Atende","Sim","Sim","I","I:De 4% até 19%","Não","G","COMÉRCIO; REPARAÇÃO DE VEÍCULOS AUTOMOTORES E MOTOCICLETAS","47","COMÉRCIO VAREJISTA","476","COMÉRCIO VAREJISTA DE ARTIGOS CULTURAIS, RECREATIVOS E ESPORTIVOS","47628","COMÉRCIO VAREJISTA DE DISCOS, CDS, DVDS E FITAS","o comércio varejista de discos, fitas de áudio, vídeos, CDs e DVDs - gravados ou não","o comércio varejista de eletrodomésticos (4753-9/00) || o comércio varejista de instrumentos musicais (4756-3/00)","CD, DVD; COMÉRCIO VAREJISTA || DISCOS DE BLU-RAY; COMÉRCIO VAREJISTA DE || DISCOS E FITAS; COMÉRCIO VAREJISTA || DISCOS; COMÉRCIO VAREJISTA || FITA MAGNÉTICA GRAVADA OU NÃO; COMÉRCIO VAREJISTA || FITAS DE ÁUDIO E DE VÍDEO, GRAVADAS OU NÃO; COMÉRCIO VAREJISTA","4711301|4711302|4712100|4713002|4713004|4713005|4721102|4721103|4721104|4722901|4722902|4723700|4724500|4729601|4729602|4729699|4731800|4732600|4741500|4742300|4743100|4744001|4744002|4744003|4744004|4744005|4744006|4744099|4751201|4751202|4752100|4753900|4754701|4754702|4754703|4755501|4755502|4755503|4756300|4757100|4759801|4759899|4761001|4761002|4761003|4763601|4763602|4763603|4763604|4763605|4771701|4771702|4771703|4771704|4772500|4773300|4774100|4781400|4782201|4782202|4783101|4783102|4784900|4785701|4785799|4789001|4789002|4789003|4789004|4789005|4789006|4789007|4789008|4789009|4789099","OK","","","nao-ratificado"
"4763-6/01","4763601","COMÉRCIO VAREJISTA DE BRINQUEDOS E ARTIGOS RECREATIVOS","Atende","Sim","Sim","I","I:De 4% até 19%","Não","G","COMÉRCIO; REPARAÇÃO DE VEÍCULOS AUTOMOTORES E MOTOCICLETAS","47","COMÉRCIO VAREJISTA","476","COMÉRCIO VAREJISTA DE ARTIGOS CULTURAIS, RECREATIVOS E ESPORTIVOS","47636","COMÉRCIO VAREJISTA DE ARTIGOS RECREATIVOS E ESPORTIVOS","o comércio varejista de brinquedos, jogos (eletrônicos ou não) e artigos recreativos, inclusive suas peças e acessórios","o comércio varejista de artigos esportivos (4763-6/02) || o comércio varejista de bicicletas e triciclos (4763-6/03) || o comércio varejista de artigos de caça, pesca e camping (4763-6/04)","ARTIGOS DE BRINQUEDOS; COMÉRCIO VAREJISTA || ARTIGOS RECREATIVOS; COMÉRCIO VAREJISTA || BRINQUEDOS ARTESANAIS; COMÉRCIO VAREJISTA || BRINQUEDOS DE QUALQUER MATERIAL; COMÉRCIO VAREJISTA || BRINQUEDOS, JOGOS ELETRÔNICOS OU NÃO, PEÇAS E ACESSÓRIOS PARA; COMÉRCIO VAREJISTA || CARRINHOS DE CONTROLE REMOTO (AUTOMODELOS); COMÉRCIO VAREJISTA DE || JOGOS RECREATIVOS; COMÉRCIO VAREJISTA || VÍDEO GAME, ELETRÔNICOS OU NÃO; COMÉRCIO VAREJISTA","4711301|4711302|4712100|4713002|4713004|4713005|4721102|4721103|4721104|4722901|4722902|4723700|4724500|4729601|4729602|4729699|4731800|4732600|4741500|4742300|4743100|4744001|4744002|4744003|4744004|4744005|4744006|4744099|4751201|4751202|4752100|4753900|4754701|4754702|4754703|4755501|4755502|4755503|4756300|4757100|4759801|4759899|4761001|4761002|4761003|4762800|4763602|4763603|4763604|4763605|4771701|4771702|4771703|4771704|4772500|4773300|4774100|4781400|4782201|4782202|4783101|4783102|4784900|4785701|4785799|4789001|4789002|4789003|4789004|4789005|4789006|4789007|4789008|4789009|4789099","OK","","","nao-ratificado"
"4763-6/02","4763602","COMÉRCIO VAREJISTA DE ARTIGOS ESPORTIVOS","Atende","Sim","Sim","I","I:De 4% até 19%","Não","G","COMÉRCIO; REPARAÇÃO DE VEÍCULOS AUTOMOTORES E MOTOCICLETAS","47","COMÉRCIO VAREJISTA","476","COMÉRCIO VAREJISTA DE ARTIGOS CULTURAIS, RECREATIVOS E ESPORTIVOS","47636","COMÉRCIO VAREJISTA DE ARTIGOS RECREATIVOS E ESPORTIVOS","o comércio varejista de artigos esportivos, tais como: || #- equipamentos e materiais esportivos || #- artigos do vestuário e acessórios especializados para a prática de esportes","o comércio varejista de artigos de caça, pesca e camping (4763-6/04) || o comércio varejista de bicicletas e triciclos (4763-6/03) || o comércio varejista de calçados esportivos (4782-2/01)","SKATE; COMÉRCIO VAREJISTA || ARTIGOS DESPORTIVOS; COMÉRCIO VAREJISTA || ARTIGOS ESPORTIVOS; COMÉRCIO VAREJISTA || ARTIGOS PARA EQUITAÇÃO; COMÉRCIO VAREJISTA || ARTIGOS PARA ESPORTE; COMÉRCIO VAREJISTA || ARTIGOS PARA GINÁSTICA; COMÉRCIO VAREJISTA || ARTIGOS PARA GOLFE; COMÉRCIO VAREJISTA || ARTIGOS PARA HÓQUEI; COMÉRCIO VAREJISTA || BOLAS PARA FUTEBOL, JOELHEIRAS, TORNOZELEIRAS E CANELEIRAS; COMÉRCIO VAREJISTA || EQUIPAMENTOS PARA CAÇA SUBMARINA; COMÉRCIO VAREJISTA || EQUIPAMENTOS PARA PRÁTICA DE ESPORTES DO TIPO AIRSOFT E PAINTBALL; COMÉRCIO VAREJISTA DE || ESQUIS E OUTROS EQUIPAMENTOS PARA ESQUIAR; COMÉRCIO VAREJISTA || LUVAS DE BOXE; COMÉRCIO VAREJISTA || MATERIAL PARA ESPORTE; COMÉRCIO VAREJISTA || PATINS; COMÉRCIO VAREJISTA || PRANCHAS DE SURF; COMÉRCIO VAREJISTA || RAQUETES E REDES ESPORTIVAS; COMÉRCIO VAREJISTA || ROUPAS PARA PRATICA DE ESPORTES; COMÉRCIO VAREJISTA","4711301|4711302|4712100|4713002|4713004|4713005|4721102|4721103|4721104|4722901|4722902|4723700|4724500|4729601|4729602|4729699|4731800|4732600|4741500|4742300|4743100|4744001|4744002|4744003|4744004|4744005|4744006|4744099|4751201|4751202|4752100|4753900|4754701|4754702|4754703|4755501|4755502|4755503|4756300|4757100|4759801|4759899|4761001|4761002|4761003|4762800|4763601|4763603|4763604|4763605|4771701|4771702|4771703|4771704|4772500|4773300|4774100|4781400|4782201|4782202|4783101|4783102|4784900|4785701|4785799|4789001|4789002|4789003|4789004|4789005|4789006|4789007|4789008|4789009|4789099","OK","","","nao-ratificado"
"4763-6/03","4763603","COMÉRCIO VAREJISTA DE BICICLETAS E TRICICLOS; PEÇAS E ACESSÓRIOS","Atende","Sim","Sim","I","I:De 4% até 19%","Não","G","COMÉRCIO; REPARAÇÃO DE VEÍCULOS AUTOMOTORES E MOTOCICLETAS","47","COMÉRCIO VAREJISTA","476","COMÉRCIO VAREJISTA DE ARTIGOS CULTURAIS, RECREATIVOS E ESPORTIVOS","47636","COMÉRCIO VAREJISTA DE ARTIGOS RECREATIVOS E ESPORTIVOS","o comércio varejista de bicicletas e triciclos || o comércio varejista de peças e acessórios de bicicletas e triciclos","o comércio varejista de brinquedos e artigos recreativos (4763-6/01)","BICICLETA ELÉTRICA; COMÉRCIO VAREJISTA || BICICLETA MOTORIZADA; COMÉRCIO VAREJISTA || BICICLETAS; COMÉRCIO VAREJISTA || PATINETES ELÉTRICOS; COMÉRCIO VAREJISTA DE || PEÇAS E ACESSÓRIOS PARA BICICLETAS E TRICICLOS; COMÉRCIO VAREJISTA || TRICICLOS; COMÉRCIO VAREJISTA","4711301|4711302|4712100|4713002|4713004|4713005|4721102|4721103|4721104|4722901|4722902|4723700|4724500|4729601|4729602|4729699|4731800|4732600|4741500|4742300|4743100|4744001|4744002|4744003|4744004|4744005|4744006|4744099|4751201|4751202|4752100|4753900|4754701|4754702|4754703|4755501|4755502|4755503|4756300|4757100|4759801|4759899|4761001|4761002|4761003|4762800|4763601|4763602|4763604|4763605|4771701|4771702|4771703|4771704|4772500|4773300|4774100|4781400|4782201|4782202|4783101|4783102|4784900|4785701|4785799|4789001|4789002|4789003|4789004|4789005|4789006|4789007|4789008|4789009|4789099","OK","","","nao-ratificado"
"4763-6/04","4763604","COMÉRCIO VAREJISTA DE ARTIGOS DE CAÇA, PESCA E CAMPING","Atende","Sim","Sim","I","I:De 4% até 19%","Não","G","COMÉRCIO; REPARAÇÃO DE VEÍCULOS AUTOMOTORES E MOTOCICLETAS","47","COMÉRCIO VAREJISTA","476","COMÉRCIO VAREJISTA DE ARTIGOS CULTURAIS, RECREATIVOS E ESPORTIVOS","47636","COMÉRCIO VAREJISTA DE ARTIGOS RECREATIVOS E ESPORTIVOS","o comércio varejista de artigos de caça, pesca e camping","o comércio varejista de armas e munições (4789-0/09)","ACAMPAMENTO, ARTIGOS MATERIAIS E EQUIPAMENTOS PARA; COMÉRCIO VAREJISTA || ARTIGOS DE CACA, PESCA, CAMPING; COMÉRCIO VAREJISTA || BARRACAS PARA CAMPING; COMÉRCIO VAREJISTA || LINHAS E MOLINETES PARA VARA DE PESCAR; COMÉRCIO VAREJISTA || MATERIAL PARA CACA, PESCA, CAMPING; COMÉRCIO VAREJISTA","4711301|4711302|4712100|4713002|4713004|4713005|4721102|4721103|4721104|4722901|4722902|4723700|4724500|4729601|4729602|4729699|4731800|4732600|4741500|4742300|4743100|4744001|4744002|4744003|4744004|4744005|4744006|4744099|4751201|4751202|4752100|4753900|4754701|4754702|4754703|4755501|4755502|4755503|4756300|4757100|4759801|4759899|4761001|4761002|4761003|4762800|4763601|4763602|4763603|4763605|4771701|4771702|4771703|4771704|4772500|4773300|4774100|4781400|4782201|4782202|4783101|4783102|4784900|4785701|4785799|4789001|4789002|4789003|4789004|4789005|4789006|4789007|4789008|4789009|4789099","OK","","","nao-ratificado"
"4763-6/05","4763605","COMÉRCIO VAREJISTA DE EMBARCAÇÕES E OUTROS VEÍCULOS RECREATIVOS; PEÇAS E ACESSÓRIOS","Atende","Sim","Não","I","I:De 4% até 19%","Não","G","COMÉRCIO; REPARAÇÃO DE VEÍCULOS AUTOMOTORES E MOTOCICLETAS","47","COMÉRCIO VAREJISTA","476","COMÉRCIO VAREJISTA DE ARTIGOS CULTURAIS, RECREATIVOS E ESPORTIVOS","47636","COMÉRCIO VAREJISTA DE ARTIGOS RECREATIVOS E ESPORTIVOS","o comércio varejista de embarcações para esporte e lazer || o comércio varejista de outros veículos para recreação e esportes recreativos - caiaques, asa deltas, ultraleves, kart, jet ski, veleiros, etc. || o comércio varejista de peças e acessórios referente a esta subclasse || o comércio varejista de motores para embarcações de esporte e lazer","o comércio varejista de artigos de caça, pesca e camping (4763-6/04) || o comércio varejista de bicicletas e triciclos (4763-6/03) || os representantes comerciais e agentes do comércio de embarcações (4614-1/00)","ACESSÓRIOS PARA VEÍCULOS RECREATIVOS; COMÉRCIO VAREJISTA || ASA DELTA, ULTRA-LEVES; COMÉRCIO VAREJISTA || CAIAQUES; COMÉRCIO VAREJISTA || EMBARCAÇÕES PARA ESPORTE E LAZER; COMÉRCIO VAREJISTA || JET SKI; COMÉRCIO VAREJISTA DE || KART; COMÉRCIO VAREJISTA || MOTORES MARÍTIMOS PARA EMBARCAÇÕES PARA ESPORTE E LAZER; COMÉRCIO VAREJISTA || PEÇAS E ACESSÓRIOS PARA BARCOS PARA ESPORTE E LAZER; COMÉRCIO VAREJISTA || PEÇAS E ACESSÓRIOS PARA EMBARCAÇÕES PARA ESPORTE E LAZER; COMÉRCIO VAREJISTA || PEÇAS E ACESSÓRIOS PARA MOTORES DE BARCOS PARA ESPORTE E LAZER; COMÉRCIO VAREJISTA || VELEIROS; COMÉRCIO VAREJISTA || VEÍCULOS RECREATIVOS; COMÉRCIO VAREJISTA","4711301|4711302|4712100|4713002|4713004|4713005|4721102|4721103|4721104|4722901|4722902|4723700|4724500|4729601|4729602|4729699|4731800|4732600|4741500|4742300|4743100|4744001|4744002|4744003|4744004|4744005|4744006|4744099|4751201|4751202|4752100|4753900|4754701|4754702|4754703|4755501|4755502|4755503|4756300|4757100|4759801|4759899|4761001|4761002|4761003|4762800|4763601|4763602|4763603|4763604|4771701|4771702|4771703|4771704|4772500|4773300|4774100|4781400|4782201|4782202|4783101|4783102|4784900|4785701|4785799|4789001|4789002|4789003|4789004|4789005|4789006|4789007|4789008|4789009|4789099","OK","","","nao-ratificado"
"4771-7/04","4771704","COMÉRCIO VAREJISTA DE MEDICAMENTOS VETERINÁRIOS","Atende","Sim","Não","I","I:De 4% até 19%","Não","G","COMÉRCIO; REPARAÇÃO DE VEÍCULOS AUTOMOTORES E MOTOCICLETAS","47","COMÉRCIO VAREJISTA","477","COMÉRCIO VAREJISTA DE PRODUTOS FARMACÊUTICOS, PERFUMARIA E COSMÉTICOS E ARTIGOS MÉDICOS, ÓPTICOS E ORTOPÉDICOS","47717","COMÉRCIO VAREJISTA DE PRODUTOS FARMACÊUTICOS PARA USO HUMANO E VETERINÁRIO","o comércio varejista de medicamentos para uso veterinário, inclusive vacinas","os medicamentos produzidos em unidades centrais de manipulação (21.21-1) || as atividades de drogarias (4771-7/01) || o comércio varejista de medicamentos homeopáticos (4771-7/03)","MEDICAMENTOS PARA ANIMAIS; COMÉRCIO VAREJISTA || MEDICAMENTOS VETERINÁRIOS; COMÉRCIO VAREJISTA || PRODUTOS FARMACÊUTICOS MANIPULADOS PARA USO VETERINÁRIO, COMÉRCIO VAREJISTA || PRODUTOS FARMACÊUTICOS PARA USO VETERINÁRIO; COMÉRCIO VAREJISTA || REMÉDIOS PARA ANIMAIS; COMÉRCIO VAREJISTA || REMÉDIOS VETERINÁRIOS; COMÉRCIO VAREJISTA","4711301|4711302|4712100|4713002|4713004|4713005|4721102|4721103|4721104|4722901|4722902|4723700|4724500|4729601|4729602|4729699|4731800|4732600|4741500|4742300|4743100|4744001|4744002|4744003|4744004|4744005|4744006|4744099|4751201|4751202|4752100|4753900|4754701|4754702|4754703|4755501|4755502|4755503|4756300|4757100|4759801|4759899|4761001|4761002|4761003|4762800|4763601|4763602|4763603|4763604|4763605|4771701|4771702|4771703|4772500|4773300|4774100|4781400|4782201|4782202|4783101|4783102|4784900|4785701|4785799|4789001|4789002|4789003|4789004|4789005|4789006|4789007|4789008|4789009|4789099","OK","","","nao-ratificado"
"4772-5/00","4772500","COMÉRCIO VAREJISTA DE COSMÉTICOS, PRODUTOS DE PERFUMARIA E DE HIGIENE PESSOAL","Atende","Sim","Sim","I","I:De 4% até 19%","Não","G","COMÉRCIO; REPARAÇÃO DE VEÍCULOS AUTOMOTORES E MOTOCICLETAS","47","COMÉRCIO VAREJISTA","477","COMÉRCIO VAREJISTA DE PRODUTOS FARMACÊUTICOS, PERFUMARIA E COSMÉTICOS E ARTIGOS MÉDICOS, ÓPTICOS E ORTOPÉDICOS","47725","COMÉRCIO VAREJISTA DE COSMÉTICOS, PRODUTOS DE PERFUMARIA E DE HIGIENE PESSOAL","o comércio varejista de cosméticos, produtos de perfumaria, de toucador e de higiene pessoal || o comércio varejista especializado em fraldas descartáveis e absorventes higiênicos","o comércio varejista de produtos farmacêuticos com manipulação de fórmula (4771-7/02)","MAQUIAGEM; COMÉRCIO VAREJISTA || ABSORVENTE HIGIÊNICO INTIMO; COMÉRCIO VAREJISTA || ARTIGOS DE HIGIENE PESSOAL; COMÉRCIO VAREJISTA || ARTIGOS DE PERFUMARIA; COMÉRCIO VAREJISTA || ARTIGOS DE TOUCADOR; COMÉRCIO VAREJISTA DE || BASES PARA UNHA E ROSTO; COMÉRCIO VAREJISTA || BATONS E BLUSH; COMÉRCIO VAREJISTA || BRONZEADORES E ACELERADORES DE BRONZEAMENTO; COMÉRCIO VAREJISTA || COSMÉTICOS; COMÉRCIO VAREJISTA || CREME DENTAL, PASTA DE DENTE, DENTIFRÍCIO; COMÉRCIO VAREJISTA || CREMES E LOÇÕES; COMÉRCIO VAREJISTA || ESMALTES PARA UNHAS; COMÉRCIO VAREJISTA || FRALDAS DESCARTÁVEIS; COMÉRCIO VAREJISTA || PERFUMARIA; COMÉRCIO VAREJISTA || PERFUMES, ESSÊNCIAS; COMÉRCIO VAREJISTA || PRESERVATIVOS (CAMISINHAS); COMÉRCIO VAREJISTA || PRODUTOS DE BELEZA E HIGIENE PESSOAL; COMÉRCIO VEREJISTA || PRODUTOS DE HIGIENE E PERFUMARIA PARA ANIMAIS; COMÉRCIO VAREJISTA || PRODUTOS DE HIGIENE E PERFUMARIA PARA USO VETERINÁRIO; COMÉRCIO VAREJISTA || PRODUTOS DE HIGIENE PESSOAL; COMÉRCIO VAREJISTA || PRODUTOS DE PERFUMARIA; COMÉRCIO VAREJISTA || ÁLCOOL EM GEL PARA USO EM HIGIENE PESSOAL; COMÉRCIO VAREJISTA DE","4711301|4711302|4712100|4713002|4713004|4713005|4721102|4721103|4721104|4722901|4722902|4723700|4724500|4729601|4729602|4729699|4731800|4732600|4741500|4742300|4743100|4744001|4744002|4744003|4744004|4744005|4744006|4744099|4751201|4751202|4752100|4753900|4754701|4754702|4754703|4755501|4755502|4755503|4756300|4757100|4759801|4759899|4761001|4761002|4761003|4762800|4763601|4763602|4763603|4763604|4763605|4771701|4771702|4771703|4771704|4773300|4774100|4781400|4782201|4782202|4783101|4783102|4784900|4785701|4785799|4789001|4789002|4789003|4789004|4789005|4789006|4789007|4789008|4789009|4789099","OK","","","nao-ratificado"
"4773-3/00","4773300","COMÉRCIO VAREJISTA DE ARTIGOS MÉDICOS E ORTOPÉDICOS","Atende","Sim","Sim","I","I:De 4% até 19%","Não","G","COMÉRCIO; REPARAÇÃO DE VEÍCULOS AUTOMOTORES E MOTOCICLETAS","47","COMÉRCIO VAREJISTA","477","COMÉRCIO VAREJISTA DE PRODUTOS FARMACÊUTICOS, PERFUMARIA E COSMÉTICOS E ARTIGOS MÉDICOS, ÓPTICOS E ORTOPÉDICOS","47733","COMÉRCIO VAREJISTA DE ARTIGOS MÉDICOS E ORTOPÉDICOS","o comércio varejista de artigos médicos e ortopédicos tais como: || #- muletas, cadeiras de rodas, aparelhos auditivos, termômetros, kits diagnósticos, nebulizadores, vaporizadores, aparelhos de pressão e outros similares","a fabricação de cadeiras de rodas, próteses e calçados (32.50-7)","ANDADOR; COMÉRCIO VAREJISTA || APARELHOS AUDITIVOS; COMÉRCIO VAREJISTA || APARELHOS DE PRESSÃO; COMÉRCIO VAREJISTA DE || APARELHOS ORTODÔNTICOS; COMÉRCIO VAREJISTA DE || APARELHOS ORTOPÉDICOS; COMÉRCIO VAREJISTA || APARELHOS PARA SURDEZ; COMÉRCIO VAREJISTA || ARTIGOS MÉDICOS E ORTOPÉDICOS; COMÉRCIO VAREJISTA || CADEIRA DE RODAS; COMÉRCIO VAREJISTA || CALÇADOS ORTOPÉDICOS PRONTOS; COMÉRCIO VAREJISTA || HEMOGLUCOTESTE, KIT DE; COMÉRCIO VAREJISTA || KITS DIAGNOSTICO DE GRAVIDEZ; COMÉRCIO VAREJISTA || KITS DIAGNOSTICO PARA EXAMES; COMÉRCIO VAREJISTA || KITS PARA EXAMES DE LABORATÓRIO; COMÉRCIO VAREJISTA || MASSAGEADOR; COMÉRCIO VAREJISTA || MULETAS; COMÉRCIO VAREJISTA || NEBULIZADOR; COMÉRCIO VAREJISTA || PRODUTOS ODONTOLÓGICOS E ORTODÔNTICOS; COMÉRCIO DE || PRÓTESES; COMÉRCIO VAREJISTA || TERMÔMETRO; COMÉRCIO VAREJISTA || TRAVESSEIROS E ENCOSTO ORTOPÉDICOS; COMÉRCIO VAREJISTA || VAPORIZADOR; COMÉRCIO VAREJISTA","4711301|4711302|4712100|4713002|4713004|4713005|4721102|4721103|4721104|4722901|4722902|4723700|4724500|4729601|4729602|4729699|4731800|4732600|4741500|4742300|4743100|4744001|4744002|4744003|4744004|4744005|4744006|4744099|4751201|4751202|4752100|4753900|4754701|4754702|4754703|4755501|4755502|4755503|4756300|4757100|4759801|4759899|4761001|4761002|4761003|4762800|4763601|4763602|4763603|4763604|4763605|4771701|4771702|4771703|4771704|4772500|4774100|4781400|4782201|4782202|4783101|4783102|4784900|4785701|4785799|4789001|4789002|4789003|4789004|4789005|4789006|4789007|4789008|4789009|4789099","OK","","","nao-ratificado"
"4774-1/00","4774100","COMÉRCIO VAREJISTA DE ARTIGOS DE ÓPTICA","Atende","Sim","Sim","I","I:De 4% até 19%","Não","G","COMÉRCIO; REPARAÇÃO DE VEÍCULOS AUTOMOTORES E MOTOCICLETAS","47","COMÉRCIO VAREJISTA","477","COMÉRCIO VAREJISTA DE PRODUTOS FARMACÊUTICOS, PERFUMARIA E COSMÉTICOS E ARTIGOS MÉDICOS, ÓPTICOS E ORTOPÉDICOS","47741","COMÉRCIO VAREJISTA DE ARTIGOS DE ÓPTICA","o comércio varejista de artigos de óptica","","ARMAÇÕES PARA ÓCULOS; COMÉRCIO VAREJISTA || ARTIGOS DE ÓPTICA (ÓTICA); COMÉRCIO VAREJISTA DE || LENTES DE CONTATO; COMÉRCIO VAREJISTA || LENTES PARA ÓCULOS; COMÉRCIO VAREJISTA || PRODUTOS DE LIMPEZA PARA ÓCULOS; COMÉRCIO VAREJISTA || ÓCULOS; COMÉRCIO VAREJISTA","4711301|4711302|4712100|4713002|4713004|4713005|4721102|4721103|4721104|4722901|4722902|4723700|4724500|4729601|4729602|4729699|4731800|4732600|4741500|4742300|4743100|4744001|4744002|4744003|4744004|4744005|4744006|4744099|4751201|4751202|4752100|4753900|4754701|4754702|4754703|4755501|4755502|4755503|4756300|4757100|4759801|4759899|4761001|4761002|4761003|4762800|4763601|4763602|4763603|4763604|4763605|4771701|4771702|4771703|4771704|4772500|4773300|4781400|4782201|4782202|4783101|4783102|4784900|4785701|4785799|4789001|4789002|4789003|4789004|4789005|4789006|4789007|4789008|4789009|4789099","OK","","","nao-ratificado"
"4781-4/00","4781400","COMÉRCIO VAREJISTA DE ARTIGOS DO VESTUÁRIO E ACESSÓRIOS","Atende","Sim","Sim","I","I:De 4% até 19%","Não","G","COMÉRCIO; REPARAÇÃO DE VEÍCULOS AUTOMOTORES E MOTOCICLETAS","47","COMÉRCIO VAREJISTA","478","COMÉRCIO VAREJISTA DE PRODUTOS NOVOS NÃO ESPECIFICADOS ANTERIORMENTE E DE PRODUTOS USADOS","47814","COMÉRCIO VAREJISTA DE ARTIGOS DO VESTUÁRIO E ACESSÓRIOS","o comércio varejista de artigos do vestuário novos de qualquer material, tais como: vestidos, blusas, calças, roupas íntimas, uniformes escolares e similares || o comércio varejista de acessórios e complementos do vestuário de qualquer material - gravatas, cintos, lenços, meias, sombrinha e guarda-chuvas, chapéus, luvas e similares","o comércio atacadista de roupas para segurança pessoal (4642-7/02) || o comércio varejista de roupas e artigos do vestuário usados (4785-7/99) || o comércio varejista de calçados (4782-2/01) || o comércio varejista de artigos de viagem: malas, bolsas, valises, etc. (4782-2/02) || o comércio varejista de perucas (4789-0/99) || o comércio varejista de artigos esportivos (4763-6/02)","ACESSÓRIOS DO VESTUÁRIO DE COURO DE ANIMAIS SILVESTRES OU EXÓTICOS; COMÉRCIO VAREJISTA DE || ACESSÓRIOS DO VESTUÁRIO; COMÉRCIO VAREJISTA || ARTIGOS DO VESTUÁRIO DE COURO DE ANIMAIS SILVESTRES OU EXÓTICOS; COMÉRCIO VAREJISTA DE || ARTIGOS DO VESTUÁRIO; COMÉRCIO VAREJISTA || BLUSAS E CAMISAS PARA CRIANÇAS, COMÉRCIO VAREJISTA || BONÉS; COMÉRCIO VAREJISTA DE || BOUTIQUE, BUTIQUE; COMÉRCIO VAREJISTA || CAMISARIA; COMÉRCIO VAREJISTA || CAPAS DE CHUVA; COMÉRCIO VAREJISTA || CHAPELARIA; COMÉRCIO VAREJISTA || CHAPÉU DE CHUVA, CHAPÉU DE SOL; COMÉRCIO VAREJISTA || CINTOS DE QUALQUER MATERIAL; COMÉRCIO VAREJISTA || COMPLEMENTOS DO VESTUÁRIO; COMÉRCIO VAREJISTA || CONFECÇÃO MASCULINA, FEMININA, INFANTIL; COMÉRCIO VAREJISTA || ENXOVAL; COMÉRCIO VAREJISTA || GRAVATAS; COMÉRCIO VAREJISTA || GUARDA-CHUVA; COMÉRCIO VAREJISTA || LINGERIE; COMÉRCIO VAREJISTA || LOJA DE ROUPAS; COMÉRCIO VAREJISTA || MEIAS DE QUALQUER TIPO; COMÉRCIO VAREJISTA || MODA MASCULINA, FEMININA, INFANTIL; COMÉRCIO VAREJISTA || PEÇAS DO VESTUÁRIO; COMÉRCIO VAREJISTA || ROUPA FEITA; COMÉRCIO VAREJISTA || ROUPA PRONTA; COMÉRCIO VAREJISTA || ROUPAS DE COURO; COMÉRCIO VAREJISTA || ROUPAS EM GERAL; COMÉRCIO VAREJISTA || ROUPAS INTIMAS; COMÉRCIO VAREJISTA || ROUPAS MASCULINAS, FEMININAS, INFANTIS; COMÉRCIO VAREJISTA || SOMBRINHA; COMÉRCIO VAREJISTA || UNIFORMES ESCOLARES; COMÉRCIO VAREJISTA || UNIFORMES MÉDICOS; COMÉRCIO VAREJISTA || VESTIDO DE NOIVA; COMÉRCIO VAREJISTA || VESTUÁRIO, ROUPAS PARA ANIMAIS; COMÉRCIO VAREJISTA DE || VESTUÁRIO; COMÉRCIO VAREJISTA","4711301|4711302|4712100|4713002|4713004|4713005|4721102|4721103|4721104|4722901|4722902|4723700|4724500|4729601|4729602|4729699|4731800|4732600|4741500|4742300|4743100|4744001|4744002|4744003|4744004|4744005|4744006|4744099|4751201|4751202|4752100|4753900|4754701|4754702|4754703|4755501|4755502|4755503|4756300|4757100|4759801|4759899|4761001|4761002|4761003|4762800|4763601|4763602|4763603|4763604|4763605|4771701|4771702|4771703|4771704|4772500|4773300|4774100|4782201|4782202|4783101|4783102|4784900|4785701|4785799|4789001|4789002|4789003|4789004|4789005|4789006|4789007|4789008|4789009|4789099","OK","","","nao-ratificado"
"4782-2/01","4782201","COMÉRCIO VAREJISTA DE CALÇADOS","Atende","Sim","Sim","I","I:De 4% até 19%","Não","G","COMÉRCIO; REPARAÇÃO DE VEÍCULOS AUTOMOTORES E MOTOCICLETAS","47","COMÉRCIO VAREJISTA","478","COMÉRCIO VAREJISTA DE PRODUTOS NOVOS NÃO ESPECIFICADOS ANTERIORMENTE E DE PRODUTOS USADOS","47822","COMÉRCIO VAREJISTA DE CALÇADOS E ARTIGOS DE VIAGEM","o comércio varejista de calçados de qualquer material","o comércio varejista de artigos de viagem: malas, bolsas, valises, etc. (4782-2/02)","CALÇADOS DE COURO DE ANIMAIS SILVESTRES OU EXÓTICOS; COMÉRCIO VAREJISTA DE || CALÇADOS DE COURO; COMÉRCIO VAREJISTA || CALÇADOS DE QUALQUER MATERIAL; COMÉRCIO VAREJISTA || CALÇADOS DESPORTIVOS; COMÉRCIO VAREJISTA || CALÇADOS EM GERAL; COMÉRCIO VAREJISTA || CHINELOS; COMÉRCIO VAREJISTA DE || LOJA DE SAPATOS; COMÉRCIO VAREJISTA || SANDÁLIAS; COMÉRCIO VAREJISTA || SAPATARIA; COMÉRCIO VAREJISTA || SAPATOS ESPORTIVOS; COMÉRCIO VAREJISTA || SAPATOS; COMÉRCIO VAREJISTA || SAPATÊNIS; COMÉRCIO VAREJISTA || TAMANCOS; COMÉRCIO VAREJISTA || TÊNIS; COMÉRCIO VAREJISTA","4711301|4711302|4712100|4713002|4713004|4713005|4721102|4721103|4721104|4722901|4722902|4723700|4724500|4729601|4729602|4729699|4731800|4732600|4741500|4742300|4743100|4744001|4744002|4744003|4744004|4744005|4744006|4744099|4751201|4751202|4752100|4753900|4754701|4754702|4754703|4755501|4755502|4755503|4756300|4757100|4759801|4759899|4761001|4761002|4761003|4762800|4763601|4763602|4763603|4763604|4763605|4771701|4771702|4771703|4771704|4772500|4773300|4774100|4781400|4782202|4783101|4783102|4784900|4785701|4785799|4789001|4789002|4789003|4789004|4789005|4789006|4789007|4789008|4789009|4789099","OK","","","nao-ratificado"
"4782-2/02","4782202","COMÉRCIO VAREJISTA DE ARTIGOS DE VIAGEM","Atende","Sim","Sim","I","I:De 4% até 19%","Não","G","COMÉRCIO; REPARAÇÃO DE VEÍCULOS AUTOMOTORES E MOTOCICLETAS","47","COMÉRCIO VAREJISTA","478","COMÉRCIO VAREJISTA DE PRODUTOS NOVOS NÃO ESPECIFICADOS ANTERIORMENTE E DE PRODUTOS USADOS","47822","COMÉRCIO VAREJISTA DE CALÇADOS E ARTIGOS DE VIAGEM","o comércio varejista de artigos de viagem de qualquer material (malas, bolsas, valises, etc.) || o comércio varejista de outros artigos de couro e de outros materiais para uso pessoal","o comércio varejista de roupas e acessórios do vestuário (4781-4/00)","ARTIGOS DE VIAGEM DE COURO DE ANIMAIS SILVESTRES OU EXÓTICOS; COMÉRCIO VAREJISTA DE || ARTIGOS DE VIAGEM DE COURO; COMÉRCIO VAREJISTA DE || ARTIGOS DE VIAGEM; COMÉRCIO VAREJISTA || BOLSAS E SACOLAS DE TECIDOS; COMÉRCIO VAREJISTA || BOLSAS, MOCHILAS, MALAS E VALISES DE COURO DE ANIMAIS SILVESTRES OU EXÓTICOS; COMÉRCIO VAREJISTA DE || BOLSAS, MOCHILAS, MALAS, VALISES; COMÉRCIO VAREJISTA DE || CARTEIRAS, PORTA-NÍQUEIS E PORTA-DOCUMENTOS DE COURO DE ANIMAIS SILVESTRES OU EXÓTICOS; COMÉRCIO VAREJISTA DE || CARTEIRAS, PORTA-NÍQUEIS, PORTA-DOCUMENTOS; COMÉRCIO VAREJISTA","4711301|4711302|4712100|4713002|4713004|4713005|4721102|4721103|4721104|4722901|4722902|4723700|4724500|4729601|4729602|4729699|4731800|4732600|4741500|4742300|4743100|4744001|4744002|4744003|4744004|4744005|4744006|4744099|4751201|4751202|4752100|4753900|4754701|4754702|4754703|4755501|4755502|4755503|4756300|4757100|4759801|4759899|4761001|4761002|4761003|4762800|4763601|4763602|4763603|4763604|4763605|4771701|4771702|4771703|4771704|4772500|4773300|4774100|4781400|4782201|4783101|4783102|4784900|4785701|4785799|4789001|4789002|4789003|4789004|4789005|4789006|4789007|4789008|4789009|4789099","OK","","","nao-ratificado"
"4783-1/02","4783102","COMÉRCIO VAREJISTA DE ARTIGOS DE RELOJOARIA","Atende","Sim","Sim","I","I:De 4% até 19%","Não","G","COMÉRCIO; REPARAÇÃO DE VEÍCULOS AUTOMOTORES E MOTOCICLETAS","47","COMÉRCIO VAREJISTA","478","COMÉRCIO VAREJISTA DE PRODUTOS NOVOS NÃO ESPECIFICADOS ANTERIORMENTE E DE PRODUTOS USADOS","47831","COMÉRCIO VAREJISTA DE JOIAS E RELÓGIOS","o comércio varejista de artigos de relojoaria, inclusive peças e partes","o comércio varejista de artigos de joalheria (4783-1/01)","ARTIGOS DE RELOJOARIA; COMÉRCIO VAREJISTA || PEÇAS E PARTES PARA RELÓGIOS; COMÉRCIO VAREJISTA || RELOJOARIA; COMÉRCIO VAREJISTA || RELÓGIOS; COMÉRCIO VAREJISTA","4711301|4711302|4712100|4713002|4713004|4713005|4721102|4721103|4721104|4722901|4722902|4723700|4724500|4729601|4729602|4729699|4731800|4732600|4741500|4742300|4743100|4744001|4744002|4744003|4744004|4744005|4744006|4744099|4751201|4751202|4752100|4753900|4754701|4754702|4754703|4755501|4755502|4755503|4756300|4757100|4759801|4759899|4761001|4761002|4761003|4762800|4763601|4763602|4763603|4763604|4763605|4771701|4771702|4771703|4771704|4772500|4773300|4774100|4781400|4782201|4782202|4783101|4784900|4785701|4785799|4789001|4789002|4789003|4789004|4789005|4789006|4789007|4789008|4789009|4789099","OK","","","nao-ratificado"
"4785-7/01","4785701","COMÉRCIO VAREJISTA DE ANTIGÜIDADES","Atende","Sim","Sim","I","I:De 4% até 19%","Não","G","COMÉRCIO; REPARAÇÃO DE VEÍCULOS AUTOMOTORES E MOTOCICLETAS","47","COMÉRCIO VAREJISTA","478","COMÉRCIO VAREJISTA DE PRODUTOS NOVOS NÃO ESPECIFICADOS ANTERIORMENTE E DE PRODUTOS USADOS","47857","COMÉRCIO VAREJISTA DE ARTIGOS USADOS","o comércio varejista de antigüidades: móveis, objetos de arte antigos, etc.","a restauração de obras de arte (9002-7/02) e de móveis (9529-1/05) || a venda de móveis de segunda mão (4785-7/99)","ANTIGÜIDADES; COMÉRCIO VAREJISTA || OBJETOS DE ARTES USADOS; COMÉRCIO VAREJISTA","4711301|4711302|4712100|4713002|4713004|4713005|4721102|4721103|4721104|4722901|4722902|4723700|4724500|4729601|4729602|4729699|4731800|4732600|4741500|4742300|4743100|4744001|4744002|4744003|4744004|4744005|4744006|4744099|4751201|4751202|4752100|4753900|4754701|4754702|4754703|4755501|4755502|4755503|4756300|4757100|4759801|4759899|4761001|4761002|4761003|4762800|4763601|4763602|4763603|4763604|4763605|4771701|4771702|4771703|4771704|4772500|4773300|4774100|4781400|4782201|4782202|4783101|4783102|4784900|4785799|4789001|4789002|4789003|4789004|4789005|4789006|4789007|4789008|4789009|4789099","OK","","","nao-ratificado"
"4785-7/99","4785799","COMÉRCIO VAREJISTA DE OUTROS ARTIGOS USADOS","Atende","Sim","Sim","I","I:De 4% até 19%","Não","G","COMÉRCIO; REPARAÇÃO DE VEÍCULOS AUTOMOTORES E MOTOCICLETAS","47","COMÉRCIO VAREJISTA","478","COMÉRCIO VAREJISTA DE PRODUTOS NOVOS NÃO ESPECIFICADOS ANTERIORMENTE E DE PRODUTOS USADOS","47857","COMÉRCIO VAREJISTA DE ARTIGOS USADOS","o comércio varejista de moedas de coleção - numismática || o comércio varejista de selos de coleção - filatelia || o comércio varejista de livros e revistas usados || outros artigos usados, tais como móveis, utensílios domésticos, eletrodomésticos, roupas e calçados, material de demolição, etc.","o comércio varejista e atacadista de veículos automotores usados, partes, peças e acessórios (divisão 45) || o comércio de móveis antigos em lojas de antigüidades (4785-7/01)","ARTIGOS USADOS; COMÉRCIO VAREJISTA || BIJUTERIAS USADAS; COMÉRCIO VAREJISTA || BOLSAS USADAS; COMÉRCIO VAREJISTA || BRECHÓ, LOJAS DE; COMÉRCIO VAREJISTA || CALÇADOS USADOS; COMÉRCIO VAREJISTA || CAMAS USADAS; COMÉRCIO VAREJISTA || ELETRODOMÉSTICOS USADOS; COMÉRCIO VAREJISTA || FILATELIA; COMÉRCIO VAREJISTA || FILATÉLICO; COMÉRCIO VAREJISTA || FOGÕES USADOS; COMÉRCIO VAREJISTA || GELADEIRAS USADAS; COMÉRCIO VAREJISTA || LIVROS USADOS; COMÉRCIO VAREJISTA || MATERIAL DE DEMOLIÇÃO; COMÉRCIO VAREJISTA || MOEDAS, SELOS, COLEÇÃO DE; COMÉRCIO VAREJISTA || MOEDAS; COMÉRCIO VAREJISTA || MOVEIS USADOS; COMÉRCIO VAREJISTA || NUMISMÁTICA; COMÉRCIO VAREJISTA || REFRIGERADORES USADOS; COMÉRCIO VAREJISTA || REVISTAS USADAS; COMÉRCIO VAREJISTA || ROUPAS USADAS; COMÉRCIO VAREJISTA || RÁDIOS USADOS; COMÉRCIO VAREJISTA || SACARIA USADA; COMÉRCIO VAREJISTA || SACOS DE ALGODÃO USADOS; COMÉRCIO VAREJISTA || SELO PARA COLEÇÃO; COMÉRCIO VAREJISTA || SELOS; COMÉRCIO VAREJISTA || SOFÁS, POLTRONAS USADAS; COMÉRCIO VAREJISTA || TELEVISORES USADOS; COMÉRCIO VAREJISTA || UTENSÍLIOS DOMÉSTICOS USADOS; COMÉRCIO VAREJISTA || VESTUÁRIO USADO; COMÉRCIO VAREJISTA","4711301|4711302|4712100|4713002|4713004|4713005|4721102|4721103|4721104|4722901|4722902|4723700|4724500|4729601|4729602|4729699|4731800|4732600|4741500|4742300|4743100|4744001|4744002|4744003|4744004|4744005|4744006|4744099|4751201|4751202|4752100|4753900|4754701|4754702|4754703|4755501|4755502|4755503|4756300|4757100|4759801|4759899|4761001|4761002|4761003|4762800|4763601|4763602|4763603|4763604|4763605|4771701|4771702|4771703|4771704|4772500|4773300|4774100|4781400|4782201|4782202|4783101|4783102|4784900|4785701|4789001|4789002|4789003|4789004|4789005|4789006|4789007|4789008|4789009|4789099","OK","","","nao-ratificado"
"4789-0/01","4789001","COMÉRCIO VAREJISTA DE SUVENIRES, BIJUTERIAS E ARTESANATOS","Atende","Sim","Sim","I","I:De 4% até 19%","Não","G","COMÉRCIO; REPARAÇÃO DE VEÍCULOS AUTOMOTORES E MOTOCICLETAS","47","COMÉRCIO VAREJISTA","478","COMÉRCIO VAREJISTA DE PRODUTOS NOVOS NÃO ESPECIFICADOS ANTERIORMENTE E DE PRODUTOS USADOS","47890","COMÉRCIO VAREJISTA DE OUTROS PRODUTOS NOVOS NÃO ESPECIFICADOS ANTERIORMENTE","o comércio varejista de artigos de suvenires || o comércio varejista de artigos de bijuterias || o comércio varejista de artigos de artesanatos","o comércio varejista de artigos de armarinho (4755-5/02)","ARTIGOS DE ARTESANATO; COMÉRCIO VAREJISTA || ARTIGOS DE BIJUTERIA; COMÉRCIO VAREJISTA || BIJUTERIA; COMÉRCIO VAREJISTA || BIJUTERIAS, CHAPEADOS; COMÉRCIO VAREJISTA || JOALHERIA CHAPEADA (ANÉIS, BRINCOS, ALIANÇAS, PULSEIRAS, COLARES, PIERCINGS, PINGENTES, GARGANTILHAS DE MATERIAIS DIVERSOS- EXCETO DE METAIS PRECIOSOS); COMÉRCIO VAREJISTA || PULSEIRA MAGNÉTICA; COMÉRCIO VAREJISTA DE || SEMIJÓIAS; COMÉRCIO VAREJISTA DE || SOUVENIRS; COMÉRCIO VAREJISTA || SUVENIRES; COMÉRCIO","4711301|4711302|4712100|4713002|4713004|4713005|4721102|4721103|4721104|4722901|4722902|4723700|4724500|4729601|4729602|4729699|4731800|4732600|4741500|4742300|4743100|4744001|4744002|4744003|4744004|4744005|4744006|4744099|4751201|4751202|4752100|4753900|4754701|4754702|4754703|4755501|4755502|4755503|4756300|4757100|4759801|4759899|4761001|4761002|4761003|4762800|4763601|4763602|4763603|4763604|4763605|4771701|4771702|4771703|4771704|4772500|4773300|4774100|4781400|4782201|4782202|4783101|4783102|4784900|4785701|4785799|4789002|4789003|4789004|4789005|4789006|4789007|4789008|4789009|4789099","OK","","","nao-ratificado"
"4789-0/02","4789002","COMÉRCIO VAREJISTA DE PLANTAS E FLORES NATURAIS","Atende","Sim","Sim","I","I:De 4% até 19%","Não","G","COMÉRCIO; REPARAÇÃO DE VEÍCULOS AUTOMOTORES E MOTOCICLETAS","47","COMÉRCIO VAREJISTA","478","COMÉRCIO VAREJISTA DE PRODUTOS NOVOS NÃO ESPECIFICADOS ANTERIORMENTE E DE PRODUTOS USADOS","47890","COMÉRCIO VAREJISTA DE OUTROS PRODUTOS NOVOS NÃO ESPECIFICADOS ANTERIORMENTE","o comércio varejista de plantas, flores e frutos naturais para ornamentação || o comércio varejista de vasos e adubos para plantas || o comércio varejista de sementes e mudas para jardinagem","o comércio varejista de plantas, flores e frutos artificiais para ornamentação (4789-0/99) || o comércio atacadista de sementes para lavoura (4623-1/06)","ADUBOS; COMÉRCIO VAREJISTA || CANTONEIRAS PARA PLANTAS; COMÉRCIO VAREJISTA || FLORES NATURAIS; COMÉRCIO VAREJISTA || FLORICULTURA || FLORISTA; COMÉRCIO VAREJISTA || FRUTOS ORNAMENTAIS NATURAIS; COMÉRCIO VAREJISTA || HUMO (HUMOS) PARA PLANTAS; COMÉRCIO VAREJISTA DE || PLANTAS E FLORES NATURAIS; COMÉRCIO VAREJISTA || PLANTAS; COMÉRCIO VAREJISTA || SEMENTES E MUDAS; COMÉRCIO VAREJISTA || VASOS PARA PLANTAS; COMÉRCIO VAREJISTA","4711301|4711302|4712100|4713002|4713004|4713005|4721102|4721103|4721104|4722901|4722902|4723700|4724500|4729601|4729602|4729699|4731800|4732600|4741500|4742300|4743100|4744001|4744002|4744003|4744004|4744005|4744006|4744099|4751201|4751202|4752100|4753900|4754701|4754702|4754703|4755501|4755502|4755503|4756300|4757100|4759801|4759899|4761001|4761002|4761003|4762800|4763601|4763602|4763603|4763604|4763605|4771701|4771702|4771703|4771704|4772500|4773300|4774100|4781400|4782201|4782202|4783101|4783102|4784900|4785701|4785799|4789001|4789003|4789004|4789005|4789006|4789007|4789008|4789009|4789099","OK","","","nao-ratificado"
"4789-0/03","4789003","COMÉRCIO VAREJISTA DE OBJETOS DE ARTE","Atende","Sim","Sim","I","I:De 4% até 19%","Não","G","COMÉRCIO; REPARAÇÃO DE VEÍCULOS AUTOMOTORES E MOTOCICLETAS","47","COMÉRCIO VAREJISTA","478","COMÉRCIO VAREJISTA DE PRODUTOS NOVOS NÃO ESPECIFICADOS ANTERIORMENTE E DE PRODUTOS USADOS","47890","COMÉRCIO VAREJISTA DE OUTROS PRODUTOS NOVOS NÃO ESPECIFICADOS ANTERIORMENTE","o comércio varejista de objetos de arte || as galerias de arte","o comércio varejista de antigüidades (4785-7/01)","GALERIAS DE ARTE; COMÉRCIO VAREJISTA || OBJETOS DE ARTE NOVOS; COMÉRCIO VAREJISTA","4711301|4711302|4712100|4713002|4713004|4713005|4721102|4721103|4721104|4722901|4722902|4723700|4724500|4729601|4729602|4729699|4731800|4732600|4741500|4742300|4743100|4744001|4744002|4744003|4744004|4744005|4744006|4744099|4751201|4751202|4752100|4753900|4754701|4754702|4754703|4755501|4755502|4755503|4756300|4757100|4759801|4759899|4761001|4761002|4761003|4762800|4763601|4763602|4763603|4763604|4763605|4771701|4771702|4771703|4771704|4772500|4773300|4774100|4781400|4782201|4782202|4783101|4783102|4784900|4785701|4785799|4789001|4789002|4789004|4789005|4789006|4789007|4789008|4789009|4789099","OK","","","nao-ratificado"
"4789-0/05","4789005","COMÉRCIO VAREJISTA DE PRODUTOS SANEANTES DOMISSANITÁRIOS","Atende","Sim","Sim","I","I:De 4% até 19%","Não","G","COMÉRCIO; REPARAÇÃO DE VEÍCULOS AUTOMOTORES E MOTOCICLETAS","47","COMÉRCIO VAREJISTA","478","COMÉRCIO VAREJISTA DE PRODUTOS NOVOS NÃO ESPECIFICADOS ANTERIORMENTE E DE PRODUTOS USADOS","47890","COMÉRCIO VAREJISTA DE OUTROS PRODUTOS NOVOS NÃO ESPECIFICADOS ANTERIORMENTE","o comércio varejista de saneantes - domissanitários: || #- detergentes, alvejantes e desinfetantes || #- esterelizantes || #- algicidas e fungicidas para piscinas || #- inseticidas, raticidas e repelentes || #- produtos químicos para jardinagem amadora || #- desodorizantes || #- produtos biológicos para tratamento de sistemas sépticos || o comércio varejista de produtos de limpeza para veículos automotores","","ALGICIDAS E FUNGICIDAS PARA PISCINAS; COMÉRCIO VAREJISTA || AROMATIZANTES DE AMBIENTE; COMÉRCIO VAREJISTA DE || ARTIGOS DE LIMPEZA DOMESTICA; COMÉRCIO VAREJISTA || CLORO PARA PISCINAS; COMÉRCIO VAREJISTA || CRESOIS PARA USO DESINFETANTE; COMÉRCIO VAREJISTA || DESINFETANTES; COMÉRCIO VAREJISTA || DESODORIZANTES; COMÉRCIO VAREJISTA || DETERGENTES, SABÕES E ALVEJANTES; COMÉRCIO VAREJISTA || ESTERILIZANTES; COMÉRCIO VAREJISTA || FORMICIDAS, FUNGICIDAS E INSETICIDAS BIOLÓGICO PARA USO DOMÉSTICO; COMÉRCIO VAREJISTA || INSETICIDAS; COMÉRCIO VAREJISTA || PRODUTOS BIOLÓGICOS PARA TRATAMENTO DE SISTEMAS SÉPTICOS; COMÉRCIO VAREJISTA || PRODUTOS DE LIMPEZA DOMESTICA; COMÉRCIO VAREJISTA || PRODUTOS DE LIMPEZA PARA VEÍCULOS, AUTOMÓVEIS; COMÉRCIO VAREJISTA || PRODUTOS QUÍMICOS PARA PISCINAS; COMÉRCIO VAREJISTA || RATICIDAS E REPELENTES; COMÉRCIO VAREJISTA || RATICIDAS; COMÉRCIO VAREJISTA || REPELENTES; COMÉRCIO VAREJISTA || SANEANTE DOMISSANITÁRIO; COMÉRCIO VAREJISTA || SAPÓLEO E SAPONÁCEO; COMÉRCIO VAREJISTA","4711301|4711302|4712100|4713002|4713004|4713005|4721102|4721103|4721104|4722901|4722902|4723700|4724500|4729601|4729602|4729699|4731800|4732600|4741500|4742300|4743100|4744001|4744002|4744003|4744004|4744005|4744006|4744099|4751201|4751202|4752100|4753900|4754701|4754702|4754703|4755501|4755502|4755503|4756300|4757100|4759801|4759899|4761001|4761002|4761003|4762800|4763601|4763602|4763603|4763604|4763605|4771701|4771702|4771703|4771704|4772500|4773300|4774100|4781400|4782201|4782202|4783101|4783102|4784900|4785701|4785799|4789001|4789002|4789003|4789004|4789006|4789007|4789008|4789009|4789099","OK","","","nao-ratificado"
"4789-0/06","4789006","COMÉRCIO VAREJISTA DE FOGOS DE ARTIFÍCIO E ARTIGOS PIROTÉCNICOS","Atende","Sim","Não","I","I:De 4% até 19%","Não","G","COMÉRCIO; REPARAÇÃO DE VEÍCULOS AUTOMOTORES E MOTOCICLETAS","47","COMÉRCIO VAREJISTA","478","COMÉRCIO VAREJISTA DE PRODUTOS NOVOS NÃO ESPECIFICADOS ANTERIORMENTE E DE PRODUTOS USADOS","47890","COMÉRCIO VAREJISTA DE OUTROS PRODUTOS NOVOS NÃO ESPECIFICADOS ANTERIORMENTE","o comércio varejista de fogos de artifício, artigos pirotécnicos e similares","","FOGOS DE ARTIFÍCIOS E ARTIGOS PIROTÉCNICOS; COMÉRCIO VAREJISTA","4711301|4711302|4712100|4713002|4713004|4713005|4721102|4721103|4721104|4722901|4722902|4723700|4724500|4729601|4729602|4729699|4731800|4732600|4741500|4742300|4743100|4744001|4744002|4744003|4744004|4744005|4744006|4744099|4751201|4751202|4752100|4753900|4754701|4754702|4754703|4755501|4755502|4755503|4756300|4757100|4759801|4759899|4761001|4761002|4761003|4762800|4763601|4763602|4763603|4763604|4763605|4771701|4771702|4771703|4771704|4772500|4773300|4774100|4781400|4782201|4782202|4783101|4783102|4784900|4785701|4785799|4789001|4789002|4789003|4789004|4789005|4789007|4789008|4789009|4789099","OK","","","nao-ratificado"
"4789-0/07","4789007","COMÉRCIO VAREJISTA DE EQUIPAMENTOS PARA ESCRITÓRIO","Atende","Sim","Sim","I","I:De 4% até 19%","Não","G","COMÉRCIO; REPARAÇÃO DE VEÍCULOS AUTOMOTORES E MOTOCICLETAS","47","COMÉRCIO VAREJISTA","478","COMÉRCIO VAREJISTA DE PRODUTOS NOVOS NÃO ESPECIFICADOS ANTERIORMENTE E DE PRODUTOS USADOS","47890","COMÉRCIO VAREJISTA DE OUTROS PRODUTOS NOVOS NÃO ESPECIFICADOS ANTERIORMENTE","o comércio varejista máquinas de calcular, escrever e similares","o comércio varejista móveis para escritório (4754-7/01) || o comércio varejista de artigos de papelaria e de escritório - grampeadores, perfuradores rotuladores, cortadores de papel, clips, etc. (4761-0/03)","CALCULADORAS; COMÉRCIO VAREJISTA || MÁQUINAS DE CALCULAR; COMÉRCIO VAREJISTA || MÁQUINAS DE ESCREVER; COMÉRCIO VAREJISTA || MÁQUINAS PARA ESCRITÓRIO; COMÉRCIO VAREJISTA || PEÇAS E ACESSÓRIOS PARA MÁQUINAS DE ESCREVER, CALCULAR; COMÉRCIO VAREJISTA","4711301|4711302|4712100|4713002|4713004|4713005|4721102|4721103|4721104|4722901|4722902|4723700|4724500|4729601|4729602|4729699|4731800|4732600|4741500|4742300|4743100|4744001|4744002|4744003|4744004|4744005|4744006|4744099|4751201|4751202|4752100|4753900|4754701|4754702|4754703|4755501|4755502|4755503|4756300|4757100|4759801|4759899|4761001|4761002|4761003|4762800|4763601|4763602|4763603|4763604|4763605|4771701|4771702|4771703|4771704|4772500|4773300|4774100|4781400|4782201|4782202|4783101|4783102|4784900|4785701|4785799|4789001|4789002|4789003|4789004|4789005|4789006|4789008|4789009|4789099","OK","","","nao-ratificado"
"4789-0/08","4789008","COMÉRCIO VAREJISTA DE ARTIGOS FOTOGRÁFICOS E PARA FILMAGEM","Atende","Sim","Sim","I","I:De 4% até 19%","Não","G","COMÉRCIO; REPARAÇÃO DE VEÍCULOS AUTOMOTORES E MOTOCICLETAS","47","COMÉRCIO VAREJISTA","478","COMÉRCIO VAREJISTA DE PRODUTOS NOVOS NÃO ESPECIFICADOS ANTERIORMENTE E DE PRODUTOS USADOS","47890","COMÉRCIO VAREJISTA DE OUTROS PRODUTOS NOVOS NÃO ESPECIFICADOS ANTERIORMENTE","o comércio varejista de artigos fotográficos e para filmagens - filmes para foto e cine","o comércio varejista de câmeras filmadoras, fotográficas e similares (4753-9/00)","ARTIGOS FOTOGRÁFICOS E CINEMATOGRÁFICOS; COMÉRCIO VAREJISTA || FILMES FOTOGRÁFICOS; COMÉRCIO VAREJISTA || MATERIAIS, ARTIGOS FOTOGRÁFICOS; COMÉRCIO VAREJISTA","4711301|4711302|4712100|4713002|4713004|4713005|4721102|4721103|4721104|4722901|4722902|4723700|4724500|4729601|4729602|4729699|4731800|4732600|4741500|4742300|4743100|4744001|4744002|4744003|4744004|4744005|4744006|4744099|4751201|4751202|4752100|4753900|4754701|4754702|4754703|4755501|4755502|4755503|4756300|4757100|4759801|4759899|4761001|4761002|4761003|4762800|4763601|4763602|4763603|4763604|4763605|4771701|4771702|4771703|4771704|4772500|4773300|4774100|4781400|4782201|4782202|4783101|4783102|4784900|4785701|4785799|4789001|4789002|4789003|4789004|4789005|4789006|4789007|4789009|4789099","OK","","","nao-ratificado"
"4789-0/09","4789009","COMÉRCIO VAREJISTA DE ARMAS E MUNIÇÕES","Atende","Sim","Não","I","I:De 4% até 19%","Não","G","COMÉRCIO; REPARAÇÃO DE VEÍCULOS AUTOMOTORES E MOTOCICLETAS","47","COMÉRCIO VAREJISTA","478","COMÉRCIO VAREJISTA DE PRODUTOS NOVOS NÃO ESPECIFICADOS ANTERIORMENTE E DE PRODUTOS USADOS","47890","COMÉRCIO VAREJISTA DE OUTROS PRODUTOS NOVOS NÃO ESPECIFICADOS ANTERIORMENTE","o comércio varejista de armas e munições || o comércio varejista de peças e acessórios referente a esta subclasse","","ARMAS DE USO PESSOAL; COMÉRCIO VAREJISTA || ARMAS E MUNIÇÕES; COMÉRCIO VAREJISTA || ARMAS, PEÇAS E ACESSÓRIOS; COMÉRCIO VAREJISTA","4711301|4711302|4712100|4713002|4713004|4713005|4721102|4721103|4721104|4722901|4722902|4723700|4724500|4729601|4729602|4729699|4731800|4732600|4741500|4742300|4743100|4744001|4744002|4744003|4744004|4744005|4744006|4744099|4751201|4751202|4752100|4753900|4754701|4754702|4754703|4755501|4755502|4755503|4756300|4757100|4759801|4759899|4761001|4761002|4761003|4762800|4763601|4763602|4763603|4763604|4763605|4771701|4771702|4771703|4771704|4772500|4773300|4774100|4781400|4782201|4782202|4783101|4783102|4784900|4785701|4785799|4789001|4789002|4789003|4789004|4789005|4789006|4789007|4789008|4789099","OK","","","nao-ratificado"
"4789-0/99","4789099","COMÉRCIO VAREJISTA DE OUTROS PRODUTOS NÃO ESPECIFICADOS ANTERIORMENTE","Atende","Sim","Sim","I","I:De 4% até 19%","Não","G","COMÉRCIO; REPARAÇÃO DE VEÍCULOS AUTOMOTORES E MOTOCICLETAS","47","COMÉRCIO VAREJISTA","478","COMÉRCIO VAREJISTA DE PRODUTOS NOVOS NÃO ESPECIFICADOS ANTERIORMENTE E DE PRODUTOS USADOS","47890","COMÉRCIO VAREJISTA DE OUTROS PRODUTOS NOVOS NÃO ESPECIFICADOS ANTERIORMENTE","o comércio varejista especializado na revenda de artigos não especificados nas classes anteriores, tais como: || #- artigos religiosos e de culto || #- artigos eróticos (sex shop) || #- artigos funerários || #- artigos para festas || #- plantas, flores e frutos artificiais para ornamentação || #- perucas || #- artigos para bebê || #- rede de dormir || #- carvão e lenha || #- extintores, exceto para veículos || #- cartões telefônicos || #- molduras e quadros || #- cargas e preparados para incêndio || #- quinquilharias para uso agrícola","o comércio varejista de produtos da flora medicinal (4771-7/03) || o comércio varejista de produtos saneantes domissanitários (4789-0/05) || o comércio varejista de extintores de incêndio para veículos automotores (45.30-7) || o comércio varejista de embalagens de papel e papelão (4761-0/03)","ADORNOS DE NATAL; COMÉRCIO VAREJISTA || ARTIGOS DE UMBANDA; COMÉRCIO VAREJISTA || ARTIGOS ERÓTICOS (SEX SHOP); COMÉRCIO VAREJISTA DE || ARTIGOS FUNERÁRIOS, CAIXÃO, URNA; COMÉRCIO VAREJISTA || ARTIGOS FUNERÁRIOS; COMÉRCIO VAREJISTA || ARTIGOS PARA DECORAÇÃO DE FESTAS; COMÉRCIO VAREJISTA || ARTIGOS RELIGIOSOS E DE CULTO; COMÉRCIO VAREJISTA || ARVORES DE NATAL; COMÉRCIO VAREJISTA || BALÕES E BEXIGAS PARA FESTA; COMÉRCIO VAREJISTA || CAIXÕES MORTUÁRIOS, INCLUSIVE URNAS; COMÉRCIO VAREJISTA || CARGAS E PREPARADOS PARA INCÊNDIO; COMÉRCIO VAREJISTA || CARRINHOS PARA BEBE; COMÉRCIO VAREJISTA || CARTÃO TELEFÔNICO; COMÉRCIO VAREJISTA || CARVÃO PARA NARGUILE, ARGUILE; COMÉRCIO VAREJISTA DE || CARVÃO; COMÉRCIO VAREJISTA || EMBALAGENS EM GERAL (EXCETO DE PAPEL E PAPELÃO); COMÉRCIO VAREJISTA || ENFEITES, DECORAÇÃO DE NATAL; COMÉRCIO VAREJISTA || ESCOVAS; COMÉRCIO VAREJISTA || ESOTÉRICOS ARTIGOS; COMÉRCIO VAREJISTA || ESPANADORES; COMÉRCIO VAREJISTA || EXTINTORES DE INCÊNDIO (EXCETO AUTOMÓVEIS); COMÉRCIO VAREJISTA || FANTASIAS; COMÉRCIO VAREJISTA || FRUTOS ARTIFICIAIS PARA ORNAMENTAÇÃO; COMÉRCIO VAREJISTA || LANTERNAS; COMÉRCIO VAREJISTA || LENHA; COMÉRCIO VAREJISTA || MOLDURAS DE QUADRO; COMÉRCIO VAREJISTA || MOLDURAS E QUADROS; COMÉRCIO VAREJISTA || PERUCAS; COMÉRCIO VAREJISTA || PLACAS E PLAQUETAS PARA VEÍCULOS; COMÉRCIO VAREJISTA || PLANTAS E FLORES ARTIFICIAIS; COMÉRCIO VAREJISTA || REDES DE DORMIR DOMESTICAS; COMÉRCIO VAREJISTA || RETROPROJETORES; COMÉRCIO VAREJISTA || SACOS DE LIXO; COMÉRCIO VAREJISTA || SACOS PLÁSTICOS; COMÉRCIO VAREJISTA DE || VELAS (CERA) PARA ILUMINAÇÃO; COMÉRCIO VAREJISTA || VELAS DECORATIVAS E PARA CULTOS; COMÉRCIO VAREJISTA","4711301|4711302|4712100|4713002|4713004|4713005|4721102|4721103|4721104|4722901|4722902|4723700|4724500|4729601|4729602|4729699|4731800|4732600|4741500|4742300|4743100|4744001|4744002|4744003|4744004|4744005|4744006|4744099|4751201|4751202|4752100|4753900|4754701|4754702|4754703|4755501|4755502|4755503|4756300|4757100|4759801|4759899|4761001|4761002|4761003|4762800|4763601|4763602|4763603|4763604|4763605|4771701|4771702|4771703|4771704|4772500|4773300|4774100|4781400|4782201|4782202|4783101|4783102|4784900|4785701|4785799|4789001|4789002|4789003|4789004|4789005|4789006|4789007|4789008|4789009","OK","","","nao-ratificado"
"5211-7/02","5211702","GUARDA MÓVEIS","Atende","Sim","Sim","III","III:De 6% até 33%","Não","H","TRANSPORTE, ARMAZENAGEM E CORREIO","52","ARMAZENAMENTO E ATIVIDADES AUXILIARES DOS TRANSPORTES","521","ARMAZENAMENTO, CARGA E DESCARGA","52117","ARMAZENAMENTO","o serviço de guarda-móveis, guarda de documentos e arquivos, não associados ao transporte de mudanças","o serviço de guarda-móveis quando integrado a empresas de transporte de mudanças (4930-2/04)","DEPOSITO DE MOVEIS NÃO ASSOCIADO AO TRANSPORTE DE MUDANÇAS; SERVIÇOS DE || GUARDA DE DOCUMENTOS E ARQUIVOS NÃO ASSOCIADO AO TRANSPORTE DE MUDANÇAS; SERVIÇOS DE || GUARDA MÓVEIS NÃO ASSOCIADO AO TRANSPORTE DE MUDANÇAS; SERVIÇOS DE || GUARDA-MÓVEIS; SERVIÇOS DE","5211701|5211799|5212500|5221400|5222200|5223100|5229001|5229002|5229099|5231101|5231102|5231103|5232000|5239701|5239799|5240101|5240199|5250801|5250802|5250803|5250804|5250805","OK","","","nao-ratificado"
"5320-2/01","5320201","SERVIÇOS DE MALOTE NÃO REALIZADOS PELO CORREIO NACIONAL","Atende","Sim","Sim","III","III:De 6% até 33%","Não","H","TRANSPORTE, ARMAZENAGEM E CORREIO","53","CORREIO E OUTRAS ATIVIDADES DE ENTREGA","532","ATIVIDADES DE MALOTE E DE ENTREGA","53202","ATIVIDADES DE MALOTE E DE ENTREGA","as atividades de courrier envolvendo a coleta, o transporte e entrega de documentos, cartas e volumes. O transporte pode ser realizado em um ou mais meios de transporte, próprios ou de empresas de transporte || os serviços de malotes","","COLETA, TRANSPORTE E ENTREGA DE DOCUMENTOS POR TERCEIROS; SERVIÇOS DE || COLETA, TRANSPORTE E ENTREGA DE VOLUMES POR TERCEIROS; SERVIÇOS DE || COURRIER; SERVIÇOS DE || ENTREGA DE CARTAS, CONVITES E SIMILARES POR TERCEIROS; SERVIÇOS DE || ENTREGA EXPRESSA DE DOCUMENTOS POR TERCEIROS; SERVIÇOS DE || ENTREGA RÁPIDA DE DOCUMENTOS E MALOTES, POR TERCEIROS; SERVIÇOS DE || MOTOBOY; SERVIÇOS DE COLETA, DISTRIBUIÇÃO E ENTREGA DE CORRESPONDÊNCIA E VOLUMES","5310501|5310502|5320202","OK","","","nao-ratificado"
"5320-2/02","5320202","SERVIÇOS DE ENTREGA RÁPIDA","Atende","Sim","Sim","III","III:De 6% até 33%","Não","H","TRANSPORTE, ARMAZENAGEM E CORREIO","53","CORREIO E OUTRAS ATIVIDADES DE ENTREGA","532","ATIVIDADES DE MALOTE E DE ENTREGA","53202","ATIVIDADES DE MALOTE E DE ENTREGA","os serviços de entrega de mercadorias do comércio varejista e de serviços de alimentação no endereço do cliente || os serviços de entrega de encomendas por moto boy || as atividades de entrega de jornais e revistas em domicílio sob contrato","os serviços de entrega de malotes não realizados pelo Correio Nacional (seção H)","COLETA DE ENCOMENDAS; SERVIÇOS DE || DISTRIBUIÇÃO DE JORNAIS EM DOMICÍLIOS; SERVIÇOS DE || ENTREGA DE JORNAIS E REVISTAS EM DOMICÍLIO SOB CONTRATO; SERVIÇOS DE || ENTREGA DE MEDICAMENTOS; SERVIÇOS DE || ENTREGA DE REFEIÇÕES, ALIMENTOS PARA RESTAURANTES; SERVIÇOS DE || ENTREGA RÁPIDA DE ENCOMENDAS POR MOTO BOY; SERVIÇOS DE || JORNAIS, REVISTAS, CATÁLOGOS E OUTRAS PUBLICAÇÕES, ENTREGA EM DOMICILIO DE","5310501|5310502|5320201","OK","","","nao-ratificado"
"5510-8/01","5510801","HOTÉIS","Atende","Sim","Não","III","III:De 6% até 33%","Não","I","ALOJAMENTO E ALIMENTAÇÃO","55","ALOJAMENTO","551","HOTÉIS E SIMILARES","55108","HOTÉIS E SIMILARES","as atividades dos hotéis e pousadas combinadas ou não com o serviço de alimentação","a venda de títulos, com direito a uso por tempo determinado de hotéis – time sharing (7990-2/00)","ADMINISTRAÇÃO DE HOTÉIS || HOTEL || HOTEL COM OU SEM SERVIÇO DE RESTAURANTE || HOTEL FAZENDA || POUSADA || POUSADAS COM OU SEM SERVIÇO DE ALIMENTAÇÃO || SPA COM SERVIÇO DE ALOJAMENTO; SERVIÇOS DE","5510802|5510803|5590601|5590602|5590603|5590699","OK","","","nao-ratificado"
"5510-8/02","5510802","APART HOTÉIS","Atende","Sim","Não","III","III:De 6% até 33%","Não","I","ALOJAMENTO E ALIMENTAÇÃO","55","ALOJAMENTO","551","HOTÉIS E SIMILARES","55108","HOTÉIS E SIMILARES","as atividades dos apart-hotéis usados como hotéis","","APART-HOTEL (USADO COMO HOTEL)","5510801|5510803|5590601|5590602|5590603|5590699","OK","","","nao-ratificado"
"5510-8/03","5510803","MOTÉIS","Atende","Sim","Não","III","III:De 6% até 33%","Não","I","ALOJAMENTO E ALIMENTAÇÃO","55","ALOJAMENTO","551","HOTÉIS E SIMILARES","55108","HOTÉIS E SIMILARES","as atividades dos motéis cuja característica é o alojamento por período inferior a 24 horas","","MOTEL","5510801|5510802|5590601|5590602|5590603|5590699","OK","","","nao-ratificado"
"5590-6/01","5590601","ALBERGUES, EXCETO ASSISTENCIAIS","Atende","Sim","Sim","III","III:De 6% até 33%","Não","I","ALOJAMENTO E ALIMENTAÇÃO","55","ALOJAMENTO","559","OUTROS TIPOS DE ALOJAMENTO NÃO ESPECIFICADOS ANTERIORMENTE","55906","OUTROS TIPOS DE ALOJAMENTO NÃO ESPECIFICADOS ANTERIORMENTE","as atividades dos albergues não assistenciais","as atividades dos albergues assistenciais (8730-1/02)","ALBERGUE (EXCETO ASSISTENCIAL); SERVIÇO DE ALOJAMENTO || ALOJAMENTO EM ALBERGUES NÃO ASSISTENCIAIS; SERVIÇO DE || ALOJAMENTO EM HOSTEL; SERVIÇOS DE","5510801|5510802|5510803|5590602|5590603|5590699","OK","","","nao-ratificado"
"5590-6/02","5590602","CAMPINGS","Atende","Sim","Sim","III","III:De 6% até 33%","Não","I","ALOJAMENTO E ALIMENTAÇÃO","55","ALOJAMENTO","559","OUTROS TIPOS DE ALOJAMENTO NÃO ESPECIFICADOS ANTERIORMENTE","55906","OUTROS TIPOS DE ALOJAMENTO NÃO ESPECIFICADOS ANTERIORMENTE","as atividades de campings (acampamentos)","","ACAMPAMENTO; SERVIÇO DE ALOJAMENTO || CAMPING; SERVIÇO DE ALOJAMENTO","5510801|5510802|5510803|5590601|5590603|5590699","OK","","","nao-ratificado"
"5590-6/03","5590603","PENSÕES(ALOJAMENTO)","Atende","Sim","Sim","III","III:De 6% até 33%","Não","I","ALOJAMENTO E ALIMENTAÇÃO","55","ALOJAMENTO","559","OUTROS TIPOS DE ALOJAMENTO NÃO ESPECIFICADOS ANTERIORMENTE","55906","OUTROS TIPOS DE ALOJAMENTO NÃO ESPECIFICADOS ANTERIORMENTE","as atividades das pensões (alojamento) combinadas ou não com serviço de alimentação","","PENSÃO COM SERVIÇO DE ALIMENTAÇÃO; SERVIÇO DE ALOJAMENTO || PENSÃO SEM SERVIÇO DE ALIMENTAÇÃO; SERVIÇO DE ALOJAMENTO || PENSÃO; HOSPEDAGEM || PENSÃO; SERVIÇO DE ALOJAMENTO","5510801|5510802|5510803|5590601|5590602|5590699","OK","","","nao-ratificado"
"5590-6/99","5590699","OUTROS ALOJAMENTOS NÃO ESPECIFICADOS ANTERIORMENTE","Atende","Sim","Sim","III","III:De 6% até 33%","Não","I","ALOJAMENTO E ALIMENTAÇÃO","55","ALOJAMENTO","559","OUTROS TIPOS DE ALOJAMENTO NÃO ESPECIFICADOS ANTERIORMENTE","55906","OUTROS TIPOS DE ALOJAMENTO NÃO ESPECIFICADOS ANTERIORMENTE","a atividade de alojamento em dormitórios || o aluguel de imóveis residenciais por curta temporada || os alojamentos coletivos não turísticos tipo casa de estudante, pensionato e similares || a exploração de vagões-leito por terceiros || as atividades de outros locais de alojamento de curta duração, não especificados anteriormente","as atividades dos albergues não assistenciais (5590-6/01) e albergues assistenciais (8730-1/02) || as atividades de campings (acampamentos) (5590-6/02) || as atividades das pensões (5590-6/03) || os alojamentos especializados para deficientes físicos (8711-5/03) e casas geriátricas (8711-5/01) || a atividade de aluguel de imóveis (6810-2/02)","ALOJAMENTO PARA ESTUDANTES || CABINE DE DORMIR (POD HOTEL); SERVIÇOS DE ALOJAMENTO || CASA DE ESTUDANTE || DORMITÓRIO; SERVIÇO DE ALOJAMENTO || ESTALAGEM; SERVIÇO DE ALOJAMENTO || EXPLORAÇÃO DE VAGÕES-LEITO, POR TERCEIROS; SERVIÇOS DE || HOSPEDARIA || IMÓVEIS PRÓPRIOS PARA CURTA TEMPORADA; ALUGUEL DE || PENSIONATO || REPÚBLICA DE ESTUDANTES; SERVIÇO DE ALOJAMENTO","5510801|5510802|5510803|5590601|5590602|5590603","OK","","","nao-ratificado"
"5611-2/01","5611201","RESTAURANTES E SIMILARES","Atende","Sim","Sim","I","I:De 4% até 19%","Não","I","ALOJAMENTO E ALIMENTAÇÃO","56","ALIMENTAÇÃO","561","RESTAURANTES E OUTROS SERVIÇOS DE ALIMENTAÇÃO E BEBIDAS","56112","RESTAURANTES E OUTROS ESTABELECIMENTOS DE SERVIÇOS DE ALIMENTAÇÃO E BEBIDAS","as atividades de vender e servir comida preparada, com ou sem bebidas alcoólicas ao público em geral, com serviço completo || os restaurantes self-service ou de comida a quilo || as atividades de restaurante e bares em embarcações explorados por terceiros","","A KILO; ALIMENTAÇÃO, COMIDA, REFEIÇÃO || A PESO; ALIMENTAÇÃO, COMIDA, REFEIÇÃO || A QUILO; SERVIÇO DE ALIMENTAÇÃO || ALIMENTAÇÃO COM SERVIÇO COMPLETO; SERVIÇOS DE || CHURRASCARIA; SERVIÇO DE ALIMENTAÇÃO || EXPLORAÇÃO DE VAGÕES-RESTAURANTES, POR TERCEIROS; SERVIÇO DE ALIMENTAÇÃO || PENSÃO; SERVIÇO DE ALIMENTAÇÃO || PIZZARIA COM SERVIÇO COMPLETO; SERVIÇO DE ALIMENTAÇÃO || RESTAURANTE COM SERVIÇO COMPLETO || RESTAURANTE POR COMIDA A QUILO; SERVIÇO DE || RESTAURANTES E BARES EM EMBARCAÇÕES EXPLORADOS POR TERCEIROS; SERVIÇO DE || RESTAURANTES E SIMILARES || ROTISSERIA; SERVIÇO DE ALIMENTAÇÃO || SELF-SERVICE; SERVIÇO DE ALIMENTAÇÃO || TRATTORIA; SERVIÇO DE ALIMENTAÇÃO","5611203|5611204|5611205|5612100|5620101|5620102|5620103|5620104","OK","","","nao-ratificado"
"5611-2/03","5611203","LANCHONETES, CASAS DE CHÁ, DE SUCOS E SIMILARES","Atende","Sim","Sim","I","I:De 4% até 19%","Não","I","ALOJAMENTO E ALIMENTAÇÃO","56","ALIMENTAÇÃO","561","RESTAURANTES E OUTROS SERVIÇOS DE ALIMENTAÇÃO E BEBIDAS","56112","RESTAURANTES E OUTROS ESTABELECIMENTOS DE SERVIÇOS DE ALIMENTAÇÃO E BEBIDAS","o serviço de alimentação para consumo no local, com venda ou não de bebidas, em estabelecimentos que não oferecem serviço completo, tais como: || #- lanchonetes, fast-food, pastelarias, casas de chá, casas de suco e similares || #- sorveterias, com consumo no local, de fabricação própria ou não","o serviço ambulante de alimentação (5612-1/00) || as cantinas privativas e estabelecimentos especializados na venda de bebidas alcoólicas (5620-1/03) e (5611-2/02) || a fabricação de sorvetes (1053-8/00)","ALIMENTAÇÃO SEM SERVIÇO COMPLETO; SERVIÇO DE || AÇAITERIA; SERVIÇO DE ALIMENTAÇÃO || BAR SEM SERVIÇO COMPLETO || BIROSCA; SERVIÇO DE ALIMENTAÇÃO || BROWNERIA; SERVIÇO DE ALIMENTAÇÃO || CAFETERIA; SERVIÇOS DE || CALDO DE CANA; SERVIÇO DE ALIMENTAÇÃO || CASA DE DOCES E SALGADOS; SERVIÇO DE ALIMENTAÇÃO || CASA DE SUCO; SERVIÇO DE ALIMENTAÇÃO || CASAS DE CHÁ || FAST-FOOD; SERVIÇO DE ALIMENTAÇÃO || GELATERIA; SERVIÇO DE ALIMENTAÇÃO || LANCHERIA; SERVIÇO DE ALIMENTAÇÃO || LANCHONETE; SERVIÇO DE ALIMENTAÇÃO || PALETERIA; SERVIÇO DE ALIMENTAÇÃO || PASTELARIA; SERVIÇO DE ALIMENTAÇÃO || PIZZARIA (TIPO FAST- FOOD); SERVIÇO DE ALIMENTAÇÃO || SORVETERIA; SERVIÇO DE ALIMENTAÇÃO","5611201|5611204|5611205|5612100|5620101|5620102|5620103|5620104","OK","","","nao-ratificado"
"5611-2/04","5611204","BARES E OUTROS ESTABELECIMENTOS ESPECIALIZADOS EM SERVIR BEBIDAS, SEM ENTRETENIMENTO","Atende","Sim","Sim","I","I:De 4% até 19%","Não","I","ALOJAMENTO E ALIMENTAÇÃO","56","ALIMENTAÇÃO","561","RESTAURANTES E OUTROS SERVIÇOS DE ALIMENTAÇÃO E BEBIDAS","56112","RESTAURANTES E OUTROS ESTABELECIMENTOS DE SERVIÇOS DE ALIMENTAÇÃO E BEBIDAS","as atividades de servir bebidas alcoólicas, sem entretenimento, ao público em geral, com serviço completo","as atividades de servir bebidas alcoólicas, com entretenimento (sonoro ou não, de forma eventual ou periódica), ao público em geral, com serviço completo (5611-2/05)","ADEGA COM SERVIÇO COMPLETO, SEM ENTRETENIMENTO || BAR COM SERVIÇO COMPLETO, SEM ENTRETENIMENTO || BARES E OUTROS ESTABELECIMENTOS ESPECIALIZADOS EM SERVIR BEBIDAS, SEM ENTRETENIMENTO || CHOPARIA, CHOPERIA COM SERVIÇO COMPLETO, SEM ENTRETENIMENTO || PETISCARIA (BAR), SEM ENTRETENIMENTO || SERVIÇO AMBULANTE DE BEBIDAS, SEM ENTRETENIMENTO || SNACK-BAR, SEM ENTRETENIMENTO || TRUCK BEER, SEM ENTRETENIMENTO || WHISKERIA, WHISKARIA COM SERVIÇO COMPLETO, SEM ENTRETENIMENTO","5611201|5611203|5611205|5612100|5620101|5620102|5620103|5620104","OK","","","nao-ratificado"
"5620-1/01","5620101","FORNECIMENTO DE ALIMENTOS PREPARADOS PREPONDERANTEMENTE PARA EMPRESAS","Atende","Sim","Sim","I","I:De 4% até 19%","Não","I","ALOJAMENTO E ALIMENTAÇÃO","56","ALIMENTAÇÃO","562","SERVIÇOS DE CATERING, BUFÊ E OUTROS SERVIÇOS DE COMIDA PREPARADA","56201","SERVIÇOS DE CATERING, BUFÊ E OUTROS SERVIÇOS DE COMIDA PREPARADA","a preparação de refeições em cozinha central por conta de terceiros (catering) para fornecimento a: || #- empresas de linhas aéreas e outras empresas de transporte || #- cantinas, restaurantes de empresa e outros serviços de alimentação","","CATERING; SERVIÇO DE ALIMENTAÇÃO || COZINHA INDUSTRIAL; SERVIÇOS DE || EMPRESA AEREA, AVIÕES; FORNECIMENTO DE REFEIÇÕES PARA || FORNECIMENTO DE ALIMENTOS PREPARADOS PREPONDERANTEMENTE PARA EMPRESAS; SERVIÇO DE ALIMENTAÇÃO || FORNECIMENTO DE COMIDA PREPARADA DE PRODUÇÃO PRÓPRIA PREPONDERANTEMENTE PARA EMPRESAS; SERVIÇO DE ALIMENTAÇÃO || FORNECIMENTO DE MARMITAS PREPONDERANTEMENTE PARA EMPRESAS; SERVIÇO DE ALIMENTAÇÃO || FORNECIMENTO DE REFEIÇÕES INDUSTRIAIS; SERVIÇO DE ALIMENTAÇÃO || FORNECIMENTO DE REFEIÇÕES PREPARADAS E EMBALADAS, PREPONDERANTEMENTE PARA EMPRESAS; SERVIÇO DE ALIMENTAÇÃO || REFEIÇÕES PARA FORNECIMENTO A CANTINAS; PREPARAÇÃO DE || REFEIÇÕES PARA FORNECIMENTO A RESTAURANTES DE EMPRESA; PREPARAÇÃO DE || VENDA SOB CONTRATO DE REFEIÇÕES PREPARADAS","5611201|5611203|5611204|5611205|5612100|5620102|5620103|5620104","OK","","","nao-ratificado"
"5620-1/02","5620102","SERVIÇOS DE ALIMENTAÇÃO PARA EVENTOS E RECEPÇÕES - BUFÊ","Atende","Sim","Sim","I|III","I:De 4% até 19%|III:De 6% até 33%","Não","I","ALOJAMENTO E ALIMENTAÇÃO","56","ALIMENTAÇÃO","562","SERVIÇOS DE CATERING, BUFÊ E OUTROS SERVIÇOS DE COMIDA PREPARADA","56201","SERVIÇOS DE CATERING, BUFÊ E OUTROS SERVIÇOS DE COMIDA PREPARADA","o serviço de alimentação fornecidos por bufê para banquetes, coquetéis, recepções, etc.","","ALIMENTAÇÃO FORNECIDOS POR BUFÊ (BUFFET) PARA BANQUETES, COQUETÉIS E RECEPÇÕES; SERVIÇOS DE || BUFE; SERVIÇOS DE ALIMENTAÇÃO || BUFFET; SERVIÇO DE ALIMENTAÇÃO","5611201|5611203|5611204|5611205|5612100|5620101|5620103|5620104","OK","","","nao-ratificado"
"5620-1/03","5620103","CANTINAS - SERVIÇOS DE ALIMENTAÇÃO PRIVATIVOS","Atende","Sim","Sim","I","I:De 4% até 19%","Não","I","ALOJAMENTO E ALIMENTAÇÃO","56","ALIMENTAÇÃO","562","SERVIÇOS DE CATERING, BUFÊ E OUTROS SERVIÇOS DE COMIDA PREPARADA","56201","SERVIÇOS DE CATERING, BUFÊ E OUTROS SERVIÇOS DE COMIDA PREPARADA","o serviço de alimentação em caráter privativo (exploração por terceiros) para grupos de pessoas em fábricas, universidades, colégios, associações, casernas, órgãos públicos, etc.","os restaurantes (5611-2/01) || os bares (5611-2/02) || as lanchonetes, casas de chá, de sucos e similares (5611-2/03)","CANTINA (SERVIÇO DE ALIMENTAÇÃO PRIVATIVO) - EXPLORAÇÃO POR TERCEIROS || CANTINA (SERVIÇO DE ALIMENTAÇÃO PRIVATIVO) - EXPLORAÇÃO PRÓPRIA","5611201|5611203|5611204|5611205|5612100|5620101|5620102|5620104","OK","","","nao-ratificado"
"5620-1/04","5620104","FORNECIMENTO DE ALIMENTOS PREPARADOS PREPONDERANTEMENTE PARA CONSUMO DOMICILIAR","Atende","Sim","Sim","I","I:De 4% até 19%","Não","I","ALOJAMENTO E ALIMENTAÇÃO","56","ALIMENTAÇÃO","562","SERVIÇOS DE CATERING, BUFÊ E OUTROS SERVIÇOS DE COMIDA PREPARADA","56201","SERVIÇOS DE CATERING, BUFÊ E OUTROS SERVIÇOS DE COMIDA PREPARADA","a preparação de refeições ou pratos cozidos, inclusive congelados, entregues ou servidos em domicílio","os restaurantes (5611-2/01) || os serviços de bufê (5620-1/02) || as cantinas privativas (5620-1/03)","FORNECIMENTO DE ALIMENTOS PREPARADOS PARA CONSUMO DOMICILIAR; SERVIÇO DE ALIMENTAÇÃO || FORNECIMENTO DE COMIDA PREPARADA DE PRODUÇÃO PRÓPRIA, PARA CONSUMO DOMICILIAR; SERVIÇO DE ALIMENTAÇÃO || FORNECIMENTO DE MARMITAS PARA CONSUMO DOMICILIAR; SERVIÇO DE ALIMENTAÇÃO || FORNECIMENTO DE MARMITEX; SERVIÇOS DE || FORNECIMENTO DE REFEIÇÕES PREPARADAS E EMBALADAS, PARA CONSUMO DOMICILIAR; SERVIÇO DE ALIMENTAÇÃO || PIZZARIA (EXCLUSIVAMENTE PARA ENTREGA EM DOMICILIO, SEM CONSUMO NO LOCAL); SERVIÇO DE ALIMENTAÇÃO || RESTAURANTE DELIVERY (EXCLUSIVAMENTE PARA ENTREGA EM DOMICILIO, SEM CONSUMO NO LOCAL); SERVIÇO DE ALIMENTAÇÃO","5611201|5611203|5611204|5611205|5612100|5620101|5620102|5620103","OK","","","nao-ratificado"
"5811-5/00","5811500","EDIÇÃO DE LIVROS","Atende","Sim","Sim","I|III|V","I:De 4% até 19%|III:De 6% até 33%|V:De 15,5% até 30,5%","Sim","J","INFORMAÇÃO E COMUNICAÇÃO","58","EDIÇÃO E EDIÇÃO INTEGRADA À IMPRESSÃO","581","EDIÇÃO DE LIVROS, JORNAIS, REVISTAS E OUTRAS ATIVIDADES DE EDIÇÃO","58115","EDIÇÃO DE LIVROS","a edição de livros (literários, didáticos, infantis), dicionários, atlas, enciclopédias, etc., na forma impressa, eletrônica (CDs) e na internet || a aquisição de direitos autorais para a edição e disseminação de livros || a gestão de direitos autorais de obras literárias","a impressão de livros sob contrato (1811-3/02) || a edição de jornais (5812-3/00) || a edição de revistas (5813-1/00) || a edição de material publicitário (5819-1/00) || a edição integrada à impressão de livros (5821-2/00) || as atividades de escritores de todos os tipos de assuntos, inclusive técnicos (9002-7/01)","LIVROS DIGITAIS, VIRTUAIS (E-BOOKS); EDIÇÃO DE || APOSTILAS; EDIÇÃO DE || ATLAS; EDIÇÃO DE || AUDIOLIVROS (AUDIOBOOKS); PRODUÇÃO DE || DICIONÁRIOS; EDIÇÃO DE || DIREITOS AUTORAIS DE OBRAS LITERÁRIAS; GESTÃO DE || ENCICLOPÉDIAS; EDIÇÃO DE || LIVROS ELETRÔNICOS; EDIÇÃO DE || LIVROS EM GERAL; EDIÇÃO DE || LIVROS INFANTIS; EDIÇÃO DE || LIVROS NA INTERNET; EDIÇÃO DE || LIVROS TÉCNICOS; EDIÇÃO DE || MAPAS; EDIÇÃO DE || OBRAS LITERÁRIAS; AQUISIÇÃO DE DIREITOS AUTORAIS || OBRAS LITERÁRIAS; EDIÇÃO DE","5812301|5812302|5813100|5819100|5821200|5822101|5822102|5823900|5829800","OK","","","nao-ratificado"
"5812-3/01","5812301","EDIÇÃO DE JORNAIS DIÁRIOS","Atende","Sim","Sim","II|III|V","II:De 4,5% até 30%|III:De 6% até 33%|V:De 15,5% até 30,5%","Sim","J","INFORMAÇÃO E COMUNICAÇÃO","58","EDIÇÃO E EDIÇÃO INTEGRADA À IMPRESSÃO","581","EDIÇÃO DE LIVROS, JORNAIS, REVISTAS E OUTRAS ATIVIDADES DE EDIÇÃO","58123","EDIÇÃO DE JORNAIS","a edição diária de jornais, inclusive publicitários, na forma impressa, eletrônica e na internet; a receita das unidades nessa categoria inclui também a venda de espaços para publicidade.","a edição de jornais não diário (5812-3/02) || a impressão de jornais sob contrato (1811-3/01) || a edição integrada à impressão de jornais diários (5822-1/01) || a edição integrada à impressão de jornais não diários (5822-1/02) || as atividades de jornalistas independente (9002-7/01)","JORNAIS ELETRÔNICOS DIÁRIOS; EDIÇÃO DE || JORNAIS IMPRESSOS DIÁRIOS; EDIÇÃO DE || JORNAIS NA INTERNET DIÁRIOS; EDIÇÃO DE || JORNAIS PUBLICITÁRIOS DIÁRIOS; EDIÇÃO DE","5811500|5812302|5813100|5819100|5821200|5822101|5822102|5823900|5829800","OK","","","nao-ratificado"
"5812-3/02","5812302","EDIÇÃO DE JORNAIS NÃO DIÁRIOS","Atende","Sim","Sim","II|III|V","II:De 4,5% até 30%|III:De 6% até 33%|V:De 15,5% até 30,5%","Sim","J","INFORMAÇÃO E COMUNICAÇÃO","58","EDIÇÃO E EDIÇÃO INTEGRADA À IMPRESSÃO","581","EDIÇÃO DE LIVROS, JORNAIS, REVISTAS E OUTRAS ATIVIDADES DE EDIÇÃO","58123","EDIÇÃO DE JORNAIS","a edição de jornais com periodicidade não diária, inclusive publicitários, na forma impressa, eletrônica e na internet; a receita das unidades nessa categoria inclui também a venda de espaços para publicidade","a edição de jornais diário (5812-3/01) || a impressão de jornais sob contrato (1811-3/01) || a edição integrada à impressão de jornais diários (5822-1/01) || a edição integrada à impressão de jornais não diários (5822-1/02) || as atividades de jornalistas independente (9002-7/01)","JORNAIS ELETRÔNICOS NÃO DIÁRIOS; EDIÇÃO DE || JORNAIS IMPRESSOS NÃO DIÁRIOS; EDIÇÃO DE || JORNAIS NA INTERNET NÃO DIÁRIOS; EDIÇÃO DE || JORNAIS PUBLICITÁRIOS NÃO DIÁRIOS; EDIÇÃO DE","5811500|5812301|5813100|5819100|5821200|5822101|5822102|5823900|5829800","OK","","","nao-ratificado"
"5813-1/00","5813100","EDIÇÃO DE REVISTAS","Atende","Sim","Sim","I|III|V","I:De 4% até 19%|III:De 6% até 33%|V:De 15,5% até 30,5%","Sim","J","INFORMAÇÃO E COMUNICAÇÃO","58","EDIÇÃO E EDIÇÃO INTEGRADA À IMPRESSÃO","581","EDIÇÃO DE LIVROS, JORNAIS, REVISTAS E OUTRAS ATIVIDADES DE EDIÇÃO","58131","EDIÇÃO DE REVISTAS","a edição de revistas periódicas, de conteúdo geral ou técnico, como revistas industriais, revistas com programações de televisão, etc., na forma impressa, eletrônica e na Internet; || a venda de espaços para publicidade.","a impressão de revistas sob contrato (1811-3/02) || a edição integrada à impressão de revistas (5823-9/00)","PUBLICAÇÕES PERIÓDICAS; EDIÇÃO DE || REVISTAS DE CONTEÚDO TÉCNICO OU GERAL; EDIÇÃO DE || REVISTAS DE PROGRAMAÇÃO DE TELEVISÃO; EDIÇÃO DE || REVISTAS ELETRÔNICAS; EDIÇÃO DE || REVISTAS NA INTERNET; EDIÇÃO DE || VENDA DE ESPAÇOS PARA PUBLICIDADE EM REVISTAS","5811500|5812301|5812302|5819100|5821200|5822101|5822102|5823900|5829800","OK","","","nao-ratificado"
"5819-1/00","5819100","EDIÇÃO DE CADASTROS, LISTAS E DE OUTROS PRODUTOS GRÁFICOS","Atende","Sim","Sim","I|III|V","I:De 4% até 19%|III:De 6% até 33%|V:De 15,5% até 30,5%","Sim","J","INFORMAÇÃO E COMUNICAÇÃO","58","EDIÇÃO E EDIÇÃO INTEGRADA À IMPRESSÃO","581","EDIÇÃO DE LIVROS, JORNAIS, REVISTAS E OUTRAS ATIVIDADES DE EDIÇÃO","58191","EDIÇÃO DE CADASTROS, LISTAS E DE OUTROS PRODUTOS GRÁFICOS","a edição de listas de dados e de outras informações, cujo formato está sujeito a direitos autorais, na forma impressa, eletrônica e na internet: || #- cadastros e listas para malas diretas || #- listas telefônicas || #- listas de produtos farmacêuticos, etc. || #- material publicitário || #- calendários, cartões de felicitações e cartões postais || #- gravuras, reproduções de trabalhos de arte, etc. || a edição de estatísticas e de outras informações para divulgação na internet","a impressão de produtos gráficos sob contrato, tais como: || #- material de segurança (1812-1/00) || #- material publicitário (1813-0/01) || #- material impresso para usos diversos (1813-0/99) || a edição de jornais publicitários (5812-3/00) || os portais, provedores de conteúdo e outros serviços de informação na internet (6319-4/00) || a criação de material publicitário (7311-4/00)","CADASTROS ON-LINE; EDIÇÃO DE || CADASTROS PARA MALA DIRETA; EDIÇÃO DE || CALENDÁRIOS; EDIÇÃO DE || CARTÕES DE FELICITAÇÕES; EDIÇÃO DE || CARTÕES POSTAIS; EDIÇÃO DE || ESTATÍSTICAS E OUTRAS INFORMAÇÕES PARA DIVULGAÇÃO NA INTERNET; EDIÇÃO DE || GRAVURAS; EDIÇÃO DE || LISTAS DE PRODUTOS FARMACÊUTICOS; EDIÇÃO DE || LISTAS PARA MALAS DIRETAS; EDIÇÃO DE || LISTAS TELEFÔNICAS; EDIÇÃO DE || MATERIAL PUBLICITÁRIO; EDIÇÃO DE || PANFLETOS E FOLHETOS; EDIÇÃO DE || REPRODUÇÃO DE TRABALHOS DE ARTE; EDIÇÃO DE","5811500|5812301|5812302|5813100|5821200|5822101|5822102|5823900|5829800","OK","","","nao-ratificado"
"5911-1/01","5911101","ESTÚDIOS CINEMATOGRÁFICOS","Atende","Sim","Não","III","III:De 6% até 33%","Não","J","INFORMAÇÃO E COMUNICAÇÃO","59","ATIVIDADES CINEMATOGRÁFICAS, PRODUÇÃO DE VÍDEOS E DE PROGRAMAS DE TELEVISÃO; GRAVAÇÃO DE SOM E EDIÇÃO DE MÚSICA","591","ATIVIDADES CINEMATOGRÁFICAS, PRODUÇÃO DE VÍDEOS E DE PROGRAMAS DE TELEVISÃO","59111","ATIVIDADES DE PRODUÇÃO CINEMATOGRÁFICA, DE VÍDEOS E DE PROGRAMAS DE TELEVISÃO","a produção de filmes em estúdios cinematográficos || os arquivos de filmes cinematográficos","a reprodução de filmes em fitas de vídeo e DVDs a partir de matrizes originais (1830-0/02) || a produção de filmes para publicidade de qualquer tipo (5911-1/02) || a produção de filmes destinados à difusão pela televisão e internet (5911-1/99) || as atividades de pós-produção de filmes, vídeos e programas de televisão (59.12-0/01, 59.12-0/02 e 59.12-0/99) || a reprodução de cópias de filmes cinematográficos (em película) (5912-0/99) || a distribuição cinematográfica, de vídeo e de programas de televisão (5913-8/00) || a produção de programas em estúdios de televisão aberta (6021-7/00) || as atividades de agenciamento de profissionais para atividades culturais e artísticas (7490-1/05) || as atividades de diretores, produtores e empresários de eventos artísticos ao vivo, cenógrafos, roteiristas, || etc. (9001-9/99) || as atividades de criadores de desenho animado (9002-7/01)","ARQUIVOS DE FILMES CINEMATOGRÁFICOS; ATIVIDADES DE || ESTÚDIO CINEMATOGRÁFICO; ATIVIDADES DE || PRODUTORA DE FILMES CINEMATOGRÁFICOS || PRODUÇÃO CINEMATOGRÁFICA; SERVIÇOS DE || PRODUÇÃO DE FILMES CINEMATOGRÁFICOS; ATIVIDADE DE","5911102|5911199|5912001|5912002|5912099|5913800|5914600|5920100","OK","","","nao-ratificado"
"5911-1/02","5911102","PRODUÇÃO DE FILMES PARA PUBLICIDADE","Atende","Sim","Não","III","III:De 6% até 33%","Não","J","INFORMAÇÃO E COMUNICAÇÃO","59","ATIVIDADES CINEMATOGRÁFICAS, PRODUÇÃO DE VÍDEOS E DE PROGRAMAS DE TELEVISÃO; GRAVAÇÃO DE SOM E EDIÇÃO DE MÚSICA","591","ATIVIDADES CINEMATOGRÁFICAS, PRODUÇÃO DE VÍDEOS E DE PROGRAMAS DE TELEVISÃO","59111","ATIVIDADES DE PRODUÇÃO CINEMATOGRÁFICA, DE VÍDEOS E DE PROGRAMAS DE TELEVISÃO","a produção de filmes em qualquer suporte (película, vídeo e DVD) para publicidade de qualquer tipo: || #- filmes institucionais || #- comerciais de televisão || #- filmes para campanhas políticas || #- filmes para campanhas de responsabilidade social || os arquivos de filmes de publicidade","a produção de filmes em estúdios cinematográficos (5911-1/01) || a produção de filmes destinados à difusão pela televisão e internet (5911-1/99)","ARQUIVOS DE FILMES DE PUBLICIDADE; ATIVIDADES DE || COMERCIAIS DE TELEVISÃO; PRODUÇÃO DE || FILMES DE PUBLICIDADE; ARQUIVOS DE || FILMES INSTITUCIONAIS; PRODUÇÃO DE || FILMES PARA CAMPANHAS DE RESPONSABILIDADE SOCIAL; PRODUÇÃO DE || FILMES PARA CAMPANHAS POLÍTICAS; PRODUÇÃO DE || FILMES PARA PUBLICIDADE; PRODUÇÃO DE || PRODUTORA DE FILMES DE PUBLICIDADE || VÍDEOS PARA PUBLICIDADE; PRODUÇÃO DE","5911101|5911199|5912001|5912002|5912099|5913800|5914600|5920100","OK","","","nao-ratificado"
"5911-1/99","5911199","ATIVIDADES DE PRODUÇÃO CINEMATOGRÁFICA, DE VÍDEOS E DE PROGRAMAS DE TELEVISÃO NÃO ESPECIFICADAS ANTERIORMENTE","Atende","Sim","Não","III","III:De 6% até 33%","Não","J","INFORMAÇÃO E COMUNICAÇÃO","59","ATIVIDADES CINEMATOGRÁFICAS, PRODUÇÃO DE VÍDEOS E DE PROGRAMAS DE TELEVISÃO; GRAVAÇÃO DE SOM E EDIÇÃO DE MÚSICA","591","ATIVIDADES CINEMATOGRÁFICAS, PRODUÇÃO DE VÍDEOS E DE PROGRAMAS DE TELEVISÃO","59111","ATIVIDADES DE PRODUÇÃO CINEMATOGRÁFICA, DE VÍDEOS E DE PROGRAMAS DE TELEVISÃO","a produção de filmes destinados à difusão (broadcasting) pela televisão e pela internet produzidos fora dos estúdios de televisão || a gravação, fora dos estúdios de televisão, de programas de televisão por produtores independentes","a produção de filmes em estúdios cinematográficos (5911-1/01) || a produção de filmes para publicidade de qualquer tipo (5911-1/02) || a produção de programas em estúdios de televisão aberta, inclusive por produtores independentes (6021-7/00) || a filmagem e gravação de vídeos de festas e eventos (7420-0/04)","PROGRAMAS DE TELEVISÃO AO VIVO EM ESTÚDIOS DE TV POR PRODUTORES INDEPENDENTES; PRODUÇÃO DE || COMPUTAÇÃO GRÁFICA NA PRODUÇÃO DE FILMES || FILMES PARA TELEVISÃO E INTERNET; PRODUÇÃO DE || GRAVAÇÃO DE PROGRAMAS DE TV FORA DOS ESTÚDIOS DE TELEVISÃO; SERVIÇOS DE || PRODUTORA DE FILMES E DE PROGRAMAS DE TELEVISÃO FORA DOS ESTÚDIOS DE TELEVISÃO || PRODUÇÃO DE PROGRAMAS DE TELEVISÃO FORA DOS ESTÚDIOS DE TELEVISÃO; ATIVIDADES DE || PRODUÇÃO, GRAVAÇÃO DE VÍDEOS PARA DIFUSÃO NA INTERNET, EXCETO PRODUZIDOS EM ESTÚDIOS DE TELEVISÃO; ATIVIDADES DE","5911101|5911102|5912001|5912002|5912099|5913800|5914600|5920100","OK","","","nao-ratificado"
"5912-0/01","5912001","SERVIÇOS DE DUBLAGEM","Atende","Sim","Sim","III","III:De 6% até 33%","Não","J","INFORMAÇÃO E COMUNICAÇÃO","59","ATIVIDADES CINEMATOGRÁFICAS, PRODUÇÃO DE VÍDEOS E DE PROGRAMAS DE TELEVISÃO; GRAVAÇÃO DE SOM E EDIÇÃO DE MÚSICA","591","ATIVIDADES CINEMATOGRÁFICAS, PRODUÇÃO DE VÍDEOS E DE PROGRAMAS DE TELEVISÃO","59120","ATIVIDADES DE PÓS-PRODUÇÃO CINEMATOGRÁFICA, DE VÍDEOS E DE PROGRAMAS DE TELEVISÃO","os serviços de dublagem de filmes cinematográficos, de vídeos e de programas de televisão","os serviços de mixagem sonora de filmes cinematográficos, vídeos e gravações de programas de televisão (5912-0/02) || a edição de filmes em películas, fitas de vídeo e DVDs, envolvendo telecinagem (transposição do filme em película para fita), colocação de títulos e legendas, edição dos créditos, animação e efeitos especiais (5912-0/99) || o processamento e montagem de filmes cinematográficos (5912-0/99) || os laboratórios de filmes cinematográficos e laboratórios especiais para filmes de animação (5912-0/99)","DUBLAGEM DE FILMES CINEMATOGRÁFICOS || DUBLAGEM DE FILMES; SERVIÇOS DE || DUBLAGEM DE PROGRAMAS DE TELEVISÃO || DUBLAGEM DE VÍDEOS","5911101|5911102|5911199|5912002|5912099|5913800|5914600|5920100","OK","","","nao-ratificado"
"5912-0/02","5912002","SERVIÇOS DE MIXAGEM SONORA EM PRODUÇÃO AUDIOVISUAL","Atende","Sim","Não","III","III:De 6% até 33%","Não","J","INFORMAÇÃO E COMUNICAÇÃO","59","ATIVIDADES CINEMATOGRÁFICAS, PRODUÇÃO DE VÍDEOS E DE PROGRAMAS DE TELEVISÃO; GRAVAÇÃO DE SOM E EDIÇÃO DE MÚSICA","591","ATIVIDADES CINEMATOGRÁFICAS, PRODUÇÃO DE VÍDEOS E DE PROGRAMAS DE TELEVISÃO","59120","ATIVIDADES DE PÓS-PRODUÇÃO CINEMATOGRÁFICA, DE VÍDEOS E DE PROGRAMAS DE TELEVISÃO","os serviços de mixagem sonora de filmes cinematográficos, vídeos e gravações de programas de televisão","os serviços de dublagem (5912-0/01) || a edição de filmes em películas, envolvendo telecinagem (transposição do filme em película para fita), colocação de títulos e legendas, edição dos créditos, animação e efeitos especiais (5912-0/99) || o processamento e montagem de filmes cinematográficos (5912-0/99) || os laboratórios de filmes cinematográficos e laboratórios especiais para filmes de animação (5912-0/99) || os serviços de mixagem sonora de material gravado (5920-1/00)","MIXAGEM SONORA EM FILMES || MIXAGEM SONORA EM PRODUÇÃO AUDIOVISUAL || MIXAGEM SONORA EM PROGRAMAS DE TELEVISÃO || MIXAGEM SONORA EM VÍDEOS","5911101|5911102|5911199|5912001|5912099|5913800|5914600|5920100","OK","","","nao-ratificado"
"5912-0/99","5912099","ATIVIDADES DE PÓS PRODUÇÃO CINEMATOGRÁFICA, DE VÍDEOS E DE PROGRAMAS DE TELEVISÃO NÃO ESPECIFICADAS ANTERIORMENTE","Atende","Sim","Sim","III","III:De 6% até 33%","Não","J","INFORMAÇÃO E COMUNICAÇÃO","59","ATIVIDADES CINEMATOGRÁFICAS, PRODUÇÃO DE VÍDEOS E DE PROGRAMAS DE TELEVISÃO; GRAVAÇÃO DE SOM E EDIÇÃO DE MÚSICA","591","ATIVIDADES CINEMATOGRÁFICAS, PRODUÇÃO DE VÍDEOS E DE PROGRAMAS DE TELEVISÃO","59120","ATIVIDADES DE PÓS-PRODUÇÃO CINEMATOGRÁFICA, DE VÍDEOS E DE PROGRAMAS DE TELEVISÃO","a edição de filmes envolvendo telecinagem (transposição do filme em película para fita), colocação de títulos e legendas, edição dos créditos, animação e efeitos especiais || o processamento e montagem de filmes cinematográficos || os laboratórios de filmes cinematográficos || os laboratórios especiais para filmes de animação || a reprodução de cópias de filmes cinematográficos (em película) a partir de matrizes originais para distribuição em salas de projeção","a reprodução de filmes em DVDs e fitas de vídeo a partir de matrizes originais (1830-0/02) || os serviços de dublagem (5912-0/01) || os serviços de mixagem sonora de filmes cinematográficos, vídeos e gravações de programas de televisão (5912-0/02) || o processamento de filmes fotográficos (7420-0/03) || as atividades de diretores, produtores e empresários de eventos artísticos ao vivo, cenógrafos, roteiristas, etc. || (9001-9/99)","ANIMAÇÃO EM FILMES || EDIÇÃO DE CRÉDITOS EM FILMES || EDIÇÃO DE VÍDEOS, FILMES; SERVIÇOS DE || EFEITOS ESPECIAIS PARA FILMES CINEMATOGRÁFICOS; SERVIÇOS DE || FILMES CINEMATOGRÁFICOS EM PELÍCULA; REPRODUÇÃO DE CÓPIAS DE || FILMES CINEMATOGRÁFICOS; DUPLICAÇÃO DE || FILMES EM PELÍCULA; EDIÇÃO DE || LABORATÓRIO DE ANIMAÇÃO DE FILMES || LABORATÓRIOS CINEMATOGRÁFICOS || LEGENDAS, TÍTULOS; COLOCAÇÃO EM FILMES || MONTAGEM DE FILMES; SERVIÇOS DE || RECUPERAÇÃO DE FILMES CINEMATOGRÁFICOS; SERVIÇOS DE || REPRODUÇÃO DE CÓPIAS DE FILMES CINEMATOGRÁFICOS EM PELÍCULA || RESTAURAÇÃO, MANUTENÇÃO DE FILMES CINEMATOGRÁFICOS || TELECINAGEM","5911101|5911102|5911199|5912001|5912002|5913800|5914600|5920100","OK","","","nao-ratificado"
"5913-8/00","5913800","DISTRIBUIÇÃO CINEMATOGRÁFICA, DE VÍDEO E DE PROGRAMAS DE TELEVISÃO","Atende","Sim","Não","I|III","I:De 4% até 19%|III:De 6% até 33%","Não","J","INFORMAÇÃO E COMUNICAÇÃO","59","ATIVIDADES CINEMATOGRÁFICAS, PRODUÇÃO DE VÍDEOS E DE PROGRAMAS DE TELEVISÃO; GRAVAÇÃO DE SOM E EDIÇÃO DE MÚSICA","591","ATIVIDADES CINEMATOGRÁFICAS, PRODUÇÃO DE VÍDEOS E DE PROGRAMAS DE TELEVISÃO","59138","DISTRIBUIÇÃO CINEMATOGRÁFICA, DE VÍDEO E DE PROGRAMAS DE TELEVISÃO","a distribuição de filmes cinematográficos em películas, fitas de vídeo e DVDs a cinemas, cineclubes, redes e canais de televisão e a outros tipos de distribuidores e exibidores || o licenciamento ou a cessão dos direitos de exibição de filmes cinematográficos em película, fitas de vídeo e em DVDs","a reprodução de filmes em fitas de vídeo e DVDs a partir de matrizes (1830-0/02) || o comércio atacadista de filmes, CDs, DVDs, fitas e discos (4649-4/07) || o aluguel de fitas de vídeo, DVDs, CDs e similares (7722-5/00)","DIREITOS AUTORAIS DE OBRAS AUDIOVISUAIS; GESTÃO DE || DIREITOS AUTORAIS DE OBRAS CINEMATOGRÁFICAS; GESTÃO DE || DIREITOS DE EXIBIÇÃO DE FILMES CINEMATOGRÁFICOS; LICENCIAMENTO, CESSÃO DE || DIREITOS DE EXIBIÇÃO DE PROGRAMAS DE TELEVISÃO; LICENCIAMENTO, CESSÃO DE || DIREITOS DE EXIBIÇÃO DE VÍDEOS; LICENCIAMENTO, CESSÃO DE || DISTRIBUIÇÃO DE FILMES A CINEMAS E CINECLUBES || DISTRIBUIÇÃO DE FILMES A REDES E CANAIS DE TELEVISÃO || DISTRIBUIÇÃO DE FILMES CINEMATOGRÁFICOS EM PELÍCULAS || DISTRIBUIÇÃO DE FILMES EM FITAS DE VÍDEO E DVD'S À EXIBIDORES || FILMES E PROGRAMAS DE TELEVISÃO; DIREITOS DE EXIBIÇÃO DE || FILMES E PROGRAMAS DE TELEVISÃO; DISTRIBUIÇÃO DE","5911101|5911102|5911199|5912001|5912002|5912099|5914600|5920100","OK","","","nao-ratificado"
"5914-6/00","5914600","ATIVIDADES DE EXIBIÇÃO CINEMATOGRÁFICA","Atende","Sim","Não","III","III:De 6% até 33%","Não","J","INFORMAÇÃO E COMUNICAÇÃO","59","ATIVIDADES CINEMATOGRÁFICAS, PRODUÇÃO DE VÍDEOS E DE PROGRAMAS DE TELEVISÃO; GRAVAÇÃO DE SOM E EDIÇÃO DE MÚSICA","591","ATIVIDADES CINEMATOGRÁFICAS, PRODUÇÃO DE VÍDEOS E DE PROGRAMAS DE TELEVISÃO","59146","ATIVIDADES DE EXIBIÇÃO CINEMATOGRÁFICA","a projeção de filmes e fitas de vídeo em salas de cinema || a projeção de filmes em cineclubes, ao ar livre, em salas privadas e em outros locais de exibição","","AUTO-CINE || CINECLUBES || CINEMA || DRIVE-IN || ESPAÇO CULTURAL DE PROJEÇÃO DE FILMES E VÍDEOS || EXIBIÇÃO CINEMATOGRÁFICA; ATIVIDADE DE || EXIBIÇÃO DE FILMES CINEMATOGRÁFICOS; ATIVIDADE DE || EXIBIÇÃO DE PELÍCULAS; SALAS DE || EXIBIÇÃO DE VÍDEOS; SALAS DE || FILMES CINEMATOGRÁFICOS; EXIBIÇÃO DE || PROJEÇÃO DE FILMES E DE VÍDEOS || PROJEÇÃO DE FILMES; SALAS DE || PROJEÇÃO DE VÍDEOS; SALAS DE || SALAS DE CINEMA","5911101|5911102|5911199|5912001|5912002|5912099|5913800|5920100","OK","","","nao-ratificado"
"5920-1/00","5920100","ATIVIDADES DE GRAVAÇÃO DE SOM E DE EDIÇÃO DE MÚSICA","Atende","Sim","Não","III","III:De 6% até 33%","Não","J","INFORMAÇÃO E COMUNICAÇÃO","59","ATIVIDADES CINEMATOGRÁFICAS, PRODUÇÃO DE VÍDEOS E DE PROGRAMAS DE TELEVISÃO; GRAVAÇÃO DE SOM E EDIÇÃO DE MÚSICA","592","ATIVIDADES DE GRAVAÇÃO DE SOM E DE EDIÇÃO DE MÚSICA","59201","ATIVIDADES DE GRAVAÇÃO DE SOM E DE EDIÇÃO DE MÚSICA","a gravação de matrizes originais para reprodução de som em qualquer suporte e para qualquer finalidade, inclusive para publicidade || a atividade de reprodução, promoção e distribuição das gravações de composições musicais para o comércio atacadista e varejista ou diretamente ao público. Estas atividades podem estar integradas ou não com a produção de matrizes originais em uma mesma unidade. Se não, a unidade que exerce estas atividades tem que obter os direitos de reprodução e distribuição da gravadora das matrizes originais || as atividades de promoção e autorização das composições musicais em gravações, no rádio, televisão, filmes, apresentações ao vivo e em outros veículos de comunicação. As unidades ligadas a estas atividades podem ter a propriedade dos direito autorais ou atuarem como administradoras de direitos autorais musicais em nome dos proprietários desses direitos || as atividades de serviços de gravação em estúdios ou outros locais, inclusive a produção de programas de rádio para serem transmitidos posteriormente || os serviços de mixagem sonora de material gravado || os serviços de masterização e remasterização de material sonoro || a edição de música e de partituras musicai || o registro e cessão de direitos autorais de composições musicais","a reprodução em escala industrial de matrizes originais de som em qualquer suporte (1830-0/01) || os serviços de mixagem sonora de filmes cinematográficos, vídeos e gravações de programas de televisão (5912-0/02) || os serviços de disponibilização de música através da internet (6319-4/00)","ATIVIDADES FONOGRÁFICAS || COMPOSIÇÕES MUSICAIS; AUTORIZAÇÃO DE USO DE || DIREITOS AUTORAIS DE OBRAS MUSICAIS; GESTÃO DE || DIREITOS AUTORAIS MUSICAIS; CESSÃO DE, ADMINISTRAÇÃO DE, REGISTRO DE || EDIÇÃO DE MATERIAL SONORO || EDIÇÃO DE MÚSICA || EQUALIZAÇÃO SONORA; ATIVIDADE DE || ESTUDIO MUSICAL; PRESTAÇÃO DE SERVIÇOS || ESTÚDIO DE GRAVAÇÃO DE SOM || ESTÚDIO DE GRAVAÇÃO SONORA || FITAS E CDS; MASTERIZAÇÃO DE || FITAS E CDS; PRODUÇÃO DE MATRIZES ORIGINAIS DE || GRAVAÇÃO DE FONOGRAMAS; SERVIÇOS DE || GRAVAÇÃO DE PROGRAMAS DE RÁDIO || GRAVAÇÃO DE SOM EM ESTÚDIO MUSICAL; SERVIÇOS DE || GRAVAÇÃO DE SOM; MASTERIZAÇÃO DE || GRAVAÇÃO DE SOM; PROMOÇÃO DE || GRAVAÇÕES SONORAS; PRODUÇÃO DE || MASTERIZAÇÃO DE GRAVAÇÃO DE SOM || MASTERIZAÇÃO E REMASTERIZAÇÃO DE SONS EM MEIOS MAGNÉTICOS; || MATERIAL SONORO GRAVADO; DISTRIBUIÇÃO DE || MATRIZES ORIGINAIS DE SOM; PRODUÇÃO DE || MIXAGEM SONORA EM FITAS E CDS || MIXAGEM SONORA EM MATERIAL GRAVADO || PARTITURAS MUSICAIS; EDIÇÃO DE || PARTITURAS MUSICAIS; EDIÇÃO INTEGRADA À IMPRESSÃO DE || SOM PARA PUBLICIDADE; PRODUÇÃO DE || SONS EM MEIOS MAGNÉTICOS; REEDIÇÃO DE || SONS EM MEIOS MAGNÉTICOS; TRANSCRIÇÃO DE","5911101|5911102|5911199|5912001|5912002|5912099|5913800|5914600","OK","","","nao-ratificado"
"6201-5/01","6201501","DESENVOLVIMENTO DE PROGRAMAS DE COMPUTADOR SOB ENCOMENDA","Atende","Sim","Não","III|V","III:De 6% até 33%|V:De 15,5% até 30,5%","Sim","J","INFORMAÇÃO E COMUNICAÇÃO","62","ATIVIDADES DOS SERVIÇOS DE TECNOLOGIA DA INFORMAÇÃO","620","ATIVIDADES DOS SERVIÇOS DE TECNOLOGIA DA INFORMAÇÃO","62015","DESENVOLVIMENTO DE PROGRAMAS DE COMPUTADOR SOB ENCOMENDA","o desenvolvimento de sistemas para atender às necessidades do cliente, ou seja, as atividades voltadas para a definição dos módulos, especificações funcionais internas, tipos de relatórios e testes de avaliação do desempenho || a programação com o uso de ferramentas e de linguagens de programação || o fornecimento de documentação de programas de computador desenvolvidos sob encomenda || o desenvolvimento de projetos e modelagem de banco de dados sob encomenda","o desenho de páginas para a internet (web design) (6201-5/02) || o desenvolvimento e licenciamento de programas de computador customizáveis (6202-3/00) || o desenvolvimento e licenciamento de programas de computador não-customizáveis (6203-1/00) || os serviços de customização dos programas de computador (6204-0/00)","BANCO DE DADOS SOB ENCOMENDA; DESENVOLVIMENTO DE || CRIAÇÃO, CONFIGURAÇÃO DE SOFTWARE DE BANCO DE DADOS SOB ENCOMENDA || DESENVOLVIMENTO DE APLICATIVO INFORMÁTICO SOB ENCOMENDA || DESENVOLVIMENTO DE PROJETOS E MODELAGEM DE BANCO DE DADOS SOB ENCOMENDA || DOCUMENTAÇÃO DE PROGRAMAS DE COMPUTADOR DESENVOLVIDOS SOB ENCOMENDA; FORNECIMENTO DE || EDIÇÃO DE SOFTWARE SOB ENCOMENDA; SERVIÇOS DE || EDIÇÃO ON LINE DE BANCO DE DADOS; SERVIÇOS DE || PROGRAMAS DE BANCO DE DADOS SOB ENCOMENDA; ELABORAÇÃO DE || PROGRAMAS DE COMPUTADOR SOB ENCOMENDA; ELABORAÇÃO DE || PROGRAMAS DE INFORMÁTICA SOB ENCOMENDA; DESENVOLVIMENTO, PRODUÇÃO, DOCUMENTAÇÃO DE || PROGRAMAS DE INFORMÁTICA SOB ENCOMENDA; ELABORAÇÃO DE || PROGRAMAÇÃO COM O USO DE LINGUAGENS DE PROGRAMAÇÃO; ATIVIDADES DE || PROGRAMAÇÃO DE SISTEMAS INFORMÁTICOS SOB ENCOMENDA; SERVIÇOS DE || SOFTWARE DE BANCO DE DADOS SOB ENCOMENDA; PRODUÇÃO, CRIAÇÃO, DESENVOLVIMENTO DE || SOFTWARE SOB ENCOMENDA; DESENVOLVIMENTO, PRODUÇÃO DE || TRADUÇÃO DE SOFTWARE; SERVIÇOS DE","6201502|6202300|6203100|6204000|6209100","OK","","","nao-ratificado"
"6201-5/02","6201502","WEB DESIGN","Atende","Sim","Não","III|V","III:De 6% até 33%|V:De 15,5% até 30,5%","Sim","J","INFORMAÇÃO E COMUNICAÇÃO","62","ATIVIDADES DOS SERVIÇOS DE TECNOLOGIA DA INFORMAÇÃO","620","ATIVIDADES DOS SERVIÇOS DE TECNOLOGIA DA INFORMAÇÃO","62015","DESENVOLVIMENTO DE PROGRAMAS DE COMPUTADOR SOB ENCOMENDA","o desenvolvimento/criação de interfaces para a internet (web design)","o desenvolvimento e licenciamento de programas de computador customizáveis (6202-3/00) || o desenvolvimento e licenciamento de programas de computador não-customizáveis (6203-1/00) || os serviços de customização dos programas de computador (6204-0/00) || os serviços de design gráfico (7410-2/99)","EDIÇÃO DE SITE; SERVIÇOS DE || PORTAIS NA INTERNET; CONFECÇÃO DE, DESENVOLVIMENTO DE, CRIAÇÃO DE, SERVIÇOS DE || PÁGINAS NA INTERNET; CONFECÇÃO DE, DESENVOLVIMENTO DE, CRIAÇÃO DE, SERVIÇOS DE || WEB DESIGN; DESENVOLVIMENTO, CRIAÇÃO DE INTERFACES PARA A INTERNET","6201501|6202300|6203100|6204000|6209100","OK","","","nao-ratificado"
"6202-3/00","6202300","DESENVOLVIMENTO E LICENCIAMENTO DE PROGRAMAS DE COMPUTADOR CUSTOMIZÁVEIS","Atende","Sim","Não","III|V","III:De 6% até 33%|V:De 15,5% até 30,5%","Sim","J","INFORMAÇÃO E COMUNICAÇÃO","62","ATIVIDADES DOS SERVIÇOS DE TECNOLOGIA DA INFORMAÇÃO","620","ATIVIDADES DOS SERVIÇOS DE TECNOLOGIA DA INFORMAÇÃO","62023","DESENVOLVIMENTO E LICENCIAMENTO DE PROGRAMAS DE COMPUTADOR CUSTOMIZÁVEIS","o desenvolvimento de sistemas ou programas de computador (software) que permitem a realização de customizações (adaptações às necessidades específicas de um cliente ou mercado particular) || o licenciamento ou a outorga de autorização de uso dos programas de computador customizáveis; este licenciamento é freqüentemente obtido através da própria empresa que os desenvolveu ou de seus representantes","a produção de programas de computador sob encomenda (6201-5/01) || o desenvolvimento e licenciamento de programas de computador não-customizáveis (6203-1/00) || os serviços de customização dos programas de computador (6204-0/00)","CESSÃO DE DIREITO DE USO DE PROGRAMAS DE COMPUTADOR CUSTOMIZÁVEIS; SERVIÇOS DE || CESSÃO DE DIREITO DE USO DE SOFTWARE CUSTOMIZÁVEL; SERVIÇOS DE || PROGRAMAS DE COMPUTADOR CUSTOMIZÁVEIS; DESENVOLVIMENTO DE || PROGRAMAS DE COMPUTADOR CUSTOMIZÁVEIS; LICENCIAMENTO DE || PROGRAMAS DE INFORMÁTICA CUSTOMIZÁVEIS; DESENVOLVIMENTO DE || PROGRAMAS DE INFORMÁTICA CUSTOMIZÁVEIS; LICENCIAMENTO DE || SOFTWARE CUSTOMIZÁVEIS; DESENVOLVIMENTO DE || SOFTWARE CUSTOMIZÁVEIS; LICENCIAMENTO DE || SOFTWARE CUSTOMIZÁVEIS; REPRESENTAÇÃO DE","6201501|6201502|6203100|6204000|6209100","OK","","","nao-ratificado"
"6203-1/00","6203100","DESENVOLVIMENTO E LICENCIAMENTO DE PROGRAMAS DE COMPUTADOR NÃO CUSTOMIZÁVEIS","Atende","Sim","Não","III|V","III:De 6% até 33%|V:De 15,5% até 30,5%","Sim","J","INFORMAÇÃO E COMUNICAÇÃO","62","ATIVIDADES DOS SERVIÇOS DE TECNOLOGIA DA INFORMAÇÃO","620","ATIVIDADES DOS SERVIÇOS DE TECNOLOGIA DA INFORMAÇÃO","62031","DESENVOLVIMENTO E LICENCIAMENTO DE PROGRAMAS DE COMPUTADOR NÃO CUSTOMIZÁVEIS","o desenvolvimento de sistemas ou programas de computador que não permitem customizações (adaptações às necessidades específicas de um cliente ou mercado particular). Esses programas são, em geral, adquiridos no comércio, embora possam ser também obtidos diretamente da empresa que os desenvolveu ou através de seus distribuidores e representantes, como, por exemplo: || #- sistemas operacionais || #- aplicativos para empresas e para outras finalidades || #- jogos de computador para todas as plataformas || o licenciamento ou a outorga de autorização de uso dos programas de computador não-customizáveis || os distribuidores autorizados de programas de computador não-customizáveis, que são responsáveis pela concessão e regularização de licenças para uso, treinamento, etc.","a reprodução de programas de computador (software) em qualquer suporte (1830-0/03) || o comércio varejista de programas de computador não-customizáveis (4751-2/00) || o desenvolvimento de programas de computador sob encomenda (6201-5/01) || o desenvolvimento e licenciamento de programas de computador customizáveis (6202-3/00) || o acesso a programas de computador pela internet (6319-4/00)","APLICATIVOS E PROGRAMAS DE COMPUTADOR NÃO-CUSTOMIZÁVEIS; LICENCIAMENTO DE || APLICATIVOS E PROGRAMAS DE COMPUTADOR NÃO-CUSTOMIZÁVEIS; PRODUÇÃO, DESENVOLVIMENTO DE || APLICATIVOS E PROGRAMAS DE COMPUTADOR NÃO-CUSTOMIZÁVEIS; REPRESENTAÇÃO DE || JOGOS DE COMPUTADOR PARA TODAS AS PLATAFORMAS; DESENVOLVIMENTO DE || PROGRAMAS DE INFORMÁTICA NÃO-CUSTOMIZÁVEIS; LICENCIAMENTO DE || PROGRAMAS DE INFORMÁTICA NÃO-CUSTOMIZÁVEIS; PRODUÇÃO, DESENVOLVIMENTO DE || PROGRAMAS DE INFORMÁTICA NÃO-CUSTOMIZÁVEIS; REPRESENTAÇÃO DE || SISTEMAS OPERACIONAIS; DESENVOLVIMENTO DE || SOFTWARE NÃO-CUSTOMIZÁVEIS; DESENVOLVIMENTO DE || SOFTWARE NÃO-CUSTOMIZÁVEIS; LICENCIAMENTO DE","6201501|6201502|6202300|6204000|6209100","OK","","","nao-ratificado"
"6204-0/00","6204000","CONSULTORIA EM TECNOLOGIA DA INFORMAÇÃO","Atende","Sim","Não","III|V","III:De 6% até 33%|V:De 15,5% até 30,5%","Sim","J","INFORMAÇÃO E COMUNICAÇÃO","62","ATIVIDADES DOS SERVIÇOS DE TECNOLOGIA DA INFORMAÇÃO","620","ATIVIDADES DOS SERVIÇOS DE TECNOLOGIA DA INFORMAÇÃO","62040","CONSULTORIA EM TECNOLOGIA DA INFORMAÇÃO","a análise para determinação das necessidades do cliente ou do mercado potencial e a especificação técnica do sistema quanto à definição das funcionalidades e campo de aplicação || os serviços de assessoria para auxiliar o usuário na definição de um sistema quanto aos tipos e configurações de equipamentos de informática (hardware), assim como os programas de computador (software) correspondentes e suas aplicações, redes e comunicação, etc. || o acompanhamento, gerência e fiscalização de projetos de informática, ou seja, a coordenação de atividades envolvidas na definição, implantação e operacionalização de projetos destinados à informatização de um determinado segmento || a consultoria para integração de sistemas e soluções, ou seja, atividades de estruturação e operacionalização de uma solução final funcional, a partir da união de diferentes sistemas, mantendo suas características essenciais || atividades de atualização de websites, isto é, atividades de inserção e retirada de informações, atualização de arquivos, banco de dados, inserção de banners e links, etc. || os serviços de customização de programas de computador customizáveis, ou seja, atividades que consistem em adaptar as necessidades do usuário às telas, terminologias, tabelas e a outras características inerentes ao sistema","a assessoria em informática associada à venda de computadores e periféricos (4751-2/01) e (4651-6/01) || o desenvolvimento de programas de computador sob encomenda (6201-5/01)","ASSESSORIA EM SOFTWARE, PROGRAMAS DE INFORMÁTICA || ASSESSORIA PARA COMPRA E INSTALAÇÃO DE PERIFÉRICOS || ASSESSORIA, CONSULTORIA EM INFORMÁTICA || ASSESSORIA, CONSULTORIA EM SISTEMAS DE INFORMÁTICA || AUDITORIA DE SISTEMAS DE INFORMÁTICA; SERVIÇOS DE || CONSULTORIA EM ANÁLISE DE SISTEMAS || CONSULTORIA EM HARDWARE E SOFTWARE || CONSULTORIA EM INFORMÁTICA || CONSULTORIA EM PROGRAMAS DE COMPUTADOR || CONSULTORIA EM TECNOLOGIA DA INFORMAÇÃO || CONSULTORIA TÉCNICA EM INFORMÁTICA; SERVIÇOS DE || CUSTOMIZAÇÃO DE PROGRAMAS DE COMPUTADOR || CUSTOMIZAÇÃO DE SOFTWARE || GATEWAY (PONTE DE LIGAÇÃO), SISTEMA INTERMEDIÁRIO (SOFTWARE) DE INTERLIGAÇÃO DE REDES COMERCIAIS; SERVIÇOS DE || HARDWARE; ASSESSORIA EM || HARDWARE; CONSULTORIA EM || PROJETOS PARA INSTALAÇÕES DE REDE; DESENVOLVIMENTO DE || SOFTWARE, PROGRAMAS DE INFORMÁTICA, SOB ENCOMENDA; ATUALIZAÇÃO DE || SOFTWARE, PROGRAMAS DE INFORMÁTICA; ASSESSORIA EM","6201501|6201502|6202300|6203100|6209100","OK","","","nao-ratificado"
"6209-1/00","6209100","SUPORTE TÉCNICO, MANUTENÇÃO E OUTROS SERVIÇOS EM TECNOLOGIA DA INFORMAÇÃO","Atende","Sim","Não","III|V","III:De 6% até 33%|V:De 15,5% até 30,5%","Sim","J","INFORMAÇÃO E COMUNICAÇÃO","62","ATIVIDADES DOS SERVIÇOS DE TECNOLOGIA DA INFORMAÇÃO","620","ATIVIDADES DOS SERVIÇOS DE TECNOLOGIA DA INFORMAÇÃO","62091","SUPORTE TÉCNICO, MANUTENÇÃO E OUTROS SERVIÇOS EM TECNOLOGIA DA INFORMAÇÃO","as atividades de assessoramento ao usuário na utilização de sistemas, remotamente ou em suas instalações, de modo a superar qualquer perda de performance ou dificuldade de utilização (help-desk) || as atividades voltadas para solucionar os problemas que dificultem a navegabilidade entre as páginas ou impeçam o usuário da plena utilização do website || a recuperação de panes informáticas || o serviço de instalação de equipamentos de informática e programas de computador || a manutenção em tecnologias da informação, ou seja, a disponibilização para o usuário final de modificações necessárias ao sistema para atender a alterações técnicas, aprimorar os recursos, funções e características técnicas dos programas e para corrigir falhas no sistema","a assessoria em informática associada à venda de computadores e periféricos (47.51-2) e (46.51-6) || o desenvolvimento de programas de computador sob encomenda (6201-5/01) || os serviços de customização dos programas de computador (6204-0/00) || a reparação e manutenção de computadores e equipamentos periféricos (9511-8/00)","APOIO NA CONFIGURAÇÃO DE EQUIPAMENTOS, INSTALAÇÃO E USO DE APLICATIVOS INFORMÁTICOS; SERVIÇOS DE || CONFIGURAÇÃO DE EQUIPAMENTOS DE INFORMÁTICA; SERVIÇOS DE APOIO A CLIENTES || HELP-DESK; SERVIÇOS DE APOIO A CLIENTES || INSTALAÇÃO DE EQUIPAMENTOS DE INFORMÁTICA (HARDWARE) E PROGRAMAS DE COMPUTADOR; SERVIÇOS DE || INSTALAÇÃO DE SOFTWARE; SERVIÇOS DE || MANUTENÇÃO DE PROGRAMAS DE INFORMÁTICA; SERVIÇOS DE || MANUTENÇÃO DE SISTEMAS INFORMÁTICOS; SERVIÇOS DE || MANUTENÇÃO EM TECNOLOGIA DA INFORMAÇÃO (INFORMÁTICA); SERVIÇOS DE || PANES INFORMÁTICAS; RECUPERAÇÃO DE || RECUPERAÇÃO DE DADOS, ARQUIVOS; SERVIÇOS DE || RECUPERAÇÃO DE PANES EM PROGRAMAS DE INFORMÁTICA; SERVIÇOS DE || SEGURANÇA EM INFORMÁTICA, ANTIVÍRUS, CRIPTOGRAFIA, AUTENTICAÇÃO, DETECÇÃO DE HACKERS; SERVIÇOS DE || SEGURANÇA EM TECNOLOGIA DA INFORMAÇÃO (INFORMÁTICA); SERVIÇOS DE || SUPORTE TÉCNICO EM TECNOLOGIA DA INFORMAÇÃO (INFORMÁTICA); SERVIÇOS DE","6201501|6201502|6202300|6203100|6204000","OK","","","nao-ratificado"
"6311-9/00","6311900","TRATAMENTO DE DADOS, PROVEDORES DE SERVIÇOS DE APLICAÇÃO E SERVIÇOS DE HOSPEDAGEM NA INTERNET","Atende","Sim","Não","III|V","III:De 6% até 33%|V:De 15,5% até 30,5%","Sim","J","INFORMAÇÃO E COMUNICAÇÃO","63","ATIVIDADES DE PRESTAÇÃO DE SERVIÇOS DE INFORMAÇÃO","631","TRATAMENTO DE DADOS, HOSPEDAGEM NA INTERNET E OUTRAS ATIVIDADES RELACIONADAS","63119","TRATAMENTO DE DADOS, PROVEDORES DE SERVIÇOS DE APLICAÇÃO E SERVIÇOS DE HOSPEDAGEM NA INTERNET","as atividades de disponibilização de infra-estrutura para os serviços de tratamento de dados, hospedagem na internet e outras atividades relacionadas, como: || #- a hospedagem de aplicações ou serviços de transferência contínua de som e imagem através da internet || #- a hospedagem de páginas da internet (webhosting) || #- os serviços de compartilhamento de computadores || as atividades de tratamento de dados a partir dos dados fornecidos pelos clientes, como: || #- o processamento de dados com a respectiva emissão de relatórios e críticas || #- a gestão de bancos de dados de terceiros, permitindo a produção de listagens, de tabulações e a realização de consultas || #- os serviços de entrada de dados para processamento || #- as atividades de escaneamento e leitura ótica de documentos","o desenvolvimento de programas de computador sob encomenda (6201-5/00) || o desenvolvimento e licenciamento de programas de computador customizáveis (6202-3/00) || o desenvolvimento e licenciamento de programas de computador não-customizáveis (6203-1/00) || o aluguel de computadores e periféricos (7733-1/00) || os serviços de digitação para edição de textos (8219-9/99) || os provedores de acesso às redes de comunicações (6190-6/01) || os provedores de voz sobre protocolo internet – VOIP (6190-6/02) || os portais e provedores de conteúdo (6319-4/00)","ALUGUEL DE HORA EM COMPUTADOR || BANCO DE DADOS DE TERCEIROS; GESTÃO DE || BANCO DE DADOS; PRODUÇÃO DE LISTAGENS, TABULAÇÕES, CONSULTAS || BANCOS DE DADOS DE TERCEIROS; GESTÃO E OPERAÇÃO DE || COMPUTADORES; SERVIÇOS DE COMPARTILHAMENTO DE || CPD; SERVIÇOS DE || DIGITALIZAÇÃO PARA ENTRADA DE DADOS || DIGITAÇÃO DE DADOS PARA PROCESSAMENTO; SERVIÇOS DE || ENTRADA DE DADOS PARA PROCESSAMENTO; SERVIÇOS DE || ESCANEAMENTO E LEITURA ÓTICA DE DOCUMENTOS (DIGITALIZAÇÃO DE DOCUMENTOS); ATIVIDADES DE || HOSPEDAGEM DE DADOS NA INTERNET; SERVIÇOS DE || HOSPEDAGEM DE PÁGINAS, SITES - WEB HOSTING; SERVIÇOS DE || HOSPEDAGEM NA INTERNET - WEB HOSTING; SERVIÇOS DE || INSTALAÇÕES INFORMÁTICAS; USO COMPARTILHADO DE || PROCESSAMENTO DE DADOS DE TERCEIROS; GESTÃO E OPERAÇÃO DE EQUIPAMENTOS DE || PROCESSAMENTO DE DADOS; SERVIÇOS DE || PROCESSAMENTO E ARMAZENAMENTO DE MÍDIA ELETRÔNICA; SERVIÇOS DE || PROCESSAMENTO E GUARDA DE DOCUMENTOS NA FORMA ELETRÔNICA; SERVIÇOS DE || TRANSCRIÇÃO DE DADOS PARA PROCESSAMENTO; SERVIÇOS DE || TRATAMENTO DE DADOS PARA PROCESSAMENTO || WEB HOSTING; SERVIÇOS DE HOSPEDAGEM DE SITES","6319400|6391700|6399200","OK","","","nao-ratificado"
"6319-4/00","6319400","PORTAIS, PROVEDORES DE CONTEÚDO E OUTROS SERVIÇOS DE INFORMAÇÃO NA INTERNET","Atende","Sim","Não","III|V","III:De 6% até 33%|V:De 15,5% até 30,5%","Sim","J","INFORMAÇÃO E COMUNICAÇÃO","63","ATIVIDADES DE PRESTAÇÃO DE SERVIÇOS DE INFORMAÇÃO","631","TRATAMENTO DE DADOS, HOSPEDAGEM NA INTERNET E OUTRAS ATIVIDADES RELACIONADAS","63194","PORTAIS, PROVEDORES DE CONTEÚDO E OUTROS SERVIÇOS DE INFORMAÇÃO NA INTERNET","a operação de páginas de internet (websites) ou de ferramentas de busca (search engine) para gerar e manter grandes bases de dados de endereços e conteúdos de internet || a operação de portais da internet que atualizam periodicamente seu conteúdo, como, por exemplo, os dos meios de comunicação || as atividades para certificação digital || as páginas de entretenimento (jogos) na internet, exceto jogos de azar || as páginas de publicidade na internet || o acesso a programas na internet || os serviços de disponibilização de música através da internet || os serviços de e-mail","a edição de livros, jornais, revistas, etc. (divisão 58) || os provedores de acesso às redes de comunicações (6190-6/01) || o desenho de páginas para a internet (6201-5/00) || a operação de jogos de azar e apostas na internet (9200-3/99)","BANCO DE INFORMAÇÃO PARA PESQUISA E ANÁLISE; SERVIÇOS DE || CERTIFICAÇÃO DIGITAL; SERVIÇOS DE || CONSULTA A BANCO DE DADOS; SERVIÇOS DE || DISTRIBUIÇÃO ON LINE DE CONTEÚDO; SERVIÇOS DE || EMISSÃO, EXPEDIÇÃO, DISTRIBUIÇÃO, REVOGAÇÃO E GERENCIAMENTO DE CERTIFICADOS DIGITAIS; SERVIÇO DE || FORNECIMENTO DE BOLETINS METEOROLÓGICOS DISPONÍVEIS NA INTERNET; SERVIÇOS DE || IDENTIFICAÇÃO E CADASTRAMENTO DE USUÁRIOS PARA FINS DE EMISSÃO DE CERTIFICADOS DIGITAIS; SERVIÇO DE || MÚSICA ATRAVÉS DA INTERNET; SERVIÇOS DE DISPONIBILIZAÇÃO DE || OPERAÇÃO DE APLICATIVOS DE CONTEÚDO NA INTERNET; ATIVIDADES DE || OPERAÇÃO DE PLATAFORMAS ONLINE DE REDES SOCIAIS; SERVIÇOS DE || OPERAÇÃO DE PORTAIS DE CONTEÚDO DA INTERNET, ATIVIDADES DE || PORTAIS, PROVEDORES DE CONTEÚDO E OUTROS SERVIÇOS DE INFORMAÇÃO NA INTERNET; OPERAÇÕES DE || PORTAL DE BUSCA DA WEB; SERVIÇOS DE || PROVEDORES DE E-MAIL; SERVIÇOS DE || PÁGINA DE PUBLICIDADE NA INTERNET || PÁGINAS DE ENTRETENIMENTO NA INTERNET, EXCETO JOGOS DE AZAR; OPERAÇÃO DE || SEARCH ENGINE; ATIVIDADE DE || SITE DE BUSCA NA INTERNET || SITE DE JOGOS NA INTERNET, EXCETO JOGOS DE AZAR; SERVIÇOS DE || SITES DE PUBLICIDADE NA INTERNET || STREAMING DE ÁUDIO E VÍDEO PELA INTERNET; SERVIÇOS DE","6311900|6391700|6399200","OK","","","nao-ratificado"
"6391-7/00","6391700","AGÊNCIAS DE NOTÍCIAS","Atende","Sim","Não","III","III:De 6% até 33%","Não","J","INFORMAÇÃO E COMUNICAÇÃO","63","ATIVIDADES DE PRESTAÇÃO DE SERVIÇOS DE INFORMAÇÃO","639","OUTRAS ATIVIDADES DE PRESTAÇÃO DE SERVIÇOS DE INFORMAÇÃO","63917","AGÊNCIAS DE NOTÍCIAS","a atividade de agências de notícias cuja função é a coleta, síntese e difusão de materiais para os meios de comunicação (textos, fotos, filmes, etc.)","as atividades dos fotógrafos independentes (7420-0/01) || as atividades de jornalistas independentes (9002-7/01)","AGENCIAMENTO DE NOTÍCIAS; SERVIÇOS DE || AGÊNCIA DE NOTÍCIAS; SERVIÇOS DE || DISTRIBUIÇÃO DE MATERIAL DE IMPRENSA; SERVIÇOS DE || DISTRIBUIÇÃO DE MATÉRIA NOTICIOSA; SERVIÇOS DE || DIVULGAÇÃO DE NOTÍCIAS; SERVIÇOS DE","6311900|6319400|6399200","OK","","","nao-ratificado"
"6399-2/00","6399200","OUTRAS ATIVIDADES DE PRESTAÇÃO DE SERVIÇOS DE INFORMAÇÃO NÃO ESPECIFICADAS ANTERIORMENTE","Atende","Sim","Sim","III","III:De 6% até 33%","Não","J","INFORMAÇÃO E COMUNICAÇÃO","63","ATIVIDADES DE PRESTAÇÃO DE SERVIÇOS DE INFORMAÇÃO","639","OUTRAS ATIVIDADES DE PRESTAÇÃO DE SERVIÇOS DE INFORMAÇÃO","63992","OUTRAS ATIVIDADES DE PRESTAÇÃO DE SERVIÇOS DE INFORMAÇÃO NÃO ESPECIFICADAS ANTERIORMENTE","as demais atividades de prestação de serviços de informação não especificadas anteriormente, como: || #- os serviços de informação telefônica || #- os serviços de levantamento de informações realizados por contrato ou por comissão || #- os serviços de resumos de notícias (clipping)","as atividades de checking de publicidade (7320-3/00) || as pesquisas de mercado e de opinião pública (7320-3/00) || as atividades de teleatendimento (call centers) (8220-2/00) || a reparação e manutenção de computadores e equipamentos periféricos (9511-8/00)","CLIPAGEM; SERVIÇOS DE || CLIPPING; SERVIÇOS DE || LEVANTAMENTO DE INFORMAÇÕES POR CONTRATO OU COMISSÃO; SERVIÇOS DE || RECORTE DE DIÁRIO OFICIAL; SERVIÇOS DE || RECORTES DE JORNAL, NOTÍCIAS; SERVIÇOS DE || SERVIÇOS DE INFORMAÇÃO TELEFÔNICA","6311900|6319400|6391700","OK","","","nao-ratificado"
"6612-6/05","6612605","AGENTES DE INVESTIMENTOS EM APLICAÇÕES FINANCEIRAS","Atende","Não","Não","","","Não","K","ATIVIDADES FINANCEIRAS, DE SEGUROS E SERVIÇOS RELACIONADOS","66","ATIVIDADES AUXILIARES DOS SERVIÇOS FINANCEIROS, SEGUROS, PREVIDÊNCIA COMPLEMENTAR E PLANOS DE SAÚDE","661","ATIVIDADES AUXILIARES DOS SERVIÇOS FINANCEIROS","66126","ATIVIDADES DE INTERMEDIÁRIOS EM TRANSAÇÕES DE TÍTULOS, VALORES MOBILIÁRIOS E MERCADORIAS","as atividades de distribuição e intermediação de títulos, valores mobiliários, quotas de fundos de investimentos e derivativos sob a responsabilidade e como preposto das instituições integrantes do sistema de distribuição de valores mobiliários. São atividades exercidas por pessoa natural ou jurídica uniprofissional (agente autônomo de investimento)","","AGENTE AUTÔNOMO DE INVESTIMENTO || AGENTE PREPOSTO DE DISTRIBUIDORAS DE VALORES || CONSULTORIA EM INVESTIMENTOS FINANCEIROS; SERVIÇOS DE || CORRETOR AUTÔNOMO DE TÍTULOS MOBILIÁRIOS LASTREADOS EM COMMODITIES; SERVIÇOS DE","6611801|6611802|6611803|6611804|6612601|6612602|6612603|6612604|6613400|6619301|6619302|6619303|6619304|6619305|6619399|6621501|6621502|6622300|6629100|6630400","REVISAR","sem-anexos;anexo-pendente-larissa","anexo do Simples ausente na Contabilizei e inexistente no IBGE (classificação ≠ tributação); pendente Larissa","nao-ratificado"
"6619-3/02","6619302","CORRESPONDENTES DE INSTITUIÇÕES FINANCEIRAS","Atende","Sim","Não","III|V","III:De 6% até 33%|V:De 15,5% até 30,5%","Sim","K","ATIVIDADES FINANCEIRAS, DE SEGUROS E SERVIÇOS RELACIONADOS","66","ATIVIDADES AUXILIARES DOS SERVIÇOS FINANCEIROS, SEGUROS, PREVIDÊNCIA COMPLEMENTAR E PLANOS DE SAÚDE","661","ATIVIDADES AUXILIARES DOS SERVIÇOS FINANCEIROS","66193","ATIVIDADES AUXILIARES DOS SERVIÇOS FINANCEIROS NÃO ESPECIFICADAS ANTERIORMENTE","as atividades de recebimento de depósitos e pagamentos de títulos sob contrato de instituições financeiras","as casas lotéricas (8299-7/06) || as atividades de Correio (grupo 53.1)","CORRESPONDENTES BANCÁRIOS || CORRESPONDENTES DE INSTITUIÇÕES FINANCEIRAS || SERVIÇOS DE RECEBIMENTO DE CONTAS EM NOME DE INSTITUIÇÃO FINANCEIRA","6611801|6611802|6611803|6611804|6612601|6612602|6612603|6612604|6612605|6613400|6619301|6619303|6619304|6619305|6619399|6621501|6621502|6622300|6629100|6630400","OK","","","nao-ratificado"
"6621-5/01","6621501","PERITOS E AVALIADORES DE SEGUROS","Atende","Sim","Não","III|V","III:De 6% até 33%|V:De 15,5% até 30,5%","Sim","K","ATIVIDADES FINANCEIRAS, DE SEGUROS E SERVIÇOS RELACIONADOS","66","ATIVIDADES AUXILIARES DOS SERVIÇOS FINANCEIROS, SEGUROS, PREVIDÊNCIA COMPLEMENTAR E PLANOS DE SAÚDE","662","ATIVIDADES AUXILIARES DOS SEGUROS, DA PREVIDÊNCIA COMPLEMENTAR E DOS PLANOS DE SAÚDE","66215","AVALIAÇÃO DE RISCOS E PERDAS","as atividades de peritos e avaliadores de seguros (encarregados da avaliação de prejuízos ou riscos)","","ANALISTA DE SEGUROS || ESPECIALISTA EM AVALIAÇÃO DE SEGUROS || INSPEÇÃO DE RISCO PARA EMPRESAS DE SEGUROS; SERVIÇOS DE || INSPEÇÃO DE SINISTRO; SERVIÇOS DE || PERITO E AVALIADOR DE SEGUROS || PERITO; ENCARREGADO NA AVALIAÇÃO DE PREJUÍZOS OU RISCOS || PERÍCIA DE SINISTRO; SERVIÇOS DE || PERÍCIA E AUDITORIA DE SEGUROS DE SAÚDE; SERVIÇOS DE","6611801|6611802|6611803|6611804|6612601|6612602|6612603|6612604|6612605|6613400|6619301|6619302|6619303|6619304|6619305|6619399|6621502|6622300|6629100|6630400","OK","","","nao-ratificado"
"6621-5/02","6621502","AUDITORIA E CONSULTORIA ATUARIAL","Atende","Sim","Não","III|V","III:De 6% até 33%|V:De 15,5% até 30,5%","Sim","K","ATIVIDADES FINANCEIRAS, DE SEGUROS E SERVIÇOS RELACIONADOS","66","ATIVIDADES AUXILIARES DOS SERVIÇOS FINANCEIROS, SEGUROS, PREVIDÊNCIA COMPLEMENTAR E PLANOS DE SAÚDE","662","ATIVIDADES AUXILIARES DOS SEGUROS, DA PREVIDÊNCIA COMPLEMENTAR E DOS PLANOS DE SAÚDE","66215","AVALIAÇÃO DE RISCOS E PERDAS","as atividades de auditoria e consultoria atuarial de empresas de seguros","","ASSESSORIA ATUARIAL; SERVIÇOS DE || AUDITORIA E CONSULTORIA ATUARIAL; SERVIÇOS DE || CONSULTORIA ATUARIAL || SERVIÇOS DE CÁLCULOS ATUARIAIS || SERVIÇOS DE CÁLCULOS DE VALORES ATUARIAIS","6611801|6611802|6611803|6611804|6612601|6612602|6612603|6612604|6612605|6613400|6619301|6619302|6619303|6619304|6619305|6619399|6621501|6622300|6629100|6630400","OK","","","nao-ratificado"
"6622-3/00","6622300","CORRETORES E AGENTES DE SEGUROS, DE PLANOS DE PREVIDÊNCIA COMPLEMENTAR E DE SAÚDE","Atende","Sim","Não","III|V","III:De 6% até 33%|V:De 15,5% até 30,5%","Sim","K","ATIVIDADES FINANCEIRAS, DE SEGUROS E SERVIÇOS RELACIONADOS","66","ATIVIDADES AUXILIARES DOS SERVIÇOS FINANCEIROS, SEGUROS, PREVIDÊNCIA COMPLEMENTAR E PLANOS DE SAÚDE","662","ATIVIDADES AUXILIARES DOS SEGUROS, DA PREVIDÊNCIA COMPLEMENTAR E DOS PLANOS DE SAÚDE","66223","CORRETORES E AGENTES DE SEGUROS, DE PLANOS DE PREVIDÊNCIA COMPLEMENTAR E DE SAÚDE","as atividades dos agentes e corretores de seguros, de planos de previdência complementar e de saúde","","AGENTE E CORRETOR DE PLANOS DE PREVIDÊNCIA COMPLEMENTAR; SERVIÇOS DE || AGENTE E CORRETOR DE PLANOS DE PREVIDÊNCIA PRIVADA; SERVIÇOS DE || AGENTE E CORRETOR DE PLANOS DE SAÚDE; SERVIÇOS DE || AGENTE E CORRETOR DE SEGUROS; SERVIÇOS DE || COMISSÃO NA VENDA DE SEGUROS; SERVIÇOS DE || CORRETAGEM DE SEGUROS; SERVIÇOS DE || CORRETOR DE PLANO DE AUXÍLIO FUNERAL || CORRETOR DE PLANOS DE SAÚDE PARA ANIMAIS || CORRETOR DE RESSEGUROS || CORRETOR DE SEGURO DE VIDA || CORRETOR DE SEGURO-SAÚDE || CORRETORA DE PLANOS DE SAÚDE || CORRETORA DE SEGUROS || ESTIPULANTE DE SEGUROS; SERVIÇOS DE || PLANOS DE PREVIDÊNCIA COMPLEMENTAR; INTERMEDIÁRIO DE || PLANOS DE PREVIDÊNCIA PRIVADA; INTERMEDIÁRIO DE || PLANOS DE SAÚDE; CORRETOR || PLANOS DE SAÚDE; INTERMEDIÁRIO DE || PREVIDÊNCIA COMPLEMENTAR; CORRETOR || PREVIDÊNCIA PRIVADA; CORRETOR || SEGUROS; CORRETOR || SEGUROS; INTERMEDIÁRIO DE || SOCIEDADE CORRETORA DE SEGUROS || VENDA DE PLANO DE ASSISTÊNCIA MÉDICA; SERVIÇOS DE || VENDA DE PLANO DE PREVIDÊNCIA; SERVIÇOS DE || VENDA DE PLANO DE SAÚDE PARA ANIMAIS || VENDA DE PLANO ODONTOLÓGICO; SERVIÇOS DE || VENDA DE PLANOS DE SAÚDE PARA ANIMAIS || VENDA DE SEGUROS; SERVIÇOS DE","6611801|6611802|6611803|6611804|6612601|6612602|6612603|6612604|6612605|6613400|6619301|6619302|6619303|6619304|6619305|6619399|6621501|6621502|6629100|6630400","OK","","","nao-ratificado"
"6629-1/00","6629100","ATIVIDADES AUXILIARES DOS SEGUROS, DA PREVIDÊNCIA COMPLEMENTAR E DOS PLANOS DE SAÚDE NÃO ESPECIFICADAS ANTERIORMENTE","Atende","Sim","Não","III|V","III:De 6% até 33%|V:De 15,5% até 30,5%","Sim","K","ATIVIDADES FINANCEIRAS, DE SEGUROS E SERVIÇOS RELACIONADOS","66","ATIVIDADES AUXILIARES DOS SERVIÇOS FINANCEIROS, SEGUROS, PREVIDÊNCIA COMPLEMENTAR E PLANOS DE SAÚDE","662","ATIVIDADES AUXILIARES DOS SEGUROS, DA PREVIDÊNCIA COMPLEMENTAR E DOS PLANOS DE SAÚDE","66291","ATIVIDADES AUXILIARES DOS SEGUROS, DA PREVIDÊNCIA COMPLEMENTAR E DOS PLANOS DE SAÚDE NÃO ESPECIFICADAS ANTERIORMENTE","as atividades das sociedades e agentes autônomos estreitamente vinculados às atividades de seguros, resseguros, previdência complementar e planos de saúde, sem exercerem diretamente sua gestão, tais como: || #- a administração de objetos recuperados || #- os serviços de assistência a segurados em questão de seguros em geral || a atividade de intermediação entre operadoras de planos de saúde e empresas conveniadas (hospitais, clínicas, laboratórios, etc.)","as atividades de auditoria e consultoria atuarial (6621-5/02)","ASSISTÊNCIA A SEGURADOS EM QUESTÃO DE SEGUROS EM GERAL; SERVIÇOS DE || INTERMEDIAÇÃO ENTRE OPERADORAS DE PLANOS DE SAÚDE E EMPRESAS CONVENIADAS (HOSPITAIS, CLÍNICAS, ETC.); SERVIÇOS DE || OBJETOS RECUPERADOS; ADMINISTRAÇÃO DE","6611801|6611802|6611803|6611804|6612601|6612602|6612603|6612604|6612605|6613400|6619301|6619302|6619303|6619304|6619305|6619399|6621501|6621502|6622300|6630400","OK","","","nao-ratificado"
"6821-8/01","6821801","CORRETAGEM NA COMPRA E VENDA E AVALIAÇÃO DE IMÓVEIS","Atende","Sim","Não","III|V","III:De 6% até 33%|V:De 15,5% até 30,5%","Sim","L","ATIVIDADES IMOBILIÁRIAS","68","ATIVIDADES IMOBILIÁRIAS","682","ATIVIDADES IMOBILIÁRIAS POR CONTRATO OU COMISSÃO","68218","INTERMEDIAÇÃO NA COMPRA, VENDA E ALUGUEL DE IMÓVEIS","a intermediação na compra, venda de imóveis e terrenos por agentes e corretores imobiliários sob contrato || a avaliação de imóveis para qualquer finalidade","as atividades jurídicas (grupo 69.1) || os serviços combinados para apoio a edifícios (8111-7/00) || os condomínios prediais (8112-5/00)","CONSULTORIA EM INTERMEDIAÇÕES IMOBILIÁRIAS; SERVIÇOS DE || AGENTE IMOBILIÁRIO; SERVIÇOS DE || AVALIADOR IMOBILIÁRIO; SERVIÇOS DE || AVALIAÇÃO DE IMÓVEIS; SERVIÇOS DE || AVALIAÇÃO DO VALOR DE IMÓVEIS; SERVIÇOS DE || AVALIAÇÃO IMOBILIÁRIA; SERVIÇOS DE || AVALIAÇÃO PATRIMONIAL DE IMÓVEIS; SERVIÇOS DE || COMISSÃO SOBRE IMÓVEIS DE TERCEIROS || COMPRA E VENDA DE IMÓVEIS DE TERCEIROS; SERVIÇOS DE || CORRETAGEM DE IMÓVEIS; SERVIÇOS DE || CORRETOR DE IMÓVEIS; SERVIÇOS DE || CORRETOR IMOBILIÁRIO; SERVIÇOS DE || ELABORAÇÃO DE PARECER DE AVALIAÇÃO DE VALOR DE MERCADO DE IMÓVEIS; SERVIÇOS DE || IMÓVEIS DE TERCEIROS; COMPRA E VENDA DE || INTERMEDIAÇÃO NA COMPRA E VENDA DE IMÓVEIS || TERRENOS, LOTES, DE TERCEIROS; VENDA DE","6810201|6810202|6810203|6821802|6822600","OK","","","nao-ratificado"
"6821-8/02","6821802","CORRETAGEM NO ALUGUEL DE IMÓVEIS","Atende","Sim","Não","III","III:De 6% até 33%","Não","L","ATIVIDADES IMOBILIÁRIAS","68","ATIVIDADES IMOBILIÁRIAS","682","ATIVIDADES IMOBILIÁRIAS POR CONTRATO OU COMISSÃO","68218","INTERMEDIAÇÃO NA COMPRA, VENDA E ALUGUEL DE IMÓVEIS","a atividade de intermediação no aluguel de imóveis de terceiros || os serviços de assessoramento em questões relativas a aluguel de imóveis de terceiros","a gestão e administração da propriedade imobiliária (6822-6/00) || as atividades jurídicas (grupo 69.1) || os serviços combinados para apoio a edifícios (8111-7/00)","ALUGUEL DE IMÓVEIS DE TERCEIROS; ASSESSORAMENTO EM || ALUGUEL DE IMÓVEL DE TERCEIROS; SERVIÇOS DE INTERMEDIAÇÃO DE || ARRENDAMENTO DE IMÓVEIS DE TERCEIROS; SERVIÇOS DE || IMÓVEIS DE TERCEIROS; INTERMEDIAÇÃO NA LOCAÇÃO DE","6810201|6810202|6810203|6821801|6822600","OK","","","nao-ratificado"
"6822-6/00","6822600","GESTÃO E ADMINISTRAÇÃO DA PROPRIEDADE IMOBILIARIA","Atende","Sim","Não","III|V","III:De 6% até 33%|V:De 15,5% até 30,5%","Sim","L","ATIVIDADES IMOBILIÁRIAS","68","ATIVIDADES IMOBILIÁRIAS","682","ATIVIDADES IMOBILIÁRIAS POR CONTRATO OU COMISSÃO","68226","GESTÃO E ADMINISTRAÇÃO DA PROPRIEDADE IMOBILIÁRIA","as atividades das administradoras de imóveis que combinam os serviços de natureza imobiliária com serviços de gerência operacional e administrativa || as atividades de administradoras de shopping centers || as atividades de administração de condomínios prediais","a atividade de intermediação no aluguel de imóveis de terceiros (6821-8/02) || os serviços combinados para apoio a edifícios (8111-7/00) || os condomínios prediais (8112-5/00)","ADMINISTRADORA DE IMÓVEIS DE TERCEIROS || ADMINISTRADORAS DE IMÓVEIS || ADMINISTRAÇÃO DE CONDOMÍNIOS PREDIAIS || ADMINISTRAÇÃO DE CONDOMÍNIOS PREDIAIS, RESIDENCIAIS E COMERCIAIS, POR CONTA DE TERCEIROS || ADMINISTRAÇÃO DE IMÓVEIS DE TERCEIROS || CONDOMÍNIOS PREDIAIS; ADMINISTRAÇÃO DE || GESTÃO DA PROPRIEDADE IMOBILIÁRIA POR CONTA DE TERCEIROS || GESTÃO DE CONDOMÍNIOS, RESIDENCIAIS OU NÃO, POR CONTA DE TERCEIROS || IMOBILIÁRIA; GERÊNCIA OPERACIONAL E ADMINISTRATIVA DE IMÓVEIS DE TERCEIROS || IMÓVEIS ALUGADOS DE TERCEIROS; ADMINISTRAÇÃO DE || IMÓVEIS; GERÊNCIA ADMINISTRATIVA || IMÓVEIS; GERÊNCIA OPERACIONAL || SHOPPING CENTERS; ADMINISTRADORAS DE || SÍNDICO PROFISSIONAL; ATIVIDADES DE","6810201|6810202|6810203|6821801|6821802","OK","","","nao-ratificado"
"6911-7/01","6911701","SERVIÇOS ADVOCATÍCIOS","Atende","Sim","Não","IV","IV:De 4,5% até 33%","Não","M","ATIVIDADES PROFISSIONAIS, CIENTÍFICAS E TÉCNICAS","69","ATIVIDADES JURÍDICAS, DE CONTABILIDADE E DE AUDITORIA","691","ATIVIDADES JURÍDICAS","69117","ATIVIDADES JURÍDICAS, EXCETO CARTÓRIOS","a representação legal dos interesses de uma parte contra outra, diante de tribunais ou de outros órgãos judiciais, realizada por advogado ou sob sua supervisão, tais como: || #- aconselhamento e representação em ações civis || #- aconselhamento e representação em ações criminais || #- aconselhamento e representação em ações administrativas || #- aconselhamento e representação em ações trabalhistas e comerciais || a assessoria geral e aconselhamento e a preparação de documentos jurídicos, tais como: || #- estatutos sociais, escrituras de constituição, contratos de sociedade coletiva ou documentos similares relacionados à formação de sociedades || #- contratos, inventários, etc.","as atividades auxiliares da justiça (6911-7/02) || a atividade de registro de domínio de endereços de internet (6911-7/03) || as atividades dos tribunais de justiça (8423-0/00) || as atividades de segurança e ordem pública (8424-8/00) || as atividades de defesa civil (8425-6/00)","ACONSELHAMENTO E REPRESENTAÇÃO EM AÇÕES ADMINISTRATIVAS; || ACONSELHAMENTO E REPRESENTAÇÃO EM AÇÕES CIVIS; || ACONSELHAMENTO E REPRESENTAÇÃO EM AÇÕES CRIMINAIS; || ACONSELHAMENTO E REPRESENTAÇÃO EM AÇÕES TRABALHISTAS E COMERCIAIS; || ACONSELHAMENTO E REPRESENTAÇÃO EM; SERVIÇOS DE || ADVOCATÍCIOS; SERVIÇOS || ADVOGADO; SERVIÇOS DE || ADVOGADOS; ESCRITÓRIO DE || ASSESSORIA E ASSISTÊNCIA JURÍDICA || ASSISTÊNCIA JURÍDICA EM DIREITOS AUTORAIS || CONSULTORIA EM DIREITO || CONSULTORIA JURÍDICA; ATIVIDADES DE || CONTRATOS, ESCRITURAS, INVENTÁRIOS; PREPARO DE DOCUMENTOS JURÍDICOS || DOCUMENTAÇÃO JURÍDICA; SERVIÇOS DE PREPARO DE || ESCRITÓRIO DE ADVOCACIA || ESCRITÓRIO JURÍDICO; SERVIÇOS DE || ESTATUTOS SOCIAIS,  ESCRITURAS DE CONSTITUIÇÃO DE SOCIEDADES; PREPARO DE DOCUMENTOS JURÍDICOS || REGISTRO DE PATENTES; ASSISTÊNCIA JURÍDICA EM || REPRESENTAÇÃO JURÍDICA EM AÇÕES CIVIS, CRIMINAIS, ADMINISTRATIVAS, TRABALHISTAS E COMERCIAIS","6911702|6911703|6912500|6920601|6920602","OK","","","nao-ratificado"
"6911-7/02","6911702","ATIVIDADES AUXILIARES DA JUSTIÇA","Atende","Não","Não","","","Não","M","ATIVIDADES PROFISSIONAIS, CIENTÍFICAS E TÉCNICAS","69","ATIVIDADES JURÍDICAS, DE CONTABILIDADE E DE AUDITORIA","691","ATIVIDADES JURÍDICAS","69117","ATIVIDADES JURÍDICAS, EXCETO CARTÓRIOS","as atividades auxiliares da justiça, tais como: arbitragem, mediação, perícia judicial, etc.","as atividades dos peritos de seguros (6621-5/01) || os serviços advocatícios (6911-7/01) || os agentes de propriedade industrial (6911-7/03) || as atividades de perícia técnica, relacionadas à contabilidade e à matéria tributária (6920-6/02) || as atividades de perícia técnica relacionadas à engenharia (7112-0/00) || os serviços de perícia técnica relacionados à segurança do trabalho (7119-7/04)","COMISSÃO DE CONCILIAÇÃO PRÉVIA || CÂMARAS DE CONCILIAÇÃO PRÉVIA; GESTÃO E ADMINISTRAÇÃO DE || JUSTIÇA; ATIVIDADE AUXILIAR DA || MEDIAÇÃO E PRÁTICA DE ARBITRAGEM; SERVIÇOS DE || NÚCLEOS DE CONCILIAÇÃO PRÉVIA; GESTÃO, ADMINISTRAÇÃO DE || PERITO JUDICIAL; SERVIÇOS DE || PERÍCIA JUDICIAL; SERVIÇOS DE","6911701|6911703|6912500|6920601|6920602","REVISAR","sem-anexos;anexo-pendente-larissa","anexo do Simples ausente na Contabilizei e inexistente no IBGE (classificação ≠ tributação); pendente Larissa","nao-ratificado"
"6911-7/03","6911703","AGENTE DE PROPRIEDADE INDUSTRIAL","Atende","Sim","Não","III|V","III:De 6% até 33%|V:De 15,5% até 30,5%","Sim","M","ATIVIDADES PROFISSIONAIS, CIENTÍFICAS E TÉCNICAS","69","ATIVIDADES JURÍDICAS, DE CONTABILIDADE E DE AUDITORIA","691","ATIVIDADES JURÍDICAS","69117","ATIVIDADES JURÍDICAS, EXCETO CARTÓRIOS","as atividades ligadas à concessão de patentes e ao registro de marcas, desenhos industriais, contratos de transferência de tecnologia, indicações geográficas e programas de computador || a atividade de registro de domínio de endereços de internet","os serviços advocatícios (6911-7/01) || as atividades auxiliares da justiça (6911-7/02)","AGENTE DA PROPRIEDADE INDUSTRIAL || ASSISTÊNCIA JURÍDICA LIGADA À PROPRIEDADE INDUSTRIAL E INTELECTUAL; SERVIÇOS DE || DESENHOS INDUSTRIAIS; REGISTRO DE || INDICAÇÕES GEOGRÁFICAS; REGISTRO DE || MARCAS E PATENTES; CONCESSÃO DE || MARCAS E PATENTES; REGISTRO DE || MARCAS; REGISTRO DE || PATENTES; REGISTRO DE || PROGRAMAS DE COMPUTADOR; REGISTRO DE || REGISTRO DE DOMÍNIOS DE ENDEREÇOS DE INTERNET; ATIVIDADE DE || REGISTRO DE PROPRIEDADE INTELECTUAL; SERVIÇOS DE || TRANSFERÊNCIA DE TECNOLOGIA; CONTRATOS DE","6911701|6911702|6912500|6920601|6920602","OK","","","nao-ratificado"
"7020-4/00","7020400","ATIVIDADES DE CONSULTORIA EM GESTÃO EMPRESARIAL, EXCETO CONSULTORIA TÉCNICA ESPECÍFICA","Atende","Sim","Não","III|V","III:De 6% até 33%|V:De 15,5% até 30,5%","Sim","M","ATIVIDADES PROFISSIONAIS, CIENTÍFICAS E TÉCNICAS","70","ATIVIDADES DE SEDES DE EMPRESAS E DE CONSULTORIA EM GESTÃO EMPRESARIAL","702","ATIVIDADES DE CONSULTORIA EM GESTÃO EMPRESARIAL","70204","ATIVIDADES DE CONSULTORIA EM GESTÃO EMPRESARIAL","os serviços de assessoria, consultoria, orientação e assistência operacional para a gestão do negócio prestados a empresas e a outras organizações, em matéria de planejamento, organização, reengenharia, controle orçamentário, informação, gestão, etc. || a definição de métodos e procedimentos de contabilidade geral, de contabilidade de custos, de controle de orçamentos || a consultoria para a negociação entre empresas e seus trabalhadores || a consultoria em relações públicas e comunicação, interna e externa || a consultoria em logística de localização","a consultoria em tecnologia da informação (6204-0/00) || as atividades das holdings de instituições financeiras (6461-1/00) || as atividades das holdings de instituições não-financeiras (6462-0/00) || as atividades das sociedades de participação, exceto holdings (6463-8/00) || as atividades de auditoria e consultoria atuarial (6621-5/02) || a atividade de aconselhamento e representação jurídica (6911-7/01) || as atividades de contabilidade (6920-6/01) || as atividades de consultoria e auditoria contábil e tributária (6920-6/02) || as atividades de consultoria de arquitetura, engenharia e outras atividades técnicas relacionadas (grupo 71.1) || as atividades de consultoria em publicidade (7319-0/04) || as atividades de consultoria às atividades agrícolas e pecuárias (7490-1/03) || as atividades de consultoria em meio ambiente (7490-1/99) || as atividades de assessoria e consultoria ao sistema e ao processo educacional (8550-3/02) || as atividades de apoio à gestão de saúde (8660-7/00)","ASSESSORIA CREDITÍCIA; SERVIÇOS DE || ASSESSORIA DE IMPRENSA; SERVIÇOS DE || ASSESSORIA E CONSULTORIA EM ANÁLISE DE INFORMAÇÕES E DADOS PARA GESTÃO EMPRESARIAL; SERVIÇOS DE || ASSESSORIA E CONSULTORIA EM RECURSOS HUMANOS || ASSESSORIA EM COMUNICAÇÃO; SERVIÇOS DE || ASSESSORIA EM GESTÃO EMPRESARIAL; ATIVIDADE DE || ASSESSORIA EMPRESARIAL || ASSESSORIA À GESTÃO HOSPITALAR || ASSESSORIA ÀS EMPRESAS EM QUESTÕES DE GESTÃO || ASSESSORIA ÀS EMPRESAS EM QUESTÕES FINANCEIRAS || ASSESSORIA, CONSULTORIA EM SISTEMA HIPOTECÁRIO || ASSESSORIA, ORIENTAÇÃO E ASSISTÊNCIA PRESTADA ÀS EMPRESAS EM MATÉRIA DE PLANEJAMENTO, ORGANIZAÇÃO, REENGENHARIA, CONTROLE E GESTÃO || CONSULTORIA A EMPRESAS EM COMÉRCIO EXTERIOR; SERVIÇOS DE || CONSULTORIA EM GESTÃO DE EMPRESAS AGROPECUÁRIAS || CONSULTORIA EM NEGOCIAÇÃO TRABALHISTA || CONSULTORIA EM RELAÇÕES PÚBLICAS || CONSULTORIA FINANCEIRA A EMPRESAS || CONSULTORIA NA ADMINISTRAÇÃO DE EMPRESAS || CONSULTORIA NA ÁREA ECONÔMICA || CONTROLE ORÇAMENTÁRIO; CONSULTORIA EM || GESTÃO EMPRESARIAL; SERVIÇOS DE ORIENTAÇÃO, ASSISTÊNCIA, ASSESSORIA || INTERMEDIÁRIO DE CONTRATAÇÃO DE OBRAS PÚBLICAS; SERVIÇOS DE || LOBISTA; ATIVIDADE DE || LOGÍSTICA DE LOCALIZAÇÃO; CONSULTORIA EM || REENGENHARIA; CONSULTORIA EM || RELAÇÕES PÚBLICAS; ATIVIDADE DE","","OK","","","nao-ratificado"
"7111-1/00","7111100","SERVIÇOS DE ARQUITETURA","Atende","Sim","Não","III|V","III:De 6% até 33%|V:De 15,5% até 30,5%","Sim","M","ATIVIDADES PROFISSIONAIS, CIENTÍFICAS E TÉCNICAS","71","SERVIÇOS DE ARQUITETURA E ENGENHARIA; TESTES E ANÁLISES TÉCNICAS","711","SERVIÇOS DE ARQUITETURA E ENGENHARIA E ATIVIDADES TÉCNICAS RELACIONADAS","71111","SERVIÇOS DE ARQUITETURA","as atividades de consultoria e de prestação de serviços técnicos de arquitetura, tais como: || #- os projetos de arquitetura de prédios (projetos conceituais, projetos de detalhamento, etc.) || #- a supervisão da execução de projetos de arquitetura || #- os projetos para ordenação urbana e uso do solo || #- os projetos de arquitetura paisagística","os serviços de desenho técnico relacionados à arquitetura e engenharia (7119-7/03) || design e decoração de interiores (74.10-2 ) || a atividade de decoração de interiores (7410-2/02) || as atividades paisagísticas como o plantio, tratamento e manutenção de jardins e gramados (8130-3/00)","ARQUITETURA PAISAGÍSTICA; SERVIÇOS DE || ARQUITETURA; CONSULTORIA EM || ARQUITETURA; SERVIÇOS TÉCNICOS, ESCRITÓRIO DE || CONSULTORIA, ASSESSORIA EM ARQUITETURA || ESCRITÓRIO DE ARQUITETURA || ESCRITÓRIO DE PROJETISTA; SERVIÇOS DE ARQUITETURA || GERENCIAMENTO DE PROJETO DE ARQUITETURA || PAISAGISMO; DESENVOLVIMENTO DE PROJETOS DE || PROJETOS ARQUITETÔNICOS DE JARDINS; ATIVIDADE DE DESENVOLVIMENTO DE || PROJETOS ARQUITETÔNICOS E PAISAGÍSTICOS; SERVIÇOS DE || PROJETOS DE ARQUITETURA || PROJETOS DE ARQUITETURA; SUPERVISÃO DA EXECUÇÃO DE || PROJETOS DE INSTALAÇÕES ESPORTIVAS; ATIVIDADES DE DESENVOLVIMENTO DE || PROJETOS PARA ORDENAÇÃO URBANA; ELABORAÇÃO DE || URBANISMO; ESCRITÓRIO DE","7112000|7119701|7119702|7119703|7119704|7119799|7120100","OK","","","nao-ratificado"
"7112-0/00","7112000","SERVIÇOS DE ENGENHARIA","Atende","Sim","Não","III|V","III:De 6% até 33%|V:De 15,5% até 30,5%","Sim","M","ATIVIDADES PROFISSIONAIS, CIENTÍFICAS E TÉCNICAS","71","SERVIÇOS DE ARQUITETURA E ENGENHARIA; TESTES E ANÁLISES TÉCNICAS","711","SERVIÇOS DE ARQUITETURA E ENGENHARIA E ATIVIDADES TÉCNICAS RELACIONADAS","71120","SERVIÇOS DE ENGENHARIA","os serviços técnicos de engenharia, como a elaboração e gestão de projetos e os serviços de inspeção técnica nas seguintes áreas: || #- engenharia civil, hidráulica e de tráfego || #- engenharia elétrica, eletrônica, de minas, química, mecânica, industrial, de sistemas e de segurança, agrária, etc. || #- engenharia ambiental, engenharia acústica, etc. || a supervisão de obras, controle de materiais e serviços similares || a supervisão de contratos de execução de obras || a supervisão e gerenciamento de projetos || a vistoria, perícia técnica, avaliação, arbitramento, laudo e parecer técnico de engenharia || a concepção de maquinaria, processo e instalações industriais","os serviços de arquitetura (7111-1/00) || os serviços de desenho técnico relacionados à arquitetura e engenharia (7119-7/03) || os serviços de perícia técnica relacionados à segurança do trabalho (7119-7/04) || a realização de testes físicos, químicos e outros testes analíticos de todos os tipos de materiais e de produtos || (7120-1/00) || as atividades de pesquisa e desenvolvimento experimental relacionadas à engenharia (7210-0/00) || a execução de obras de construção (seção F) || a administração de obras exercida no local da construção (seção F)","ASSESSORIA TÉCNICA EM CONSTRUÇÃO || ASSISTÊNCIA TÉCNICA NA ÁREA DE ENGENHARIA || AVALIAÇÃO, PERÍCIA E INSPEÇÃO EM ENGENHARIA; SERVIÇOS DE || BIOENGENHARIA || CALCULISTA EM CONSTRUÇÃO; ESCRITÓRIO DE || CONSULTORIA EM ENGENHARIA CIVIL, NAVAL, ELÉTRICA, ELETRÔNICA, HIDRÁULICA; SERVIÇOS DE || CONSULTORIA EM ENGENHARIA DE OBRAS EM ESTRADAS, OBRAS HIDRÁULICAS E URBANAS || CONSULTORIA EM ENGENHARIA DE TRÁFEGO || CÁLCULO ESTRUTURAL; SERVIÇOS DE || ELABORAÇÃO DE PARECERES E LAUDOS TECNICOS ESTRUTURAIS DE IMOVEIS; SERVIÇOS DE || ENGENHARIA AMBIENTAL; SERVIÇOS DE || ENGENHARIA AUTOMOTIVA; SERVIÇOS DE || ENGENHARIA CONSULTIVA; SERVIÇOS DE || ENGENHARIA DE PROJETOS; SERVIÇOS DE || ENGENHARIA DE TRANSPORTE; CONSULTORIA EM || ENGENHARIA DE TRÂNSITO; SERVIÇOS DE || ENGENHARIA NAVAL; SERVIÇOS DE || ENGENHARIA PORTUÁRIA; SERVIÇOS DE || ENGENHARIA; SERVIÇOS TÉCNICOS DE || ESCRITÓRIO DE PROJETISTA; SERVIÇOS DE ENGENHARIA || ESCRITÓRIO DE PROJETOS DE ENGENHARIA || FISCALIZAÇÃO DE OBRAS; SERVIÇOS DE || GERENCIAMENTO DA ELABORAÇÃO DE PROJETOS DE ENGENHARIA || INSPEÇÃO TÉCNICA DE ENGENHARIA || MÁQUINARIA E INSTALAÇÕES INDUSTRIAIS; PROJETOS DE, CONCEPÇÃO DE || PLANEJAMENTO DE OBRAS; SERVIÇOS DE || PROJETOS AERONÁUTICOS; ELABORAÇÃO DE || PROJETOS DE ACONDICIONAMENTO DE AR, REFRIGERAÇÃO, SANEAMENTO, CONTROLE DE CONTAMINAÇÃO E ENGENHARIA ACÚSTICA || PROJETOS DE EDIFÍCIOS; SERVIÇOS DE ENGENHARIA || PROJETOS DE ENGENHARIA AMBIENTAL; ELABORAÇÃO DE || PROJETOS DE ENGENHARIA CIVIL; SERVIÇOS DE || PROJETOS DE ENGENHARIA DE TRÁFEGO; SERVIÇOS DE || PROJETOS DE ENGENHARIA ELETRÔNICA, DE MINAS, QUÍMICA, MECÂNICA, INDUSTRIAL, DE SISTEMAS E DE SEGURANÇA, AGRÁRIA || PROJETOS DE ENGENHARIA; ELABORAÇÃO DE || PROJETOS DE INSTALAÇÕES ESPORTIVAS || PROJETOS DE OBRAS VIÁRIAS; ELABORAÇÃO DE || PROJETOS DE RODOFERROVIAS; ELABORAÇÃO DE || PROJETOS ESTRUTURAIS; ELABORAÇÃO DE || PROJETOS HIDRÁULICOS; ELABORAÇÃO DE || PROJETOS NA CONSTRUÇÃO CIVIL; ELABORAÇÃO DE || PROJETOS PARA AUTOMAÇÃO INDUSTRIAL; CONSULTORIA EM || PROJETOS PARA CAPTAÇÃO E DISTRIBUIÇÃO DE ÁGUA; ELABORAÇÃO DE || PROJETOS PARA INFRA-ESTRUTURA; ELABORAÇÃO DE || PROJETOS PARA INSTALAÇÕES ELÉTRICAS; ELABORAÇÃO DE || PROJETOS PARA REDES DE TELEFONIA; ELABORAÇÃO DE || PROJETOS PARA TELECOMUNICAÇÕES; ELABORAÇÃO DE || SUPERVISÃO DE OBRAS POR ENGENHEIROS; SERVIÇOS DE || SUPERVISÃO DO PROJETO DE CONSTRUÇÃO; SERVIÇOS DE","7111100|7119701|7119702|7119703|7119704|7119799|7120100","OK","","","nao-ratificado"
"7119-7/01","7119701","SERVIÇOS DE CARTOGRAFIA, TOPOGRAFIA E GEODÉSIA","Atende","Sim","Não","III|V","III:De 6% até 33%|V:De 15,5% até 30,5%","Sim","M","ATIVIDADES PROFISSIONAIS, CIENTÍFICAS E TÉCNICAS","71","SERVIÇOS DE ARQUITETURA E ENGENHARIA; TESTES E ANÁLISES TÉCNICAS","711","SERVIÇOS DE ARQUITETURA E ENGENHARIA E ATIVIDADES TÉCNICAS RELACIONADAS","71197","ATIVIDADES TÉCNICAS RELACIONADAS À ARQUITETURA E ENGENHARIA","os serviços técnicos de cartografia e topografia, tais como: || #- estudos topográficos || #- levantamento de limites || as atividades de informação cartográfica e espacial || a realização de estudos geodésicos (hidrográficos e sobre o solo)","o serviço de aerofotogrametria (7119-7/99) || a atividade de produção de fotografias aéreas (7420-0/02)","AGRIMENSURA; SERVIÇOS DE || BATIMETRIA; SERVIÇOS DE || CARTOGRAFIA; SERVIÇOS DE || CARTOGRÁFICOS, SERVIÇOS || ESTUDOS E DEMARCAÇÃO DE SOLOS; SERVIÇOS DE || ESTUDOS GEODÉSICOS; SERVIÇOS DE || ESTUDOS TOPOGRÁFICOS; SERVIÇOS DE || GEODÉSIA; SERVIÇOS DE || GEOPROCESSAMENTO; SERVIÇOS DE || GEOREFERENCIAMENTO; SERVIÇOS DE || HIDROMETRIA; SERVIÇOS DE || INFORMAÇÃO CARTOGRÁFICA E ESPACIAL; SERVIÇOS DE || LEVANTAMENTOS BATIMÉTRICOS || LEVANTAMENTOS GEODÉSICOS; SERVIÇOS DE || LEVANTAMENTOS SÍSMICOS; SERVIÇOS DE || LIMITES TOPOGRÁFICOS; LEVANTAMENTOS DE || PROJETOS DE TOPOGRAFIA || PROJETOS TOPOGRÁFICOS || TOPOGRAFIA; SERVIÇOS DE","7111100|7112000|7119702|7119703|7119704|7119799|7120100","OK","","","nao-ratificado"
"7119-7/02","7119702","ATIVIDADES DE ESTUDOS GEOLÓGICOS","Atende","Sim","Não","III|V","III:De 6% até 33%|V:De 15,5% até 30,5%","Sim","M","ATIVIDADES PROFISSIONAIS, CIENTÍFICAS E TÉCNICAS","71","SERVIÇOS DE ARQUITETURA E ENGENHARIA; TESTES E ANÁLISES TÉCNICAS","711","SERVIÇOS DE ARQUITETURA E ENGENHARIA E ATIVIDADES TÉCNICAS RELACIONADAS","71197","ATIVIDADES TÉCNICAS RELACIONADAS À ARQUITETURA E ENGENHARIA","as atividades de estudos geológicos e de prospecção || os estudos geofísicos, sismográficos e outros","as atividades de perfuração e prospecção quando relacionadas à extração de petróleo cru e gás natural (0600-0/01) || os serviços de prospecção de petróleo e gás natural sob contrato (0910-6/00)","ANALISES DE SOLO PARA INVESTIGAÇÃO GEOLÓGICA; SERVIÇOS DE || ESTUDOS GEOLÓGICOS BASEADOS EM MEDIÇÕES E OBSERVAÇÕES DE SUPERFÍCIE PARA A OBTENÇÃO DE INFORMAÇÕES SOBRE A ESTRUTURA DO SUBSOLO, LOCALIZAÇÃO DE CAMPOS DE PETRÓLEO E GÁS NATURAL; ATIVIDADES DE || ESTUDOS GEOLÓGICOS BASEADOS EM MEDIÇÕES E OBSERVAÇÕES DE SUPERFÍCIE PARA A OBTENÇÃO DE INFORMAÇÕES SOBRE A ESTRUTURA DO SUBSOLO, LOCALIZAÇÃO DE DEPÓSITOS SUBTERRÂNEOS DE ÁGUA; ATIVIDADES DE || ESTUDOS GEOLÓGICOS BASEADOS EM MEDIÇÕES E OBSERVAÇÕES DE SUPERFÍCIE PARA A OBTENÇÃO DE INFORMAÇÕES SOBRE A ESTRUTURA DO SUBSOLO, LOCALIZAÇÃO DE MINERAIS; ATIVIDADES DE || ESTUDOS GEOTÉCNICOS || ESTUDOS SISMOGRÁFICOS || LEVANTAMENTOS GEOLÓGICOS; SERVIÇOS DE || LEVANTAMENTOS, ESTUDOS GEOFÍSICOS; SERVIÇOS DE || LEVANTAMENTOS, ESTUDOS HIDROGRÁFICOS; SERVIÇOS DE || PERFILAGEM DE SOLO; SERVIÇOS DE || PROSPECÇÃO DE PETRÓLEO E GÁS NATURAL; ELABORAÇÃO DE PROJETOS DE || PROSPECÇÃO GEOLÓGICA; SERVIÇOS DE || PROSPECÇÃO SÍSMICA || PROSPECÇÃO, PESQUISA MINERAL; SERVIÇOS DE || SERVIÇOS TÉCNICOS EM GEOLOGIA || SISMOGRAFIA; ATIVIDADES DE","7111100|7112000|7119701|7119703|7119704|7119799|7120100","OK","","","nao-ratificado"
"7119-7/03","7119703","SERVIÇOS DE DESENHO TÉCNICO RELACIONADOS À ARQUITETURA E ENGENHARIA","Atende","Sim","Não","III|V","III:De 6% até 33%|V:De 15,5% até 30,5%","Sim","M","ATIVIDADES PROFISSIONAIS, CIENTÍFICAS E TÉCNICAS","71","SERVIÇOS DE ARQUITETURA E ENGENHARIA; TESTES E ANÁLISES TÉCNICAS","711","SERVIÇOS DE ARQUITETURA E ENGENHARIA E ATIVIDADES TÉCNICAS RELACIONADAS","71197","ATIVIDADES TÉCNICAS RELACIONADAS À ARQUITETURA E ENGENHARIA","os serviços de desenho técnico especializado relacionadas à  arquitetura e engenharia","design e decoração de interiores (74.10-2 )","COMPUTAÇÃO GRÁFICA PARA A CRIAÇÃO DE MAQUETES || COMPUTAÇÃO GRÁFICA PARA A CRIAÇÃO DE PLANTAS HUMANIZADAS || CONFECÇÃO DE MAQUETES PARA ENGENHARIA E ARQUITETURA || DESENHO TÉCNICO ESPECIALIZADO PARA ARQUITETURA E ENGENHARIA; SERVIÇOS DE || DESENHOS DE ARQUITETURA E ENGENHARIA; SERVIÇOS DE","7111100|7112000|7119701|7119702|7119704|7119799|7120100","OK","","","nao-ratificado"
"7119-7/04","7119704","SERVIÇOS DE PERÍCIA TÉCNICA RELACIONADOS À SEGURANÇA DO TRABALHO","Atende","Sim","Não","III|V","III:De 6% até 33%|V:De 15,5% até 30,5%","Sim","M","ATIVIDADES PROFISSIONAIS, CIENTÍFICAS E TÉCNICAS","71","SERVIÇOS DE ARQUITETURA E ENGENHARIA; TESTES E ANÁLISES TÉCNICAS","711","SERVIÇOS DE ARQUITETURA E ENGENHARIA E ATIVIDADES TÉCNICAS RELACIONADAS","71197","ATIVIDADES TÉCNICAS RELACIONADAS À ARQUITETURA E ENGENHARIA","os serviços de perícia técnica relacionados à segurança do trabalho","a vistoria, perícia técnica, avaliação, arbitramento, laudo e parecer técnico de engenharia (7112-0/00) || a realização de testes físicos, químicos e outros testes analíticos de todos os tipos de materiais e de produtos || (7120-1/00)","PERÍCIA TÉCNICA RELACIONADA À SEGURANÇA DO TRABALHO || PROJETOS DE SEGURANÇA DO TRABALHO; ELABORAÇÃO DE || SEGURANÇA DO TRABALHO; SERVIÇOS DE PERÍCIA TÉCNICA RELACIONADA À","7111100|7112000|7119701|7119702|7119703|7119799|7120100","OK","","","nao-ratificado"
"7119-7/99","7119799","ATIVIDADES TÉCNICAS RELACIONADAS À ENGENHARIA E ARQUITETURA NÃO ESPECIFICADAS ANTERIORMENTE","Atende","Sim","Não","III|V","III:De 6% até 33%|V:De 15,5% até 30,5%","Sim","M","ATIVIDADES PROFISSIONAIS, CIENTÍFICAS E TÉCNICAS","71","SERVIÇOS DE ARQUITETURA E ENGENHARIA; TESTES E ANÁLISES TÉCNICAS","711","SERVIÇOS DE ARQUITETURA E ENGENHARIA E ATIVIDADES TÉCNICAS RELACIONADAS","71197","ATIVIDADES TÉCNICAS RELACIONADAS À ARQUITETURA E ENGENHARIA","o serviço de aerofotogrametria || os projetos de gestão de águas || outros serviços técnicos especializados relacionados à engenharia e arquitetura não especificados anteriormente","as atividades de pesquisa e desenvolvimento experimental relacionadas à engenharia (7210-0/00) || a atividade de produção de fotografias aéreas (7420-0/02) || o serviço de previsão meteorológica (7490-1/99)","AEROFOTOGRAMETRIA; SERVIÇOS DE || AEROLEVANTAMENTOS; SERVIÇOS DE || GESTÃO DE ÁGUAS; PROJETOS DE","7111100|7112000|7119701|7119702|7119703|7119704|7120100","OK","","","nao-ratificado"
"7120-1/00","7120100","TESTES E ANÁLISES TÉCNICAS","Atende","Sim","Não","III|V","III:De 6% até 33%|V:De 15,5% até 30,5%","Sim","M","ATIVIDADES PROFISSIONAIS, CIENTÍFICAS E TÉCNICAS","71","SERVIÇOS DE ARQUITETURA E ENGENHARIA; TESTES E ANÁLISES TÉCNICAS","712","TESTES E ANÁLISES TÉCNICAS","71201","TESTES E ANÁLISES TÉCNICAS","a realização de testes físicos, químicos e outros testes analíticos de todos os tipos de materiais e de produtos, incluindo: || #- testes acústicos e de vibração || #- testes sobre a composição e a pureza de minerais || #- testes no campo da higiene alimentar, inclusive relacionados à produção de alimentos para animais || #- testes das características físicas, desempenho, provas de resistência, durabilidade e radioatividade de materiais e de produtos || #- testes de desempenho completo de máquinas e motores: automóveis, equipamentos eletrônicos, etc. || a medição da pureza da água e do ar, da radioatividade, a análise de contaminação por emissão de fumaça ou águas residuais, etc. || a realização de provas de resistência e inspeção, visando a: || #- avaliar o funcionamento ou o envelhecimento de instalações e de materiais || #- o controle técnico de construções || #- avaliar periodicamente veículos motorizados, visando à segurança das estradas || #- fornecer certificados de homologação de barcos, aviões, veículos motorizados, projetos nucleares, etc. || a operação de laboratórios policiais","a realização de testes em espécies animais (7500-1/00) || os diagnósticos por imagem e demais testes e análises médicas e odontológicas (grupo 86.4)","AFERIÇÃO DE BALANÇAS; SERVIÇOS DE || AFERIÇÃO DE INSTRUMENTOS DE MEDIDAS || AFERIÇÃO METROLÓGICA; SERVIÇOS DE || ALIMENTOS; CONTROLE DE QUALIDADE DE || ANÁLISE BACTERIOLÓGICA DA ÁGUA; SERVIÇOS DE || ANÁLISE DE QUALIDADE; SERVIÇOS DE || ANÁLISE DE RESISTÊNCIA DE INSTALAÇÕES E MATERIAIS; SERVIÇOS DE || ANÁLISE E AMOSTRAGEM DE MINÉRIO; SERVIÇOS DE || ANÁLISES BIOTECNOLÓGICAS; SERVIÇOS DE || ANÁLISES BROMATOLÓGICAS; SERVIÇOS DE || ANÁLISES CROMATOGRÁFICAS; SERVIÇOS DE || ANÁLISES DE CONCRETO; SERVIÇOS DE || ANÁLISES DE PROCESSOS MINERAIS; SERVIÇOS DE || ANÁLISES DE SEMENTES; SERVIÇOS DE || ANÁLISES DE VIBRAÇÃO; SERVIÇOS DE || ANÁLISES DE ÓLEOS MINERAIS; SERVIÇOS DE || ANÁLISES FÍSICO-QUÍMICA DA ÁGUA; SERVIÇOS DE || ANÁLISES MICROBIOLÓGICAS; SERVIÇOS DE || ANÁLISES QUIMICO-BIOLÓGICAS; SERVIÇOS DE || ANÁLISES QUÍMICAS; SERVIÇOS DE || ANÁLISES TECNOLÓGICAS DE CONCRETO; SERVIÇOS DE || ANÁLISES, TESTES BIOLÓGICOS; SERVIÇOS DE || CALIBRAÇÕES DE INSTRUMENTOS; SERVIÇOS DE || CERTIFICADOS DE HOMOLOGAÇÃO DE BARCOS, AVIÕES, VEÍCULOS MOTORIZADOS; SERVIÇOS FORNECIMENTO DE || CERTIFICADOS DE HOMOLOGAÇÃO DE PROJETOS NUCLEARES; SERVIÇOS DE FORNECIMENTO DE || CERTIFICADOS DE HOMOLOGAÇÃO; SERVIÇOS DE CONCESSÃO DE || CERTIFICADOS DE VISTORIA; SERVIÇOS DE || CERTIFICAÇÃO DE SEGURANÇA VEICULAR; SERVIÇO DE || CONTROLE DE NORMAS TÉCNICAS LEGAIS NAS CONSTRUÇÕES; SERVIÇOS DE || CONTROLE DE QUALIDADE DE PRODUTOS ALIMENTÍCIOS; SERVIÇOS DE || CONTROLE TECNOLÓGICO DE MATERIAIS || DETECÇÃO DE VAZAMENTOS EM TUBULAÇÕES DE GÁS, ÁGUA, COMBUSTÍVEIS; SERVIÇOS DE || ENSAIO E INSPEÇÕES DE MATERIAIS E DE PRODUTOS PARA FINS DE CUMPRIMENTO DE NORMAS LEGAIS || ENSAIOS E ANÁLISES FÍSICAS PARA FINS DE CUMPRIMENTO DE NORMAS LEGAIS || ENSAIOS E ANÁLISES QUÍMICOS E BIOLÓGICOS PARA FINS DE CUMPRIMENTO DE NORMAS LEGAIS || ENSAIOS METROLÓGICOS; SERVIÇOS DE || ENSAIOS TECNOLÓGICOS; SERVIÇOS DE || EXAMES, ENSAIOS BROMATOLÓGICOS; SERVIÇOS DE || GAMAGRAFIAS; SERVIÇOS DE || GÁS NATURAL; INSPEÇÃO DE SEGURANÇA VEICULAR || INSPEÇÃO DE EQUIPAMENTO DE GÁS NATURAL PARA SEGURANÇA VEICULAR; SERVIÇOS DE || LABORATÓRIO DE ANÁLISE DE ALIMENTOS || LABORATÓRIO DE ANÁLISE MINERAL || LABORATÓRIO DE ENSAIOS || LABORATÓRIOS POLICIAIS; OPERAÇÃO DE || MEDIÇÃO DA POLUIÇÃO; SERVIÇOS DE || MEDIÇÃO DA PUREZA DA ÁGUA OU AR; SERVIÇOS DE || MEDIÇÃO DE RADIOATIVIDADE; SERVIÇOS DE || METROLOGIA; SERVIÇOS DE || MONITORAMENTO AMBIENTAL; SERVIÇOS DE || RADIOGRAFIA E ULTRA-SOM INDUSTRIAL; SERVIÇOS DE || TESTES ACÚSTICOS; SERVIÇOS DE || TESTES AUTOMOTIVOS; SERVIÇOS DE || TESTES DAS CARACTERÍSTICAS FÍSICAS, DESEMPENHO, PROVAS DE RESISTÊNCIA,  DURABILIDADE E RADIOATIVIDADE DE MATERIAIS E DE PRODUTOS; SERVIÇOS DE || TESTES E ENSAIOS DE SOLOS PARA CARACTERIZAÇÃO DE SUAS PROPRIEDADES FÍSICO-QUÍMICAS, TAIS COMO: CONDUTIVIDADE ELÉTRICA, MEDIÇÃO DE TEORES DE SAIS E MINERAIS, GRANULOMETRIA, DENSIDADE, ETC.; SERVIÇOS DE || TESTES EM MATERIAIS; SERVIÇOS DE || TESTES FÍSICOS, QUÍMICOS DE MATERIAIS E PRODUTOS; SERVIÇOS DE || TESTES NA ÁREA DE HIGIENE ALIMENTAR; SERVIÇOS DE || TESTES SOBRE A COMPOSIÇÃO E A PUREZA DE MINERAIS; SERVIÇOS DE","7111100|7112000|7119701|7119702|7119703|7119704|7119799","OK","","","nao-ratificado"
"7210-0/00","7210000","PESQUISA E DESENVOLVIMENTO EXPERIMENTAL EM CIÊNCIAS FÍSICAS E NATURAIS","Atende","Sim","Não","III|V","III:De 6% até 33%|V:De 15,5% até 30,5%","Sim","M","ATIVIDADES PROFISSIONAIS, CIENTÍFICAS E TÉCNICAS","72","PESQUISA E DESENVOLVIMENTO CIENTÍFICO","721","PESQUISA E DESENVOLVIMENTO EXPERIMENTAL EM CIÊNCIAS FÍSICAS E NATURAIS","72100","PESQUISA E DESENVOLVIMENTO EXPERIMENTAL EM CIÊNCIAS FÍSICAS E NATURAIS","as atividades de pesquisa e desenvolvimento realizadas no âmbito das ciências da vida, tais como: medicina, biologia, bioquímica, farmácia, agronomia e conexas || as atividades de pesquisa e desenvolvimento realizadas no âmbito das ciências físicas e de engenharia, tais como: matemática, física, astronomia, química, geociências e conexas","","AGRONOMIA; PESQUISA E DESENVOLVIMENTO EM || BIOQUÍMICA; PESQUISA E DESENVOLVIMENTO EM || FARMÁCIA; PESQUISA E DESENVOLVIMENTO EM || FAZENDA EXPERIMENTAL; PESQUISA || LABORATÓRIO DE PESQUISA FÍSICA, COMERCIAL E NÃO COMERCIAL || LABORATÓRIO DE PESQUISA QUÍMICA, COMERCIAL E NÃO COMERCIAL || LABORATÓRIO INDUSTRIAL; PESQUISA || MEDICINA; PESQUISA E DESENVOLVIMENTO EM || PESQUISA BIOGENÉTICA || PESQUISA BIOLÓGICA || PESQUISA E DESENVOLVIMENTO COM ACESSO A PATRIMÔNIO GENÉTICO EXISTENTE NO TERRITÓRIO NACIONAL; ATIVIDADES DE || PESQUISA E DESENVOLVIMENTO DAS CIÊNCIAS FÍSICAS E NATURAIS || PESQUISA E DESENVOLVIMENTO EXPERIMENTAL EM CIÊNCIAS FÍSICAS E NATURAIS; ATIVIDADES DE || PESQUISA MATEMÁTICA, FÍSICA, ASTRONOMIA; DESENVOLVIMENTO DE || PESQUISA MÉDICA NÃO COMERCIAL || QUÍMICA; PESQUISA E DESENVOLVIMENTO EM","7220700","OK","","","nao-ratificado"
"7220-7/00","7220700","PESQUISA E DESENVOLVIMENTO EXPERIMENTAL EM CIÊNCIAS SOCIAIS E HUMANAS","Atende","Sim","Não","III|V","III:De 6% até 33%|V:De 15,5% até 30,5%","Sim","M","ATIVIDADES PROFISSIONAIS, CIENTÍFICAS E TÉCNICAS","72","PESQUISA E DESENVOLVIMENTO CIENTÍFICO","722","PESQUISA E DESENVOLVIMENTO EXPERIMENTAL EM CIÊNCIAS SOCIAIS E HUMANAS","72207","PESQUISA E DESENVOLVIMENTO EXPERIMENTAL EM CIÊNCIAS SOCIAIS E HUMANAS","as atividades de pesquisa e desenvolvimento realizadas no âmbito das ciências sociais e ciências humanas e em áreas interdisciplinares dessas ciências: sociologia, economia, psicologia, direito, lingüística, artes, arqueologia, etc.","as pesquisas de mercado e de opinião pública (7320-3/00)","ARQUEOLOGIA; PESQUISA E DESENVOLVIMENTO EM || ARTES; PESQUISA E DESENVOLVIMENTO EM || DIREITO; PESQUISA E DESENVOLVIMENTO EM || ECONOMIA; PESQUISA E DESENVOLVIMENTO EM || LINGÜÍSTICA; PESQUISA E DESENVOLVIMENTO EM || PESQUISA E DESENVOLVIMENTO EM CIÊNCIAS SOCIAIS E HUMANAS || PESQUISA ECONÔMICA, COMERCIAL E NÃO COMERCIAL || PESQUISA EDUCACIONAL || SOCIOLOGIA; PESQUISA E DESENVOLVIMENTO EM","7210000","OK","","","nao-ratificado"
"7311-4/00","7311400","AGÊNCIAS DE PUBLICIDADE","Atende","Sim","Não","III|V","III:De 6% até 33%|V:De 15,5% até 30,5%","Sim","M","ATIVIDADES PROFISSIONAIS, CIENTÍFICAS E TÉCNICAS","73","PUBLICIDADE E PESQUISA DE MERCADO","731","PUBLICIDADE","73114","AGÊNCIAS DE PUBLICIDADE","a criação e a produção de campanhas de publicidade para qualquer finalidade, para veiculação em quaisquer tipos de veículos de comunicação || a colocação, em nome de clientes, de material publicitário em jornais, revistas, rádio, televisão, internet e em outros veículos de comunicação || os representantes dos veículos de comunicação para venda de tempo ou espaço de publicidade a clientes || a prestação de serviços para merchandising em rádio e televisão","a operação de páginas de publicidade na internet (6319-4/00) || o agenciamento de espaços para publicidade, exceto em veículos de comunicação (7312-2/00) || a distribuição ou entrega de material publicitário (7319-0/02) || a promoção de vendas e a publicidade no local da venda (7319-0/02) || a publicidade por mala direta, por telefone, em visitas (7319-0/03) || as pesquisas de mercado e de opinião pública (7320-3/00)","CAMPANHAS DE PUBLICIDADE; SERVIÇOS DE CRIAÇÃO DE || EMPRESA DE PROPAGANDA || EMPRESA DE PUBLICIDADE || MATERIAL PUBLICITÁRIO, ANÚNCIOS; COLOCAÇÃO EM NOME DE CLIENTES EM JORNAIS, REVISTAS, RÁDIO, TELEVISÃO E INTERNET || MERCHANDISING; SERVIÇOS DE || PROPAGANDA; AGÊNCIA DE, SERVIÇOS DE || PUBLICIDADE EM DIÁRIO OFICIAL; SERVIÇOS DE COLOCAÇÃO DE || PUBLICIDADE; AGÊNCIA DE, SERVIÇOS DE","7312200|7319001|7319002|7319003|7319004|7319099|7320300","OK","","","nao-ratificado"
"7312-2/00","7312200","AGENCIAMENTO DE ESPAÇOS PARA PUBLICIDADE, EXCETO EM VEÍCULOS DE COMUNICAÇÃO","Atende","Sim","Não","III|V","III:De 6% até 33%|V:De 15,5% até 30,5%","Sim","M","ATIVIDADES PROFISSIONAIS, CIENTÍFICAS E TÉCNICAS","73","PUBLICIDADE E PESQUISA DE MERCADO","731","PUBLICIDADE","73122","AGENCIAMENTO DE ESPAÇOS PARA PUBLICIDADE, EXCETO EM VEÍCULOS DE COMUNICAÇÃO","o aluguel e revenda de espaços físicos para publicidade em: || #- espaços externos ou equipamentos urbanos, como: outdoors, busdoors, painéis eletrônicos, empena de prédios, cartazes ou triedros em táxis, etc. || #- espaços internos em painéis de trens, ônibus, metrôs, aeronaves, etc. || as atividades de gestão de infra-estrutura de publicidade para terceiros, sob contrato","a representação dos veículos de comunicação para a venda de tempo ou espaço de publicidade a clientes (7311-4/00) || a colocação, em nome de clientes, de material publicitário em jornais, revistas, rádio, televisão, internet e em outros veículos de comunicação (7311-4/00) || a publicidade aérea (7319-0/99)","AGENCIAMENTO DE ESPAÇOS FÍSICOS PARA PUBLICIDADE || ALUGUEL DE ESPAÇO FÍSICO PARA PUBLICIDADE || BUSDOOR; ALUGUEL E REVENDA DE ESPAÇO PARA COLOCAÇÃO DE PUBLICIDADE EM || CARTAZES PUBLICITÁRIOS; AGÊNCIA DE ALUGUEL E REVENDA DE ESPAÇO PARA COLOCAÇÃO DE || EMPENA DE PRÉDIOS, CARTAZES OU TRIEDROS EM TÁXIS; ALUGUEL E REVENDA DE ESPAÇO PARA COLOCAÇÃO DE PUBLICIDADE EM || ESPAÇO FÍSICO PARA PUBLICIDADE; LOCAÇÃO DE || ESPAÇO PUBLICITÁRIO; LOCAÇÃO DE || EXIBIÇÃO DE CARTAZES; SERVIÇOS DE ALUGUEL DE ESPAÇO PARA || EXIBIÇÃO DE PROPAGANDA, PUBLICIDADE EM ESPAÇO PÚBLICO; SERVIÇOS DE ALUGUEL DE ESPAÇO PARA || EXPLORAÇÃO DE PAINEL ELETRÔNICO || FRONT LIGHT, OUTDOOR; SERVIÇOS DE || LOCAÇÃO DE PAINÉIS ELETRÔNICOS PARA PUBLICIDADE; SERVIÇOS DE || OUTDOORS; AGÊNCIA DE ALUGUEL E REVENDA DE ESPAÇO PARA COLOCAÇÃO DE || OUTDOORS; ALUGUEL E REVENDA DE ESPAÇO PARA COLOCAÇÃO DE || PAINÉIS DE TRENS, ÔNIBUS, METRÔS E AERONAVES; ALUGUEL E REVENDA DE ESPAÇO PARA COLOCAÇÃO DE PUBLICIDADE EM || PAINÉIS PUBLICITÁRIOS; AGÊNCIA DE ALUGUEL E REVENDA DE ESPAÇO PARA COLOCAÇÃO DE || PROPAGANDA EM OUTDOOR; SERVIÇOS DE || PUBLICIDADE; GESTÃO DE INFRA-ESTRUTURA SOB CONTRATO DE","7311400|7319001|7319002|7319003|7319004|7319099|7320300","OK","","","nao-ratificado"
"7319-0/01","7319001","CRIAÇÃO ESTANDES PARA FEIRAS E EXPOSIÇÕES","Atende","Sim","Não","III|V","III:De 6% até 33%|V:De 15,5% até 30,5%","Sim","M","ATIVIDADES PROFISSIONAIS, CIENTÍFICAS E TÉCNICAS","73","PUBLICIDADE E PESQUISA DE MERCADO","731","PUBLICIDADE","73190","ATIVIDADES DE PUBLICIDADE NÃO ESPECIFICADAS ANTERIORMENTE","a atividade de criação de conteúdo publicitário de estandes para feiras e exposições || a atividade de montagem de estandes quando integrada à atividade de criação de conteúdo publicitário","a instalação de estandes quando não integrada à atividade de criação (4330-4/02) || a organização de feiras, congressos, exposições e festas (8230-0/01)","CRIAÇÃO DE ESTANDES PARA FEIRAS E EXPOSIÇÕES; ATIVIDADES DE || ESTANDES PARA FEIRAS E EXPOSIÇÕES; CRIAÇÃO E MONTAGEM QUANDO ASSOCIADA À CRIAÇÃO || MONTAGEM DE ESTANDES PARA FEIRAS E EXPOSIÇÕES INTEGRADA À CRIAÇÃO; ATIVIDADE DE","7311400|7312200|7319002|7319003|7319004|7319099|7320300","OK","","","nao-ratificado"
"7319-0/02","7319002","PROMOÇÃO DE VENDAS","Atende","Sim","Sim","III","III:De 6% até 33%","Não","M","ATIVIDADES PROFISSIONAIS, CIENTÍFICAS E TÉCNICAS","73","PUBLICIDADE E PESQUISA DE MERCADO","731","PUBLICIDADE","73190","ATIVIDADES DE PUBLICIDADE NÃO ESPECIFICADAS ANTERIORMENTE","a promoção de vendas e a publicidade no local da venda || a distribuição ou entrega de material publicitário (fullfilment)","a produção de filmes para publicidade de qualquer tipo (5911-1/02)","DEMONSTRAÇÃO DE PRODUTOS EM PONTOS DE VENDA; SERVIÇOS DE || DISTRIBUIÇÃO DE FOLHETOS; SERVIÇOS DE || DISTRIBUIÇÃO DE MATERIAL PROMOCIONAL; SERVIÇOS DE || DISTRIBUIÇÃO DE MATERIAL PUBLICITÁRIO; ATIVIDADE DE || FULLFILMENT; ATIVIDADE DE || MATERIAL PUBLICITÁRIO; ATIVIDADE DE DISTRIBUIÇÃO DE || PANFLETAGEM || PROMOTORA DE VENDAS; SERVIÇOS DE || PROMOÇÃO DE VENDA NO LOCAL DE VENDA; ATIVIDADE DE || PROMOÇÃO NO PONTO DE VENDAS; SERVIÇOS DE || PROPAGANDA EM VIA PÚBLICA; SERVIÇOS DE","7311400|7312200|7319001|7319003|7319004|7319099|7320300","OK","","","nao-ratificado"
"7319-0/03","7319003","MARKETING DIRETO","Atende","Sim","Não","III","III:De 6% até 33%","Não","M","ATIVIDADES PROFISSIONAIS, CIENTÍFICAS E TÉCNICAS","73","PUBLICIDADE E PESQUISA DE MERCADO","731","PUBLICIDADE","73190","ATIVIDADES DE PUBLICIDADE NÃO ESPECIFICADAS ANTERIORMENTE","a publicidade por mala direta, por telefone, em visitas de representantes (de laboratórios farmacêuticos, de empresas de produtos de beleza, etc.)","os serviços de despacho de correspondência de material de publicidade (8299-7/99)","MARKETING DE PROPAGANDA POLÍTICA || MARKETING DIRETO; SERVIÇOS DE || MARKETING PROMOCIONAL; SERVIÇOS DE || PUBLICIDADE POR MALA DIRETA; SERVIÇOS DE || PUBLICIDADE POR TELEFONE; ATIVIDADE DE || PUBLICIDADE; ATIVIDADES DE REPRESENTANTES || TELEMARKETING SEM COMERCIALIZAÇÃO DE MERCADORIAS; SERVIÇOS DE","7311400|7312200|7319001|7319002|7319004|7319099|7320300","OK","","","nao-ratificado"
"7319-0/04","7319004","CONSULTORIA EM PUBLICIDADE","Atende","Sim","Não","III|V","III:De 6% até 33%|V:De 15,5% até 30,5%","Sim","M","ATIVIDADES PROFISSIONAIS, CIENTÍFICAS E TÉCNICAS","73","PUBLICIDADE E PESQUISA DE MERCADO","731","PUBLICIDADE","73190","ATIVIDADES DE PUBLICIDADE NÃO ESPECIFICADAS ANTERIORMENTE","as atividades de consultoria em publicidade e propaganda","as atividades de agências de publicidade (7311-4/00)","ASSESSORIA E CONSULTORIA EM BRANDING (GESTÃO DE MARCAS); SERVIÇOS DE || ASSESSORIA EM MARKETING || ASSESSORIA NA DIVULGAÇÃO DE PRODUTOS || CONSULTORIA EM MARKETING || CONSULTORIA EM PUBLICIDADE E PROPAGANDA","7311400|7312200|7319001|7319002|7319003|7319099|7320300","OK","","","nao-ratificado"
"7319-0/99","7319099","OUTRAS ATIVIDADES DE PUBLICIDADE NÃO ESPECIFICADAS ANTERIORMENTE","Atende","Sim","Sim","III","III:De 6% até 33%","Não","M","ATIVIDADES PROFISSIONAIS, CIENTÍFICAS E TÉCNICAS","73","PUBLICIDADE E PESQUISA DE MERCADO","731","PUBLICIDADE","73190","ATIVIDADES DE PUBLICIDADE NÃO ESPECIFICADAS ANTERIORMENTE","a publicidade aérea || os serviços de alto-falante e de sonorização (uso de alto-falantes) em veículos motorizados ou não, com a finalidade de publicidade","a impressão de material publicitário (1813-0/01) || as atividades de checking de publicidade (7320-3/00) || a produção de fotografias para publicidade, exceto aérea e submarina (7420-0/01) || a produção de fotografias aéreas e submarinas para publicidade (7420-0/02)","ALTO-FALANTES  PARA PUBLICIDADE; SERVIÇOS DE || CARRO DE SOM PARA PUBLICIDADE; SERVIÇOS DE || COMPUTAÇÃO GRÁFICA PARA PUBLICIDADE; ATIVIDADE DE || PROPAGANDA VOLANTE; SERVIÇOS DE || PUBLICIDADE AÉREA; SERVIÇOS DE || PUBLICIDADE E PROPAGANDA EM BALÕES E BONECOS INFLÁVEIS; VEICULAÇÃO DE || PUBLICIDADE EM LOCAIS FECHADOS (VEÍCULOS DE TRANSPORTE, ELEVADORES, AEROPORTOS, ETC.) ATRAVÉS DE MONITORES DE TV || PUBLICIDADE; SERVIÇOS DE SOM PARA","7311400|7312200|7319001|7319002|7319003|7319004|7320300","OK","","","nao-ratificado"
"7320-3/00","7320300","PESQUISAS DE MERCADO E DE OPINIÃO PÚBLICA","Atende","Sim","Não","III|V","III:De 6% até 33%|V:De 15,5% até 30,5%","Sim","M","ATIVIDADES PROFISSIONAIS, CIENTÍFICAS E TÉCNICAS","73","PUBLICIDADE E PESQUISA DE MERCADO","732","PESQUISAS DE MERCADO E DE OPINIÃO PÚBLICA","73203","PESQUISAS DE MERCADO E DE OPINIÃO PÚBLICA","os estudos sobre o potencial de mercado, sobre a avaliação de produtos e sobre o hábito de consumidores, com o objetivo de: promover a venda de produtos existentes, lançar e vender novos produtos, realizar análises estatísticas dos resultados || a realização de pesquisas de opinião pública para colher a avaliação da população sobre questões políticas, econômicas e sociais, bem como, para a realização de análises estatísticas dos resultados || as atividades de checking de publicidade","as atividades de agências de publicidade (7311-4/00) || a produção estatística realizada pela administração pública (8411-6/00)","ANÁLISE DE MERCADO; SERVIÇOS DE || ANÁLISE ESTATÍSTICA DOS RESUTADOS DE PESQUISAS DE MERCADO, DE OPINIÃO PÚBLICA || CENTROS DE EMISSÃO DE CHAMADAS TELEFÔNICAS PARA PESQUISAS DE MERCADO E DE OPINIÃO PÚBLICA || CHECKING DE PUBLICIDADE; SERVIÇOS DE || COLETA DE DADOS E DE INFORMAÇÕES; SERVIÇOS DE || COLETA E ANÁLISE DE DADOS RESULTANTES DE PESQUISAS DE MERCADO, DE OPINIÃO PÚBLICA || CONTROLE DE VEICULAÇÃO PUBLICITÁRIA; SERVIÇOS DE || ESTUDO DE MERCADO || MONITORAMENTO DE VEÍCULOS DE PROPAGANDA (RÁDIO, TV, REVISTAS, ETC.) SERVIÇOS DE || MONITORAÇÃO DE PROPAGANDA, DE PUBLICIDADE; SERVIÇOS DE || OPINIÃO PÚBLICA; SERVIÇOS DE CONSULTA, COLETA DE INFORMAÇÕES DE || PESQUISA DE MERCADO E DE OPINIÃO PÚBLICA || PESQUISA DE OPINIÃO PÚBLICA || PESQUISA E COLETA DE DADOS PARA PESQUISAS DE MERCADO E OPINIÃO || PESQUISA MERCADOLÓGICA || PESQUISA POLÍTICA; SERVIÇOS DE","7311400|7312200|7319001|7319002|7319003|7319004|7319099","OK","","","nao-ratificado"
"7410-2/02","7410202","DESIGN DE INTERIORES","Atende","Sim","Não","III|IV|V","III:De 6% até 33%|IV:De 4,5% até 33%|V:De 15,5% até 30,5%","Sim","M","ATIVIDADES PROFISSIONAIS, CIENTÍFICAS E TÉCNICAS","74","OUTRAS ATIVIDADES PROFISSIONAIS, CIENTÍFICAS E TÉCNICAS","741","DESIGN E DECORAÇÃO DE INTERIORES","74102","DESIGN E DECORAÇÃO DE INTERIORES","as atividades de design de interiores","a atividade de design de produtos (7410-2/03)","DECORAÇÃO DE  INTERIORES || DECORAÇÃO DE AMBIENTES || DESIGN DE AMBIENTES || DESIGN DE INTERIORES","7410203|7410299|7420001|7420002|7420003|7420004|7420005|7490101|7490102|7490103|7490104|7490105|7490199","OK","","","nao-ratificado"
"7410-2/03","7410203","DESIGN DE PRODUTO","Atende","Sim","Não","III|V","III:De 6% até 33%|V:De 15,5% até 30,5%","Sim","M","ATIVIDADES PROFISSIONAIS, CIENTÍFICAS E TÉCNICAS","74","OUTRAS ATIVIDADES PROFISSIONAIS, CIENTÍFICAS E TÉCNICAS","741","DESIGN E DECORAÇÃO DE INTERIORES","74102","DESIGN E DECORAÇÃO DE INTERIORES","as atividades de design de mobiliário, jóias, sapatos, roupas (estilistas de moda), eletrodomésticos e de outros objetos pessoais e domésticos","os serviços de desenho técnico relacionados à arquitetura e engenharia (7119-7/03) || a atividade de design de interiores (7410-2/02) || os serviços de design gráfico ligados à comunicação (7410-2/99)","CONFECÇÃO DE MAQUETES EXCETO PARA ENGENHARIA E ARQUITETURA || DESENHO DE ROUPAS; SERVIÇOS DE || DESENHO INDUSTRIAL; SERVIÇOS DE || DESENHOS DE JÓIAS; SERVIÇOS DE || DESIGN DE JÓIAS || DESIGN DE MOBILIÁRIO || DESIGN DE MODA || DESIGN DE MÓVEIS; SERVIÇOS DE || DESIGN DE OBJETOS DOMÉSTICOS || DESIGN DE OBJETOS PESSOAIS || DESIGN DE PRODUTO || DESIGN DE SAPATOS || DESIGNER DE MODAS || ESTILISTA DE MODAS || PRODUTOR DE MODA","7410202|7410299|7420001|7420002|7420003|7420004|7420005|7490101|7490102|7490103|7490104|7490105|7490199","OK","","","nao-ratificado"
"7410-2/99","7410299","ATIVIDADES DE DESIGN NÃO ESPECIFICADAS ANTERIORMENTE","Atende","Sim","Não","III|V","III:De 6% até 33%|V:De 15,5% até 30,5%","Sim","M","ATIVIDADES PROFISSIONAIS, CIENTÍFICAS E TÉCNICAS","74","OUTRAS ATIVIDADES PROFISSIONAIS, CIENTÍFICAS E TÉCNICAS","741","DESIGN E DECORAÇÃO DE INTERIORES","74102","DESIGN E DECORAÇÃO DE INTERIORES","os serviços de design gráfico e de diagramação","as atividades de design de mobiliário, jóias, sapatos, roupas (estilistas de moda) , eletrodomésticos e de outros objetos pessoais e domésticos (7410-2/03)","DESIGN DE TEMPLATES PARA USO NA INTERNET; SERVIÇOS DE || DESIGN GRÁFICO || DIAGRAMAÇÃO; SERVIÇOS DE || TIPOGRAFIA; ATIVIDADES DE","7410202|7410203|7420001|7420002|7420003|7420004|7420005|7490101|7490102|7490103|7490104|7490105|7490199","OK","","","nao-ratificado"
"7420-0/01","7420001","ATIVIDADES DE PRODUÇÃO DE FOTOGRAFIAS, EXCETO AÉREA E SUBMARINA","Atende","Sim","Sim","III","III:De 6% até 33%","Não","M","ATIVIDADES PROFISSIONAIS, CIENTÍFICAS E TÉCNICAS","74","OUTRAS ATIVIDADES PROFISSIONAIS, CIENTÍFICAS E TÉCNICAS","742","ATIVIDADES FOTOGRÁFICAS E SIMILARES","74200","ATIVIDADES FOTOGRÁFICAS E SIMILARES","as atividades de produção fotográfica, para fins comerciais, de publicidade e pessoais, tais como: || #- a fotografia para passaportes, escolas, casamentos || #- a fotografia para anúncios, editoriais, comerciais, atividades relacionadas com a moda, atividades imobiliárias e para fins turísticos || as atividades dos fotógrafos independentes","o serviço de aerofotogrametria (7119-7/99)","ATELIER FOTOGRÁFICO || COBERTURA FOTOGRÁFICA PARA JORNAIS, REVISTAS E EVENTOS; SERVIÇOS DE || ESTÚDIO FOTOGRÁFICO || FOTÓGRAFO DE IMPRENSA; SERVIÇOS DE || FOTÓGRAFOS INDEPENDENTES; PRODUÇÃO POR || PRODUÇÃO FOTOGRÁFICA PARA FESTAS E OUTROS EVENTOS || PRODUÇÃO FOTOGRÁFICA PARA FINS PESSOAIS || PRODUÇÃO FOTOGRÁFICA PARA PUBLICIDADE","7410202|7410203|7410299|7420002|7420003|7420004|7420005|7490101|7490102|7490103|7490104|7490105|7490199","OK","","","nao-ratificado"
"7420-0/02","7420002","ATIVIDADES DE PRODUÇÃO DE FOTOGRAFIAS AÉREAS E SUBMARINAS","Atende","Sim","Sim","III","III:De 6% até 33%","Não","M","ATIVIDADES PROFISSIONAIS, CIENTÍFICAS E TÉCNICAS","74","OUTRAS ATIVIDADES PROFISSIONAIS, CIENTÍFICAS E TÉCNICAS","742","ATIVIDADES FOTOGRÁFICAS E SIMILARES","74200","ATIVIDADES FOTOGRÁFICAS E SIMILARES","a produção de fotografias aéreas e submarinas, inclusive para publicidade","o serviço de aerofotogrametria (7119-7/99)","FOTOGRAFIA AÉREA PARA PUBLICIDADE; SERVIÇOS DE || FOTOGRAFIA AÉREA; SERVIÇOS DE || FOTOGRAFIA SUBMARINA PARA PUBLICIDADE; SERVIÇOS DE || FOTOGRAFIA SUBMARINA; SERVIÇOS DE","7410202|7410203|7410299|7420001|7420003|7420004|7420005|7490101|7490102|7490103|7490104|7490105|7490199","OK","","","nao-ratificado"
"7420-0/03","7420003","LABORATÓRIOS FOTOGRÁFICOS","Atende","Sim","Sim","III","III:De 6% até 33%","Não","M","ATIVIDADES PROFISSIONAIS, CIENTÍFICAS E TÉCNICAS","74","OUTRAS ATIVIDADES PROFISSIONAIS, CIENTÍFICAS E TÉCNICAS","742","ATIVIDADES FOTOGRÁFICAS E SIMILARES","74200","ATIVIDADES FOTOGRÁFICAS E SIMILARES","as atividades de laboratório de revelação de filmes e de processamento de fotografias, tais como: || #- as atividades dos laboratórios de revelação, impressão e ampliação fotográfica || #- a revelação de filmes fotográficos, a impressão e a ampliação de fotografias || #- os serviços de foto em 1 hora (que não sejam parte de loja de material fotográfico) || #- a revelação de películas de filmes não destinada à indústria cinematográfica || #- a montagem de slides || #- a cópia, a restauração e o retoque de fotografias","o processamento e montagem de filmes cinematográficos (5912-0/99) || as bibliotecas e os serviços de armazenamento de fotos e filmes (9101-5/00)","DIAPOSITIVOS; MONTAGEM DE || FILMES FOTOGRÁFICOS; ATIVIDADES DE REVELAÇÃO, IMPRESSÃO, AMPLIAÇÃO DE || FOTOGRAFIAS; CÓPIAS, RESTAURAÇÃO DE, RETOQUE DE || LABORATÓRIO DE REVELAÇÃO DE FILMES FOTOGRÁFICOS || LABORATÓRIO FOTOGRÁFICO || MONTAGEM DE SLIDES; SERVIÇOS DE || REVELAÇÃO DE FOTOS; SERVIÇOS DE","7410202|7410203|7410299|7420001|7420002|7420004|7420005|7490101|7490102|7490103|7490104|7490105|7490199","OK","","","nao-ratificado"
"7420-0/04","7420004","FILMAGEM DE FESTAS E EVENTOS","Atende","Sim","Sim","III","III:De 6% até 33%","Não","M","ATIVIDADES PROFISSIONAIS, CIENTÍFICAS E TÉCNICAS","74","OUTRAS ATIVIDADES PROFISSIONAIS, CIENTÍFICAS E TÉCNICAS","742","ATIVIDADES FOTOGRÁFICAS E SIMILARES","74200","ATIVIDADES FOTOGRÁFICAS E SIMILARES","a atividade de filmagem e de gravação de vídeos de festas e eventos","a produção de filmes em estúdios cinematográficos (5911-1/01) || a produção de filmes para publicidade (5911-1/02) || os serviços de microfilmagem (7420-0/05)","FESTAS E EVENTOS; PRODUÇÃO DE VÍDEO PARA || FILMAGEM DE EVENTOS CULTURAIS; SERVIÇOS DE || FILMAGEM DE EVENTOS; SERVIÇOS DE || FILMAGEM DE FESTAS; SERVIÇOS DE || GRAVAÇÃO DE VÍDEOS PARA FESTAS E EVENTOS","7410202|7410203|7410299|7420001|7420002|7420003|7420005|7490101|7490102|7490103|7490104|7490105|7490199","OK","","","nao-ratificado"
"7420-0/05","7420005","SERVIÇOS DE MICROFILMAGEM","Atende","Sim","Não","III","III:De 6% até 33%","Não","M","ATIVIDADES PROFISSIONAIS, CIENTÍFICAS E TÉCNICAS","74","OUTRAS ATIVIDADES PROFISSIONAIS, CIENTÍFICAS E TÉCNICAS","742","ATIVIDADES FOTOGRÁFICAS E SIMILARES","74200","ATIVIDADES FOTOGRÁFICAS E SIMILARES","os serviços de microfilmagem de documentos","os serviços de fotocópias mecânicas ou eletrostáticas para terceiros (8219-9/01)","MICROFILMAGEM DE DOCUMENTOS; SERVIÇOS DE || MICROFILMAGEM; SERVIÇOS DE","7410202|7410203|7410299|7420001|7420002|7420003|7420004|7490101|7490102|7490103|7490104|7490105|7490199","OK","","","nao-ratificado"
"7490-1/01","7490101","SERVIÇOS DE TRADUÇÃO, INTERPRETAÇÃO E SIMILARES","Atende","Sim","Não","III|V","III:De 6% até 33%|V:De 15,5% até 30,5%","Sim","M","ATIVIDADES PROFISSIONAIS, CIENTÍFICAS E TÉCNICAS","74","OUTRAS ATIVIDADES PROFISSIONAIS, CIENTÍFICAS E TÉCNICAS","749","ATIVIDADES PROFISSIONAIS, CIENTÍFICAS E TÉCNICAS NÃO ESPECIFICADAS ANTERIORMENTE","74901","ATIVIDADES PROFISSIONAIS, CIENTÍFICAS E TÉCNICAS NÃO ESPECIFICADAS ANTERIORMENTE","os serviços de tradução, de interpretação e similares || os serviços de tradução simultânea || os serviços de revisão gramatical || os serviços de tradução de textos juramentados","","REVISÃO GRAMATICAL DE TEXTOS; SERVIÇOS DE || TRADUTOR; SERVIÇOS DE || TRADUÇÃO DE LIVROS EM GERAL || TRADUÇÃO DE MANUAIS EM GERAL || TRADUÇÃO DE TEXTOS JURAMENTADOS; SERVIÇOS DE || TRADUÇÃO SIMULTÂNEA; SERVIÇOS DE || TRADUÇÃO, INTERPRETAÇÃO DE LIBRAS; SERVIÇOS DE || TRADUÇÃO, INTERPRETAÇÃO DE LÍNGUAS, IDIOMAS; SERVIÇOS DE || TRADUÇÃO, INTERPRETAÇÃO; SERVIÇOS DE","7410202|7410203|7410299|7420001|7420002|7420003|7420004|7420005|7490102|7490103|7490104|7490105|7490199","OK","","","nao-ratificado"
"7490-1/02","7490102","ESCAFANDRIA E MERGULHO","Atende","Sim","Sim","III","III:De 6% até 33%","Não","M","ATIVIDADES PROFISSIONAIS, CIENTÍFICAS E TÉCNICAS","74","OUTRAS ATIVIDADES PROFISSIONAIS, CIENTÍFICAS E TÉCNICAS","749","ATIVIDADES PROFISSIONAIS, CIENTÍFICAS E TÉCNICAS NÃO ESPECIFICADAS ANTERIORMENTE","74901","ATIVIDADES PROFISSIONAIS, CIENTÍFICAS E TÉCNICAS NÃO ESPECIFICADAS ANTERIORMENTE","as atividades de escafandria e mergulho para realização de serviços variados como resgates, avaliações, manutenção de navios, etc.","a produção de fotografias submarinas (7420-0/02) || a atividade de ensino de mergulho (8591-1/00)","ESCAFANDRIA E MERGULHO; SERVIÇOS DE || RESGATES; SERVIÇOS DE ESCAFANDRIA E MERGULHO","7410202|7410203|7410299|7420001|7420002|7420003|7420004|7420005|7490101|7490103|7490104|7490105|7490199","OK","","","nao-ratificado"
"7490-1/03","7490103","SERVIÇOS DE AGRONOMIA E DE CONSULTORIA ÀS ATIVIDADES AGRÍCOLAS E PECUÁRIAS","Atende","Sim","Não","III|V","III:De 6% até 33%|V:De 15,5% até 30,5%","Sim","M","ATIVIDADES PROFISSIONAIS, CIENTÍFICAS E TÉCNICAS","74","OUTRAS ATIVIDADES PROFISSIONAIS, CIENTÍFICAS E TÉCNICAS","749","ATIVIDADES PROFISSIONAIS, CIENTÍFICAS E TÉCNICAS NÃO ESPECIFICADAS ANTERIORMENTE","74901","ATIVIDADES PROFISSIONAIS, CIENTÍFICAS E TÉCNICAS NÃO ESPECIFICADAS ANTERIORMENTE","as atividades de consultoria, assessoria, orientação e assistência prestadas por agrônomos e outros profissionais a estabelecimentos agropecuários || as atividades de assistência técnica e extensão rural","","ANÁLISES DE SOLO PARA FINS AGRÍCOLAS; SERVIÇOS DE || ASSESSORIA E EXTENSÃO EM ATIVIDADES AGRÍCOLAS E PECUÁRIAS || ASSESSORIA POR AGRÔNOMO A ESTABELECIMENTOS AGRÍCOLAS || ASSESSORIA, CONSULTORIA, ORIENTAÇÃO E ASSISTÊNCIA NA AGRICULTURA || ASSESSORIA, ORIENTAÇÃO E ASSISTÊNCIA A ESTABELECIMENTOS AGRÍCOLAS E PECUÁRIOS || ASSESSORIA, ORIENTAÇÃO E ASSISTÊNCIA NA AGROPECUÁRIA || ASSESSORIA, ORIENTAÇÃO E ASSISTÊNCIA TÉCNICA NA AGRICULTURA || ASSISTÊNCIA TÉCNICA RURAL || EXTENSÃO AGROPECUÁRIA; SERVIÇOS DE || EXTENSÃO RURAL; ATIVIDADES DE || ORIENTAÇÃO E ASSISTÊNCIA DE AGRÔNOMO A ESTABELECIMENTO AGRÍCOLA || PROJETOS AGRÍCOLAS, AGROPECUÁRIOS; CONSULTORIA, ASSESSORIA EM","7410202|7410203|7410299|7420001|7420002|7420003|7420004|7420005|7490101|7490102|7490104|7490105|7490199","OK","","","nao-ratificado"
"7490-1/04","7490104","ATIVIDADES DE INTERMEDIAÇÃO E AGENCIAMENTO DE SERVIÇOS E NEGÓCIOS EM GERAL, EXCETO IMOBILIÁRIOS","Atende","Sim","Não","III|V","III:De 6% até 33%|V:De 15,5% até 30,5%","Sim","M","ATIVIDADES PROFISSIONAIS, CIENTÍFICAS E TÉCNICAS","74","OUTRAS ATIVIDADES PROFISSIONAIS, CIENTÍFICAS E TÉCNICAS","749","ATIVIDADES PROFISSIONAIS, CIENTÍFICAS E TÉCNICAS NÃO ESPECIFICADAS ANTERIORMENTE","74901","ATIVIDADES PROFISSIONAIS, CIENTÍFICAS E TÉCNICAS NÃO ESPECIFICADAS ANTERIORMENTE","as atividades de corretagem, intermediação, mediação de negócios ou serviços em geral, sem especificação definida, promovendo a integração entre profissionais e empresas || as atividades de intermediação na compra e venda de patentes","os representantes comerciais e agentes do comércio (grupo 46.1) || as atividades de operador de transporte multimodal - OTM (5250-8/05) || agenciamento e corretagem ou intermediação de títulos e valores mobiliários (divisões 64 e 66) || as atividades de corretores e agentes de seguros, de planos de previdência complementar e de saúde (6622-3/00) || as atividades imobiliárias por contrato ou comissão (grupo 68.2) || a venda e o licenciamento de franquias (7740-3/00) || as atividades de intermediação na locação de mão-de-obra temporária (7820-5/00)","INTERMEDIAÇÃO DE CONTRATOS DE LOCAÇÃO OU LEASING; SERVIÇOS DE || ATIVIDADES DE INTERMEDIAÇÃO E AGENCIAMENTO DE SERVIÇOS E NEGÓCIOS EM GERAL, SEM ESPECIALIZAÇÃO DEFINIDA || DIVULGAÇÃO DE SERVIÇOS NA INTERNET (AFILIADOS DIGITAIS), EXCETO POR PROVEDORES DE CONTEÚDO; SERVIÇOS DE || INTERMEDIAÇÃO NA COMPRA E VENDA DE PATENTES; SERVIÇOS DE || LICITAÇÕES; SERVIÇOS DE INTERMEDIAÇÃO EM","7410202|7410203|7410299|7420001|7420002|7420003|7420004|7420005|7490101|7490102|7490103|7490105|7490199","OK","","","nao-ratificado"
"7490-1/05","7490105","AGENCIAMENTO DE PROFISSIONAIS PARA ATIVIDADES ESPORTIVAS, CULTURAIS E ARTÍSTICAS","Atende","Sim","Não","III|V","III:De 6% até 33%|V:De 15,5% até 30,5%","Sim","M","ATIVIDADES PROFISSIONAIS, CIENTÍFICAS E TÉCNICAS","74","OUTRAS ATIVIDADES PROFISSIONAIS, CIENTÍFICAS E TÉCNICAS","749","ATIVIDADES PROFISSIONAIS, CIENTÍFICAS E TÉCNICAS NÃO ESPECIFICADAS ANTERIORMENTE","74901","ATIVIDADES PROFISSIONAIS, CIENTÍFICAS E TÉCNICAS NÃO ESPECIFICADAS ANTERIORMENTE","as atividades realizadas por agências ou agentes em nome de pessoas para: || obter contrato de atuação em filmes, peças de teatro e outros espetáculos culturais, artísticos e esportivos || oferecer a editores obras literárias, obras de arte, fotografias, etc || as agências de modelos || a cessão de uso de imagem de artistas, esportistas, etc.","as atividades de agenciamento de elenco, inclusive para o teatro (7810-8/00) || os serviços de organização de feiras, congressos, exposições e festas (8230-0/01) || as atividades de diretores, produtores e empresários de eventos artísticos ao vivo (9001-9/99)","AGENCIAMENTO DE ATLETAS DE FUTEBOL; SERVIÇOS DE || AGENCIAMENTO DE MODELOS E MANEQUINS PARA DESFILES || AGENTE DE ATLETAS DE FUTEBOL || AGENTE DE ATORES; SERVIÇOS DE || AGENTE DE OBRAS DE ARTE; SERVIÇOS DE || AGENTE DE OBRAS LITERÁRIAS; SERVIÇOS DE || AGENTE LITERÁRIO; SERVIÇOS DE || AGÊNCIA DE MODELOS || CESSÃO DE USO DE IMAGEM DE ARTISTAS, ESPORTISTAS; ATIVIDADE DE || EMPRESÁRIO ARTÍSTICO; SERVIÇOS DE || MODELO AUTÔNOMO; ATIVIDADES DE","7410202|7410203|7410299|7420001|7420002|7420003|7420004|7420005|7490101|7490102|7490103|7490104|7490199","OK","","","nao-ratificado"
"7490-1/99","7490199","OUTRAS ATIVIDADES PROFISSIONAIS, CIENTÍFICAS E TÉCNICAS NÃO ESPECIFICADAS ANTERIORMENTE","Atende","Sim","Não","III|V","III:De 6% até 33%|V:De 15,5% até 30,5%","Sim","M","ATIVIDADES PROFISSIONAIS, CIENTÍFICAS E TÉCNICAS","74","OUTRAS ATIVIDADES PROFISSIONAIS, CIENTÍFICAS E TÉCNICAS","749","ATIVIDADES PROFISSIONAIS, CIENTÍFICAS E TÉCNICAS NÃO ESPECIFICADAS ANTERIORMENTE","74901","ATIVIDADES PROFISSIONAIS, CIENTÍFICAS E TÉCNICAS NÃO ESPECIFICADAS ANTERIORMENTE","o serviço de previsão meteorológica || os serviços de avaliação não-imobiliária (jóias, antiguidades, etc.) || as atividades de assessoria e consultoria técnica em áreas profissionais, científicas e técnicas não especificadas anteriormente, inclusive as realizadas por profissionais autônomos ou constituídos como empresas individuais","os serviços de avaliação de imóveis (6821-8/01) || as atividades de escritores de todos os tipos de assuntos, inclusive técnicos (9002-7/01) || as atividades de jornalistas independentes (9002-7/01)","ASSESSORIA E CONSULTORIA EM CULINÁRIA || ASSESSORIA E CONSULTORIA EM MODA E IMAGEM PESSOAL || ASSESSORIA E CONSULTORIA EM PROJETOS CULTURAIS || ASSESSORIA E CONSULTORIA EM SAÚDE E MEDICINA DO TRABALHO || ASSESSORIA E CONSULTORIA NA PRODUÇÃO DE PROGRAMAS DE TELEVISÃO || ASSESSORIA EM ESPORTE || AVALIAÇÃO DE ANTIGUIDADES; SERVIÇOS DE || AVALIAÇÃO DE JÓIAS; SERVIÇOS DE || AVALIAÇÃO NÃO-IMOBILIÁRIA; SERVIÇOS DE || CONSULTORIA EM ESPORTES || CONSULTORIA EM ESTATÍSTICA; SERVIÇOS DE || CONSULTORIA EM QUESTÕES DE SUSTENTABILIDADE DO MEIO AMBIENTE || CONSULTORIA EM SEGURANÇA DO TRABALHO; SERVIÇOS DE || CONSULTORIA EM SISTEMAS DE SEGURANÇA; SERVIÇOS DE || CONSULTORIA MÉDICA EM MEDICINA DO TRABALHO || CONSULTORIA NA ÁREA DE ESTATÍSTICA || CONSULTORIA, ASSESSORIA EM PROJETOS DE MEIO AMBIENTE; SERVIÇOS DE || LOCUÇÃO; SERVIÇOS DE || METEOROLOGIA; SERVIÇOS DE || ORGANIZAÇÃO DE CONCURSOS PÚBLICOS; SERVIÇOS DE || PREVISÃO METEOROLÓGICA; SERVIÇOS DE || RATING OU AVALIAÇÃO DE RISCOS PARA CLASSIFICAÇÃO DE EMPRESAS || SERVIÇOS DE PROMOÇÃO EM SAÚDE JUNTO A ÁREA DE RECURSOS HUMANOS DE EMPRESAS || SOMMELIER, DEGUSTAÇÃO DE VINHOS; SERVIÇOS DE || TÉCNICO DE SEGURANÇA DO TRABALHO; SERVIÇOS DE","7410202|7410203|7410299|7420001|7420002|7420003|7420004|7420005|7490101|7490102|7490103|7490104|7490105","OK","","","nao-ratificado"
"7500-1/00","7500100","ATIVIDADES VETERINÁRIAS","Atende","Sim","Não","III|V","III:De 6% até 33%|V:De 15,5% até 30,5%","Sim","M","ATIVIDADES PROFISSIONAIS, CIENTÍFICAS E TÉCNICAS","75","ATIVIDADES VETERINÁRIAS","750","ATIVIDADES VETERINÁRIAS","75001","ATIVIDADES VETERINÁRIAS","as atividades desenvolvidas por veterinários em clínicas, consultórios e laboratórios veterinários, bem como em visitas a fazendas, canis, domicílios ou a qualquer outro lugar para fornecimento de: || assistência veterinária a animais de estabelecimento agropecuário || assistência veterinária a animais de estimação || diagnóstico clínico patológico de animais || serviços de vacinação em animais || #- serviços de esterilização em animais || #- a realização de testes de espécies animais || as atividades de ambulâncias para animais || as atividades de assistentes qualificados de veterinários ou de pessoal auxiliar em veterinária","o serviço de inseminação artificial em animais (0162-8/01) || alojamento de animais domésticos (9609-2/07) || higiene e embelezamento de animais domésticos (9609-2/08)","ALIMENTAÇÃO VETERINÁRIA; CONSULTORIA EM || AMBULÂNCIA PARA ANIMAIS || ASSISTÊNCIA VETERINÁRIA EM ESTABELECIMENTOS AGROPECUÁRIOS; SERVIÇOS DE || CIRURGIA VETERINÁRIA; SERVIÇOS DE || CLÍNICA VETERINÁRIA || CONSULTÓRIO VETERINÁRIO || ESTERILIZAÇÃO DE ANIMAIS; SERVIÇOS DE || HOSPITAL VETERINÁRIO || IMUNIZAÇÃO VETERINÁRIA; SERVIÇOS DE || LABORATÓRIO DE ANÁLISE VETERINÁRIA || MÉDICO VETERINÁRIO; SERVIÇOS DE || RAIO-X VETERINÁRIO; SERVIÇOS DE || SERVIÇOS VETERINÁRIOS || TESTES EM ESPÉCIES ANIMAIS; REALIZAÇÃO DE || TRANSPORTE DE ANIMAIS EM AMBULÂNCIAS; SERVIÇOS DE || UNIDADE MÓVEL DE ATENDIMENTO MÉDICO VETERINÁRIO || VACINAÇÃO EM ANIMAIS; SERVIÇOS DE || VETERINÁRIA; SERVIÇOS DE","","OK","","","nao-ratificado"
"7711-0/00","7711000","LOCAÇÃO DE AUTOMÓVEIS SEM CONDUTOR","Atende","Sim","Não","III","III:De 6% até 33%","Não","N","ATIVIDADES ADMINISTRATIVAS E SERVIÇOS COMPLEMENTARES","77","ALUGUÉIS NÃO-IMOBILIÁRIOS E GESTÃO DE ATIVOS INTANGÍVEIS NÃO-FINANCEIROS","771","LOCAÇÃO DE MEIOS DE TRANSPORTE SEM CONDUTOR","77110","LOCAÇÃO DE AUTOMÓVEIS SEM CONDUTOR","a locação e leasing operacional de automóveis sem condutor ou motorista","a locação de automóveis com motorista ou condutor (4923-0/02) || o arrendamento mercantil (leasing financeiro) de automóveis (6440-9/00)","AUTOMÓVEIS SEM CONDUTOR; LOCAÇÃO DE, ALUGUEL DE, LEASING OPERACIONAL DE || AUTOMÓVEIS SEM MOTORISTA; LOCAÇÃO DE, ALUGUEL DE, LEASING OPERACIONAL DE || AUTOMÓVEIS; ARRENDAMENTO SEM OPÇÃO DE COMPRA DE || AUTOS DE PASSEIO SEM MOTORISTA; LOCAÇÃO DE, ALUGUEL DE || BUGRES; ALUGUEL DE, LOCAÇÃO DE || CAMINHONETES DE PASSEIO SEM MOTORISTA; LOCAÇÃO DE, ALUGUEL DE || CARROS DE PASSEIO SEM MOTORISTA; LOCAÇÃO DE, ALUGUEL DE || LOCADORA DE AUTOMÓVEIS || LOCADORA DE CARROS","7719501|7719502|7719599|7721700|7722500|7723300|7729201|7729202|7729203|7729299|7731400|7732201|7732202|7733100|7739001|7739002|7739003|7739099|7740300","OK","","","nao-ratificado"
"7721-7/00","7721700","ALUGUEL DE EQUIPAMENTOS RECREATIVOS E ESPORTIVOS","Atende","Sim","Sim","III","III:De 6% até 33%","Não","N","ATIVIDADES ADMINISTRATIVAS E SERVIÇOS COMPLEMENTARES","77","ALUGUÉIS NÃO-IMOBILIÁRIOS E GESTÃO DE ATIVOS INTANGÍVEIS NÃO-FINANCEIROS","772","ALUGUEL DE OBJETOS PESSOAIS E DOMÉSTICOS","77217","ALUGUEL DE EQUIPAMENTOS RECREATIVOS E ESPORTIVOS","o aluguel de material e equipamento esportivo, tais como: || #- barcos de lazer, canoas, barco à vela || #- bicicletas || #- cadeiras e guarda-sóis de praia || #- mesas de sinuca e bilhar || #- brinquedos não-eletrônicos || #- outros equipamentos esportivos e recreativos","o aluguel de fitas de vídeo, DVDs, CDs e similares (7722-5/00) || o aluguel de equipamentos de lazer e entretenimento quando parte integrante das atividades de recreação e de lazer (9329-8/99)","TOBOGÃ, PULA-PULA, ESCORREGADOR, SEM EXPLORAÇÃO; ALUGUEL DE || BARCOS DE LAZER, CANOAS, BARCOS À VELA; ALUGUEL DE, LOCAÇÃO DE || BICICLETAS; ALUGUEL DE, LOCAÇÃO DE || BRINQUEDOS NÃO ELETRÔNICOS; ALUGUEL DE, LOCAÇÃO DE || CADEIRAS DE PRAIA, GUARDA-SÓIS; ALUGUEL DE, LOCAÇÃO DE || EQUIPAMENTOS DE GINÁSTICA; LOCAÇÃO DE || MATERIAIS E EQUIPAMENTOS ESPORTIVOS; ALUGUEL DE; LOCAÇÃO DE || MESA DE BILHAR; ALUGUEL DE, LOCAÇÃO DE || MESA DE SINUCA; ALUGUEL DE, LOCAÇÃO DE || TOTÓ; ALUGUEL DE, LOCAÇÃO DE","7711000|7719501|7719502|7719599|7722500|7723300|7729201|7729202|7729203|7729299|7731400|7732201|7732202|7733100|7739001|7739002|7739003|7739099|7740300","OK","","","nao-ratificado"
"7722-5/00","7722500","ALUGUEL DE FITAS DE VÍDEO, DVDS E SIMILARES","Atende","Sim","Sim","III","III:De 6% até 33%","Não","N","ATIVIDADES ADMINISTRATIVAS E SERVIÇOS COMPLEMENTARES","77","ALUGUÉIS NÃO-IMOBILIÁRIOS E GESTÃO DE ATIVOS INTANGÍVEIS NÃO-FINANCEIROS","772","ALUGUEL DE OBJETOS PESSOAIS E DOMÉSTICOS","77225","ALUGUEL DE FITAS DE VÍDEO, DVDS E SIMILARES","o aluguel de fitas de vídeo, DVDs, CDs e similares","a distribuição de filmes em vídeo a distribuidores e exibidores (5913-8/00) || o empréstimo de fitas de vídeo e DVDs por bibliotecas (9101-5/00)","BLU-RAY; ALUGUEL DE, LOCAÇÃO DE || CARTUCHOS DE VÍDEO GAME; ALUGUEL DE, LOCAÇÃO DE || CD; ALUGUEL DE, LOCAÇÃO DE || CDs; ALUGUEL DE, LOCAÇÃO DE || DISCOS; ALUGUEL DE, LOCAÇÃO DE || DVDs; ALUGUEL DE, LOCAÇÃO DE || FILMES EM DVD OU CARTUCHO; ALUGUEL DE, LOCAÇÃO DE || FITAS DE VÍDEO; ALUGUEL DE, LOCAÇÃO DE || LOCADORA DE FITAS DE VÍDEO || LOCADORA DE VÍDEO || VHS; ALUGUEL DE, LOCAÇÃO DE || VIDEOLOCADORA","7711000|7719501|7719502|7719599|7721700|7723300|7729201|7729202|7729203|7729299|7731400|7732201|7732202|7733100|7739001|7739002|7739003|7739099|7740300","OK","","","nao-ratificado"
"7723-3/00","7723300","ALUGUEL DE OBJETOS DO VESTUÁRIO, JÓIAS E ACESSÓRIOS","Atende","Sim","Sim","III","III:De 6% até 33%","Não","N","ATIVIDADES ADMINISTRATIVAS E SERVIÇOS COMPLEMENTARES","77","ALUGUÉIS NÃO-IMOBILIÁRIOS E GESTÃO DE ATIVOS INTANGÍVEIS NÃO-FINANCEIROS","772","ALUGUEL DE OBJETOS PESSOAIS E DOMÉSTICOS","77233","ALUGUEL DE OBJETOS DO VESTUÁRIO, JOIAS E ACESSÓRIOS","o aluguel de objetos do vestuário, de jóias, de calçados e de outros acessórios","","ACESSÓRIOS DO VESTUÁRIO; ALUGUEL DE, LOCAÇÃO DE || ACESSÓRIOS PARA NOIVAS; ALUGUEL DE, LOCAÇÃO DE || ARTIGOS DO VESTUÁRIO; ALUGUEL DE, LOCAÇÃO DE || CALÇADOS; ALUGUEL DE, LOCAÇÃO DE || ENXOVAL; ALUGUEL DE, LOCAÇÃO DE || FANTASIAS; ALUGUEL DE, LOCAÇÃO DE || JÓIAS; ALUGUEL DE, LOCAÇÃO DE || ROUPAS; ALUGUEL DE, LOCAÇÃO DE || TERNO; ALUGUEL DE, LOCAÇÃO DE || TRAJES; ALUGUEL DE, LOCAÇÃO DE || VESTIDOS; ALUGUEL DE, LOCAÇÃO DE || VESTUÁRIO; ALUGUEL DE; LOCAÇÃO DE","7711000|7719501|7719502|7719599|7721700|7722500|7729201|7729202|7729203|7729299|7731400|7732201|7732202|7733100|7739001|7739002|7739003|7739099|7740300","OK","","","nao-ratificado"
"7729-2/01","7729201","ALUGUEL DE APARELHOS DE JOGOS ELETRÔNICOS","Atende","Sim","Sim","III","III:De 6% até 33%","Não","N","ATIVIDADES ADMINISTRATIVAS E SERVIÇOS COMPLEMENTARES","77","ALUGUÉIS NÃO-IMOBILIÁRIOS E GESTÃO DE ATIVOS INTANGÍVEIS NÃO-FINANCEIROS","772","ALUGUEL DE OBJETOS PESSOAIS E DOMÉSTICOS","77292","ALUGUEL DE OBJETOS PESSOAIS E DOMÉSTICOS NÃO ESPECIFICADOS ANTERIORMENTE","o aluguel de aparelhos de jogos eletrônicos","a exploração de jogos eletrônicos recreativos (9329-8/04)","APARELHOS DE JOGOS ELETRÔNICOS; ALUGUEL DE, LOCAÇÃO DE || APARELHOS DE VIDEOGAMES; ALUGUEL DE, LOCAÇÃO DE || BRINQUEDOS ELETRÔNICOS; ALUGUEL DE, LOCAÇÃO DE || CONSOLES DE JOGOS ELETRÔNICOS; ALUGUEL DE, LOCAÇÃO DE || FLIPERAMAS; ALUGUEL DE, LOCAÇÃO DE","7711000|7719501|7719502|7719599|7721700|7722500|7723300|7729202|7729203|7729299|7731400|7732201|7732202|7733100|7739001|7739002|7739003|7739099|7740300","OK","","","nao-ratificado"
"7729-2/02","7729202","ALUGUEL DE MÓVEIS, UTENSÍLIOS E APARELHOS DE USO DOMÉSTICO E PESSOAL; INSTRUMENTOS MUSICAIS","Atende","Sim","Sim","III","III:De 6% até 33%","Não","N","ATIVIDADES ADMINISTRATIVAS E SERVIÇOS COMPLEMENTARES","77","ALUGUÉIS NÃO-IMOBILIÁRIOS E GESTÃO DE ATIVOS INTANGÍVEIS NÃO-FINANCEIROS","772","ALUGUEL DE OBJETOS PESSOAIS E DOMÉSTICOS","77292","ALUGUEL DE OBJETOS PESSOAIS E DOMÉSTICOS NÃO ESPECIFICADOS ANTERIORMENTE","o aluguel de móveis, utensílios e aparelhos eletroeletrônicos de uso doméstico e pessoal || o aluguel de instrumentos musicais || o aluguel de móveis de escritório","","APARELHOS DE DVD; ALUGUEL DE || APARELHOS ELETRODOMÉSTICOS; ALUGUEL DE, LOCAÇÃO DE || APARELHOS ELETROELETRÔNICOS; ALUGUEL DE || AR CONDICIONADO; ALUGUEL DE || CADEIRAS; ALUGUEL DE, LOCAÇÃO DE || GELADEIRA, FREEZER; ALUGUEL DE || INSTRUMENTOS MUSICAIS; ALUGUEL DE, LOCAÇÃO DE || MESAS; ALUGUEL DE, LOCAÇÃO DE || MÓVEIS E UTENSÍLIOS PARA FESTAS; ALUGUEL DE, LOCAÇÃO DE || MÓVEIS; ALUGUEL DE, LOCAÇÃO DE || OBJETOS E UTENSÍLIOS DOMÉSTICOS; ALUGUEL DE, LOCAÇÃO DE || TELEVISOR, TELEVISÃO; ALUGUEL DE, LOCAÇÃO DE || UTENSÍLIOS E APARELHOS DE USO DOMÉSTICO; ALUGUEL DE, LOCAÇÃO DE || UTENSÍLIOS E APARELHOS ELETROELETRÔNICOS DE USO DOMÉSTICO; ALUGUEL DE || VIDEOCASSETE; ALUGUEL DE, LOCAÇÃO DE","7711000|7719501|7719502|7719599|7721700|7722500|7723300|7729201|7729203|7729299|7731400|7732201|7732202|7733100|7739001|7739002|7739003|7739099|7740300","OK","","","nao-ratificado"
"7729-2/03","7729203","ALUGUEL DE MATERIAL MÉDICO","Atende","Sim","Sim","III","III:De 6% até 33%","Não","N","ATIVIDADES ADMINISTRATIVAS E SERVIÇOS COMPLEMENTARES","77","ALUGUÉIS NÃO-IMOBILIÁRIOS E GESTÃO DE ATIVOS INTANGÍVEIS NÃO-FINANCEIROS","772","ALUGUEL DE OBJETOS PESSOAIS E DOMÉSTICOS","77292","ALUGUEL DE OBJETOS PESSOAIS E DOMÉSTICOS NÃO ESPECIFICADOS ANTERIORMENTE","o aluguel de material médico, como cadeiras de roda, camas hospitalares, muletas, inaladores, etc.","","CADEIRAS DE RODA; ALUGUEL DE, LOCAÇÃO DE || CAMAS HOSPITALARES; ALUGUEL DE, LOCAÇÃO DE || INALADORES; ALUGUEL DE || MATERIAL MÉDICO; ALUGUEL DE, LOCAÇÃO DE || MULETAS; ALUGUEL DE, LOCAÇÃO DE","7711000|7719501|7719502|7719599|7721700|7722500|7723300|7729201|7729202|7729299|7731400|7732201|7732202|7733100|7739001|7739002|7739003|7739099|7740300","OK","","","nao-ratificado"
"7729-2/99","7729299","ALUGUEL DE OUTROS OBJETOS PESSOAIS E DOMÉSTICOS NÃO ESPECIFICADOS ANTERIORMENTE","Atende","Sim","Sim","III","III:De 6% até 33%","Não","N","ATIVIDADES ADMINISTRATIVAS E SERVIÇOS COMPLEMENTARES","77","ALUGUÉIS NÃO-IMOBILIÁRIOS E GESTÃO DE ATIVOS INTANGÍVEIS NÃO-FINANCEIROS","772","ALUGUEL DE OBJETOS PESSOAIS E DOMÉSTICOS","77292","ALUGUEL DE OBJETOS PESSOAIS E DOMÉSTICOS NÃO ESPECIFICADOS ANTERIORMENTE","o aluguel de plantas e flores || o aluguel de livros e revistas || o aluguel de outros objetos de uso pessoal e doméstico não especificados anteriormente","a locação de automóveis, caminhões, motos e outros veículos terrestres, sem condutor (grupo 77.1) || o aluguel de material telefônico (7733-1/00) || o empréstimo de livros e revistas por bibliotecas (9101-5/00) || os serviços associados de aluguel e lavagem de roupas de cama, mesa e banho, de uniformes de trabalho e artigos relacionados (9601-7/03)","ESSAS E ANDORES, LOCAÇÃO DE, ALUGUEL DE || LIVROS E REVISTAS; ALUGUEL DE, LOCAÇÃO DE || PLANTAS E FLORES; ALUGUEL DE, LOCAÇÃO DE","7711000|7719501|7719502|7719599|7721700|7722500|7723300|7729201|7729202|7729203|7731400|7732201|7732202|7733100|7739001|7739002|7739003|7739099|7740300","OK","","","nao-ratificado"
"7731-4/00","7731400","ALUGUEL DE MÁQUINAS E EQUIPAMENTOS AGRÍCOLAS SEM OPERADOR","Atende","Sim","Sim","III","III:De 6% até 33%","Não","N","ATIVIDADES ADMINISTRATIVAS E SERVIÇOS COMPLEMENTARES","77","ALUGUÉIS NÃO-IMOBILIÁRIOS E GESTÃO DE ATIVOS INTANGÍVEIS NÃO-FINANCEIROS","773","ALUGUEL DE MÁQUINAS E EQUIPAMENTOS SEM OPERADOR","77314","ALUGUEL DE MÁQUINAS E EQUIPAMENTOS AGRÍCOLAS SEM OPERADOR","o aluguel e leasing operacional de máquinas e equipamentos agrícolas sem operador, tais como: || #- colhedeiras, arados, adubadoras || #- tratores agrícolas e similares","o aluguel de máquinas agrícolas com operador (0161-0/99) || o arrendamento mercantil (leasing financeiro) de máquinas e equipamentos agrícolas com opção de compra (6440-9/00)","ADUBADORAS SEM OPERADOR; ALUGUEL DE || ARADOS SEM OPERADOR; ALUGUEL DE || COLHEDEIRAS SEM OPERADOR; ALUGUEL DE || EQUIPAMENTOS AGRÍCOLAS SEM OPERADOR; ALUGUEL DE, LOCAÇÃO DE || EQUIPAMENTOS AGRÍCOLAS SEM OPERADOR; LEASING OPERACIONAL DE || IMPLEMENTOS AGRÍCOLAS SEM OPERADOR; ALUGUEL DE, LOCAÇÃO DE || MÁQUINAS AGRÍCOLAS SEM OPERADOR; ALUGUEL DE, LOCAÇÃO DE || MÁQUINAS E EQUIPAMENTOS AGRÍCOLAS SEM OPERADOR; ALUGUEL DE, LOCAÇÃO DE || MÁQUINAS E EQUIPAMENTOS AGRÍCOLAS SEM OPERADOR; LEASING OPERACIONAL DE || TRATORES AGRÍCOLAS SEM OPERADOR; ALUGUEL DE, LOCAÇÃO DE","7711000|7719501|7719502|7719599|7721700|7722500|7723300|7729201|7729202|7729203|7729299|7732201|7732202|7733100|7739001|7739002|7739003|7739099|7740300","OK","","","nao-ratificado"
"7732-2/01","7732201","ALUGUEL DE MÁQUINAS E EQUIPAMENTOS PARA CONSTRUÇÃO SEM OPERADOR, EXCETO ANDAIMES","Atende","Sim","Sim","III","III:De 6% até 33%","Não","N","ATIVIDADES ADMINISTRATIVAS E SERVIÇOS COMPLEMENTARES","77","ALUGUÉIS NÃO-IMOBILIÁRIOS E GESTÃO DE ATIVOS INTANGÍVEIS NÃO-FINANCEIROS","773","ALUGUEL DE MÁQUINAS E EQUIPAMENTOS SEM OPERADOR","77322","ALUGUEL DE MÁQUINAS E EQUIPAMENTOS PARA CONSTRUÇÃO SEM OPERADOR","o aluguel e leasing operacional de máquinas e equipamentos para construção e para demolição sem operador, tais como: betoneiras, tratores, escavadoras, motoniveladoras e similares","o aluguel de máquinas e equipamentos para construção e demolição com operador (seção F) || o arrendamento mercantil (leasing financeiro) de máquinas e equipamentos para a construção e engenharia civil || (6440-9/00) || o aluguel de andaimes e plataformas de trabalho, sem montagem e desmontagem (7732-2/02)","BETONEIRAS; ALUGUEL DE, LOCAÇÃO DE || CAÇAMBAS, NÃO ASSOCIADA À RETIRADA OU À DISPOSIÇÃO DE RESÍDUOS; ALUGUEL DE, LOCAÇÃO DE || ESCAVADORAS PARA CONSTRUÇÃO SEM OPERADOR; ALUGUEL DE, LOCAÇÃO DE || GUINDASTES, EMPILHADEIRAS PARA CONSTRUÇÃO CIVIL, SEM OPERADOR; ALUGUEL DE, LOCAÇÃO DE || MOTONIVELADORES PARA CONSTRUÇÃO SEM OPERADOR; ALUGUEL DE, LOCAÇÃO DE || MÁQUINAS DE TERRAPLENAGEM SEM OPERADOR; ALUGUEL DE, LOCAÇÃO DE || MÁQUINAS E EQUIPAMENTOS PARA CONSTRUÇÃO SEM OPERADOR, EXCETO ANDAIMES; ALUGUEL DE, LOCAÇÃO DE || MÁQUINAS E EQUIPAMENTOS PARA CONSTRUÇÃO SEM OPERADOR; LEASING OPERACIONAL DE || MÁQUINAS E EQUIPAMENTOS PARA CONSTRUÇÃO, SEM OPERADOR; ARRENDAMENTO SEM OPÇÃO DE COMPRA DE || TRATORES PARA CONSTRUÇÃO SEM OPERADOR; ALUGUEL DE, LOCAÇÃO DE","7711000|7719501|7719502|7719599|7721700|7722500|7723300|7729201|7729202|7729203|7729299|7731400|7732202|7733100|7739001|7739002|7739003|7739099|7740300","OK","","","nao-ratificado"
"7732-2/02","7732202","ALUGUEL DE ANDAIMES","Atende","Sim","Sim","III","III:De 6% até 33%","Não","N","ATIVIDADES ADMINISTRATIVAS E SERVIÇOS COMPLEMENTARES","77","ALUGUÉIS NÃO-IMOBILIÁRIOS E GESTÃO DE ATIVOS INTANGÍVEIS NÃO-FINANCEIROS","773","ALUGUEL DE MÁQUINAS E EQUIPAMENTOS SEM OPERADOR","77322","ALUGUEL DE MÁQUINAS E EQUIPAMENTOS PARA CONSTRUÇÃO SEM OPERADOR","o aluguel e leasing operacional de andaimes e plataformas de trabalho sem montagem e desmontagem || o aluguel de fôrmas para concreto","o aluguel de andaimes e plataformas de trabalho, com montagem e desmontagem (4399-1/02) || o arrendamento mercantil (leasing financeiro) de andaimes e plataformas de trabalho (6440-9/00)","ANDAIMES E ESCORAMENTOS SEM MONTAGEM E DESMONTAGEM; ALUGUEL DE, LOCAÇÃO DE || ANDAIMES SEM MONTAGEM E DESMONTAGEM; ALUGUEL DE, LOCAÇÃO DE || ANDAIMES; LEASING OPERACIONAL DE || FÔRMAS METÁLICAS PARA CONCRETO; ALUGUEL DE || PLATAFORMAS SEM MONTAGEM E DESMONTAGEM; ALUGUEL DE, LOCAÇÃO DE","7711000|7719501|7719502|7719599|7721700|7722500|7723300|7729201|7729202|7729203|7729299|7731400|7732201|7733100|7739001|7739002|7739003|7739099|7740300","OK","","","nao-ratificado"
"7733-1/00","7733100","ALUGUEL DE MÁQUINAS E EQUIPAMENTOS PARA ESCRITÓRIOS","Atende","Sim","Sim","III","III:De 6% até 33%","Não","N","ATIVIDADES ADMINISTRATIVAS E SERVIÇOS COMPLEMENTARES","77","ALUGUÉIS NÃO-IMOBILIÁRIOS E GESTÃO DE ATIVOS INTANGÍVEIS NÃO-FINANCEIROS","773","ALUGUEL DE MÁQUINAS E EQUIPAMENTOS SEM OPERADOR","77331","ALUGUEL DE MÁQUINAS E EQUIPAMENTOS PARA ESCRITÓRIOS","o aluguel e leasing operacional, de curta ou longa duração, de todo tipo de máquinas e equipamentos de escritório, tais como: || computadores e equipamentos periféricos || reprodutoras de cópias || projetores, data-show || máquinas e equipamentos de contabilidade: caixas registradoras, calculadoras eletrônicas, etc. || o aluguel e leasing operacional de equipamento telefônico","o arrendamento mercantil (leasing financeiro) de máquinas e equipamentos para escritório, inclusive computadores e material telefônico (6440-9/00)","CAIXAS REGISTRADORAS; ALUGUEL DE || CALCULADORAS ELETRÔNICAS; ALUGUEL DE || CELULAR; ALUGUEL, LOCAÇÃO DE || COMPUTADORES; ALUGUEL DE, LOCAÇÃO DE, LEASING OPERACIONAL DE || DATA-SHOW; ALUGUEL DE || EQUIPAMENTO TELEFÔNICO; ALUGUEL DE, LOCAÇÃO DE || EQUIPAMENTOS DE PROCESSAMENTO DE DADOS; ALUGUEL DE, LOCAÇÃO DE || EQUIPAMENTOS PERIFÉRICOS DE INFORMÁTICA; ALUGUEL DE || FAX; ALUGUEL, LOCAÇÃO DE || FOTOCOPIADORAS; ALUGUEL DE, LOCAÇÃO DE || IMPRESSORAS; ALUGUEL DE, LOCAÇÃO DE, LEASING OPERACIONAL DE || MATERIAL TELEFÔNICO; ALUGUEL DE, LOCAÇÃO DE || MICROCOMPUTADORES; ALUGUEL DE, LOCAÇÃO DE || MÁQUINAS COPIADORAS; ALUGUEL DE, LOCAÇÃO DE || MÁQUINAS DE ESCREVER; ALUGUEL DE , LOCAÇÃO DE || MÁQUINAS E EQUIPAMENTOS DE CONTABILIDADE; ALUGUEL DE, LOCAÇÃO DE || MÁQUINAS REPRODUTORAS DE CÓPIAS; ALUGUEL DE, LOCAÇÃO DE, LEASING OPERACIONAL DE || MÁQUINAS, EQUIPAMENTOS E MÓVEIS DE ESCRITÓRIO; ALUGUEL DE, LOCAÇÃO DE || MÁQUINAS, EQUIPAMENTOS E MÓVEIS DE ESCRITÓRIO; LEASING OPERACIONAL DE || PROJETORES; ALUGUEL DE || RECEPTORES DE MENSAGENS - BIP; ALUGUEL DE, LOCAÇÃO DE || REPRODUTORAS DE CÓPIAS; ALUGUEL, LOCAÇÃO DE || TELEFONES PARA ESCRITÓRIO; ALUGUEL DE, LOCAÇÃO DE","7711000|7719501|7719502|7719599|7721700|7722500|7723300|7729201|7729202|7729203|7729299|7731400|7732201|7732202|7739001|7739002|7739003|7739099|7740300","OK","","","nao-ratificado"
"7739-0/01","7739001","ALUGUEL DE MÁQUINAS E EQUIPAMENTOS PARA EXTRAÇÃO DE MINÉRIOS E PETRÓLEO, SEM OPERADOR","Atende","Sim","Não","III","III:De 6% até 33%","Não","N","ATIVIDADES ADMINISTRATIVAS E SERVIÇOS COMPLEMENTARES","77","ALUGUÉIS NÃO-IMOBILIÁRIOS E GESTÃO DE ATIVOS INTANGÍVEIS NÃO-FINANCEIROS","773","ALUGUEL DE MÁQUINAS E EQUIPAMENTOS SEM OPERADOR","77390","ALUGUEL DE MÁQUINAS E EQUIPAMENTOS NÃO ESPECIFICADOS ANTERIORMENTE","o aluguel e leasing operacional, de curta ou longa duração, de máquinas e equipamentos para extração de minérios e petróleo, sem operador","o arrendamento mercantil (leasing financeiro) de máquinas e equipamentos para extração de minérios e petróleo, sem operador (6440-9/00)","EQUIPAMENTOS PARA EXTRAÇÃO DE MINÉRIO SEM OPERADOR; ALUGUEL DE,  LEASING OPERACIONAL DE || EQUIPAMENTOS PARA EXTRAÇÃO DE PETRÓLEO SEM OPERADOR; ALUGUEL DE, LEASING OPERACIONAL DE || MÁQUINAS E EQUIPAMENTOS PARA EXTRAÇÃO DE MINÉRIOS; LEASING OPERACIONAL DE || MÁQUINAS E EQUIPAMENTOS PARA EXTRAÇÃO DE PETRÓLEO; LEASING OPERACIONAL DE","7711000|7719501|7719502|7719599|7721700|7722500|7723300|7729201|7729202|7729203|7729299|7731400|7732201|7732202|7733100|7739002|7739003|7739099|7740300","OK","","","nao-ratificado"
"7739-0/02","7739002","ALUGUEL DE EQUIPAMENTOS CIENTÍFICOS, MÉDICOS E HOSPITALARES, SEM OPERADOR","Atende","Sim","Sim","III","III:De 6% até 33%","Não","N","ATIVIDADES ADMINISTRATIVAS E SERVIÇOS COMPLEMENTARES","77","ALUGUÉIS NÃO-IMOBILIÁRIOS E GESTÃO DE ATIVOS INTANGÍVEIS NÃO-FINANCEIROS","773","ALUGUEL DE MÁQUINAS E EQUIPAMENTOS SEM OPERADOR","77390","ALUGUEL DE MÁQUINAS E EQUIPAMENTOS NÃO ESPECIFICADOS ANTERIORMENTE","o aluguel e leasing operacional, de curta ou longa duração, de: || #- equipamentos científicos, médicos e hospitalares, elétricos ou não, sem operador || #- equipamentos médico-cirúrgicos hospitalares","o arrendamento mercantil (leasing financeiro) de equipamentos científicos, médicos e hospitalares, sem operador || (6440-9/00)","APARELHOS DE USO CIENTÍFICO; ALUGUEL, LOCAÇÃO DE || APARELHOS TERAPÊUTICOS ELETROMAGNÉTICOS; ALUGUEL DE, LOCAÇÃO DE || EQUIPAMENTOS CIENTÍFICOS, MÉDICOS E HOSPITALARES, SEM OPERADOR; ALUGUEL DE, LOCAÇÃO DE || EQUIPAMENTOS CIENTÍFICOS, MÉDICOS E HOSPITALARES; LEASING OPERACIONAL DE || EQUIPAMENTOS CIENTÍFICOS; ALUGUEL DE, LOCAÇÃO DE || EQUIPAMENTOS E MÓVEIS PARA HOSPITAIS; ALUGUEL DE, LOCAÇÃO DE || EQUIPAMENTOS MÉDICO-CIRÚRGICO HOSPITALARES; ALUGUEL DE, LOCAÇÃO DE","7711000|7719501|7719502|7719599|7721700|7722500|7723300|7729201|7729202|7729203|7729299|7731400|7732201|7732202|7733100|7739001|7739003|7739099|7740300","OK","","","nao-ratificado"
"7739-0/03","7739003","ALUGUEL DE PALCOS, COBERTURAS E OUTRAS ESTRUTURAS DE USO TEMPORÁRIO, EXCETO ANDAIMES","Atende","Sim","Sim","III","III:De 6% até 33%","Não","N","ATIVIDADES ADMINISTRATIVAS E SERVIÇOS COMPLEMENTARES","77","ALUGUÉIS NÃO-IMOBILIÁRIOS E GESTÃO DE ATIVOS INTANGÍVEIS NÃO-FINANCEIROS","773","ALUGUEL DE MÁQUINAS E EQUIPAMENTOS SEM OPERADOR","77390","ALUGUEL DE MÁQUINAS E EQUIPAMENTOS NÃO ESPECIFICADOS ANTERIORMENTE","o aluguel e leasing operacional, incluindo montagem, de: || #- palcos, coberturas e estandes para qualquer uso || #- tabuleiros de feiras || #- sanitários químicos para uso em eventos || #- outras estruturas de uso temporário","o arrendamento mercantil (leasing financeiro) de palcos, coberturas e outras estruturas de uso temporário, exceto andaimes (6440-9/00) || o aluguel de andaimes e plataformas de trabalho sem montagem e desmontagem (7732-2/02)","BANHEIROS QUÍMICOS; ALUGUEL DE, LOCAÇÃO DE || ESTANDES PARA FEIRAS E EVENTOS, COM OU SEM MONTAGEM; ALUGUEL DE, LOCAÇÃO DE || MÓDULOS METÁLICOS PARA ALOJAMENTO; ALUGUEL DE, LOCAÇÃO DE || PALCO, COBERTURAS E OUTRAS ESTRUTURAS DE USO TEMPORÁRIO; LOCAÇÃO DE || PALCOS, COBERTURAS E OUTRAS ESTRUTURAS DE USO TEMPORÁRIO; LEASING OPERACIONAL DE || SANITÁRIOS PORTÁTEIS; ALUGUEL DE, LOCAÇÃO DE || SANITÁRIOS QUÍMICOS; ALUGUEL DE, LOCAÇÃO DE || TABULEIROS DE FEIRA; LOCAÇÃO DE, MONTAGEM DE || TENDAS; ALUGUEL, LOCAÇÃO DE || TOLDOS; ALUGUEL DE, LOCAÇÃO DE","7711000|7719501|7719502|7719599|7721700|7722500|7723300|7729201|7729202|7729203|7729299|7731400|7732201|7732202|7733100|7739001|7739002|7739099|7740300","OK","","","nao-ratificado"
"7739-0/99","7739099","ALUGUEL DE OUTRAS MÁQUINAS E EQUIPAMENTOS COMERCIAIS E INDUSTRIAIS NÃO ESPECIFICADOS ANTERIORMENTE, SEM OPERADOR","Atende","Sim","Sim","III","III:De 6% até 33%","Não","N","ATIVIDADES ADMINISTRATIVAS E SERVIÇOS COMPLEMENTARES","77","ALUGUÉIS NÃO-IMOBILIÁRIOS E GESTÃO DE ATIVOS INTANGÍVEIS NÃO-FINANCEIROS","773","ALUGUEL DE MÁQUINAS E EQUIPAMENTOS SEM OPERADOR","77390","ALUGUEL DE MÁQUINAS E EQUIPAMENTOS NÃO ESPECIFICADOS ANTERIORMENTE","o aluguel e leasing operacional, de curta ou longa duração, de outros tipos de máquinas e equipamentos, elétricos ou não, sem operador, tais como: || #- motores, turbinas e máquinas-ferramenta || #- geradores, guinchos, guindastes e empilhadeiras || #- aparelhos de usos comerciais e industriais || #- equipamentos cinematográficos || #- equipamentos profissionais para rádio, televisão e comunicações || #- equipamentos de teste, medição e controle || #- contêineres || #- outros tipos de máquinas e equipamentos não especificados anteriormente","o arrendamento mercantil (leasing financeiro) de máquinas e equipamentos comerciais e industriais, sem operador (6440-9/00) || o aluguel de máquinas e equipamentos agrícolas sem operador (7731-4/00) || o aluguel de máquinas e equipamentos para construção sem operador (7732-2/01) || o aluguel de máquinas e equipamentos para escritórios (7733-1/00)","ALARMES; ALUGUEL DE, LOCAÇÃO DE || ALUGUEL DE OUTRAS MÁQUINAS E EQUIPAMENTOS COMERCIAIS E INDUSTRIAIS (INCLUSIVE JUKEBOXES) NÃO ESPECIFICADOS ANTERIORMENTE, SEM OPERADOR || APARELHOS DE RADIOAMADORES; ALUGUEL DE, LOCAÇÃO DE || APARELHOS DE USO COMERCIAL SEM OPERADOR; ALUGUEL DE, LOCAÇÃO DE || APARELHOS DE USO INDUSTRIAL SEM OPERADOR; ALUGUEL DE, LOCAÇÃO DE || APARELHOS E EQUIPAMENTOS DE RADIOAMADORES; ALUGUEL DE, LOCAÇÃO DE || APARELHOS, EQUIPAMENTOS DE SINALIZAÇÃO E ALARMES SEM OPERADOR; ALUGUEL DE, LOCAÇÃO DE || APARELHOS, EQUIPAMENTOS DE SOM (PARA USO PROFISSIONAL); ALUGUEL DE, LOCAÇÃO DE || BALCÕES FRIGORÍFICOS; ALUGUEL DE, LOCAÇÃO DE || CHOPEIRAS; ALUGUEL DE, LOCAÇÃO DE || COMPRESSORES; ALUGUEL DE, LOCAÇÃO DE || CONTÊINERES, CONTAINERS, CONTENTORES; LOCAÇÃO DE || CÂMARAS DE VIGILÂNCIA; ALUGUEL DE, LOCAÇÃO DE || CÂMARAS FRIGORÍFICAS; ALUGUEL DE, LOCAÇÃO DE || CÂMERAS DE VIGILÂNCIA; ALUGUEL DE, LOCAÇÃO DE || CÂMERAS DIGITAIS; ALUGUEL DE, LOCAÇÃO DE || EQUIPAMENTO DE RÁDIO DE COMUNICAÇÃO PROFISSIONAL; ALUGUEL DE, LOCAÇÃO DE || EQUIPAMENTO DE SIMULAÇÃO DE VOO, SEM OPERADOR; LOCAÇÃO DE,  ALUGUEL DE || EQUIPAMENTO PROFISSIONAL DE SOM E VÍDEO; ALUGUEL DE, LOCAÇÃO DE || EQUIPAMENTO PROFISSIONAL DE TELECOMUNICAÇÕES; ALUGUEL DE, LOCAÇÃO DE || EQUIPAMENTOS CINEMATOGRÁFICOS SEM OPERADOR; ALUGUEL DE, LOCAÇÃO DE || EQUIPAMENTOS DE AUDIO VISUAL; ALUGUEL DE, LOCAÇÃO DE || EQUIPAMENTOS DE FILMAGEM; ALUGUEL DE, LOCAÇÃO DE || EQUIPAMENTOS DE RADIOAMADORES; ALUGUEL DE, LOCAÇÃO DE || EQUIPAMENTOS DE SEGURANÇA; ALUGUEL DE, LOCAÇÃO DE || EQUIPAMENTOS DE SOM; ALUGUEL DE, LOCAÇÃO DE || EQUIPAMENTOS DE TESTE, MEDIÇÃO E CONTROLE; ALUGUEL DE, LOCAÇÃO DE || EQUIPAMENTOS DE USO COMERCIAL SEM OPERADOR; ALUGUEL DE, LOCAÇÃO DE || EQUIPAMENTOS PARA ILUMINAÇÃO DE EVENTOS; ALUGUEL DE, LOCAÇÃO DE || FERRAMENTAS ELÉTRICAS; ALUGUEL DE, LOCAÇÃO DE || FERRAMENTAS MANUAIS; LOCAÇÃO DE || FILMADORA DIGITAL; ALUGUEL DE, LOCAÇÃO DE || GERADORES; ALUGUEL DE, LOCAÇÃO DE || GUINCHOS, GUINDASTES E EMPILHADEIRAS PARA MOVIMENTAÇÃO DE CARGAS, SEM OPERADOR; ALUGUEL DE, LOCAÇÃO DE || MICROFONES, CAIXAS ACÚSTICAS E AUTO FALANTES; ALUGUEL DE, LOCAÇÃO DE || MOTORES E TURBINAS SEM OPERADOR PARA USO INDUSTRIAL; ALUGUEL DE, LOCAÇÃO DE || MÁQUINAS DE CAFÉ EXPRESSO; ALUGUEL DE, LOCAÇÃO DE || MÁQUINAS DE GERAÇÃO DE ENERGIA ELÉTRICA; ALUGUEL DE, LOCAÇÃO DE || MÁQUINAS FILMADORAS PROFISSIONAIS; ALUGUEL DE || MÁQUINAS-FERRAMENTA SEM OPERADOR PARA USO INDUSTRIAL; ALUGUEL DE, LOCAÇÃO DE || PAINEL, PAINÉIS, PLACAS SOLARES FOTOVOLTAICAS; LOCAÇÃO DE || RELÓGIOS DE HORA E TEMPERATURA; ALUGUEL DE, LOCAÇÃO DE","7711000|7719501|7719502|7719599|7721700|7722500|7723300|7729201|7729202|7729203|7729299|7731400|7732201|7732202|7733100|7739001|7739002|7739003|7740300","OK","","","nao-ratificado"
"7740-3/00","7740300","GESTÃO DE ATIVOS INTANGÍVEIS NÃO FINANCEIROS","Atende","Sim","Não","III|V","III:De 6% até 33%|V:De 15,5% até 30,5%","Sim","N","ATIVIDADES ADMINISTRATIVAS E SERVIÇOS COMPLEMENTARES","77","ALUGUÉIS NÃO-IMOBILIÁRIOS E GESTÃO DE ATIVOS INTANGÍVEIS NÃO-FINANCEIROS","774","GESTÃO DE ATIVOS INTANGÍVEIS NÃO-FINANCEIROS","77403","GESTÃO DE ATIVOS INTANGÍVEIS NÃO FINANCEIROS","as atividades que possibilitam o uso de ativos não-financeiros por terceiros, ou seja, garantem o direito de uso a partir do pagamento de royalties ou de licença de uso ao proprietário do ativo. Os proprietários dos ativos podem ou não terem sido os responsáveis por sua criação. O uso desses ativos pode ter várias formas, tais como, permissão para reprodução, utilização em vários processos e produtos, operação de franquias, etc., como por exemplo: || #- a compra, a venda e o licenciamento (leasing) pelo uso de marcas e patentes || #- a venda e o licenciamento de franquias || #- o recebimento de royalties || #- os direitos de exploração mineral","a gestão de direitos autorais de obras artísticas, literárias, musicais, cinematográficas e audiovisuais (divisões 58 e 59) || o licenciamento de programas de computador customizáveis (6202-3/00) e não-customizáveis (6203-1/00) || o leasing de imóveis (6810-2/01) || o arrendamento mercantil (leasing financeiro) de bens tangíveis (6440-9/00) || o aluguel de fitas de vídeo, DVDs, CDs e similares (7722-5/00)","COMPRA E VENDA DO DIREITO DE USO DE MARCAS E PATENTES || EXPLORAÇÃO MINERAL; DIREITOS DE || FRANQUEADOR DE MARCAS ESPORTIVAS || FRANQUIA, FRANCHISING; VENDA E LICENCIAMENTO DE || INTERMEDIAÇÃO DE CERTIFICADOS DE CRÉDITOS DE CARBONO; SERVIÇOS DE || LICENCIAMENTO DO USO DE MARCAS E PATENTES || MARCAS E PATENTES; ARRENDAMENTO DE || PATENTES E ROYALTIES; CESSÃO DE DIREITO DE USO DE || PATENTES E ROYALTIES; GERENCIAMENTO DE || PATENTES; COMPRA E VENDA DE || PATENTES; GESTÃO DE || ROYALTIES; ADMINISTRAÇÃO DE || ROYALTIES; SERVIÇOS DE COBRANÇA DE","7711000|7719501|7719502|7719599|7721700|7722500|7723300|7729201|7729202|7729203|7729299|7731400|7732201|7732202|7733100|7739001|7739002|7739003|7739099","OK","","","nao-ratificado"
"7911-2/00","7911200","AGÊNCIAS DE VIAGENS","Atende","Sim","Sim","III","III:De 6% até 33%","Não","N","ATIVIDADES ADMINISTRATIVAS E SERVIÇOS COMPLEMENTARES","79","AGÊNCIAS DE VIAGENS, OPERADORES TURÍSTICOS E SERVIÇOS DE RESERVAS","791","AGÊNCIAS DE VIAGENS E OPERADORES TURÍSTICOS","79112","AGÊNCIAS DE VIAGENS","as atividades de organização e venda de viagens, pacotes turísticos, excursões || as atividades de reserva de hotel e de venda de passagens de empresas de transportes || o fornecimento de informação, assessoramento e planejamento de viagens para o público em geral e para clientes comerciais || as atividades de venda de bilhetes de viagens para qualquer finalidade || as atividades de venda de passagens aéreas por companhias estrangeiras","as atividades de operadores turísticos (7912-1/00)","AGENCIAMENTOS TURÍSTICOS; SERVIÇOS DE || AGÊNCIA DE VIAGEM; SERVIÇOS DE || ASSESSORIA TÉCNICA DE TURISMO; SERVIÇOS DE || EXCURSÕES; VENDA DE || FORNECIMENTO DE INFORMAÇÕES, ASSESSORAMENTO E PLANEJAMENTO DE VIAGENS; SERVIÇOS DE || INTERMEDIÁRIO NA VENDA DE PASSAGENS AÉREAS || PACOTES DE VIAGEM MARÍTIMA; VENDA DE || PACOTES DE VIAGEM; VENDA DE || PLANEJAMENTO, ASSESSORAMENTO E ORGANIZAÇÃO DE VIAGENS || PROGRAMAS E PACOTES TURÍSTICOS; VENDA DE || RESERVA DE HOTEL; SERVIÇOS DE || TURISMO; AGÊNCIA DE || TURISMÓLOGO || VENDA DE PASSAGENS AÉREAS; AGÊNCIA DE EMPRESA ESTRANGEIRA DE || VIAGEM DE TURISMO; VENDA DE || VIAGEM TURÍSTICA; VENDA DE || VIAGENS E PACOTES TURÍSTICOS; ORGANIZAÇÃO E VENDA DE","7912100|7990200","OK","","","nao-ratificado"
"7912-1/00","7912100","OPERADORES TURÍSTICOS","Atende","Sim","Sim","III","III:De 6% até 33%","Não","N","ATIVIDADES ADMINISTRATIVAS E SERVIÇOS COMPLEMENTARES","79","AGÊNCIAS DE VIAGENS, OPERADORES TURÍSTICOS E SERVIÇOS DE RESERVAS","791","AGÊNCIAS DE VIAGENS E OPERADORES TURÍSTICOS","79121","OPERADORES TURÍSTICOS","a atividade de organizar e reunir pacotes turísticos e excursões que são vendidas em agências de viagens ou diretamente ao público cliente. As excursões podem incluir uma ou todas dentre as seguintes atividades: transporte, alojamento, alimentação, visitas a museus, lugares históricos e culturais, teatro, música e eventos esportivos || as atividades dos guias turísticos","as atividades de agências de viagens (7911-2/00)","GUIA DE TURISMO; SERVIÇOS DE || INTERMEDIAÇÃO DE VIAGEM; SERVIÇOS DE || OPERADORES TURÍSTICOS || OPERAÇÃO DE TURISMO; SERVIÇOS DE || OPERAÇÕES DE VIAGEM; SERVIÇOS DE || ORGANIZADORES DE VIAGEM; SERVIÇOS DE || ORGANIZAÇÃO DE EXCURSÕES; SERVIÇOS DE || ORGANIZAÇÃO DE PACOTES DE TURISMO; SERVIÇOS DE || ORGANIZAÇÃO DE PACOTES DE VIAGEM; SERVIÇOS DE || ORGANIZAÇÃO DE PROGRAMAS DE TURISMO; SERVIÇOS DE || ORGANIZAÇÃO DE PROGRAMAS DE VIAGEM; SERVIÇOS DE || ORGANIZAÇÃO DE PROGRAMAS TURÍSTICOS; SERVIÇOS DE || ORGANIZAÇÃO DE ROTEIROS DE TURISMO; SERVIÇOS DE || ORGANIZAÇÃO DE ROTEIROS DE VIAGEM; SERVIÇOS DE || ORGANIZAÇÃO DE ROTEIROS TURÍSTICOS; SERVIÇOS DE || ORGANIZAÇÃO DE VIAGEM TURÍSTICA; SERVIÇOS DE || PACOTES TURÍSTICOS; ORGANIZAÇÃO DE || PROGRAMAS TURÍSTICOS; SERVIÇOS DE","7911200|7990200","OK","","","nao-ratificado"
"7990-2/00","7990200","SERVIÇOS DE RESERVAS E OUTROS SERVIÇOS DE TURISMO NÃO ESPECIFICADOS ANTERIORMENTE","Atende","Sim","Sim","III","III:De 6% até 33%","Não","N","ATIVIDADES ADMINISTRATIVAS E SERVIÇOS COMPLEMENTARES","79","AGÊNCIAS DE VIAGENS, OPERADORES TURÍSTICOS E SERVIÇOS DE RESERVAS","799","SERVIÇOS DE RESERVAS E OUTROS SERVIÇOS DE TURISMO NÃO ESPECIFICADOS ANTERIORMENTE","79902","SERVIÇOS DE RESERVAS E OUTROS SERVIÇOS DE TURISMO NÃO ESPECIFICADOS ANTERIORMENTE","os serviços de informação e assistência a visitantes e organizações para a contratação de acomodação, de entretenimento e de locais para convenções, etc. || as atividades de assistência a turistas, inclusive dos órgãos de turismo nos níveis municipal, estadual e federal || as atividades de promoção do turismo local || os serviços de reservas relacionados a viagens (para transporte, hotéis, restaurantes, aluguel de carros, entretenimento e esportes) || a venda de títulos, com direito a uso por tempo determinado, de hotéis e outros alojamentos turísticos (time-share) || as atividades de reserva e de venda de ingressos para teatro, cinema, shows, eventos de esportes e para todas as demais atividades de recreação e lazer","as atividades de agências de viagens (7911-2/00) || as atividades de operadores turísticos (7912-1/00) || os serviços de organização de feiras, congressos, exposições e festas (8230-0/01)","AGÊNCIA DE VENDA DE INGRESSOS PARA TEATROS, CINEMAS E OUTRAS ATIVIDADES ARTÍSTICAS || ASSISTÊNCIA A TURISTAS, INCLUSIVE DE ÓRGÃOS MUNICIPAIS, ESTADUAIS E FEDERAIS; ATIVIDADES DE || ASSISTÊNCIA A TURISTAS; SERVIÇOS DE || ASSISTÊNCIA A VIAJANTES; SERVIÇOS DE || BILHETES DE PASSAGEM PARA QUALQUER FINALIDADE; VENDA DE || EMISSÃO E VENDA DE PASSAGENS RODOVIARIAS; SERVIÇOS DE || GUICHÊ DE VENDA DE PASSAGENS DE ÔNIBUS || INFORMAÇÕES TURÍSTICAS; SERVIÇOS DE || RESERVA E VENDA DE INGRESSOS PARA RECREAÇÃO E LAZER; SERVIÇOS DE || RESERVAS RELACIONADAS A VIAGENS; SERVIÇOS DE || TURISMO LOCAL; PROMOÇÃO DE || TURISMO; SERVIÇOS DE INFORMAÇÃO E ASSISTÊNCIA AO || TÍTULOS DE HOSPEDAGEM PARA TURISMO; VENDA DE || TÍTULOS DE HOTÉIS PARA TURISMO; VENDA DE || TÍTULOS PARA HOSPEDAGEM COM DESCONTO EM HOTÉIS PRÓPRIOS OU CONVENIADOS; VENDA DE || VENDA DE INGRESSOS ONLINE; ATIVIDADES DE","7911200|7912100","OK","","","nao-ratificado"
"8011-1/02","8011102","SERVIÇOS DE ADESTRAMENTO DE CÃES DE GUARDA","Atende","Sim","Sim","III","III:De 6% até 33%","Não","N","ATIVIDADES ADMINISTRATIVAS E SERVIÇOS COMPLEMENTARES","80","ATIVIDADES DE VIGILÂNCIA, SEGURANÇA E INVESTIGAÇÃO","801","ATIVIDADES DE VIGILÂNCIA, SEGURANÇA PRIVADA E TRANSPORTE DE VALORES","80111","ATIVIDADES DE VIGILÂNCIA E SEGURANÇA PRIVADA","os serviços de adestramento de cães de guarda","os serviços de adestramento de animais domésticos, exceto cães de guarda ( 9609-2/07)","ADESTRAMENTO DE CÃES DE GUARDA; SERVIÇO DE || CÃES DE GUARDA; SERVIÇO DE ADESTRAMENTO","8011101|8012900|8020001|8020002|8030700","OK","","","nao-ratificado"
"8020-0/01","8020001","ATIVIDADES DE MONITORAMENTO DE SISTEMAS DE SEGURANÇA ELETRÔNICO","Não atende","Sim","Não","IV","IV:De 4,5% até 33%","Não","N","ATIVIDADES ADMINISTRATIVAS E SERVIÇOS COMPLEMENTARES","80","ATIVIDADES DE VIGILÂNCIA, SEGURANÇA E INVESTIGAÇÃO","802","ATIVIDADES DE MONITORAMENTO DE SISTEMAS DE SEGURANÇA","80200","ATIVIDADES DE MONITORAMENTO DE SISTEMAS DE SEGURANÇA","as unidades que desenvolvem as atividades a seguir relacionadas podendo também vender os produtos (aparelhos e equipamentos) necessários ao seu funcionamento: || os serviços de monitoramento de sistemas de segurança eletrônicos, tais como, alarmes de incêndio, alarmes de proteção contra roubos, inclusive a manutenção dos equipamentos || o serviço de monitoramento de bens e de pessoas, com uso de imagem por satélite","a atividade de manutenção e reparação de equipamentos transmissores de comunicação (3312-1/02) || a instalação de sistemas de segurança sem a prestação de serviços de monitoramento (4321-5/00) || a venda, no comércio a varejo e por atacado, de sistemas de segurança, trancas mecânicas ou eletrônicas, cofres, etc. sem a prestação de serviços de monitoramento (divisões 46 e 47) || as atividades de uso de satélite para rastreamento (6190-6/99) || as atividades de consultoria em segurança (7490-1/99) || as atividades de segurança e ordem pública (8424-8/00) || os serviços de cópia de chaves e conserto de cadeados e fechaduras (9529-1/02)","ALARMES DE INCÊNDIO; SERVIÇO DE || ALARMES DE PROTEÇÃO A ROUBOS; SERVIÇOS DE || CONTROLE A DISTÂNCIA DE SISTEMAS DE SEGURANÇA; SERVIÇO DE || LOCALIZAÇÃO DE VEÍCULOS ROUBADOS; SERVIÇO DE || MONITORAMENTO DE BENS E PESSOAS, COM USO DE IMAGEM POR SATÉLITE; SERVIÇO DE || MONITORAMENTO DE EQUIPAMENTOS DE SEGURANÇA COM A VENDA, INSTALAÇÃO E MANUTENÇÃO ASSOCIADAS || MONITORAMENTO DE SISTEMAS DE SEGURANÇA; SERVIÇO DE || MONITORAMENTO DE VEÍCULOS COM RASTREAMENTO VIA SATÉLITE; SERVIÇO DE || MONITORAMENTO ELETRÔNICO DE SEGURANÇA, SERVIÇOS DE || SISTEMAS DE SEGURANÇA ELETRÔNICOS; SERVIÇOS DE || SISTEMAS DE SEGURANÇA ELÉTRICA; SERVIÇOS DE || VEÍCULOS ROUBADOS; SERVIÇOS DE RASTREADORA DE || VEÍCULOS ROUBADOS; SERVIÇOS DE RECUPERAÇÃO DE","8011101|8011102|8012900|8020002|8030700","ATENCAO","atende=FALSE(era atende na tabela)","","nao-ratificado"
"8030-7/00","8030700","ATIVIDADES DE INVESTIGAÇÃO PARTICULAR","Atende","Sim","Não","III|V","III:De 6% até 33%|V:De 15,5% até 30,5%","Sim","N","ATIVIDADES ADMINISTRATIVAS E SERVIÇOS COMPLEMENTARES","80","ATIVIDADES DE VIGILÂNCIA, SEGURANÇA E INVESTIGAÇÃO","803","ATIVIDADES DE INVESTIGAÇÃO PARTICULAR","80307","ATIVIDADES DE INVESTIGAÇÃO PARTICULAR","as atividades de investigação privada, independentemente do tipo de cliente ou do objetivo da investigação || os serviços de detetives","","AGÊNCIA DE DETETIVES PARTICULARES || DETETIVE PARTICULAR; AGÊNCIA DE || DETETIVE PARTICULAR; SERVIÇO DE || INVESTIGAÇÃO PARTICULAR; AGÊNCIA DE || INVESTIGAÇÃO PRIVADA; SERVIÇO DE","8011101|8011102|8012900|8020001|8020002","OK","","","nao-ratificado"
"8121-4/00","8121400","LIMPEZA EM PRÉDIOS E EM DOMICÍLIOS","Atende","Sim","Não","IV","IV:De 4,5% até 33%","Não","N","ATIVIDADES ADMINISTRATIVAS E SERVIÇOS COMPLEMENTARES","81","SERVIÇOS PARA EDIFÍCIOS E ATIVIDADES PAISAGÍSTICAS","812","ATIVIDADES DE LIMPEZA","81214","LIMPEZA EM PRÉDIOS E EM DOMICÍLIOS","os serviços de limpeza geral (não especializada) de prédios de qualquer tipo: residências, escritórios, fábricas, armazéns, hospitais, prédios públicos e outros prédios que desenvolvem atividades comerciais e de serviços || as atividades de limpeza de janelas e de corredores externos","a coleta e transporte de entulhos (3811-4/00) || os serviços de limpeza de fachadas, com jateamento de areia, vapor e semelhantes (4399-1/99) || os serviços combinados para apoio a edifícios (8111-7/00) || os serviços de imunização e controle de pragas urbanas (8122-2/00) || os serviços de limpeza e tratamento de piscinas (8129-0/00) || os serviços de limpeza de chaminés, de fornos, incineradores, caldeiras, dutos de ventilação e de refrigeração de ar (8129-0/00) || a manutenção de jardins e gramados (8130-3/00) || a lavagem de tapetes, carpetes e cortinas (9601-7/01) || os serviços domésticos (9700-5/00)","ASSEIO DE PRÉDIOS; SERVIÇOS DE || ASSEIO E CONSERVAÇÃO DE PRÉDIOS; SERVIÇOS DE || ASSEIO EM IMÓVEIS; SERVIÇOS DE || CONSERVADORA DE PRÉDIOS E DOMICÍLIOS; EMPRESA || CONSERVADORAS; LIMPEZA EM IMÓVEIS || CONSERVAÇÃO E ASSEIO EM PRÉDIOS E DOMICÍLIOS || FAXINA EM PRÉDIO E DOMICÍLIOS; SERVIÇOS DE || HIGIENIZAÇÃO DE PRÉDIOS E DOMICÍLIOS; SERVIÇOS DE || HIGIENIZAÇÃO E CONSERVAÇÃO DE PRÉDIOS; SERVIÇOS DE || HIGIENIZAÇÃO EM IMÓVEIS; SERVIÇOS DE || LIMPEZA (CONSERVAÇÃO) DE IMÓVEIS; SERVIÇOS ESPECÍFICOS DE || LIMPEZA (CONSERVAÇÃO) DE PRÉDIOS E DOMICÍLIOS; EMPRESA QUE EXECUTA APENAS SERVIÇOS DE || LIMPEZA DE JANELAS E DE CORREDORES EXTERNOS; SERVIÇO DE || LIMPEZA E HIGIENIZAÇÃO DE BANHEIROS PÚBLICOS; SERVIÇOS DE","8111700|8112500|8122200|8129000|8130300","OK","","","nao-ratificado"
"8122-2/00","8122200","IMUNIZAÇÃO E CONTROLE DE PRAGAS URBANAS","Atende","Sim","Não","IV","IV:De 4,5% até 33%","Não","N","ATIVIDADES ADMINISTRATIVAS E SERVIÇOS COMPLEMENTARES","81","SERVIÇOS PARA EDIFÍCIOS E ATIVIDADES PAISAGÍSTICAS","812","ATIVIDADES DE LIMPEZA","81222","IMUNIZAÇÃO E CONTROLE DE PRAGAS URBANAS","os serviços de dedetização, desratização, descupinização e similares","o controle de pragas agrícolas (0161-0/01) || os serviços de eliminação de microorganismos nocivos por meio de esterilização em produtos agrícolas, livros, equipamentos médico-hospitalares e outros (8129-0/00)","COMBATE E CONTROLE DE PRAGAS URBANAS; ATIVIDADE DE || DEDETIZAÇÃO; SERVIÇO DE || DESCUPINIZAÇÃO; SERVIÇO DE || DESINFECÇÃO; SERVIÇOS DE || DESINSETIZAÇÃO; SERVIÇO DE || DESRATIZAÇÃO; SERVIÇO DE || FUMIGAÇÃO; SERVIÇO DE || IMUNIZAÇÃO E COMBATE DE PRAGAS URBANAS; SERVIÇOS DE || IMUNIZAÇÃO E CONTROLE DE PRAGAS URBANAS; SERVIÇOS DE","8111700|8112500|8121400|8129000|8130300","OK","","","nao-ratificado"
"8129-0/00","8129000","ATIVIDADES DE LIMPEZA NÃO ESPECIFICADAS ANTERIORMENTE","Atende","Sim","Sim","IV","IV:De 4,5% até 33%","Não","N","ATIVIDADES ADMINISTRATIVAS E SERVIÇOS COMPLEMENTARES","81","SERVIÇOS PARA EDIFÍCIOS E ATIVIDADES PAISAGÍSTICAS","812","ATIVIDADES DE LIMPEZA","81290","ATIVIDADES DE LIMPEZA NÃO ESPECIFICADAS ANTERIORMENTE","as atividades de limpeza e de tratamento de piscinas || as atividades de limpeza especializada como a limpeza de chaminés, de fornos, incineradores, caldeiras, dutos de ventilação e de refrigeração de ar || a atividade de limpeza de máquinas industriais || a atividade de limpeza em trens, ônibus, embarcações, etc. || a atividade de limpeza do interior de tanques marítimos || a atividade de limpeza de garrafas || a atividade de limpeza de ruas || a atividade de limpeza de caixas de água e caixas de gordura || as outras atividades de limpeza não especificadas anteriormente || os serviços de eliminação de microorganismos nocivos por meio de esterilização em produtos agrícolas, livros, equipamentos médico-hospitalares e outros","o controle de pragas agrícolas (0161-0/01) || a atividade de limpeza de caixas de esgoto (3702-9/00) || a lavagem de veículos (4520-0/05) || a atividade de limpeza de interior de aeronaves (5240-1/99) || os serviços de dedetização, desratização, descupinização e similares (8122-2/00) || as atividades de limpeza do acostamento de estradas (8130-3/00)","ROÇAGEM E CAPINAGEM DE RUAS, LOGRADOUROS; SERVIÇOS DE || CAPINA, CAPINAÇÃO DE RUA, LOGRADOURO || DESENTUPIMENTO EM PRÉDIOS; SERVIÇO DE || ELIMINAÇÃO DE MICROORGANISMOS NOCIVOS EM PRODUTOS AGRÍCOLAS, LIVROS E OUTROS; SERVIÇO DE || ESTERILIZAÇÃO DE EQUIPAMENTOS MÉDICO-HOSPITALARES; SERVIÇO DE || ESTERILIZAÇÃO DE OBJETOS; SERVIÇO DE || ESTERILIZAÇÃO HOSPITALAR; SERVIÇO DE || ESTERILIZAÇÃO; SERVIÇO DE || LAVAGEM DE EMBALAGENS; SERVIÇO DE || LAVAGEM DE RECIPIENTES; SERVIÇO DE || LIMPEZA DE ACOSTAMENTO DE ESTRADA; ATIVIDADE DE || LIMPEZA DE CAIXA DE GORDURA; SERVIÇO DE || LIMPEZA DE CAIXA DE ÁGUA; SERVIÇO DE || LIMPEZA DE CALDEIRAS; SERVIÇO DE || LIMPEZA DE CHAMINÉS DE FORNOS; SERVIÇO DE || LIMPEZA DE CONTÊINERES, CONTAINERS, CONTENTORES; ATIVIDADES DE || LIMPEZA DE DUTOS DE VENTILAÇÃO E REFRIGERAÇÃO DE AR; SERVIÇO DE || LIMPEZA DE DUTOS PARA A INDÚSTRIA; SERVIÇO DE || LIMPEZA DE FORNOS, DUTOS, INCINERADORES; SERVIÇOS DE HIDROJATEAMENTO || LIMPEZA DE INCINERADORES; SERVIÇO DE || LIMPEZA DE MÁQUINAS INDUSTRIAIS; SERVIÇO DE || LIMPEZA DE MÁQUINAS INDUSTRIAIS; SERVIÇOS DE HIDROJATEAMENTO || LIMPEZA DE PISCINAS; SERVIÇOS DE || LIMPEZA DE POÇOS ARTESIANOS; SERVIÇOS DE || LIMPEZA DE RUAS, LOGRADOUROS; ATIVIDADE DE || LIMPEZA DE VASILHAMES; ATIVIDADE DE || LIMPEZA E CONSERVAÇÃO DE RUAS, LOGRADOUROS; SERVIÇOS DE || LIMPEZA EM CAMINHÃO-TANQUE PARA DESGASEIFICAÇÃO DE VAPOR || LIMPEZA EM CAMINHÕES-TANQUE, EMBARCAÇÕES, ÔNIBUS, TRENS, SERVIÇOS DE HIDROJATEAMENTO || LIMPEZA EM EMBARCAÇÕES; ATIVIDADE DE || LIMPEZA EM TRENS; ATIVIDADE DE || LIMPEZA EM ÔNIBUS; ATIVIDADE DE || SACARIA (SACOS PARA EMBALAGEM); LAVAGEM DE || TRATAMENTO DE PISCINAS; SERVIÇOS DE || VARREDURA, VARRIÇÃO DE RUAS, LOGRADOUROS","8111700|8112500|8121400|8122200|8130300","OK","","","nao-ratificado"
"8130-3/00","8130300","ATIVIDADES PAISAGÍSTICAS","Atende","Sim","Sim","IV","IV:De 4,5% até 33%","Não","N","ATIVIDADES ADMINISTRATIVAS E SERVIÇOS COMPLEMENTARES","81","SERVIÇOS PARA EDIFÍCIOS E ATIVIDADES PAISAGÍSTICAS","813","ATIVIDADES PAISAGÍSTICAS","81303","ATIVIDADES PAISAGÍSTICAS","o plantio, tratamento e manutenção de jardins e gramados de: || #- prédios residenciais, prédios públicos e semipúblicos como escolas, hospitais, igrejas, etc. || #- parques municipais, cemitérios, áreas verdes, etc. || #- prédios industriais e comerciais || #- quadras de esportes, playgrounds e parques recreacionais || #- piscinas, lagos, canais, etc. || o plantio, tratamento e manutenção de plantas para: || #- o interior de residências e empresas || #- proteção contra barulho, vento, erosão, visibilidade, etc. || #- outras atividades paisagísticas voltadas à manutenção do solo não-agrícola e não-florestal, tais como: criação de zonas de retenção, melhoria de terreno, prevenção de inundações, etc. || a poda e o plantio de árvores na área urbana","a produção de flores, folhagens e plantas ornamentais (0142-3/00) || o serviço de poda de árvores para lavouras (0161-0/02) || as atividades de construção para fins paisagísticos (seção F) || os projetos de arquitetura paisagística (7111-1/00) || os serviços de agronomia e de consultoria às atividades agrícolas e pecuárias (7490-1/03)","GRAMADO DE FUTEBOL; MANUTENÇÃO DE || GRAMADO; PLANTIO DE || HIDROSSEMEADURA; SERVIÇOS DE PAISAGISMO || JARDINAGEM; SERVIÇO DE || JARDINS; MANUTENÇÃO DE || PAISAGISMO,  LIMPEZA, MANUTENÇÃO, PLANTIO DE JARDINS; SERVIÇOS DE || PLANTIO DE GRAMA PARA RECOMPOSIÇÃO DE ÁREAS || PLANTIO, TRATAMENTO E MANUTENÇÃO DE JARDINS, GRAMADOS E PLANTAS PARA FINS PAISAGÍSTICOS; SERVIÇOS DE || PODA DE ÁRVORES EM ÁREA DE TRANSMISSÃO DE ENERGIA ELÉTRICA; SERVIÇOS DE || PODA E PLANTIO DE ÁRVORES NA ÁREA URBANA || PODA EM LINHAS DE TRANSMISSÃO NA ÁREA RURAL E URBANA, SERVIÇOS DE || ÁREAS VERDES; MANUTENÇÃO DE","8111700|8112500|8121400|8122200|8129000","OK","","","nao-ratificado"
"8211-3/00","8211300","SERVIÇOS COMBINADOS DE ESCRITÓRIO E APOIO ADMINISTRATIVO","Atende","Sim","Não","III","III:De 6% até 33%","Não","N","ATIVIDADES ADMINISTRATIVAS E SERVIÇOS COMPLEMENTARES","82","SERVIÇOS DE ESCRITÓRIO, DE APOIO ADMINISTRATIVO E OUTROS SERVIÇOS PRESTADOS PRINCIPALMENTE ÀS EMPRESAS","821","SERVIÇOS DE ESCRITÓRIO E APOIO ADMINISTRATIVO","82113","SERVIÇOS COMBINADOS DE ESCRITÓRIO E APOIO ADMINISTRATIVO","o fornecimento de uma combinação ou de um pacote de serviços administrativos de rotina a empresas clientes, sob contrato, tais como: serviços de recepção, planejamento financeiro, contabilidade, arquivamento, preparação de material para envio por correio, etc., || os centros de prestação de serviços às empresas ou escritórios virtuais","as unidades que fornecem uma equipe operacional para desenvolver todas as operações de uma empresa, que devem ser classificadas de acordo com a atividade que desenvolvem || as unidades que desenvolvem apenas uma atividade específica contida no conjunto destas atividades devem ser classificadas de acordo com a atividade específica","ARQUIVAMENTO DE DOCUMENTOS; SERVIÇOS DE || CENTROS DE NEGÓCIOS, APOIO OPERACIONAL A EMPRESAS OU A PROFISSIONAIS LIBERAIS || CENTROS DE SERVIÇOS DE APOIO ÀS EMPRESAS || COMBINAÇÃO DE SERVIÇOS DE RECEPÇÃO, PLANEJAMENTO FINANCEIRO, CONTABILIDADE, ARQUIVAMENTO, PREPARAÇÃO DE MATERIAL PARA ENVIO POR CORREIO, ETC.; FORNECIMENTO DE || COWORKING; ESCRITORIOS COMPARTILHADOS; SERVIÇOS DE || ESCRITÓRIO VIRTUAL; SERVIÇOS DE || ORGANIZAÇÃO DE ARQUIVO DE DOCUMENTOS NO LOCAL DO CONTRATANTE; SERVIÇOS DE || ORGANIZAÇÃO DE ARQUIVOS; SERVIÇOS DE || PREPARO DE FOLHA DE PAGAMENTO; SERVIÇOS DE || SERVIÇOS ADMINISTRATIVOS COMBINADOS PARA TERCEIROS","8219901|8219999|8220200|8230001|8230002|8291100|8292000|8299701|8299702|8299703|8299704|8299705|8299706|8299707|8299799","OK","","","nao-ratificado"
"8219-9/01","8219901","FOTOCÓPIAS","Atende","Sim","Sim","III","III:De 6% até 33%","Não","N","ATIVIDADES ADMINISTRATIVAS E SERVIÇOS COMPLEMENTARES","82","SERVIÇOS DE ESCRITÓRIO, DE APOIO ADMINISTRATIVO E OUTROS SERVIÇOS PRESTADOS PRINCIPALMENTE ÀS EMPRESAS","821","SERVIÇOS DE ESCRITÓRIO E APOIO ADMINISTRATIVO","82199","FOTOCÓPIAS, PREPARAÇÃO DE DOCUMENTOS E OUTROS SERVIÇOS ESPECIALIZADOS DE APOIO ADMINISTRATIVO","os serviços de fotocópias mecânicas ou eletrostáticas para terceiros || o serviço de plotagem || os serviços de encadernação, quando combinada com a reprodução de cópias","a impressão de documentos por gráficas (impressão offset, impressão rápida, etc.) (18.11-3/01 e 18.11-3/02) || os serviços de microfilmagem (7420-0/05)","COPIADORA; LOJA || CÓPIA FOTOSTÁTICA; SERVIÇO DE || CÓPIA HELIOGRÁFICA; SERVIÇO DE || CÓPIA XEROGRÁFICA; SERVIÇOS DE || DIGITALIZAÇÃO PARA REPRODUÇÃO DE CÓPIAS || DIGITALIZAÇÃO PARA REPRODUÇÃO DE FOTOS || ESCANEAMENTO PARA REPRODUÇÃO DE CÓPIAS || FOTOCÓPIA; SERVIÇOS DE || FOTOPLOTAGEM; SERVIÇOS DE || IMPRESSÃO A LASER; SERVIÇOS DE || PLOTAGEM; SERVIÇO DE || REPRODUÇÃO DE DOCUMENTOS; SERVIÇO DE || REPROGRAFIA; SERVIÇOS DE || SERVIÇO DE ENCADERNAÇÃO COMBINADO COM A REPRODUÇÃO DE CÓPIAS || XEROCÓPIAS; SERVIÇOS DE || XEROGRAFIAS; SERVIÇOS DE || XEROX; SERVIÇOS DE","8211300|8219999|8220200|8230001|8230002|8291100|8292000|8299701|8299702|8299703|8299704|8299705|8299706|8299707|8299799","OK","","","nao-ratificado"
"8219-9/99","8219999","PREPARAÇÃO DE DOCUMENTOS E SERVIÇOS ESPECIALIZADOS DE APOIO ADMINISTRATIVO NÃO ESPECIFICADOS ANTERIORMENTE","Atende","Sim","Sim","III","III:De 6% até 33%","Não","N","ATIVIDADES ADMINISTRATIVAS E SERVIÇOS COMPLEMENTARES","82","SERVIÇOS DE ESCRITÓRIO, DE APOIO ADMINISTRATIVO E OUTROS SERVIÇOS PRESTADOS PRINCIPALMENTE ÀS EMPRESAS","821","SERVIÇOS DE ESCRITÓRIO E APOIO ADMINISTRATIVO","82199","FOTOCÓPIAS, PREPARAÇÃO DE DOCUMENTOS E OUTROS SERVIÇOS ESPECIALIZADOS DE APOIO ADMINISTRATIVO","o serviço de preparo de documentos || o serviço de digitação de textos || os serviços de preenchimento de formulários, colocação de selos e despacho de correspondência, inclusive de material de publicidade || os serviços de apoio à secretaria || a redação de cartas e resumos || o serviço de transcrição de documentos || as atividades de registro e de cadastramento de usuários, exceto para fins de certificação digital","a impressão de material para uso industrial e comercial (1813-0/99) || as atividades de registro e de cadastramento de usuários para fins de certificação digital (6319-4/00) || os serviços de taquigrafia (8299-7/99)","CARTAS E RESUMOS; REDAÇÃO DE || CARTÕES DE VISITA, CRACHÁS; SERVIÇOS DE ELABORAÇÃO DE || CONFERÊNCIA DE TEXTOS DIGITADOS POR TERCEIROS; SERVIÇO DE || DATILOGRAFIA; SERVIÇO DE || DIGITAÇÃO DE FATURAS, DOCUMENTOS, CARNÊS; SERVIÇOS DE || DIGITAÇÃO DE TEXTOS; SERVIÇO DE || EDITORAÇÃO ELETRÔNICA; SERVIÇOS DE || ENVIO DE CORRESPONDÊNCIA POR MALA DIRETA; SERVIÇO DE || ESTENOTIPIA; SERVIÇOS DE || PREENCHIMENTO, SELAGEM E DESPACHO DE ENCOMENDAS; SERVIÇOS DE || PREPARAÇÃO DE DOCUMENTOS E SERVIÇOS ESPECIALIZADOS DE APOIO ADMINISTRATIVO || ROTULAÇÃO E DESPACHO DE ENCOMENDAS E DOCUMENTOS POR CORREIO; SERVIÇOS DE || SECRETARIA; SERVIÇOS DE || TRANSCRIÇÃO DE DOCUMENTOS; SERVIÇO DE","8211300|8219901|8220200|8230001|8230002|8291100|8292000|8299701|8299702|8299703|8299704|8299705|8299706|8299707|8299799","OK","","","nao-ratificado"
"8220-2/00","8220200","ATIVIDADES DE TELEATENDIMENTO","Atende","Sim","Não","III","III:De 6% até 33%","Não","N","ATIVIDADES ADMINISTRATIVAS E SERVIÇOS COMPLEMENTARES","82","SERVIÇOS DE ESCRITÓRIO, DE APOIO ADMINISTRATIVO E OUTROS SERVIÇOS PRESTADOS PRINCIPALMENTE ÀS EMPRESAS","822","ATIVIDADES DE TELEATENDIMENTO","82202","ATIVIDADES DE TELEATENDIMENTO","as atividades de centros de recepção de chamadas e de respostas a chamadas dos clientes com operadores humanos e distribuição automática de chamadas || as atividades baseadas em sistemas de integração telefone-computador || os sistemas de resposta vocal interativa ou métodos similares para o recebimento de pedidos e fornecimento de informação sobre produtos || o atendimento telefônico a solicitações de consumidores ou de atendimento a reclamações || os centros de emissão de chamadas telefônicas que usam métodos para vender ou promover mercadorias e serviços a possíveis clientes (telemarketing) || os centros de emissão de chamadas telefônicas para a realização de pesquisas de mercado e de opinião pública e atividades similares","os serviços de comunicação de pager (6120-5/99)","ATENDIMENTO A CLIENTES - SAC POR TELEFONE, POR TERCEIROS; SERVIÇO DE || ATENDIMENTO A CLIENTES POR TELEFONE; SERVIÇO PRESTADO POR TERCEIROS || CALL CENTER; SERVIÇO DE || CENTRAL DE ATENDIMENTO POR TELEFONE; SERVIÇO PRESTADO POR TERCEIROS || CENTRAL DE RECADOS; SERVIÇO DE || CENTROS DE RECEPÇÃO DE CHAMADAS || CONSULTA SOBRE PRODUTOS POR TELEFONE; SERVIÇOS DE || CONTACT CENTER; SERVIÇOS DE || CONTATOS TELEFÔNICOS, RECADOS; SERVIÇOS PRESTADOS POR TERCEIROS || PRESTAÇÃO DE INFORMAÇÕES POR TELEFONE; SERVIÇO DE || SISTEMAS DE INTEGRAÇÃO TELEFONE-COMPUTADOR; ATIVIDADES DE || SISTEMAS DE RESPOSTA VOCAL INTERATIVA; ATIVIDADES DE || TELEATENDIMENTO (TELEMARKETING); SERVIÇO DE","8211300|8219901|8219999|8230001|8230002|8291100|8292000|8299701|8299702|8299703|8299704|8299705|8299706|8299707|8299799","OK","","","nao-ratificado"
"8230-0/01","8230001","SERVIÇOS DE ORGANIZAÇÃO DE FEIRAS, CONGRESSOS, EXPOSIÇÕES E FESTAS","Atende","Sim","Sim","III","III:De 6% até 33%","Não","N","ATIVIDADES ADMINISTRATIVAS E SERVIÇOS COMPLEMENTARES","82","SERVIÇOS DE ESCRITÓRIO, DE APOIO ADMINISTRATIVO E OUTROS SERVIÇOS PRESTADOS PRINCIPALMENTE ÀS EMPRESAS","823","ATIVIDADES DE ORGANIZAÇÃO DE EVENTOS, EXCETO CULTURAIS E ESPORTIVOS","82300","ATIVIDADES DE ORGANIZAÇÃO DE EVENTOS, EXCETO CULTURAIS E ESPORTIVOS","as atividades de organização e promoção de feiras, leilões, congressos, convenções, conferências e exposições comerciais e profissionais, incluindo ou não o fornecimento de pessoal para operar a infra-estrutura dos lugares onde ocorrem esses eventos || a gestão de espaço para exposição para uso de terceiros || a organização de festas e eventos, familiares ou não, inclusive festas de formaturas","os serviços de alimentação para eventos e recepções - bufê (5620-1/02) || as casas de festas e eventos (8230-0/02) || a organização, produção e promoção de eventos culturais (90.01-9/01, 90.01-9/02, 90.01-9/03, 90.01-9/04, 90.01-9/05, 90.01-9/06 e 90.01-9/99) || a produção e promoção de eventos esportivos (9319-1/01)","EXPOSIÇÃO DE ANIMAIS EM FEIRAS || ORGANIZAÇÃO DE FESTAS FAMILIARES; SERVIÇO DE || ORGANIZAÇÃO DE FESTAS INFANTIS; SERVIÇO DE || ORGANIZAÇÃO DE FESTAS; SERVIÇO DE || ORGANIZAÇÃO DE FORMATURAS; SERVIÇO DE || ORGANIZAÇÃO, PRODUÇÃO E PROMOÇÃO DE ENCONTROS E CONGRESSOS; SERVIÇOS DE || ORGANIZAÇÃO, PRODUÇÃO E PROMOÇÃO DE EVENTOS, EXCETO CULTURAIS E ESPORTIVOS; SERVIÇOS DE || ORGANIZAÇÃO, PRODUÇÃO E PROMOÇÃO DE FEIRAS E EXPOSIÇÕES; SERVIÇOS DE || PARQUE DE LEILÃO DE GADO; ORGANIZAÇÃO DE || PARQUE PARA FEIRAS AGROPECUÁRIAS; GESTÃO DE || REMATES RURAIS; SERVIÇOS DE || SHOW-ROOM; GESTÃO DE","8211300|8219901|8219999|8220200|8230002|8291100|8292000|8299701|8299702|8299703|8299704|8299705|8299706|8299707|8299799","OK","","","nao-ratificado"
"8230-0/02","8230002","CASAS DE FESTAS E EVENTOS","Atende","Sim","Sim","III","III:De 6% até 33%","Não","N","ATIVIDADES ADMINISTRATIVAS E SERVIÇOS COMPLEMENTARES","82","SERVIÇOS DE ESCRITÓRIO, DE APOIO ADMINISTRATIVO E OUTROS SERVIÇOS PRESTADOS PRINCIPALMENTE ÀS EMPRESAS","823","ATIVIDADES DE ORGANIZAÇÃO DE EVENTOS, EXCETO CULTURAIS E ESPORTIVOS","82300","ATIVIDADES DE ORGANIZAÇÃO DE EVENTOS, EXCETO CULTURAIS E ESPORTIVOS","as atividades de gestão de casas de festas e eventos","os serviços de alimentação para eventos e recepções - bufê (5620-1/02) || os serviços de organização de festas e eventos (8230-0/01)","CASA DE EVENTOS, GESTÃO DE || CASA DE FESTAS; GESTÃO DE || CASA DE RECEPÇÕES; GESTÃO DE || ESPAÇO PARA EXPOSIÇÃO, PARA USO DE TERCEIROS; GESTÃO DE || ESPAÇOS PARA EVENTOS; ALUGUEL DE, LOCAÇÃO DE || INSTALAÇÕES PARA EVENTOS; GESTÃO DE","8211300|8219901|8219999|8220200|8230001|8291100|8292000|8299701|8299702|8299703|8299704|8299705|8299706|8299707|8299799","OK","","","nao-ratificado"
"8291-1/00","8291100","ATIVIDADES DE COBRANÇAS E INFORMAÇÕES CADASTRAIS","Atende","Sim","Sim","III","III:De 6% até 33%","Não","N","ATIVIDADES ADMINISTRATIVAS E SERVIÇOS COMPLEMENTARES","82","SERVIÇOS DE ESCRITÓRIO, DE APOIO ADMINISTRATIVO E OUTROS SERVIÇOS PRESTADOS PRINCIPALMENTE ÀS EMPRESAS","829","OUTRAS ATIVIDADES DE SERVIÇOS PRESTADOS PRINCIPALMENTE ÀS EMPRESAS","82911","ATIVIDADES DE COBRANÇAS E INFORMAÇÕES CADASTRAIS","as atividades de cobrança de faturas e de dívidas para clientes e a transferência aos clientes dos pagamentos recebidos || as atividades de compilação de informações, como históricos de crédito, de emprego, para empresas clientes || o fornecimento de informações sobre a capacidade de endividamento de pessoas e de empresas a instituições financeiras, ao comércio e a empresas de outras atividades que necessitam avaliar a capacidade de crédito de pessoas e empresas","os serviços advocatícios (6911-7/01)","ANÁLISE DE CADASTRO PARA APROVAÇÃO DE CRÉDITO; SERVIÇOS DE || ANÁLISE E APROVAÇÃO DE CRÉDITO; SERVIÇOS DE || COBRANÇA DE FATURAS E DÍVIDAS DE CLIENTES; ATIVIDADES DE || COMPILAÇÃO DE INFORMAÇÕES SOBRE HISTÓRICO DE CRÉDITO DE PESSOAS PARA EMPRESAS CLIENTES; ATIVIDADES DE || CONSULTA SOBRE HISTÓRICO DE CRÉDITO DE PESSOAS POR TELEFONE; SERVIÇOS DE || INFORMAÇÕES CADASTRAIS; SERVIÇOS DE || INFORMAÇÕES PARA AVALIAÇÃO DE CAPACIDADE DE CRÉDITO DE PESSOAS E EMPRESAS; SERVIÇO DE || INFORMAÇÕES SOBRE A CAPACIDADE DE ENDIVIDAMENTO DE PESSOAS E DE EMPRESAS; FORNECIMENTO DE","8211300|8219901|8219999|8220200|8230001|8230002|8292000|8299701|8299702|8299703|8299704|8299705|8299706|8299707|8299799","OK","","","nao-ratificado"
"8299-7/01","8299701","MEDIÇÃO DE CONSUMO DE ENERGIA ELÉTRICA, GÁS E ÁGUA","Atende","Sim","Não","III","III:De 6% até 33%","Não","N","ATIVIDADES ADMINISTRATIVAS E SERVIÇOS COMPLEMENTARES","82","SERVIÇOS DE ESCRITÓRIO, DE APOIO ADMINISTRATIVO E OUTROS SERVIÇOS PRESTADOS PRINCIPALMENTE ÀS EMPRESAS","829","OUTRAS ATIVIDADES DE SERVIÇOS PRESTADOS PRINCIPALMENTE ÀS EMPRESAS","82997","ATIVIDADES DE SERVIÇOS PRESTADOS PRINCIPALMENTE ÀS EMPRESAS NÃO ESPECIFICADAS ANTERIORMENTE","os serviços de medição de consumo de energia elétrica, gás e água associados ou não com a manutenção de medidores de consumo, inclusive os serviços de ligação e corte de consumo, quando executados por terceiros","os serviços de medição de energia elétrica, quando executados por empresas de geração (3511-5/00) e distribuição de energia elétrica (3514-0/00) || os serviços de medição de consumo de gás, quando executados por empresas de produção e distribuição de gás || (3520-4/01) || os serviços de medição de consumo de água, quando executados por empresas de captação, tratamento e distribuição de água (3600-6/01)","LEITURA DE HIDRÔMETRO; SERVIÇOS DE || LEITURA DE MEDIDORES DE ENERGIA, ÁGUA E LUZ; SERVIÇOS DE || LEITURA DE MEDIDORES DE GÁS, LUZ E ÁGUA; SERVIÇOS DE || LEITURA DE RELÓGIO DE ENERGIA/LUZ; SERVIÇOS DE || LEITURA E ENTREGA DE CONTAS; SERVIÇOS DE || LIGAÇÃO E CORTE DE ENERGIA ELÉTRICA; SERVIÇOS DE || LIGAÇÃO E CORTE DE GÁS; SERVIÇOS DE || LIGAÇÃO E CORTE DE ÁGUA; SERVIÇOS DE || MEDIÇÃO DE CONSUMO DE GÁS; SERVIÇO DE || MEDIÇÃO DE CONSUMO DE ÁGUA; SERVIÇO DE || MEDIÇÃO DE CONSUMO ENERGIA ELÉTRICA; SERVIÇO DE || RELIGAÇÃO DE ENERGIA ELÉTRICA; SERVIÇOS DE || RELIGAÇÃO DE GÁS; SERVIÇOS DE || RELIGAÇÃO DE ÁGUA; SERVIÇOS DE","8211300|8219901|8219999|8220200|8230001|8230002|8291100|8292000|8299702|8299703|8299704|8299705|8299706|8299707|8299799","OK","","","nao-ratificado"
"8299-7/03","8299703","SERVIÇOS DE GRAVAÇÃO DE CARIMBOS, EXCETO CONFECÇÃO","Atende","Sim","Sim","III","III:De 6% até 33%","Não","N","ATIVIDADES ADMINISTRATIVAS E SERVIÇOS COMPLEMENTARES","82","SERVIÇOS DE ESCRITÓRIO, DE APOIO ADMINISTRATIVO E OUTROS SERVIÇOS PRESTADOS PRINCIPALMENTE ÀS EMPRESAS","829","OUTRAS ATIVIDADES DE SERVIÇOS PRESTADOS PRINCIPALMENTE ÀS EMPRESAS","82997","ATIVIDADES DE SERVIÇOS PRESTADOS PRINCIPALMENTE ÀS EMPRESAS NÃO ESPECIFICADAS ANTERIORMENTE","os serviços de gravação de carimbos","a fabricação de carimbos (3299-0/02)","GRAVAÇÃO DE CARIMBOS; SERVIÇO DE","8211300|8219901|8219999|8220200|8230001|8230002|8291100|8292000|8299701|8299702|8299704|8299705|8299706|8299707|8299799","OK","","","nao-ratificado"
"8299-7/07","8299707","SALAS DE ACESSO À INTERNET","Atende","Sim","Sim","III","III:De 6% até 33%","Não","N","ATIVIDADES ADMINISTRATIVAS E SERVIÇOS COMPLEMENTARES","82","SERVIÇOS DE ESCRITÓRIO, DE APOIO ADMINISTRATIVO E OUTROS SERVIÇOS PRESTADOS PRINCIPALMENTE ÀS EMPRESAS","829","OUTRAS ATIVIDADES DE SERVIÇOS PRESTADOS PRINCIPALMENTE ÀS EMPRESAS","82997","ATIVIDADES DE SERVIÇOS PRESTADOS PRINCIPALMENTE ÀS EMPRESAS NÃO ESPECIFICADAS ANTERIORMENTE","as atividades realizadas mediante o uso de computadores e periféricos, conectados ou não a redes de comunicação, que propiciam a clientes serviços, tais como: || #- acesso à internet para consultas, envio de e-mails ou qualquer outra finalidade || #- outros usos de computadores e periféricos || os postos telefônicos","a exploração de estabelecimentos de jogos eletrônicos recreativos (9329-8/04)","ACESSO À INTERNET COMBINADO COM FAX , DIGITAÇÃO, ESCANEAMENTO, ETC; SALA DE || ACESSO À INTERNET MEDIANTE O USO DE COMPUTADORES E PERIFÉRICOS || ACESSO À INTERNET PARA APOIO ADMINISTRATIVO OU ESCRITÓRIO; SALA DE || COMPUTADORES E PERIFÉRICOS PARA USO TEMPORÁRIO PREDOMINANTE PARA APOIO ADMINISTRATIVO OU ESCRITÓRIO; DISPONIBILIZAÇÃO DE || LAN HOUSE COM ACESSO À INTERNET PREDOMINANTE PARA APOIO ADMINISTRATIVO OU ESCRITÓRIO || POSTO TELEFÔNICO","8211300|8219901|8219999|8220200|8230001|8230002|8291100|8292000|8299701|8299702|8299703|8299704|8299705|8299706|8299799","OK","","","nao-ratificado"
"8299-7/99","8299799","OUTRAS ATIVIDADES DE SERVIÇOS PRESTADOS PRINCIPALMENTE ÀS EMPRESAS NÃO ESPECIFICADAS ANTERIORMENTE","Atende","Sim","Sim","III|IV|V","III:De 6% até 33%|IV:De 4,5% até 33%|V:De 15,5% até 30,5%","Sim","N","ATIVIDADES ADMINISTRATIVAS E SERVIÇOS COMPLEMENTARES","82","SERVIÇOS DE ESCRITÓRIO, DE APOIO ADMINISTRATIVO E OUTROS SERVIÇOS PRESTADOS PRINCIPALMENTE ÀS EMPRESAS","829","OUTRAS ATIVIDADES DE SERVIÇOS PRESTADOS PRINCIPALMENTE ÀS EMPRESAS","82997","ATIVIDADES DE SERVIÇOS PRESTADOS PRINCIPALMENTE ÀS EMPRESAS NÃO ESPECIFICADAS ANTERIORMENTE","os serviços de estenografia || os serviços de taquigrafia || os serviços de captação de imagens de reuniões e conferências ao vivo para serem transmitidas por circuito interno de televisão ou televisão aberta || os serviços de impressão e de colocação de código de barras para endereços postais || os serviços de avaliadores, exceto de seguros e imóveis || as atividades dos despachantes, exceto aduaneiros || os serviços de caráter privado de prevenção de incêndios (manutenção de extintores de incêndio) || a administração de cartões de desconto || as outras atividades de apoio às empresas não especificadas anteriormente","a manutenção de extintores de incêndio (3314-7/10) || as atividades de despachantes aduaneiros (5250-8/02) || as atividades de peritos e avaliadores de seguros (6621-5/01) || os serviços de avaliação de imóveis (6821-8/01) || as atividades de contabilidade (6920-6/01) || os serviços de desenho técnico relacionados à arquitetura e engenharia (7119-7/03) || a criação de campanhas de publicidade (7311-4/00) || a locação de mão-de-obra temporária (7820-5/00)","CONCESSÃO OU CLUBES DE DESCONTO; ATIVIDADES DE || ADESIVAMENTO PARA FINS PUBLICITÁRIOS, PROPAGANDA; SERVIÇOS DE || ADESIVAMENTO, ENVELOPAMENTO DE VEÍCULOS PARA FINS PUBLICITÁRIOS, PROPAGANDA; SERVIÇOS DE || ADMINISTRAÇÃO DE CARTÃO CONVÊNIO; SERVIÇOS DE || ADMINISTRAÇÃO DE CARTÕES DE DESCONTO || ADMINISTRAÇÃO DE PROGRAMAS DE FIDELIDADE, RELACIONAMENTO; SERVIÇOS DE || ALMOXARIFADO; SERVIÇO DE || ARRUMAÇÃO DE ESTOQUE; SERVIÇO DE || AVALIADORES, EXCETO DE SEGUROS E IMÓVEIS; SERVIÇO DE || BOMBEIRO CIVIL; ATIVIDADES DE || BRIGADA DE INCÊNDIO DE EMPRESA PRIVADA; SERVIÇOS DE || CAPTAÇÃO DE IMAGENS DE REUNIÕES E CONFERÊNCIAS AO VIVO (VIDEOCONFERÊNCIA); SERVIÇO DE || CARTAZISTA; SERVIÇO DE || COLETA DE BOTIJÃO DE GÁS; SERVIÇO DE || COMPUTAÇÃO GRÁFICA; SERVIÇOS DE || CONTROLE DE ESTOQUES; SERVIÇO DE || DECORAÇÃO DE FESTAS E EVENTOS, EXCETO ORGANIZAÇÃO; SERVIÇOS DE || DESPACHANTE DOCUMENTALISTA; SERVIÇOS DE || DESPACHANTES PARA EMPLACAMENTO DE VEÍCULOS; SERVIÇOS DE || DESPACHANTES PARA RECURSO DE MULTAS DE TRÂNSITO; SERVIÇOS DE || DESPACHANTES, EXCETO ADUANEIROS; SERVIÇO DE || DESTROCA DE BOTIJÕES DE GÁS; SERVIÇOS DE || DISTRIBUIÇÃO DE DIÁRIO OFICIAL DA UNIÃO; SERVIÇO DE || DOTS; SERVIÇOS DE || EMPLACAMENTO DE VEÍCULOS; SERVIÇOS DE || ESCRITÓRIO DE REPRESENTAÇÃO - FILIAL DE EMPRESA ESTRANGEIRA, EXCETO DE BANCOS ESTRANGEIROS || ESTENOGRAFIA; SERVIÇO DE || GRAVAÇÃO DO NÚMERO DO CHASSI EM PEÇAS DE VEÍCULOS AUTOMOTORES; SERVIÇOS DE || IMPRESSÃO DE DOCUMENTOS OFICIAIS EMITIDOS DIGITALMENTE; SERVIÇOS DE || INTERMEDIAÇÃO NA COMPRA E VENDA DE PONTOS OU MILHAS OU SIMILARES ADQUIRIDOS EM PROGRAMAS DE FIDELIDADE, RELACIONAMENTOS; SERVIÇOS DE || INTERMEDIAÇÃO NA VENDA DE ASSINATURA DE TELEVISÃO POR CABO, POR SATÉLITE OU POR MICROONDAS || INVENTARIO DE BENS; SERVIÇO DE || INVENTÁRIOS DE ESTOQUES; SERVIÇO DE || LEGALIZAÇÃO DE AUTOMÓVEIS; SERVIÇOS DE DESPACHANTES || LEGALIZAÇÃO DE MOTOS; SERVIÇOS DE DESPACHANTES || LEGALIZAÇÃO DE VEÍCULOS; SERVIÇOS DE DESPACHANTES || MANUSEIO DE DOCUMENTOS; SERVIÇOS DE || MANUTENÇÃO DE AQUÁRIOS; SERVIÇO DE || MONTAGEM, COLOCAÇÃO DE ENCARTES EM JORNAIS; SERVIÇOS DE || OPERAÇÃO DE RADARES PARA ÓRGÃOS PÚBLICOS; SERVIÇOS DE || PINTURA DE FAIXAS; SERVIÇO DE || PINTURA DE LETRAS; SERVIÇO DE || POSTO, AGÊNCIA DE COLETA DE ANÚNCIOS DE JORNAIS INDEPENDENTE || POSTO, AGÊNCIA EM ESTABELECIMENTOS COMERCIAIS PARA PAGAMENTO DE CONTAS DE LUZ, GÁS, ETC. || PREVENÇÃO DE INCÊNDIO POR EMPRESA PRIVADA; SERVIÇO DE || REPOSITOR DE MERCADORIAS EM ESTABELECIMENTOS COMERCIAIS; SERVIÇOS DE || REPOSIÇÃO DE ESTOQUES; SERVIÇO DE || REPOSIÇÃO DE MERCADORIAS EM SUPERMERCADOS; SERVIÇOS DE || REPOSIÇÃO DE MERCADORIAS EXTERNAS PARA VENDA; SERVIÇOS DE || REPOSIÇÃO DE PRODUTOS EM SUPERMERCADOS, ESTABELECIMENTOS COMERCIAIS; SERVIÇOS DE || SONORIZAÇÃO PARA TELEFONE; SERVIÇOS DE || TAQUIGRAFIA; SERVIÇO DE || TÍTULOS DE CLUBES; PROMOÇÃO, VENDA SOB CONTRATO || VISTORIA DE AUTOMÓVEIS PARA VENDA, AVALIAÇÃO, SEGURO, DOCUMENTAL OU LEGALIZAÇÃO; SERVIÇOS DE","8211300|8219901|8219999|8220200|8230001|8230002|8291100|8292000|8299701|8299702|8299703|8299704|8299705|8299706|8299707","OK","","","nao-ratificado"
"8511-2/00","8511200","EDUCAÇÃO INFANTIL - CRECHE","Atende","Sim","Não","III","III:De 6% até 33%","Não","P","EDUCAÇÃO","85","EDUCAÇÃO","851","EDUCAÇÃO INFANTIL E ENSINO FUNDAMENTAL","85112","EDUCAÇÃO INFANTIL - CRECHE","as atividades de instituições de ensino que se destinam ao desenvolvimento integral da criança, em geral, de até 3 anos de idade || as instituições assistenciais que abrigam crianças portadoras de necessidades especiais.","as atividades de ensino pré-escolar em escolas maternais e jardins-de-infância, preferencialmente, para crianças de 4 e 5 anos de idade (8512-1/00)","BERÇARIO; SERVIÇOS DE || CRECHE; SERVIÇO DE || CRECHES ASSISTENCIAIS || EDUCAÇÃO INFANTIL - CRECHE || EDUCAÇÃO INFANTIL - CRECHE - ENSINO DE LIBRA || EDUCAÇÃO INFANTIL - CRECHE; ENSINO ESPECIAL","8512100|8513900|8520100|8531700|8532500|8533300|8541400|8542200|8550301|8550302|8591100|8592901|8592902|8592903|8592999|8593700|8599601|8599602|8599603|8599604|8599605|8599699","OK","","","nao-ratificado"
"8512-1/00","8512100","EDUCAÇÃO INFANTIL - PRÉESCOLA","Atende","Sim","Não","III","III:De 6% até 33%","Não","P","EDUCAÇÃO","85","EDUCAÇÃO","851","EDUCAÇÃO INFANTIL E ENSINO FUNDAMENTAL","85121","EDUCAÇÃO INFANTIL - PRÉ-ESCOLA","as atividades de ensino pré-escolar em escolas maternais e jardins-de-infância, preferencialmente, para crianças de 4 e 5 anos de idade || as atividades das classes de alfabetização (CA), quando prestadas por escolas maternais e jardins-de-infância || as escolas de educação especial que desenvolvem atividades educacionais regulares de educação infantil","as atividades de creches (8511-2/00)","CLASSES DE ALFABETIZAÇÃO - CA; SERVIÇO PRESTADO POR ESCOLA MATERNAL || EDUCAÇÃO INFANTIL - PRÉ-ESCOLA || EDUCAÇÃO INFANTIL - PRÉ-ESCOLA, ENSINO DE LIBRA || EDUCAÇÃO INFANTIL - PRÉ-ESCOLA, ENSINO ESPECIAL || EDUCAÇÃO PRÉ-ESCOLAR || EDUCAÇÃO PRÉ-ESCOLAR ESPECIAL || ENSINO PRÉ-ESCOLAR || ENSINO PRÉ-ESCOLAR ESPECIAL || ENSINO PRÉ-ESCOLAR PÚBLICO OU PARTICULAR || ESCOLA DE ENSINO PRÉ-ESCOLAR ESPECIAL || ESCOLA MATERNAL || JARDIM DE INFÂNCIA PÚBLICO OU PARTICULAR","8511200|8513900|8520100|8531700|8532500|8533300|8541400|8542200|8550301|8550302|8591100|8592901|8592902|8592903|8592999|8593700|8599601|8599602|8599603|8599604|8599605|8599699","OK","","","nao-ratificado"
"8513-9/00","8513900","ENSINO FUNDAMENTAL","Atende","Sim","Não","III","III:De 6% até 33%","Não","P","EDUCAÇÃO","85","EDUCAÇÃO","851","EDUCAÇÃO INFANTIL E ENSINO FUNDAMENTAL","85139","ENSINO FUNDAMENTAL","as atividades de ensino fundamental de 1ª a 9ª séries regulares || as instituições que oferecem cursos e exames supletivos no nível de conclusão do ensino fundamental (1ª a 9ª séries), da modalidade de educação de jovens e adultos, ministrados nos estabelecimentos de ensino fundamental || os serviços de educação especial no ensino fundamental oferecidos em escola exclusivamente especializada || as atividades dos cursos de alfabetização de adultos || as atividades de ensino à distância no ensino fundamental || as atividades de ensino especial do ensino fundamental","as atividades de classes de alfabetização (CA), quando prestadas por escolas maternais e jardins-de-infância || (8512-1/00)","CLASSES DE ALFABETIZAÇÃO - CA; SERVIÇO PRESTADO POR ESTABELECIMENTO DE EDUCAÇÃO FUNDAMENTAL || EDUCAÇÃO COMPACTADA FUNDAMENTAL; PÚBLICA OU PARTICULAR || EDUCAÇÃO FUNDAMENTAL || EDUCAÇÃO FUNDAMENTAL ESPECIAL || EDUCAÇÃO INTENSIVA FUNDAMENTAL; PÚBLICA OU PARTICULAR || EDUCAÇÃO SUPLETIVA FUNDAMENTAL; PÚBLICA OU PARTICULAR || ENSINO DE ALFABETIZAÇÃO DE ADULTOS NÍVEL FUNDAMENTAL || ENSINO FUNDAMENTAL || ENSINO FUNDAMENTAL ESPECIAL || ENSINO FUNDAMENTAL POR CORRESPONDÊNCIA || ENSINO FUNDAMENTAL PÚBLICO OU PARTICULAR || ENSINO FUNDAMENTAL À DISTÂNCIA || ENSINO FUNDAMENTAL; ENSINO DE LIBRA || ENSINO SUPLETIVO FUNDAMENTAL || ESCOLA DE ENSINO FUNDAMENTAL COMPLETO || ESCOLA DE ENSINO FUNDAMENTAL ESPECIAL || ESCOLA DE PRIMEIRO AO QUINTO ANO DE EDUCAÇÃO FUNDAMENTAL || ESCOLA DE SEXTO AO NONO ANO DE EDUCAÇÃO FUNDAMENTAL || ESCOLA DE SEXTO AO NONO ANO DO ENSINAMENTO FUNDAMENTAL","8511200|8512100|8520100|8531700|8532500|8533300|8541400|8542200|8550301|8550302|8591100|8592901|8592902|8592903|8592999|8593700|8599601|8599602|8599603|8599604|8599605|8599699","OK","","","nao-ratificado"
"8520-1/00","8520100","ENSINO MÉDIO","Atende","Sim","Não","III","III:De 6% até 33%","Não","P","EDUCAÇÃO","85","EDUCAÇÃO","852","ENSINO MÉDIO","85201","ENSINO MÉDIO","as atividades de ensino médio de formação geral (ensino médio regular) || os serviços de educação especial no ensino médio || as instituições que oferecem os cursos e exames supletivos no nível de conclusão do ensino médio da modalidade de ensino de educação de jovens e adultos, ministrados nos estabelecimentos de ensino médio || o ensino médio profissionalizante, programa em extinção que está sendo substituído, gradativamente, pelos cursos de educação profissional || as instituições que oferecem cursos normais de nível médio || as atividades de ensino à distância do ensino médio || as atividades de ensino especial do ensino médio","a educação profissional de nível técnico e tecnológico (grupo 85.4)","EDUCAÇÃO COMPACTADA MÉDIA; PÚBLICA OU PARTICULAR || EDUCAÇÃO GERAL DE ENSINO MÉDIO; PÚBLICA OU PARTICULAR || EDUCAÇÃO INTENSIVA MÉDIA; PÚBLICA OU PARTICULAR || EDUCAÇÃO MÉDIA DE FORMAÇÃO GERAL; PÚBLICA OU PARTICULAR || EDUCAÇÃO SUPLETIVA MÉDIA; PÚBLICA OU PARTICULAR || ENSINO GERAL MÉDIO; PÚBLICO OU PARTICULAR || ENSINO MÉDIO || ENSINO MÉDIO DE FORMAÇÃO GERAL; PÚBLICO OU PARTICULAR || ENSINO MÉDIO ESPECIAL || ENSINO MÉDIO POR CORRESPONDÊNCIA || ENSINO MÉDIO À DISTÂNCIA || ENSINO MÉDIO; ENSINO DE LIBRA || ENSINO SUPLETIVO MÉDIO || ESCOLA DE ENSINO MÉDIO DE FORMAÇÃO GERAL; PÚBLICA OU PARTICULAR || ESCOLA NORMAL","8511200|8512100|8513900|8531700|8532500|8533300|8541400|8542200|8550301|8550302|8591100|8592901|8592902|8592903|8592999|8593700|8599601|8599602|8599603|8599604|8599605|8599699","OK","","","nao-ratificado"
"8531-7/00","8531700","EDUCAÇÃO SUPERIOR - GRADUAÇÃO","Atende","Sim","Não","III|V","III:De 6% até 33%|V:De 15,5% até 30,5%","Sim","P","EDUCAÇÃO","85","EDUCAÇÃO","853","EDUCAÇÃO SUPERIOR","85317","EDUCAÇÃO SUPERIOR - GRADUAÇÃO","as instituições de educação superior que oferecem exclusivamente cursos de graduação abertos a candidatos que tenham concluído o ensino médio ou equivalente e tenham sido classificados em processo seletivo, podendo ou não oferecer cursos de extensão universitária","as atividades de pesquisa e desenvolvimento (divisão 72) || as instituições de educação superior que oferecem cursos de graduação e pós-graduação (8532-5/00)","EDUCAÇÃO SUPERIOR - GRADUAÇÃO || ENSINO SUPERIOR GRADUAÇÃO - EAD || ENSINO SUPERIOR MILITAR - (GRADUAÇÃO)","8511200|8512100|8513900|8520100|8532500|8533300|8541400|8542200|8550301|8550302|8591100|8592901|8592902|8592903|8592999|8593700|8599601|8599602|8599603|8599604|8599605|8599699","OK","","","nao-ratificado"
"8532-5/00","8532500","EDUCAÇÃO SUPERIOR - GRADUAÇÃO E PÓS GRADUAÇÃO","Atende","Sim","Não","III|V","III:De 6% até 33%|V:De 15,5% até 30,5%","Sim","P","EDUCAÇÃO","85","EDUCAÇÃO","853","EDUCAÇÃO SUPERIOR","85325","EDUCAÇÃO SUPERIOR - GRADUAÇÃO E PÓS-GRADUAÇÃO","as instituições de educação superior que oferecem cursos de graduação e programas de mestrado, doutorado e pós-doutorado, podendo ainda oferecer cursos de especialização, aperfeiçoamento, dentre outros, abertos a candidatos diplomados em cursos de graduação e que atendam às exigências das instituições de educação superior","as atividades de pesquisa e desenvolvimento (divisão 72) || as instituições de educação superior que oferecem exclusivamente cursos de graduação (8531-7/00) || as instituições de educação superior que oferecem exclusivamente cursos de pós-graduação e/ou cursos de extensão (8533-3/00)","DOUTORADO; CURSO DE || EDUCAÇÃO SUPERIOR - GRADUAÇÃO E PÓS GRADUAÇÃO || MESTRADO; CURSO DE || PÓS-DOUTORADO; CURSO DE","8511200|8512100|8513900|8520100|8531700|8533300|8541400|8542200|8550301|8550302|8591100|8592901|8592902|8592903|8592999|8593700|8599601|8599602|8599603|8599604|8599605|8599699","OK","","","nao-ratificado"
"8533-3/00","8533300","EDUCAÇÃO SUPERIOR - PÓS GRADUAÇÃO E EXTENSÃO","Atende","Sim","Não","III|V","III:De 6% até 33%|V:De 15,5% até 30,5%","Sim","P","EDUCAÇÃO","85","EDUCAÇÃO","853","EDUCAÇÃO SUPERIOR","85333","EDUCAÇÃO SUPERIOR - PÓS-GRADUAÇÃO E EXTENSÃO","as instituições de educação superior que oferecem exclusivamente cursos de pós-graduação e/ou cursos de extensão abertos a candidatos que atendam aos requisitos estabelecidos em cada caso pelas instituições de ensino || as instituições de educação superior que oferecem cursos seqüenciais, cursos por campo de saber (áreas de conhecimento) de diferentes níveis de abrangência, abertos a candidatos que atendam aos requisitos estabelecidos pelas instituições de ensino","as instituições de educação superior que oferecem exclusivamente cursos de graduação (8531-7/00) || as instituições de educação superior que oferecem cursos de graduação e pós-graduação (8532-5/00)","CURSO DE PÓS GRADUAÇÃO || CURSO MBA || EDUCAÇÃO SUPERIOR - EXTENSÃO || EDUCAÇÃO SUPERIOR - PÓS GRADUAÇÃO E EXTENSÃO || ENSINO DE PÓS GRADUAÇÃO || ENSINO DE PÓS GRADUAÇÃO E EXTENSÃO - EAD || ENSINO MILITAR DE PÓS GRADUAÇÃO E EXTENSÃO","8511200|8512100|8513900|8520100|8531700|8532500|8541400|8542200|8550301|8550302|8591100|8592901|8592902|8592903|8592999|8593700|8599601|8599602|8599603|8599604|8599605|8599699","OK","","","nao-ratificado"
"8541-4/00","8541400","EDUCAÇÃO PROFISSIONAL DE NÍVEL TÉCNICO","Atende","Sim","Não","III","III:De 6% até 33%","Não","P","EDUCAÇÃO","85","EDUCAÇÃO","854","EDUCAÇÃO PROFISSIONAL DE NÍVEL TÉCNICO E TECNOLÓGICO","85414","EDUCAÇÃO PROFISSIONAL DE NÍVEL TÉCNICO","as instituições que oferecem cursos destinados a proporcionar habilitação profissional, com organização curricular própria, a alunos matriculados no ensino médio ou egressos do ensino médio, por via regular ou supletiva, organizados por áreas profissionais, proporcionando aos alunos habilitação de ensino médio || as atividades de escolas técnicas, agrotécnicas, industriais, comerciais e de serviços terciários || as atividades das escolas de cursos técnicos em geral","a educação profissional de nível tecnológico (8542-2/00) || o ensino médio profissionalizante, programa em extinção que está sendo substituído, gradativamente, pelos cursos de educação profissional (8520-1/00)","CENTRO DE ENSINO TÉCNICO; PÚBLICO OU PARTICULAR || COLÉGIO DE FORMAÇÃO TÉCNICA E PROFISSIONALIZANTE; PÚBLICO OU PARTICULAR || EDUCAÇÃO MÉDIA TÉCNICA E PROFISSIONAL; PÚBLICA OU PARTICULAR || EDUCAÇÃO PROFISSIONAL DE NÍVEL TÉCNICO || EDUCAÇÃO TÉCNICA E PROFISSIONAL; PÚBLICA OU PARTICULAR || EDUCAÇÃO TÉCNICA E PROFISSIONALIZANTE; PÚBLICA OU PARTICULAR || ENSINO MÉDIO TÉCNICO E PROFISSIONAL; PÚBLICO OU PARTICULAR || ENSINO PROFISSIONAL DE NÍVEL TÉCNICO || ENSINO PROFISSIONAL DE NÍVEL TÉCNICO - EAD || ENSINO TÉCNICO E PROFISSIONALIZANTE; PÚBLICO OU PARTICULAR || ESCOLA AGROTÉCNICA DE ENSINO MÉDIO || ESCOLA DE CURSOS TÉCNICOS || ESCOLA MÉDIA DE FORMAÇÃO TÉCNICA E PROFISSIONAL; PÚBLICA OU PARTICULAR || ESCOLA TÉCNICA COMERCIAL || ESCOLA TÉCNICA E PROFISSIONAL; PÚBLICA OU PARTICULAR || ESCOLA TÉCNICA INDUSTRIAL || ESCOLA TÉCNICA PROFISSIONALIZANTE; PÚBLICA OU PARTICULAR","8511200|8512100|8513900|8520100|8531700|8532500|8533300|8542200|8550301|8550302|8591100|8592901|8592902|8592903|8592999|8593700|8599601|8599602|8599603|8599604|8599605|8599699","OK","","","nao-ratificado"
"8542-2/00","8542200","EDUCAÇÃO PROFISSIONAL DE NÍVEL TECNOLÓGICO","Atende","Sim","Não","III|V","III:De 6% até 33%|V:De 15,5% até 30,5%","Sim","P","EDUCAÇÃO","85","EDUCAÇÃO","854","EDUCAÇÃO PROFISSIONAL DE NÍVEL TÉCNICO E TECNOLÓGICO","85422","EDUCAÇÃO PROFISSIONAL DE NÍVEL TECNOLÓGICO","as instituições que oferecem cursos de nível superior, destinados a alunos egressos do ensino médio e técnico, estruturados em áreas especializadas para atender aos diversos setores da economia (regulamentados pela própria educação superior) || as instituições que oferecem cursos normais em nível superior, que são cursos para licenciatura de profissionais em educação infantil e de professores para os anos iniciais do ensino fundamental","a educação profissional de nível técnico (8541-4/00)","CURSOS PARA LICENCIATURA DE PROFISSIONAIS EM EDUCAÇÃO INFANTIL || EDUCAÇÃO PROFISSIONAL DE NÍVEL TECNOLÓGICO || EDUCAÇÃO PROFISSIONAL TECNOLÓGICA DE GRADUAÇÃO || EDUCAÇÃO PROFISSIONAL TECNOLÓGICA DE GRADUAÇÃO - EAD || ENSINO DE HABILITAÇÃO AO MAGISTÉRIO || ENSINO PROFISSIONAL DE NÍVEL TECNOLÓGICO","8511200|8512100|8513900|8520100|8531700|8532500|8533300|8541400|8550301|8550302|8591100|8592901|8592902|8592903|8592999|8593700|8599601|8599602|8599603|8599604|8599605|8599699","OK","","","nao-ratificado"
"8550-3/02","8550302","ATIVIDADES DE APOIO À EDUCAÇÃO, EXCETO CAIXAS ESCOLARES","Atende","Sim","Não","III|V","III:De 6% até 33%|V:De 15,5% até 30,5%","Sim","P","EDUCAÇÃO","85","EDUCAÇÃO","855","ATIVIDADES DE APOIO À EDUCAÇÃO","85503","ATIVIDADES DE APOIO À EDUCAÇÃO","as atividades de gestão, assessoria, consultoria, orientação e assistência prestados ao sistema e ao processo educacional em matérias de planejamento, organização, controle, finanças || as agências promotoras de integração universidade-empresa que visam a incentivar a pesquisa científica e de inovação tecnológica e o ensino (cursos, treinamentos e seminários) voltado para o desenvolvimento empresarial || os serviços de testes vocacionais || os serviços de avaliação educacional || as agências promotoras de programas de intercâmbio de estudantes || as atividades das fundações de apoio à pesquisa ligadas a universidades, exceto na área de saúde","a administração de caixas escolares (8550-3/01) || as atividades das fundações de apoio à pesquisa ligadas a universidades na área de saúde (8660-7/00)","AGÊNCIAS PROMOTORAS DE INTEGRAÇÃO ENTRE EMPRESAS E ESCOLAS || AGÊNCIAS PROMOTORAS DE INTERCÂMBIO DE ESTUDANTES || ASSESSORIA E CONSULTORIA EM ASSUNTOS EDUCACIONAIS || ASSESSORIA E CONSULTORIA EM PEDAGOGIA || ASSESSORIA PEDAGÓGICA; SERVIÇOS DE || ATIVIDADES DE APOIO À EDUCAÇÃO; GESTÃO, ASSESSORIA, CONSULTORIA, ORIENTAÇÃO E ASSISTÊNCIA || AVALIAÇÃO EDUCACIONAL; SERVIÇOS DE || CONSULTORIA EM EDUCAÇÃO || FUNDAÇÕES DE APOIO A PESQUISAS LIGADAS A UNIVERSIDADES EXCETO NA ÁREA DE SAÚDE || GESTÃO, ASSESSORIA, CONSULTORIA, ORIENTAÇÃO E ASSISTÊNCIA PRESTADOS AO SISTEMA E AO PROCESSO  EDUCACIONAL; SERVIÇOS DE || INTEGRAÇÃO EMPRESA-ESCOLA; AGÊNCIAS PROMOTORAS DE || INTEGRAÇÃO, AGENCIAMENTO DE ESTÁGIO; ATIVIDADES DE || INTERCÂMBIO CULTURAL; SERVIÇOS DE || INTERCÂMBIO DE ESTUDANTES; AGÊNCIAS PROMOTORAS DE || PSICOPEDAGOGIA; ATIVIDADES DE || TESTES VOCACIONAIS; SERVIÇOS DE","8511200|8512100|8513900|8520100|8531700|8532500|8533300|8541400|8542200|8550301|8591100|8592901|8592902|8592903|8592999|8593700|8599601|8599602|8599603|8599604|8599605|8599699","OK","","","nao-ratificado"
"8591-1/00","8591100","ENSINO DE ESPORTES","Atende","Sim","Não","III","III:De 6% até 33%","Sim","P","EDUCAÇÃO","85","EDUCAÇÃO","859","OUTRAS ATIVIDADES DE ENSINO","85911","ENSINO DE ESPORTES","as atividades de ensino de esportes em escolas esportivas ou por professores independentes, tais como futebol, basquete, vôlei, tênis, natação, artes marciais, equitação, mergulho, etc. || as atividades dos técnicos e assistentes de atividades esportivas praticadas por atletas profissionais","as atividades de condicionamento físico e esportes recreacionais (9313-1/00)","CAPOEIRA; ENSINO, CURSO, ESCOLA DE || AIKIDO; ENSINO DE || ARTES MARCIAIS; ENSINO, CURSO DE || ATLETISMO; ENSINO, CURSO, ESCOLA DE || ATLETISMO; ESCOLINHA DE || AULAS DE EQUITAÇÃO; ATIVIDADE DE || BASQUETE; ENSINO, CURSO, ESCOLA DE || BASQUETE; ESCOLINHA DE || BOXE; ENSINO, ACADEMIA DE || ESCOLINHA DE ESPORTE || ESCOLINHA DE FUTEBOL || ESCOLINHA DE NATAÇÃO || ESCOLINHA DE VÔLEI || ESPORTES; ENSINO, CURSO, ESCOLA DE || FUTEBOL; ENSINO, CURSO, ESCOLA DE || HALTEROFILISMO; ENSINO DE || JIU-JITSU; ENSINO DE, ACADEMIA DE || JUDÔ; ENSINO DE, ACADEMIA DE || KARATÊ; ENSINO DE, ACADEMIA DE || MERGULHO; ENSINO, CURSO, ESCOLA DE || NATAÇÃO; ENSINO, CURSO, ESCOLA DE || SQUASH; ENSINO, CURSO, ESCOLA DE || SURF; ENSINO, CURSO, ESCOLA DE || TIRO AO ALVO; ENSINO, CURSO, ESCOLA DE || TIRO ESPORTIVO; ENSINO, CURSO, ESCOLA DE || TÉCNICOS E ASSISTENTES DE ATIVIDADES ESPORTIVAS; ATIVIDADES DE || TÊNIS; ENSINO, CURSO, ESCOLA DE || VÔLEI; ENSINO, CURSO, ESCOLA DE","8511200|8512100|8513900|8520100|8531700|8532500|8533300|8541400|8542200|8550301|8550302|8592901|8592902|8592903|8592999|8593700|8599601|8599602|8599603|8599604|8599605|8599699","OK","","","nao-ratificado"
"8592-9/01","8592901","ENSINO DE DANÇA","Atende","Sim","Não","III|V","III:De 6% até 33%|V:De 15,5% até 30,5%","Sim","P","EDUCAÇÃO","85","EDUCAÇÃO","859","OUTRAS ATIVIDADES DE ENSINO","85929","ENSINO DE ARTE E CULTURA","as instituições que oferecem cursos independentes ligados ao ensino da dança || os instrutores independentes de dança || as atividades das academias e cursos de danças folclóricas e populares","os salões de dança, discotecas, danceterias e similares (9329-8/01)","ACADEMIA DE DANÇA POPULAR E FOLCLÓRICA; ATIVIDADE DE || AULAS DE DANÇA, DE BALET || BALLET; CURSO, ENSINO DE || DANÇA  - BALLET; CURSO, ENSINO DE || DANÇA DE SALÃO; CURSO, ENSINO DE || INSTRUTOR DE DANÇA; ATIVIDADE DE","8511200|8512100|8513900|8520100|8531700|8532500|8533300|8541400|8542200|8550301|8550302|8591100|8592902|8592903|8592999|8593700|8599601|8599602|8599603|8599604|8599605|8599699","OK","","","nao-ratificado"
"8592-9/02","8592902","ENSINO DE ARTES CÊNICAS, EXCETO DANÇA","Atende","Sim","Sim","III","III:De 6% até 33%","Não","P","EDUCAÇÃO","85","EDUCAÇÃO","859","OUTRAS ATIVIDADES DE ENSINO","85929","ENSINO DE ARTE E CULTURA","as instituições que oferecem cursos independentes com atividades de ensino e aprimoramento dos recursos expressivos como a voz, o corpo, o movimento e o gesto || os cursos de ensino de técnicas usadas na criação, direção, montagem e interpretação de espetáculos teatrais || os instrutores independentes de artes cênicas","o ensino de artes cênicas de nível superior (grupo 85.3) || o ensino de dança (8592-9/01) || as atividades de apresentação ao vivo de grupos e companhias de teatro em casas de espetáculos e em teatros || (9001-9/01)","ENSINO DE TEATRO (EXCETO DE NÍVEL SUPERIOR E TÉCNICO) || IMPOSTAÇÃO DE VOZ PARA PRÁTICAS DE ARTES CÊNICAS; CURSO DE || INSTRUTORES INDEPENDENTES DE ARTES CÊNICAS || TÉCNICAS DE DIREÇÃO E MONTAGEM DE ESPETÁCULOS TEATRAIS; ENSINO DE","8511200|8512100|8513900|8520100|8531700|8532500|8533300|8541400|8542200|8550301|8550302|8591100|8592901|8592903|8592999|8593700|8599601|8599602|8599603|8599604|8599605|8599699","OK","","","nao-ratificado"
"8592-9/03","8592903","ENSINO DE MÚSICA","Atende","Sim","Sim","III","III:De 6% até 33%","Não","P","EDUCAÇÃO","85","EDUCAÇÃO","859","OUTRAS ATIVIDADES DE ENSINO","85929","ENSINO DE ARTE E CULTURA","as instituições que oferecem cursos independentes com atividades de ensino de instrumento musical ou canto || os instrutores independentes de instrumentos musicais ou canto","o ensino de música de nível superior (grupo 85.3) || as atividades de bandas, grupos, orquestras e outras companhias musicais, de artistas ligados ou não a uma sala de espetáculos (9001-9/02)","AULAS DE MÚSICA; ATIVIDADE DE || CONSERVATÓRIO DE MÚSICA, EXCETO DE GRADUAÇÃO EDUCACIONAL || MÚSICA, EXCETO ENSINO SUPERIOR; CURSO, ENSINO DE","8511200|8512100|8513900|8520100|8531700|8532500|8533300|8541400|8542200|8550301|8550302|8591100|8592901|8592902|8592999|8593700|8599601|8599602|8599603|8599604|8599605|8599699","OK","","","nao-ratificado"
"8592-9/99","8592999","ENSINO DE ARTE E CULTURA NÃO ESPECIFICADO ANTERIORMENTE","Atende","Sim","Sim","III","III:De 6% até 33%","Não","P","EDUCAÇÃO","85","EDUCAÇÃO","859","OUTRAS ATIVIDADES DE ENSINO","85929","ENSINO DE ARTE E CULTURA","o ensino de outras atividades ligadas à arte e cultura, tais como artesanato, pintura, escultura, etc.","","ARTESANATO; CURSO, ENSINO DE || ESCULTURA; CURSO, ENSINO DE || PINTURA; CURSO, ENSINO DE","8511200|8512100|8513900|8520100|8531700|8532500|8533300|8541400|8542200|8550301|8550302|8591100|8592901|8592902|8592903|8593700|8599601|8599602|8599603|8599604|8599605|8599699","OK","","","nao-ratificado"
"8593-7/00","8593700","ENSINO DE IDIOMAS","Atende","Sim","Sim","III","III:De 6% até 33%","Não","P","EDUCAÇÃO","85","EDUCAÇÃO","859","OUTRAS ATIVIDADES DE ENSINO","85937","ENSINO DE IDIOMAS","o ensino de idiomas em cursos especializados || as atividades dos professores de idiomas independentes","","APLICAÇÃO DE EXAMES DE PROFICIÊNCIA PARA LÍNGUA ESTRANGEIRA; ATIVIDADES DE || ESPANHOL; CURSO, ENSINO DE || FRANCÊS; CURSO, ENSINO DE || IDIOMAS; CURSO, ENSINO DE || INGLÊS; CURSO, ENSINO DE || ITALIANO; CURSO, ENSINO DE || LÍNGUA BRASILEIRA DE SINAIS (LIBRAS); CURSO, ENSINO DE || LÍNGUAS ESTRANGEIRAS; CURSO, ENSINO DE || PORTUGUÊS, CURSO, ENSINO DE || PROFESSORES DE IDIOMA INDEPENDENTES; ATIVIDADE DE","8511200|8512100|8513900|8520100|8531700|8532500|8533300|8541400|8542200|8550301|8550302|8591100|8592901|8592902|8592903|8592999|8599601|8599602|8599603|8599604|8599605|8599699","OK","","","nao-ratificado"
"8599-6/01","8599601","FORMAÇÃO DE CONDUTORES","Atende","Sim","Não","III","III:De 6% até 33%","Não","P","EDUCAÇÃO","85","EDUCAÇÃO","859","OUTRAS ATIVIDADES DE ENSINO","85996","ATIVIDADES DE ENSINO NÃO ESPECIFICADAS ANTERIORMENTE","as atividades dos cursos de formação de condutores (auto-escolas)","as atividades dos cursos de pilotagem (8599-6/02)","AULAS DE DIREÇÃO DE AUTOMÓVEIS || AULAS DE HABILITAÇÃO PARA MOTORISTAS || AULAS DE TRÂNSITO || AULAS PARA CONDUTORES DE VEÍCULOS || AULAS PRÁTICAS DE CARRO || AUTO MOTO ESCOLA || AUTO-ESCOLA || CAPACITAÇÃO DE CONDUTORES DE VEÍCULOS; SERVIÇOS DE || CURSO DE CONDUTORES DE VEÍCULOS; ENSINO DE || CURSO DE DIREÇÃO DE AUTOMÓVEIS || ENSINO EM AUTO-ESCOLA || ENSINO EM MOTO-ESCOLA || ESCOLA PARA MOTORISTA || FORMAÇÃO DE CONDUTORES DE VEÍCULOS; ESCOLA, CENTRO DE || TREINAMENTO DE CONDUTORES DE VEÍCULOS; CENTRO DE","8511200|8512100|8513900|8520100|8531700|8532500|8533300|8541400|8542200|8550301|8550302|8591100|8592901|8592902|8592903|8592999|8593700|8599602|8599603|8599604|8599605|8599699","OK","","","nao-ratificado"
"8599-6/02","8599602","CURSOS DE PILOTAGEM","Atende","Sim","Não","III","III:De 6% até 33%","Não","P","EDUCAÇÃO","85","EDUCAÇÃO","859","OUTRAS ATIVIDADES DE ENSINO","85996","ATIVIDADES DE ENSINO NÃO ESPECIFICADAS ANTERIORMENTE","as atividades dos cursos de pilotagem de barcos e aeronaves","as atividades de formação de condutores em auto-escolas (8599-6/01)","CURSO DE PILOTAGEM NÃO PROFISSIONAL || CURSOS DE APERFEIÇOAMENTO DE PILOTOS || CURSOS DE PILOTAGEM DE AERONAVES || CURSOS DE PILOTAGEM DE BARCOS || PILOTAGEM PARA PILOTOS PROFISSIONAIS; CURSO, ENSINO DE","8511200|8512100|8513900|8520100|8531700|8532500|8533300|8541400|8542200|8550301|8550302|8591100|8592901|8592902|8592903|8592999|8593700|8599601|8599603|8599604|8599605|8599699","OK","","","nao-ratificado"
"8599-6/03","8599603","TREINAMENTO EM INFORMÁTICA","Atende","Sim","Sim","III","III:De 6% até 33%","Não","P","EDUCAÇÃO","85","EDUCAÇÃO","859","OUTRAS ATIVIDADES DE ENSINO","85996","ATIVIDADES DE ENSINO NÃO ESPECIFICADAS ANTERIORMENTE","as atividades dos cursos de informática","a atividade de ensino de informática de nível superior (grupo 85.3)","AULAS DE INFORMÁTICA || COMPUTADOR; CURSO, ENSINO DE || INFORMÁTICA; CURSO, ENSINO DE || MICROCOMPUTADOR; CURSO, ENSINO DE || TECNOLOGIAS DA INFORMAÇÃO E ACESSO À INTERNET; ENSINO DE","8511200|8512100|8513900|8520100|8531700|8532500|8533300|8541400|8542200|8550301|8550302|8591100|8592901|8592902|8592903|8592999|8593700|8599601|8599602|8599604|8599605|8599699","OK","","","nao-ratificado"
"8599-6/04","8599604","TREINAMENTO EM DESENVOLVIMENTO PROFISSIONAL E GERENCIAL","Atende","Sim","Sim","III","III:De 6% até 33%","Não","P","EDUCAÇÃO","85","EDUCAÇÃO","859","OUTRAS ATIVIDADES DE ENSINO","85996","ATIVIDADES DE ENSINO NÃO ESPECIFICADAS ANTERIORMENTE","as atividades de treinamento em desenvolvimento profissional e gerencial","a educação profissional de nível técnico (8541-4/00) || a educação profissional de nível tecnológico (8542-2/00) || o ensino médio (8520-1/00) || a educação superior (grupo 85.3)","CURSO DE APERFEIÇOAMENTO JURÍDICO || CURSO DE APERFEIÇOAMENTO PROFISSIONAL || CURSO DE APRENDIZAGEM E TREINAMENTO GERENCIAL; PRESENCIAL E À DISTÂNCIA || CURSO DE COMISSÁRIAS || CURSO DE TREINAMENTO PROFISSIONAL, GERENCIAL COM ACESSO À INTERNET || PALESTRANTE; SERVIÇOS DE || TREINAMENTO EM DESENVOLVIMENTO PROFISSIONAL E GERENCIAL","8511200|8512100|8513900|8520100|8531700|8532500|8533300|8541400|8542200|8550301|8550302|8591100|8592901|8592902|8592903|8592999|8593700|8599601|8599602|8599603|8599605|8599699","OK","","","nao-ratificado"
"8599-6/05","8599605","CURSOS PREPARATÓRIOS PARA CONCURSOS","Atende","Sim","Sim","III","III:De 6% até 33%","Não","P","EDUCAÇÃO","85","EDUCAÇÃO","859","OUTRAS ATIVIDADES DE ENSINO","85996","ATIVIDADES DE ENSINO NÃO ESPECIFICADAS ANTERIORMENTE","as atividades dos cursos preparatórios para concursos em geral","","CONCURSO; ENSINO PARA || ESCOLA PREPARATÓRIA PARA CONCURSOS || PREPARATÓRIO PARA CONCURSOS; CURSO || PRÉ-VESTIBULAR; CURSO, ENSINO DE || VESTIBULAR; CURSO, ENSINO DE","8511200|8512100|8513900|8520100|8531700|8532500|8533300|8541400|8542200|8550301|8550302|8591100|8592901|8592902|8592903|8592999|8593700|8599601|8599602|8599603|8599604|8599699","OK","","","nao-ratificado"
"8599-6/99","8599699","OUTRAS ATIVIDADES DE ENSINO NÃO ESPECIFICADAS ANTERIORMENTE","Atende","Sim","Sim","III","III:De 6% até 33%","Não","P","EDUCAÇÃO","85","EDUCAÇÃO","859","OUTRAS ATIVIDADES DE ENSINO","85996","ATIVIDADES DE ENSINO NÃO ESPECIFICADAS ANTERIORMENTE","as instituições que oferecem cursos de educação profissional de nível básico, de duração variável, destinados a qualificar e requalificar os trabalhadores, independentemente da escolaridade prévia, não estando sujeitos a regulamentação curricular || as atividades dos cursos de datilografia || as atividades de professores autônomos ou constituídos como empresas individuais, exceto de esportes, de arte e cultura e de idiomas || outras atividades de ensino não especificadas anteriormente || as unidades centrais e regionais de órgãos voltados ao bem-estar social que têm a educação como atividade prioritária","o ensino de esportes (8591-1/00) || o ensino de dança (8592-9/01) || o ensino de artes cênicas, exceto dança (8592-9/02) || o ensino de música (8592-9/03) || o ensino de idiomas (8593-7/00)","AULAS PARTICULARES || CABELEIREIRO; CURSO, ENSINO DE || CORTE E COSTURA; CURSO, ENSINO DE || CULINÁRIA; CURSO, ENSINO DE || DATILOGRAFIA, TAQUIGRAFIA; CURSO, ENSINO DE || DESENHO, EXCETO ENSINO SUPERIOR; CURSO, ENSINO DE || ENSINO PARTICULAR, AULA PARTICULAR || ESTÉTICA; CURSO DE || PROFESSOR AUTÔNOMO, INDEPENDENTE; ATIVIDADES DE || PROFESSOR PARTICULAR, EXCETO PROFESSOR DE IDIOMAS; ATIVIDADES DE || REFORÇO ESCOLAR; ATIVIDADES DE || ROBÓTICA; CURSO, ENSINO DE || SEGURANÇA; CURSO DE || UNIDADES CENTRAIS E REGIONAIS DE ÓRGÃOS VOLTADOS AO BEM-ESTAR SOCIAL QUE TÊM EDUCAÇÃO COMO ATIVIDADE PRIORITÁRIA || UNIDADES CENTRAIS E REGIONAIS DE ÓRGÃOS VOLTADOS PARA O BEM ESTAR SOCIAL QUE TEM A EDUCAÇÃO COMO PRIORIDADE || VIGILANTES; CURSOS, ENSINO, TREINAMENTO DE","8511200|8512100|8513900|8520100|8531700|8532500|8533300|8541400|8542200|8550301|8550302|8591100|8592901|8592902|8592903|8592999|8593700|8599601|8599602|8599603|8599604|8599605","OK","","","nao-ratificado"
"8610-1/01","8610101","ATIVIDADES DE ATENDIMENTO HOSPITALAR, EXCETO PRONTO SOCORRO E UNIDADES PARA ATENDIMENTO A URGÊNCIAS","Atende","Sim","Não","III|V","III:De 6% até 33%|V:De 15,5% até 30,5%","Sim","Q","SAÚDE HUMANA E SERVIÇOS SOCIAIS","86","ATIVIDADES DE ATENÇÃO À SAÚDE HUMANA","861","ATIVIDADES DE ATENDIMENTO HOSPITALAR","86101","ATIVIDADES DE ATENDIMENTO HOSPITALAR","os serviços de internação de curta ou longa duração prestados a pacientes realizados em hospitais gerais e especializados, hospitais universitários, maternidades, hospitais psiquiátricos, centros de medicina preventiva e outras instituições de saúde com internação, incluindo-se os hospitais militares e os hospitais de centros penitenciários. Essas atividades são realizadas sob a supervisão direta de médicos e incluem: || #- serviços de médicos || #- serviços de laboratório, radiológicos e anestesiológicos || #- serviços de centros cirúrgicos || serviços farmacêuticos, de alimentação e outros serviços prestados em hospitais || os serviços prestados pelas unidades mistas de saúde, que são compostas por um centro de saúde e uma unidade de internação com características de hospital local de pequeno porte, sob administração única || as atividades dos navios-hospital || as atividades de centros de parto","as atividades veterinárias (7500-1/00) || as atividades exercidas em prontos-socorros com assistência 24 horas e com leitos de observação (8610-1/02) || os serviços móveis de atendimento a urgências (86.21-6/01 e 86.21-6/02) || os serviços de ambulância com função unicamente de remoção de pacientes, sem envolver atendimento e acompanhamento por médicos (8622-4/00) || as atividades de atenção ambulatorial executadas por médicos e odontólogos (86.30-5/01, 86.30-5/02, 86.30-5/03, 86.30-5/04, 86.30-5/06, 86.30-5/07 e 86.30-5/99) || as atividades de serviços de complementação diagnóstica e terapêutica (86.40-2/01, 86.40-2/02, 86.40-2/03, || 86.40-2/04, 86.40-2/05, 86.40-2/06, 86.40-2/07, 86.40-2/08, 86.40-2/09, 86.40-2/10, 86.40-2/11, 86.40-2/12, || 86.40-2/13, 86.40-2/14 e 86.40-2/99)","ATENDIMENTO HOSPITALAR COM INTERNAÇÃO; ATIVIDADES DE || CASA DE SAÚDE COM INTERNAÇÃO; PÚBLICA OU PARTICULAR || CASAS DE PARTO || CENTRO DE MEDICINA PREVENTIVA COM INTERNAÇÃO || CENTRO DE TRATAMENTO (TERAPIA) INTENSIVA (CTI) EM ESTABELECIMENTOS HOSPITALARES; SERVIÇOS DE || CENTRO MÉDICO COM INTERNAÇÃO; PÚBLICO OU PARTICULAR || CENTROS CIRÚRGICOS || CLÍNICA MÉDICA COM INTERNAÇÃO; PÚBLICA OU PARTICULAR || HOSPITAL COM UNIDADE DE TRATAMENTO (TERAPIA) INTENSIVA (UTI) || HOSPITAL DE BASE MILITAR || HOSPITAL ESPECIALIZADO; PÚBLICO OU PARTICULAR || HOSPITAL GERAL; PÚBLICO OU PARTICULAR || HOSPITAL INFANTIL || HOSPITAL MATERNIDADE; PÚBLICO OU PARTICULAR || HOSPITAL PENITENCIÁRIO || HOSPITAL PSIQUIÁTRICO || HOSPITAL UNIVERSITÁRIO || HOSPITAL; PÚBLICO OU PARTICULAR || HOSPÍCIO COM INTERNAÇÃO || INSTITUIÇÃO DE SAÚDE COM INTERNAÇÃO; PÚBLICA OU PARTICULAR || MANICÔMIO COM INTERNAÇÃO || NAVIO-HOSPITAL COM INTERNAÇÃO || POLICLÍNICA COM INTERNAÇÃO; PÚBLICA OU PARTICULAR || SANATÓRIO COM INTERNAÇÃO; PÚBLICO OU PARTICULAR || UNIDADE DE TRATAMENTO (TERAPIA) INTENSIVA (UTI) EM ESTABELECIMENTOS HOSPITALARES; SERVIÇOS DE","8610102|8621601|8621602|8622400|8630501|8630502|8630503|8630504|8630506|8630507|8630599|8640201|8640202|8640203|8640204|8640205|8640206|8640207|8640208|8640209|8640210|8640211|8640212|8640213|8640214|8640299|8650001|8650002|8650003|8650004|8650005|8650006|8650007|8650099|8660700|8690901|8690902|8690903|8690904|8690999","OK","","","nao-ratificado"
"8610-1/02","8610102","ATIVIDADES DE ATENDIMENTO EM PRONTO SOCORRO E UNIDADES HOSPITALARES PARA ATENDIMENTO A URGÊNCIAS","Atende","Sim","Não","III|V","III:De 6% até 33%|V:De 15,5% até 30,5%","Sim","Q","SAÚDE HUMANA E SERVIÇOS SOCIAIS","86","ATIVIDADES DE ATENÇÃO À SAÚDE HUMANA","861","ATIVIDADES DE ATENDIMENTO HOSPITALAR","86101","ATIVIDADES DE ATENDIMENTO HOSPITALAR","as atividades exercidas em unidades de hospitais preparadas para atendimento a urgências || as atividades exercidas em prontos-socorros com assistência 24 horas e com leitos de observação","os serviços móveis de atendimento a urgências (86.21-6) || os serviços de remoção de pacientes (8622-4/00)","ATENDIMENTO A URGÊNCIAS E EMERGÊNCIAS MÉDICAS || CLÍNICA DE PRONTO-SOCORRO || PRONTO CLÍNICA SEM INTERNAÇÃO || PRONTO-SOCORRO || UNIDADE DE PRONTO ATENDIMENTO MÉDICO (UPA)","8610101|8621601|8621602|8622400|8630501|8630502|8630503|8630504|8630506|8630507|8630599|8640201|8640202|8640203|8640204|8640205|8640206|8640207|8640208|8640209|8640210|8640211|8640212|8640213|8640214|8640299|8650001|8650002|8650003|8650004|8650005|8650006|8650007|8650099|8660700|8690901|8690902|8690903|8690904|8690999","OK","","","nao-ratificado"
"8621-6/01","8621601","UTI MÓVEL","Atende","Sim","Não","III|V","III:De 6% até 33%|V:De 15,5% até 30,5%","Sim","Q","SAÚDE HUMANA E SERVIÇOS SOCIAIS","86","ATIVIDADES DE ATENÇÃO À SAÚDE HUMANA","862","SERVIÇOS MÓVEIS DE ATENDIMENTO A URGÊNCIAS E DE REMOÇÃO DE PACIENTES","86216","SERVIÇOS MÓVEIS DE ATENDIMENTO A URGÊNCIAS","as atividades de unidades móveis terrestres (ambulâncias) e aéreas com equipamentos análogos aos usados nas unidades de terapia intensiva e com a presença de médicos preparados para realizarem, em suas instalações, atendimento a urgências, inclusive para realizarem pequenas intervenções cirúrgicas","os serviços de remoção de pacientes (8622-4/00)","AMBULÂNCIAS COM UTI || UNIDADES MÓVEIS AÉREAS COM UTI; SERVIÇOS DE || UNIDADES MÓVEIS TERRESTRES COM UTI; SERVIÇOS DE || UTI MÓVEL","8610101|8610102|8621602|8622400|8630501|8630502|8630503|8630504|8630506|8630507|8630599|8640201|8640202|8640203|8640204|8640205|8640206|8640207|8640208|8640209|8640210|8640211|8640212|8640213|8640214|8640299|8650001|8650002|8650003|8650004|8650005|8650006|8650007|8650099|8660700|8690901|8690902|8690903|8690904|8690999","OK","","","nao-ratificado"
"8621-6/02","8621602","SERVIÇOS MÓVEIS DE ATENDIMENTO A URGÊNCIAS, EXCETO POR UTI MÓVEL","Atende","Sim","Não","III|V","III:De 6% até 33%|V:De 15,5% até 30,5%","Sim","Q","SAÚDE HUMANA E SERVIÇOS SOCIAIS","86","ATIVIDADES DE ATENÇÃO À SAÚDE HUMANA","862","SERVIÇOS MÓVEIS DE ATENDIMENTO A URGÊNCIAS E DE REMOÇÃO DE PACIENTES","86216","SERVIÇOS MÓVEIS DE ATENDIMENTO A URGÊNCIAS","as atividades de unidades móveis terrestres (ambulâncias) ou aéreas destinadas a prestar atendimento de urgência com a assistência de médicos. Inclui os serviços das unidades móveis do setor público para atendimento a urgências fora dos domicílios (SAMU) e as unidades móveis de atendimento a urgências ligadas a seguradoras e planos de saúde","as atividades de atendimento em pronto-socorro e unidades hospitalares para atendimento a urgências (8610-1/02) || as atividades de UTI móvel (8621-6/01) || os serviços de remoção de pacientes (8622-4/00)","SAMU || SERVIÇOS AEROMÉDICOS || UNIDADES MÓVEIS AÉREAS PARA ATENDIMENTO A EMERGÊNCIAS, EXCETO UTI MÓVEL || UNIDADES MÓVEIS DE ATENDIMENTO A URGÊNCIAS LIGADAS A PLANOS DE SAÚDE, EXCETO UTI MÓVEL || UNIDADES MÓVEIS DO SETOR PÚBLICO PARA ATENDIMENTO A URGÊNCIAS FORA DO DOMICÍLIO  - SAMU, EXCETO UTI MÓVEL || UNIDADES MÓVEIS TERRESTRES PARA ATENDIMENTO A EMERGÊNCIAS, EXCETO UTI MÓVEL","8610101|8610102|8621601|8622400|8630501|8630502|8630503|8630504|8630506|8630507|8630599|8640201|8640202|8640203|8640204|8640205|8640206|8640207|8640208|8640209|8640210|8640211|8640212|8640213|8640214|8640299|8650001|8650002|8650003|8650004|8650005|8650006|8650007|8650099|8660700|8690901|8690902|8690903|8690904|8690999","OK","","","nao-ratificado"
"8622-4/00","8622400","SERVIÇOS DE REMOÇÃO DE PACIENTES, EXCETO OS SERVIÇOS MÓVEIS DE ATENDIMENTO A URGÊNCIAS","Atende","Sim","Não","III|V","III:De 6% até 33%|V:De 15,5% até 30,5%","Sim","Q","SAÚDE HUMANA E SERVIÇOS SOCIAIS","86","ATIVIDADES DE ATENÇÃO À SAÚDE HUMANA","862","SERVIÇOS MÓVEIS DE ATENDIMENTO A URGÊNCIAS E DE REMOÇÃO DE PACIENTES","86224","SERVIÇOS DE REMOÇÃO DE PACIENTES, EXCETO OS SERVIÇOS MÓVEIS DE ATENDIMENTO A URGÊNCIAS","os serviços de ambulância cuja função é unicamente a de remoção de enfermos, sem envolver atendimento ao paciente. A remoção de pacientes não é, em geral, acompanhada por médico, mas por profissional de saúde (técnico ou auxiliar de enfermagem)","as atividades de unidades móveis terrestres (ambulâncias) ou aéreas equipadas para atendimento a urgências, inclusive as UTI móveis, com a presença de médicos (86.21-6)","AMBULÂNCIA SOMENTE PARA TRANSPORTE DE PACIENTE; SERVIÇO DE || REMOÇÕES, SOMENTE TRANSPORTE DE PACIENTE; SERVIÇOS DE","8610101|8610102|8621601|8621602|8630501|8630502|8630503|8630504|8630506|8630507|8630599|8640201|8640202|8640203|8640204|8640205|8640206|8640207|8640208|8640209|8640210|8640211|8640212|8640213|8640214|8640299|8650001|8650002|8650003|8650004|8650005|8650006|8650007|8650099|8660700|8690901|8690902|8690903|8690904|8690999","OK","","","nao-ratificado"
"8630-5/01","8630501","ATIVIDADE MÉDICA AMBULATORIAL COM RECURSOS PARA REALIZAÇÃO DE PROCEDIMENTOS CIRÚRGICOS","Atende","Sim","Não","III|V","III:De 6% até 33%|V:De 15,5% até 30,5%","Sim","Q","SAÚDE HUMANA E SERVIÇOS SOCIAIS","86","ATIVIDADES DE ATENÇÃO À SAÚDE HUMANA","863","ATIVIDADES DE ATENÇÃO AMBULATORIAL EXECUTADAS POR MÉDICOS E ODONTÓLOGOS","86305","ATIVIDADES DE ATENÇÃO AMBULATORIAL EXECUTADAS POR MÉDICOS E ODONTÓLOGOS","as atividades de consultas e tratamento médico prestadas a pacientes que não estão sob regime de internação, como: consultórios, ambulatórios, postos de assistência médica, clínicas médicas especializadas ou não, policlínicas, consultórios privados em hospitais, clínicas de empresas, desde que sejam equipados para a realização de procedimentos cirúrgicos","as atividades de atendimento em pronto-socorro e unidades hospitalares para atendimento a urgências (8610-1/02) || a atividade médica ambulatorial com recursos para realização de exames complementares (8630-5/02) || a atividade médica ambulatorial restrita a consultas (8630-5/03)","CLÍNICA DE OLHOS COM RECURSOS PARA A REALIZAÇÃO DE PROCEDIMENTOS CIRÚRGICOS || CLÍNICA DERMATOLÓGICA COM RECURSOS PARA A REALIZAÇÃO DE PROCEDIMENTOS CIRÚRGICOS || CLÍNICA MÉDICA COM RECURSOS PARA A REALIZAÇÃO DE PROCEDIMENTOS CIRÚRGICOS; ATIVIDADES DE || CLÍNICA OFTALMOLÓGICA COM RECURSOS PARA A REALIZAÇÃO DE PROCEDIMENTOS CIRÚRGICOS || IMPLANTE CAPILAR; CLÍNICA DE","8610101|8610102|8621601|8621602|8622400|8630502|8630503|8630504|8630506|8630507|8630599|8640201|8640202|8640203|8640204|8640205|8640206|8640207|8640208|8640209|8640210|8640211|8640212|8640213|8640214|8640299|8650001|8650002|8650003|8650004|8650005|8650006|8650007|8650099|8660700|8690901|8690902|8690903|8690904|8690999","OK","","","nao-ratificado"
"8630-5/02","8630502","ATIVIDADE MÉDICA AMBULATORIAL COM RECURSOS PARA REALIZAÇÃO DE EXAMES COMPLEMENTARES","Atende","Sim","Não","III|V","III:De 6% até 33%|V:De 15,5% até 30,5%","Sim","Q","SAÚDE HUMANA E SERVIÇOS SOCIAIS","86","ATIVIDADES DE ATENÇÃO À SAÚDE HUMANA","863","ATIVIDADES DE ATENÇÃO AMBULATORIAL EXECUTADAS POR MÉDICOS E ODONTÓLOGOS","86305","ATIVIDADES DE ATENÇÃO AMBULATORIAL EXECUTADAS POR MÉDICOS E ODONTÓLOGOS","as consultas prestadas em consultórios, ambulatórios, postos de assistência médica, clínicas médicas e outros locais equipados para a realização de exames complementares || os postos de saúde pública","a atividade médica ambulatorial com recursos para realização de procedimentos cirúrgicos (8630-5/01) || a atividade médica ambulatorial restrita a consultas (8630-5/03)","CLINICA MÉDICA DE EXAME ADMISSIONAL || CLÍNICA DE OLHOS COM RECURSOS PARA A REALIZAÇÃO DE EXAMES COMPLEMENTARES || CLÍNICA DERMATOLÓGICA COM RECURSOS PARA A REALIZAÇÃO DE EXAMES COMPLEMENTARES || CLÍNICA MÉDICA COM RECURSOS PARA A REALIZAÇÃO DE EXAMES COMPLEMENTARES; ATIVIDADES DE || CLÍNICA MÉDICA DE EXAME PSICOTÉCNICO || CLÍNICA OFTALMOLÓGICA COM RECURSOS PARA A REALIZAÇÃO DE EXAMES COMPLEMENTARES || POSTO DE ASSISTÊNCIA MÉDICA SEM INTERNAÇÃO || POSTO DE SAÚDE PÚBLICA","8610101|8610102|8621601|8621602|8622400|8630501|8630503|8630504|8630506|8630507|8630599|8640201|8640202|8640203|8640204|8640205|8640206|8640207|8640208|8640209|8640210|8640211|8640212|8640213|8640214|8640299|8650001|8650002|8650003|8650004|8650005|8650006|8650007|8650099|8660700|8690901|8690902|8690903|8690904|8690999","OK","","","nao-ratificado"
"8630-5/03","8630503","ATIVIDADE MÉDICA AMBULATORIAL RESTRITA A CONSULTAS","Atende","Sim","Não","III|V","III:De 6% até 33%|V:De 15,5% até 30,5%","Sim","Q","SAÚDE HUMANA E SERVIÇOS SOCIAIS","86","ATIVIDADES DE ATENÇÃO À SAÚDE HUMANA","863","ATIVIDADES DE ATENÇÃO AMBULATORIAL EXECUTADAS POR MÉDICOS E ODONTÓLOGOS","86305","ATIVIDADES DE ATENÇÃO AMBULATORIAL EXECUTADAS POR MÉDICOS E ODONTÓLOGOS","as atividades de consultas e tratamento médico prestadas a pacientes externos exercidas em consultórios, ambulatórios, postos de assistência médica, clínicas médicas, clínicas oftalmológicas e policlínicas, consultórios privados em hospitais, clínicas de empresas, centros geriátricos, bem como realizadas no domicílio do paciente || as atividades de unidades móveis fluviais equipadas apenas de consultório médico e sem leitos para internação","as atividades de atendimento em pronto-socorro e unidades hospitalares para atendimento a urgências (8610-1/02) || a atividade médica ambulatorial com recursos para realização de procedimentos cirúrgicos (8630-5/01) || a atividade médica ambulatorial com recursos para realização de exames complementares (8630-5/02) || as atividades de profissionais da área de saúde, exceto médicos e odontólogos (86.50-0/01, 86.50-0/02, 86.50-0/03, 86.50-0/04, 86.50-0/05, 86.50-0/06, 86.50-0/07, 86.50-0/99) || as atividades de práticas integrativas e complementares em saúde humana (8690-9/01)","CLÍNICA MÉDICA EM EMPRESA || CLÍNICA MÉDICA RESTRITA A CONSULTAS; ATIVIDADES DE || CONSULTÓRIO MÉDICO EM UNIDADES MÓVEIS FLUVIAIS || CONSULTÓRIO MÉDICO PARTICULAR || CONSULTÓRIOS PRIVADOS EM HOSPITAIS || PERÍCIA MÉDICA; SERVIÇOS DE || POLICLÍNICA || TELEMEDICINA RESTRITA A CONSULTAS; ATIVIDADES DE","8610101|8610102|8621601|8621602|8622400|8630501|8630502|8630504|8630506|8630507|8630599|8640201|8640202|8640203|8640204|8640205|8640206|8640207|8640208|8640209|8640210|8640211|8640212|8640213|8640214|8640299|8650001|8650002|8650003|8650004|8650005|8650006|8650007|8650099|8660700|8690901|8690902|8690903|8690904|8690999","OK","","","nao-ratificado"
"8630-5/04","8630504","ATIVIDADE ODONTOLÓGICA","Atende","Sim","Não","III|V","III:De 6% até 33%|V:De 15,5% até 30,5%","Sim","Q","SAÚDE HUMANA E SERVIÇOS SOCIAIS","86","ATIVIDADES DE ATENÇÃO À SAÚDE HUMANA","863","ATIVIDADES DE ATENÇÃO AMBULATORIAL EXECUTADAS POR MÉDICOS E ODONTÓLOGOS","86305","ATIVIDADES DE ATENÇÃO AMBULATORIAL EXECUTADAS POR MÉDICOS E ODONTÓLOGOS","as atividades de consultas e tratamento odontológico, de qualquer tipo, prestadas a pacientes em clínicas e consultórios odontológicos, em hospitais, em clínicas de empresas, bem como, no domicílio do paciente || as atividades de unidades móveis terrestres equipadas de consultório odontológico || as atividades de unidades móveis fluviais equipadas de consultório odontológico","os laboratórios de prótese dentária (3250-7/06)","AMBULATÓRIO ODONTOLÓGICO || CLÍNICA ODONTOLÓGICA; PÚBLICA OU PARTICULAR || CONSULTÓRIO DENTÁRIO || CONSULTÓRIO ODONTOLÓGICO || ODONTOLOGIA; ATIVIDADES DE || PRONTO SOCORRO ODONTOLÓGICO || UNIDADES MÓVEIS TERRESTRES PARA CONSULTA ODONTOLÓGICA","8610101|8610102|8621601|8621602|8622400|8630501|8630502|8630503|8630506|8630507|8630599|8640201|8640202|8640203|8640204|8640205|8640206|8640207|8640208|8640209|8640210|8640211|8640212|8640213|8640214|8640299|8650001|8650002|8650003|8650004|8650005|8650006|8650007|8650099|8660700|8690901|8690902|8690903|8690904|8690999","OK","","","nao-ratificado"
"8630-5/06","8630506","SERVIÇOS DE VACINAÇÃO E IMUNIZAÇÃO HUMANA","Atende","Sim","Não","III|V","III:De 6% até 33%|V:De 15,5% até 30,5%","Sim","Q","SAÚDE HUMANA E SERVIÇOS SOCIAIS","86","ATIVIDADES DE ATENÇÃO À SAÚDE HUMANA","863","ATIVIDADES DE ATENÇÃO AMBULATORIAL EXECUTADAS POR MÉDICOS E ODONTÓLOGOS","86305","ATIVIDADES DE ATENÇÃO AMBULATORIAL EXECUTADAS POR MÉDICOS E ODONTÓLOGOS","os serviços de vacinação e imunização humana","","CLÍNICA DE VACINAÇÃO HUMANA || IMUNIZAÇÃO HUMANA; CLÍNICA DE || VACINAÇÃO E IMUNIZAÇÃO HUMANA; SERVIÇOS DE","8610101|8610102|8621601|8621602|8622400|8630501|8630502|8630503|8630504|8630507|8630599|8640201|8640202|8640203|8640204|8640205|8640206|8640207|8640208|8640209|8640210|8640211|8640212|8640213|8640214|8640299|8650001|8650002|8650003|8650004|8650005|8650006|8650007|8650099|8660700|8690901|8690902|8690903|8690904|8690999","OK","","","nao-ratificado"
"8630-5/07","8630507","ATIVIDADES DE REPRODUÇÃO HUMANA ASSISTIDA","Atende","Sim","Não","III|V","III:De 6% até 33%|V:De 15,5% até 30,5%","Sim","Q","SAÚDE HUMANA E SERVIÇOS SOCIAIS","86","ATIVIDADES DE ATENÇÃO À SAÚDE HUMANA","863","ATIVIDADES DE ATENÇÃO AMBULATORIAL EXECUTADAS POR MÉDICOS E ODONTÓLOGOS","86305","ATIVIDADES DE ATENÇÃO AMBULATORIAL EXECUTADAS POR MÉDICOS E ODONTÓLOGOS","as atividades de reprodução humana assistida, quando realizadas em unidades independentes de estabelecimentos hospitalares","","BANCO DE ESPERMA || BANCO DE SÊMEN HUMANO || CLÍNICA DE REPRODUÇÃO HUMANA ASSISTIDA || FERTILIZAÇÃO IN VITRO DE SERES HUMANOS; ATIVIDADE DE || INSEMINAÇÃO ARTIFICIAL DE SERES HUMANOS || LABORATÓRIOS RELACIONADOS À FERTILIZAÇÃO HUMANA ASSISTIDA || REPRODUÇÃO HUMANA ASSISTIDA; ATIVIDADE DE","8610101|8610102|8621601|8621602|8622400|8630501|8630502|8630503|8630504|8630506|8630599|8640201|8640202|8640203|8640204|8640205|8640206|8640207|8640208|8640209|8640210|8640211|8640212|8640213|8640214|8640299|8650001|8650002|8650003|8650004|8650005|8650006|8650007|8650099|8660700|8690901|8690902|8690903|8690904|8690999","OK","","","nao-ratificado"
"8630-5/99","8630599","ATIVIDADES DE ATENÇÃO AMBULATORIAL NÃO ESPECIFICADAS ANTERIORMENTE","Atende","Sim","Não","III|V","III:De 6% até 33%|V:De 15,5% até 30,5%","Sim","Q","SAÚDE HUMANA E SERVIÇOS SOCIAIS","86","ATIVIDADES DE ATENÇÃO À SAÚDE HUMANA","863","ATIVIDADES DE ATENÇÃO AMBULATORIAL EXECUTADAS POR MÉDICOS E ODONTÓLOGOS","86305","ATIVIDADES DE ATENÇÃO AMBULATORIAL EXECUTADAS POR MÉDICOS E ODONTÓLOGOS","as atividades prestadas por médicos autônomos ou constituídos como empresas individuais e que exercem a profissão em consultórios de terceiros ou em unidades hospitalares, inclusive os anestesistas || as atividades de atenção ambulatorial, não especificadas anteriormente","","MEDICINA DO TRABALHO; SERVIÇOS DE || MÉDICOS AUTÔNOMOS EM UNIDADES HOSPITALARES E CONSULTÓRIOS DE TERCEIROS; ATIVIDADES DE || SOCIEDADES DE MÉDICOS AUTÔNOMOS EM UNIDADES HOSPITALARES E CONSULTÓRIOS DE TERCEIROS; ATIVIDADES DE","8610101|8610102|8621601|8621602|8622400|8630501|8630502|8630503|8630504|8630506|8630507|8640201|8640202|8640203|8640204|8640205|8640206|8640207|8640208|8640209|8640210|8640211|8640212|8640213|8640214|8640299|8650001|8650002|8650003|8650004|8650005|8650006|8650007|8650099|8660700|8690901|8690902|8690903|8690904|8690999","OK","","","nao-ratificado"
"8640-2/01","8640201","LABORATÓRIOS DE ANATOMIA PATOLÓGICA E CITOLÓGICA","Atende","Sim","Não","III|V","III:De 6% até 33%|V:De 15,5% até 30,5%","Sim","Q","SAÚDE HUMANA E SERVIÇOS SOCIAIS","86","ATIVIDADES DE ATENÇÃO À SAÚDE HUMANA","864","ATIVIDADES DE SERVIÇOS DE COMPLEMENTAÇÃO DIAGNÓSTICA E TERAPÊUTICA","86402","ATIVIDADES DE SERVIÇOS DE COMPLEMENTAÇÃO DIAGNÓSTICA E TERAPÊUTICA","as atividades dos laboratórios de anatomia patológica e citológica, tais como: || #- exames citológicos || #- exames citopatológicos || #- exames histopatológicos","as atividades dos laboratórios de análises clínicas (8640-2/02)","ANATOMIA CITOLÓGICA; LABORATÓRIO DE || ANATOMIA PATOLÓGICA; LABORATÓRIO DE || APOIO À MEDICINA LEGAL; ATIVIDADES DE || AUTOPSIAS; ATIVIDADE DE || LABORATÓRIO DE ANATOMIA PATOLÓGICA E CITOLÓGICA || PEÇAS BIOLÓGICAS; EXAME DE || TESTE DE DNA PARA DETERMINAÇÃO DE PATERNIDADE; SERVIÇOS DE || TESTE DE PATERNIDADE; SERVIÇOS DE","8610101|8610102|8621601|8621602|8622400|8630501|8630502|8630503|8630504|8630506|8630507|8630599|8640202|8640203|8640204|8640205|8640206|8640207|8640208|8640209|8640210|8640211|8640212|8640213|8640214|8640299|8650001|8650002|8650003|8650004|8650005|8650006|8650007|8650099|8660700|8690901|8690902|8690903|8690904|8690999","OK","","","nao-ratificado"
"8640-2/02","8640202","LABORATÓRIOS CLÍNICOS","Atende","Sim","Não","III|V","III:De 6% até 33%|V:De 15,5% até 30,5%","Sim","Q","SAÚDE HUMANA E SERVIÇOS SOCIAIS","86","ATIVIDADES DE ATENÇÃO À SAÚDE HUMANA","864","ATIVIDADES DE SERVIÇOS DE COMPLEMENTAÇÃO DIAGNÓSTICA E TERAPÊUTICA","86402","ATIVIDADES DE SERVIÇOS DE COMPLEMENTAÇÃO DIAGNÓSTICA E TERAPÊUTICA","as atividades dos laboratórios de análises clínicas || as atividades dos laboratórios de biologia molecular || os postos de coleta laboratorial || as atividades de unidades móveis equipadas de laboratório de análises clínicas, com pessoal especializado, sem fornecimento de consultas médicas || os postos de coleta de laboratórios de análises clínicas","as atividades dos laboratórios de anatomia patológica e citológica (8640-2/01)","ANÁLISES CLÍNICAS; SERVIÇOS DE || COLETA DE EXAMES LABORATORIAIS CLÍNICOS; SERVIÇOS DE || EXAMES CLÍNICOS; SERVIÇOS DE || LABORATÓRIO DE ANÁLISES CLÍNICAS || LABORATÓRIO DE BIOLOGIA MOLECULAR || LABORATÓRIO DE PATOLOGIA CLÍNICA || LABORATÓRIOS DE ANÁLISE CLÍNICAS EM UNIDADES MÓVEIS || PATOLOGIA CLÍNICA; SERVIÇOS DE || POSTOS DE COLETA LABORATORIAL || SANGUE E URINA PARA LABORATÓRIOS; COLETA DE","8610101|8610102|8621601|8621602|8622400|8630501|8630502|8630503|8630504|8630506|8630507|8630599|8640201|8640203|8640204|8640205|8640206|8640207|8640208|8640209|8640210|8640211|8640212|8640213|8640214|8640299|8650001|8650002|8650003|8650004|8650005|8650006|8650007|8650099|8660700|8690901|8690902|8690903|8690904|8690999","OK","","","nao-ratificado"
"8640-2/03","8640203","SERVIÇOS DE DIÁLISE E NEFROLOGIA","Atende","Sim","Não","III|V","III:De 6% até 33%|V:De 15,5% até 30,5%","Sim","Q","SAÚDE HUMANA E SERVIÇOS SOCIAIS","86","ATIVIDADES DE ATENÇÃO À SAÚDE HUMANA","864","ATIVIDADES DE SERVIÇOS DE COMPLEMENTAÇÃO DIAGNÓSTICA E TERAPÊUTICA","86402","ATIVIDADES DE SERVIÇOS DE COMPLEMENTAÇÃO DIAGNÓSTICA E TERAPÊUTICA","os serviços destinados ao tratamento de pacientes com insuficiência renal crônica nas modalidades de hemodiálise e diálise peritoneal","os serviços de atendimento a pacientes renais agudos em  pronto-socorros e UTIs (8610-1/02)","DIÁLISE PERITONEAL; SERVIÇOS DE || HEMODIÁLISE; SERVIÇOS DE || NEFROLOGIA; SERVIÇOS DE","8610101|8610102|8621601|8621602|8622400|8630501|8630502|8630503|8630504|8630506|8630507|8630599|8640201|8640202|8640204|8640205|8640206|8640207|8640208|8640209|8640210|8640211|8640212|8640213|8640214|8640299|8650001|8650002|8650003|8650004|8650005|8650006|8650007|8650099|8660700|8690901|8690902|8690903|8690904|8690999","OK","","","nao-ratificado"
"8640-2/04","8640204","SERVIÇOS DE TOMOGRAFIA","Atende","Sim","Não","III|V","III:De 6% até 33%|V:De 15,5% até 30,5%","Sim","Q","SAÚDE HUMANA E SERVIÇOS SOCIAIS","86","ATIVIDADES DE ATENÇÃO À SAÚDE HUMANA","864","ATIVIDADES DE SERVIÇOS DE COMPLEMENTAÇÃO DIAGNÓSTICA E TERAPÊUTICA","86402","ATIVIDADES DE SERVIÇOS DE COMPLEMENTAÇÃO DIAGNÓSTICA E TERAPÊUTICA","os serviços que realizam exames de tomografia","os serviços de radiologia (8640-2/05)","TOMOGRAFIA COMPUTADORIZADA; SERVIÇOS DE || TOMOGRAFIA; SERVIÇOS DE","8610101|8610102|8621601|8621602|8622400|8630501|8630502|8630503|8630504|8630506|8630507|8630599|8640201|8640202|8640203|8640205|8640206|8640207|8640208|8640209|8640210|8640211|8640212|8640213|8640214|8640299|8650001|8650002|8650003|8650004|8650005|8650006|8650007|8650099|8660700|8690901|8690902|8690903|8690904|8690999","OK","","","nao-ratificado"
"8640-2/05","8640205","SERVIÇOS DE DIAGNÓSTICO POR IMAGEM COM USO DE RADIAÇÃO IONIZANTE, EXCETO TOMOGRAFIA","Atende","Sim","Não","III|V","III:De 6% até 33%|V:De 15,5% até 30,5%","Sim","Q","SAÚDE HUMANA E SERVIÇOS SOCIAIS","86","ATIVIDADES DE ATENÇÃO À SAÚDE HUMANA","864","ATIVIDADES DE SERVIÇOS DE COMPLEMENTAÇÃO DIAGNÓSTICA E TERAPÊUTICA","86402","ATIVIDADES DE SERVIÇOS DE COMPLEMENTAÇÃO DIAGNÓSTICA E TERAPÊUTICA","os serviços de radiodiagnóstico, tais como: || #- radiologia médica e odontológica || #- densitometria óssea || #- hemodinâmica || #- medicina nuclear || #- mamografia || #- fluoroscopia || as atividades de unidades móveis equipadas apenas de laboratório radiológico, com pessoal especializado, sem fornecimento de consultas médicas","os serviços que realizam exames de tomografia (8640-2/04) || os serviços que realizam exames de ressonância magnética (8640-2/06)","ABREUGRAFIA; SERVIÇOS DE || CLÍNICA DE RADIOLOGIA || DENSITOMETRIA ÓSSEA || FLUOROSCOPIA || HEMODINÂMICA || LABORATÓRIO RADIOLÓGICO EM UNIDADES MÓVEIS, EXCETO COM CONSULTAS || LABORATÓRIOS RADIOLÓGICOS EM UNIDADES MÓVEIS TERRESTRES || MAMOGRAFIA || MEDICINA NUCLEAR; SERVIÇOS DE || RADIODIAGNÓSTICO; SERVIÇOS DE || RADIOLOGIA MÉDICA; SERVIÇOS DE || RADIOLOGIA ODONTOLÓGICA || RADIOLOGIA; SERVIÇOS DE || RAIOS X; SERVIÇOS DE || RÁDIO-IMUNODIAGNÓSTICO; SERVIÇOS DE","8610101|8610102|8621601|8621602|8622400|8630501|8630502|8630503|8630504|8630506|8630507|8630599|8640201|8640202|8640203|8640204|8640206|8640207|8640208|8640209|8640210|8640211|8640212|8640213|8640214|8640299|8650001|8650002|8650003|8650004|8650005|8650006|8650007|8650099|8660700|8690901|8690902|8690903|8690904|8690999","OK","","","nao-ratificado"
"8640-2/06","8640206","SERVIÇOS DE RESSONÂNCIA MAGNÉTICA","Atende","Sim","Não","III|V","III:De 6% até 33%|V:De 15,5% até 30,5%","Sim","Q","SAÚDE HUMANA E SERVIÇOS SOCIAIS","86","ATIVIDADES DE ATENÇÃO À SAÚDE HUMANA","864","ATIVIDADES DE SERVIÇOS DE COMPLEMENTAÇÃO DIAGNÓSTICA E TERAPÊUTICA","86402","ATIVIDADES DE SERVIÇOS DE COMPLEMENTAÇÃO DIAGNÓSTICA E TERAPÊUTICA","os serviços que realizam exames de ressonância magnética","os demais serviços de diagnóstico por imagem sem uso de radiação ionizante (8640-2/07)","RESSONÂNCIA MAGNÉTICA; EXAME DE || RESSONÂNCIA MAGNÉTICA; SERVIÇOS DE","8610101|8610102|8621601|8621602|8622400|8630501|8630502|8630503|8630504|8630506|8630507|8630599|8640201|8640202|8640203|8640204|8640205|8640207|8640208|8640209|8640210|8640211|8640212|8640213|8640214|8640299|8650001|8650002|8650003|8650004|8650005|8650006|8650007|8650099|8660700|8690901|8690902|8690903|8690904|8690999","OK","","","nao-ratificado"
"8640-2/07","8640207","SERVIÇOS DE DIAGNÓSTICO POR IMAGEM SEM USO DE RADIAÇÃO IONIZANTE, EXCETO RESSONÂNCIA MAGNÉTICA","Atende","Sim","Não","III|V","III:De 6% até 33%|V:De 15,5% até 30,5%","Sim","Q","SAÚDE HUMANA E SERVIÇOS SOCIAIS","86","ATIVIDADES DE ATENÇÃO À SAÚDE HUMANA","864","ATIVIDADES DE SERVIÇOS DE COMPLEMENTAÇÃO DIAGNÓSTICA E TERAPÊUTICA","86402","ATIVIDADES DE SERVIÇOS DE COMPLEMENTAÇÃO DIAGNÓSTICA E TERAPÊUTICA","os serviços que realizam exames de ultrassonografia","os serviços que realizam exames de tomografia (8640-2/04) || os serviços que realizam exames de ressonância magnética (8640-2/06)","ECOCARDIOGRAFIA, ECOCARDIOGRAMA DOPPLER; SERVIÇOS DE || ECOGRAFIA; SERVIÇOS DE || EXAMES ECOSONOGRÁFICOS; SERVIÇOS DE || ULTRASOM; SERVIÇOS DE || ULTRASSONOGRAFIA; EXAMES DE || ULTRASSONOGRAFIA; SERVIÇOS DE","8610101|8610102|8621601|8621602|8622400|8630501|8630502|8630503|8630504|8630506|8630507|8630599|8640201|8640202|8640203|8640204|8640205|8640206|8640208|8640209|8640210|8640211|8640212|8640213|8640214|8640299|8650001|8650002|8650003|8650004|8650005|8650006|8650007|8650099|8660700|8690901|8690902|8690903|8690904|8690999","OK","","","nao-ratificado"
"8640-2/08","8640208","SERVIÇOS DE DIAGNÓSTICO POR REGISTRO GRÁFICO - ECG, EEG E OUTROS EXAMES ANÁLOGOS","Atende","Sim","Não","III|V","III:De 6% até 33%|V:De 15,5% até 30,5%","Sim","Q","SAÚDE HUMANA E SERVIÇOS SOCIAIS","86","ATIVIDADES DE ATENÇÃO À SAÚDE HUMANA","864","ATIVIDADES DE SERVIÇOS DE COMPLEMENTAÇÃO DIAGNÓSTICA E TERAPÊUTICA","86402","ATIVIDADES DE SERVIÇOS DE COMPLEMENTAÇÃO DIAGNÓSTICA E TERAPÊUTICA","os serviços de diagnóstico por registro gráfico - ECG, EEG, polissonografia, audiometria e outros tipos de serviços de diagnóstico por registro gráfico","os métodos gráficos em cardiologia e neurologia exclusivamente em serviço de diagnóstico (8640-2/99)","AUDIOMETRIA || DIAGNÓSTICO POR REGISTRO GRÁFICO; SERVIÇOS DE || ELETROCARDIOGRAMA - ECG; SERVIÇOS DE || ELETROENCEFALOGRAFIA; SERVIÇOS DE || ELETROENCEFALOGRAMA - EEG; SERVIÇOS DE || POLISSONOGRAFIA","8610101|8610102|8621601|8621602|8622400|8630501|8630502|8630503|8630504|8630506|8630507|8630599|8640201|8640202|8640203|8640204|8640205|8640206|8640207|8640209|8640210|8640211|8640212|8640213|8640214|8640299|8650001|8650002|8650003|8650004|8650005|8650006|8650007|8650099|8660700|8690901|8690902|8690903|8690904|8690999","OK","","","nao-ratificado"
"8640-2/09","8640209","SERVIÇOS DE DIAGNÓSTICO POR MÉTODOS ÓPTICOS - ENDOSCOPIA E OUTROS EXAMES ANÁLOGOS","Atende","Sim","Não","III|V","III:De 6% até 33%|V:De 15,5% até 30,5%","Sim","Q","SAÚDE HUMANA E SERVIÇOS SOCIAIS","86","ATIVIDADES DE ATENÇÃO À SAÚDE HUMANA","864","ATIVIDADES DE SERVIÇOS DE COMPLEMENTAÇÃO DIAGNÓSTICA E TERAPÊUTICA","86402","ATIVIDADES DE SERVIÇOS DE COMPLEMENTAÇÃO DIAGNÓSTICA E TERAPÊUTICA","os serviços de diagnóstico por métodos ópticos, tais como, as endoscopias digestivas, respiratórias e outras","","DIAGNÓSTICO POR MÉTODOS ÓTICOS; SERVIÇOS DE || ENDOSCOPIA DIGESTIVA; EXAME DE || ENDOSCOPIA RESPIRATÓRIA; EXAME DE || ENDOSCOPIA; SERVIÇOS DE","8610101|8610102|8621601|8621602|8622400|8630501|8630502|8630503|8630504|8630506|8630507|8630599|8640201|8640202|8640203|8640204|8640205|8640206|8640207|8640208|8640210|8640211|8640212|8640213|8640214|8640299|8650001|8650002|8650003|8650004|8650005|8650006|8650007|8650099|8660700|8690901|8690902|8690903|8690904|8690999","OK","","","nao-ratificado"
"8640-2/10","8640210","SERVIÇOS DE QUIMIOTERAPIA","Atende","Sim","Não","III|V","III:De 6% até 33%|V:De 15,5% até 30,5%","Sim","Q","SAÚDE HUMANA E SERVIÇOS SOCIAIS","86","ATIVIDADES DE ATENÇÃO À SAÚDE HUMANA","864","ATIVIDADES DE SERVIÇOS DE COMPLEMENTAÇÃO DIAGNÓSTICA E TERAPÊUTICA","86402","ATIVIDADES DE SERVIÇOS DE COMPLEMENTAÇÃO DIAGNÓSTICA E TERAPÊUTICA","os serviços que realizam quimioterapia, isto é, a administração de drogas citostásticas para o tratamento de pacientes com neoplasias, devidamente estruturados para tal finalidade","os serviços que realizam radioterapia (8640-2/11)","QUIMIOTERAPIA; SERVIÇOS DE","8610101|8610102|8621601|8621602|8622400|8630501|8630502|8630503|8630504|8630506|8630507|8630599|8640201|8640202|8640203|8640204|8640205|8640206|8640207|8640208|8640209|8640211|8640212|8640213|8640214|8640299|8650001|8650002|8650003|8650004|8650005|8650006|8650007|8650099|8660700|8690901|8690902|8690903|8690904|8690999","OK","","","nao-ratificado"
"8640-2/11","8640211","SERVIÇOS DE RADIOTERAPIA","Atende","Sim","Não","III|V","III:De 6% até 33%|V:De 15,5% até 30,5%","Sim","Q","SAÚDE HUMANA E SERVIÇOS SOCIAIS","86","ATIVIDADES DE ATENÇÃO À SAÚDE HUMANA","864","ATIVIDADES DE SERVIÇOS DE COMPLEMENTAÇÃO DIAGNÓSTICA E TERAPÊUTICA","86402","ATIVIDADES DE SERVIÇOS DE COMPLEMENTAÇÃO DIAGNÓSTICA E TERAPÊUTICA","os serviços que realizam radioterapia, isto é, a utilização de radiação ionizante para o tratamento de pacientes com neoplasias, devidamente estruturados para tal finalidade","os serviços de que realizam radiologia (8640-2/05) || os serviços que realizam quimioterapia (8640-2/10)","RADIAÇÃO IONIZANTE; SERVIÇOS DE || RADIOTERAPIA; SERVIÇOS DE","8610101|8610102|8621601|8621602|8622400|8630501|8630502|8630503|8630504|8630506|8630507|8630599|8640201|8640202|8640203|8640204|8640205|8640206|8640207|8640208|8640209|8640210|8640212|8640213|8640214|8640299|8650001|8650002|8650003|8650004|8650005|8650006|8650007|8650099|8660700|8690901|8690902|8690903|8690904|8690999","OK","","","nao-ratificado"
"8640-2/12","8640212","SERVIÇOS DE HEMOTERAPIA","Atende","Sim","Não","III|V","III:De 6% até 33%|V:De 15,5% até 30,5%","Sim","Q","SAÚDE HUMANA E SERVIÇOS SOCIAIS","86","ATIVIDADES DE ATENÇÃO À SAÚDE HUMANA","864","ATIVIDADES DE SERVIÇOS DE COMPLEMENTAÇÃO DIAGNÓSTICA E TERAPÊUTICA","86402","ATIVIDADES DE SERVIÇOS DE COMPLEMENTAÇÃO DIAGNÓSTICA E TERAPÊUTICA","os serviços prestados por hemocentros, núcleos de hemoterapia, unidades de coleta e transfusão, unidades de coleta de sangue, centrais de triagem laboratorial de doadores e agências transfusionais || os demais serviços de hemoterapia","a transformação do sangue e a fabricação de seus derivados (2110-6/00)","BANCO DE SANGUE || CENTRAL DE TRIAGEM LABORATORIAL DE DOADORES E AGÊNCIA TRANSFUSIONAL || HEMOCENTROS || HEMOTERAPIA; SERVIÇOS DE, NÚCLEOS DE || UNIDADES DE COLETA DE SANGUE || UNIDADES DE COLETA E TRANSFUSÃO","8610101|8610102|8621601|8621602|8622400|8630501|8630502|8630503|8630504|8630506|8630507|8630599|8640201|8640202|8640203|8640204|8640205|8640206|8640207|8640208|8640209|8640210|8640211|8640213|8640214|8640299|8650001|8650002|8650003|8650004|8650005|8650006|8650007|8650099|8660700|8690901|8690902|8690903|8690904|8690999","OK","","","nao-ratificado"
"8640-2/13","8640213","SERVIÇOS DE LITOTRIPCIA","Atende","Sim","Não","III|V","III:De 6% até 33%|V:De 15,5% até 30,5%","Sim","Q","SAÚDE HUMANA E SERVIÇOS SOCIAIS","86","ATIVIDADES DE ATENÇÃO À SAÚDE HUMANA","864","ATIVIDADES DE SERVIÇOS DE COMPLEMENTAÇÃO DIAGNÓSTICA E TERAPÊUTICA","86402","ATIVIDADES DE SERVIÇOS DE COMPLEMENTAÇÃO DIAGNÓSTICA E TERAPÊUTICA","os serviços de litotripsia, isto é, aqueles que realizam a eliminação de cálculos renais por meio de ondas de choque de ultra-som","","CÁLCULOS RENAIS; SERVIÇOS DE ELIMINAÇÃO DE || LITOTRIPSIA; SERVIÇOS DE","8610101|8610102|8621601|8621602|8622400|8630501|8630502|8630503|8630504|8630506|8630507|8630599|8640201|8640202|8640203|8640204|8640205|8640206|8640207|8640208|8640209|8640210|8640211|8640212|8640214|8640299|8650001|8650002|8650003|8650004|8650005|8650006|8650007|8650099|8660700|8690901|8690902|8690903|8690904|8690999","OK","","","nao-ratificado"
"8640-2/14","8640214","SERVIÇOS DE BANCOS DE CÉLULAS E TECIDOS HUMANOS","Atende","Sim","Não","III|V","III:De 6% até 33%|V:De 15,5% até 30,5%","Sim","Q","SAÚDE HUMANA E SERVIÇOS SOCIAIS","86","ATIVIDADES DE ATENÇÃO À SAÚDE HUMANA","864","ATIVIDADES DE SERVIÇOS DE COMPLEMENTAÇÃO DIAGNÓSTICA E TERAPÊUTICA","86402","ATIVIDADES DE SERVIÇOS DE COMPLEMENTAÇÃO DIAGNÓSTICA E TERAPÊUTICA","as atividades dos bancos de células e tecidos humanos e dos bancos de ossos quando realizadas em unidades independentes de hospitais","","BANCO DE CÉLULAS E TECIDOS HUMANOS || BANCO DE OLHOS || BANCO DE OSSOS || BANCO DE PELE || BANCO DE ÓRGÃOS || CÉLULAS E TECIDOS HUMANOS; BANCO DE","8610101|8610102|8621601|8621602|8622400|8630501|8630502|8630503|8630504|8630506|8630507|8630599|8640201|8640202|8640203|8640204|8640205|8640206|8640207|8640208|8640209|8640210|8640211|8640212|8640213|8640299|8650001|8650002|8650003|8650004|8650005|8650006|8650007|8650099|8660700|8690901|8690902|8690903|8690904|8690999","OK","","","nao-ratificado"
"8640-2/99","8640299","ATIVIDADES DE SERVIÇOS DE COMPLEMENTAÇÃO DIAGNÓSTICA E TERAPÊUTICA NÃO ESPECIFICADAS ANTERIORMENTE","Atende","Sim","Não","III|V","III:De 6% até 33%|V:De 15,5% até 30,5%","Sim","Q","SAÚDE HUMANA E SERVIÇOS SOCIAIS","86","ATIVIDADES DE ATENÇÃO À SAÚDE HUMANA","864","ATIVIDADES DE SERVIÇOS DE COMPLEMENTAÇÃO DIAGNÓSTICA E TERAPÊUTICA","86402","ATIVIDADES DE SERVIÇOS DE COMPLEMENTAÇÃO DIAGNÓSTICA E TERAPÊUTICA","os exames de função pulmonar, tais como: || #- espirometria || #- oxigenoterapia || os outros serviços de complementação diagnóstica e terapêutica não especificados anteriormente","a transformação do sangue e a fabricação de seus derivados (2110-6/00) || os serviços de endoscopia e métodos gráficos em cardiologia e neurologia, quando exercidos em consultórios médicos com recursos para a realização de exames complementares (8630-5/02) || os serviços de diagnóstico por registro gráfico - ECG, EEG e outros exames análogos (8640-2/08) || as atividades de práticas integrativas e complementares em saúde humana (8690-9/01)","ESPIROMETRIA || FUNÇÃO PULMONAR; EXAMES DE || OXIGENOTERAPIA || OZONIOTERAPIA; SERVIÇOS DE","8610101|8610102|8621601|8621602|8622400|8630501|8630502|8630503|8630504|8630506|8630507|8630599|8640201|8640202|8640203|8640204|8640205|8640206|8640207|8640208|8640209|8640210|8640211|8640212|8640213|8640214|8650001|8650002|8650003|8650004|8650005|8650006|8650007|8650099|8660700|8690901|8690902|8690903|8690904|8690999","OK","","","nao-ratificado"
"8650-0/01","8650001","ATIVIDADES DE ENFERMAGEM","Atende","Sim","Não","III|V","III:De 6% até 33%|V:De 15,5% até 30,5%","Sim","Q","SAÚDE HUMANA E SERVIÇOS SOCIAIS","86","ATIVIDADES DE ATENÇÃO À SAÚDE HUMANA","865","ATIVIDADES DE PROFISSIONAIS DA ÁREA DE SAÚDE, EXCETO MÉDICOS E ODONTÓLOGOS","86500","ATIVIDADES DE PROFISSIONAIS DA ÁREA DE SAÚDE, EXCETO MÉDICOS E ODONTÓLOGOS","as atividades realizadas por enfermeiros legalmente habilitados || as atividades realizadas por enfermeiros legalmente habilitados exercidas de forma independente","as atividades de enfermagem associadas ao fornecimento de infra-estrutura de apoio e assistência a paciente no domicílio (8712-3/00)","ENFERMAGEM; SERVIÇOS DE || ENFERMEIROS; ATIVIDADES DE","8610101|8610102|8621601|8621602|8622400|8630501|8630502|8630503|8630504|8630506|8630507|8630599|8640201|8640202|8640203|8640204|8640205|8640206|8640207|8640208|8640209|8640210|8640211|8640212|8640213|8640214|8640299|8650002|8650003|8650004|8650005|8650006|8650007|8650099|8660700|8690901|8690902|8690903|8690904|8690999","OK","","","nao-ratificado"
"8650-0/02","8650002","ATIVIDADES DE PROFISSIONAIS DA NUTRIÇÃO","Atende","Sim","Não","III|V","III:De 6% até 33%|V:De 15,5% até 30,5%","Sim","Q","SAÚDE HUMANA E SERVIÇOS SOCIAIS","86","ATIVIDADES DE ATENÇÃO À SAÚDE HUMANA","865","ATIVIDADES DE PROFISSIONAIS DA ÁREA DE SAÚDE, EXCETO MÉDICOS E ODONTÓLOGOS","86500","ATIVIDADES DE PROFISSIONAIS DA ÁREA DE SAÚDE, EXCETO MÉDICOS E ODONTÓLOGOS","as atividades realizadas por nutricionistas || as atividades realizadas por nutricionistas exercidas de forma independente","os serviços de terapia de nutrição enteral e parenteral (8650-0/07)","NUTRICIONISTA; SERVIÇOS DE || NUTRIÇÃO; SERVIÇOS DE","8610101|8610102|8621601|8621602|8622400|8630501|8630502|8630503|8630504|8630506|8630507|8630599|8640201|8640202|8640203|8640204|8640205|8640206|8640207|8640208|8640209|8640210|8640211|8640212|8640213|8640214|8640299|8650001|8650003|8650004|8650005|8650006|8650007|8650099|8660700|8690901|8690902|8690903|8690904|8690999","OK","","","nao-ratificado"
"8650-0/03","8650003","ATIVIDADES DE PSICOLOGIA E PSICANÁLISE","Atende","Sim","Não","III|V","III:De 6% até 33%|V:De 15,5% até 30,5%","Sim","Q","SAÚDE HUMANA E SERVIÇOS SOCIAIS","86","ATIVIDADES DE ATENÇÃO À SAÚDE HUMANA","865","ATIVIDADES DE PROFISSIONAIS DA ÁREA DE SAÚDE, EXCETO MÉDICOS E ODONTÓLOGOS","86500","ATIVIDADES DE PROFISSIONAIS DA ÁREA DE SAÚDE, EXCETO MÉDICOS E ODONTÓLOGOS","as atividades de psicólogos e de psicanalistas","as atividades dos centros de assistência psicossocial (8720-4/01)","PSICANÁLISE; ATIVIDADE DE || PSICANÁLISE; CLÍNICA DE || PSICANÁLISE; CONSULTÓRIO DE || PSICOLOGIA; CLÍNICA, CONSULTÓRIO, CENTRO DE || PSICOLOGIA; SERVIÇOS DE","8610101|8610102|8621601|8621602|8622400|8630501|8630502|8630503|8630504|8630506|8630507|8630599|8640201|8640202|8640203|8640204|8640205|8640206|8640207|8640208|8640209|8640210|8640211|8640212|8640213|8640214|8640299|8650001|8650002|8650004|8650005|8650006|8650007|8650099|8660700|8690901|8690902|8690903|8690904|8690999","OK","","","nao-ratificado"
"8650-0/04","8650004","ATIVIDADES DE FISIOTERAPIA","Atende","Sim","Não","III|V","III:De 6% até 33%|V:De 15,5% até 30,5%","Sim","Q","SAÚDE HUMANA E SERVIÇOS SOCIAIS","86","ATIVIDADES DE ATENÇÃO À SAÚDE HUMANA","865","ATIVIDADES DE PROFISSIONAIS DA ÁREA DE SAÚDE, EXCETO MÉDICOS E ODONTÓLOGOS","86500","ATIVIDADES DE PROFISSIONAIS DA ÁREA DE SAÚDE, EXCETO MÉDICOS E ODONTÓLOGOS","as atividades de fisioterapeutas realizadas em centros e núcleos de reabilitação física || as atividades realizadas por fisioterapeutas legalmente habilitados exercidas de forma independente","as atividades de hidroginástica e demais atividades de condicionamento físico (9313-1/00)","CLÍNICA DE FISIOTERAPIA || FISIOTERAPIA; CLÍNICA, CONSULTÓRIO, CENTRO DE || HIDROTERAPEUTA; SERVIÇOS DE || HIDROTERAPIA; SERVIÇOS DE || NÚCLEO DE REABILITAÇÃO MOTORA || REABILITAÇÃO POSTURAL GLOBAL - RPG; SERVIÇOS DE || RPG - REABILITAÇÃO POSTURAL GLOBAL","8610101|8610102|8621601|8621602|8622400|8630501|8630502|8630503|8630504|8630506|8630507|8630599|8640201|8640202|8640203|8640204|8640205|8640206|8640207|8640208|8640209|8640210|8640211|8640212|8640213|8640214|8640299|8650001|8650002|8650003|8650005|8650006|8650007|8650099|8660700|8690901|8690902|8690903|8690904|8690999","OK","","","nao-ratificado"
"8650-0/05","8650005","ATIVIDADES DE TERAPIA OCUPACIONAL","Atende","Sim","Não","III|V","III:De 6% até 33%|V:De 15,5% até 30,5%","Sim","Q","SAÚDE HUMANA E SERVIÇOS SOCIAIS","86","ATIVIDADES DE ATENÇÃO À SAÚDE HUMANA","865","ATIVIDADES DE PROFISSIONAIS DA ÁREA DE SAÚDE, EXCETO MÉDICOS E ODONTÓLOGOS","86500","ATIVIDADES DE PROFISSIONAIS DA ÁREA DE SAÚDE, EXCETO MÉDICOS E ODONTÓLOGOS","as atividades de terapeutas ocupacionais || as atividades realizadas por terapeutas ocupacionais legalmente habilitados exercidas de forma independente","","TERAPEUTA OCUPACIONAL; SERVIÇOS DE || TERAPIA OCUPACIONAL; ATIVIDADES DE","8610101|8610102|8621601|8621602|8622400|8630501|8630502|8630503|8630504|8630506|8630507|8630599|8640201|8640202|8640203|8640204|8640205|8640206|8640207|8640208|8640209|8640210|8640211|8640212|8640213|8640214|8640299|8650001|8650002|8650003|8650004|8650006|8650007|8650099|8660700|8690901|8690902|8690903|8690904|8690999","OK","","","nao-ratificado"
"8650-0/06","8650006","ATIVIDADES DE FONOAUDIOLOGIA","Atende","Sim","Não","III|V","III:De 6% até 33%|V:De 15,5% até 30,5%","Sim","Q","SAÚDE HUMANA E SERVIÇOS SOCIAIS","86","ATIVIDADES DE ATENÇÃO À SAÚDE HUMANA","865","ATIVIDADES DE PROFISSIONAIS DA ÁREA DE SAÚDE, EXCETO MÉDICOS E ODONTÓLOGOS","86500","ATIVIDADES DE PROFISSIONAIS DA ÁREA DE SAÚDE, EXCETO MÉDICOS E ODONTÓLOGOS","as atividades de fonoaudiólogos || as atividades realizadas por fonoaudiólogos legalmente habilitados exercidas de forma independente","","FONOAUDIOLOGIA; CLÍNICA, CONSULTÓRIO, CENTRO DE || FONOAUDIOLOGIA; SERVIÇOS DE || FONOAUDIÓLOGOS; ATIVIDADES DE || LOGOPEDIA; ATIVIDADES DE || LOGOPEDISTA; ATIVIDADES DE","8610101|8610102|8621601|8621602|8622400|8630501|8630502|8630503|8630504|8630506|8630507|8630599|8640201|8640202|8640203|8640204|8640205|8640206|8640207|8640208|8640209|8640210|8640211|8640212|8640213|8640214|8640299|8650001|8650002|8650003|8650004|8650005|8650007|8650099|8660700|8690901|8690902|8690903|8690904|8690999","OK","","","nao-ratificado"
"8650-0/07","8650007","ATIVIDADES DE TERAPIA DE NUTRIÇÃO ENTERAL E PARENTERAL","Atende","Sim","Não","III|V","III:De 6% até 33%|V:De 15,5% até 30,5%","Sim","Q","SAÚDE HUMANA E SERVIÇOS SOCIAIS","86","ATIVIDADES DE ATENÇÃO À SAÚDE HUMANA","865","ATIVIDADES DE PROFISSIONAIS DA ÁREA DE SAÚDE, EXCETO MÉDICOS E ODONTÓLOGOS","86500","ATIVIDADES DE PROFISSIONAIS DA ÁREA DE SAÚDE, EXCETO MÉDICOS E ODONTÓLOGOS","os serviços de terapia de nutrição enteral e parenteral","as atividades realizadas por nutricionistas (8650-0/02)","TERAPIA DE NUTRIÇÃO ENTERAL E PARENTERAL; SERVIÇOS DE || TERAPIA DE NUTRIÇÃO ENTERAL; ATIVIDADES DE || TERAPIA DE NUTRIÇÃO PARENTERAL; ATIVIDADES DE","8610101|8610102|8621601|8621602|8622400|8630501|8630502|8630503|8630504|8630506|8630507|8630599|8640201|8640202|8640203|8640204|8640205|8640206|8640207|8640208|8640209|8640210|8640211|8640212|8640213|8640214|8640299|8650001|8650002|8650003|8650004|8650005|8650006|8650099|8660700|8690901|8690902|8690903|8690904|8690999","OK","","","nao-ratificado"
"8650-0/99","8650099","ATIVIDADES DE PROFISSIONAIS DA ÁREA DE SAÚDE NÃO ESPECIFICADAS ANTERIORMENTE","Atende","Sim","Não","III|V","III:De 6% até 33%|V:De 15,5% até 30,5%","Sim","Q","SAÚDE HUMANA E SERVIÇOS SOCIAIS","86","ATIVIDADES DE ATENÇÃO À SAÚDE HUMANA","865","ATIVIDADES DE PROFISSIONAIS DA ÁREA DE SAÚDE, EXCETO MÉDICOS E ODONTÓLOGOS","86500","ATIVIDADES DE PROFISSIONAIS DA ÁREA DE SAÚDE, EXCETO MÉDICOS E ODONTÓLOGOS","as atividades relacionadas com a saúde realizadas por profissionais legalmente habilitados, exceto as compreendidos nas subclasses anteriores, como as de médicos e dentistas, exercidas de forma independente: || #- as atividades de optometristas || #- as atividades de instrumentadores cirúrgicos || #- outras atividades de serviços profissionais da área de saúde não especificadas anteriormente","as atividades de práticas integrativas e complementares em saúde humana (8690-9/01)","TERAPIA PSICOMOTORA; SERVIÇOS DE || CONSULTORIA EM BIOMEDICINA, EXCETO PARA PESQUISA E DESENVOLVIMENTO; ATIVIDADES DE || CONSULTÓRIOS FARMACÊUTICOS || FARMACÊUTICOS CLÍNICOS; SERVIÇOS PRESTADOS POR || INSTRUMENTAÇÃO CIRÚRGICA; SERVIÇOS DE || OPTOMETRIA; SERVIÇOS DE || ORTÓPTICA; ATIVIDADES DE || OSTEOPATIA; SERVIÇOS DE || PERFUSIONISTAS; SERVIÇOS DE || PERFUSÃO (OPERAÇÃO DE MÁQUINA DE CIRCULAÇÃO EXTRACORPÓREA); SERVIÇOS DE || QUIROPRAXIA; SERVIÇOS DE","8610101|8610102|8621601|8621602|8622400|8630501|8630502|8630503|8630504|8630506|8630507|8630599|8640201|8640202|8640203|8640204|8640205|8640206|8640207|8640208|8640209|8640210|8640211|8640212|8640213|8640214|8640299|8650001|8650002|8650003|8650004|8650005|8650006|8650007|8660700|8690901|8690902|8690903|8690904|8690999","OK","","","nao-ratificado"
"8660-7/00","8660700","ATIVIDADES DE APOIO À GESTÃO DE SAÚDE","Atende","Sim","Não","III|V","III:De 6% até 33%|V:De 15,5% até 30,5%","Sim","Q","SAÚDE HUMANA E SERVIÇOS SOCIAIS","86","ATIVIDADES DE ATENÇÃO À SAÚDE HUMANA","866","ATIVIDADES DE APOIO À GESTÃO DE SAÚDE","86607","ATIVIDADES DE APOIO À GESTÃO DE SAÚDE","as atividades dos complexos reguladores das ações do Sistema Único de Saúde que são compostos pelas centrais de regulação. Essas centrais de regulação são responsáveis pelo planejamento e controle do acesso ao serviço de saúde, atuando na assistência pré-hospitalar e inter-hospitalar de urgência, nas internações e na regulação de consultas e procedimentos ambulatoriais de média e alta complexidade || as atividades de assessoria e consultoria na área de saúde || as atividades das fundações de apoio à pesquisa ligadas a universidades na área de saúde","","CENTRAIS DE REGULAÇÃO DO SISTEMA DE SAÚDE || CONSULTORIA E ASSESSORIA NA ÁREA DE SAÚDE; SERVIÇOS DE || FUNDAÇÕES DE APOIO A PESQUISAS LIGADAS A UNIVERSIDADES NA ÁREA DE SAÚDE","8610101|8610102|8621601|8621602|8622400|8630501|8630502|8630503|8630504|8630506|8630507|8630599|8640201|8640202|8640203|8640204|8640205|8640206|8640207|8640208|8640209|8640210|8640211|8640212|8640213|8640214|8640299|8650001|8650002|8650003|8650004|8650005|8650006|8650007|8650099|8690901|8690902|8690903|8690904|8690999","OK","","","nao-ratificado"
"8690-9/01","8690901","ATIVIDADES DE PRÁTICAS INTEGRATIVAS E COMPLEMENTARES EM SAÚDE HUMANA","Atende","Sim","Não","III|V","III:De 6% até 33%|V:De 15,5% até 30,5%","Sim","Q","SAÚDE HUMANA E SERVIÇOS SOCIAIS","86","ATIVIDADES DE ATENÇÃO À SAÚDE HUMANA","869","ATIVIDADES DE ATENÇÃO À SAÚDE HUMANA NÃO ESPECIFICADAS ANTERIORMENTE","86909","ATIVIDADES DE ATENÇÃO À SAÚDE HUMANA NÃO ESPECIFICADAS ANTERIORMENTE","as atividades relacionadas a terapias alternativas, como: || #- cromoterapia, do-in, shiatsu e similares","","MUSICOTERAPIA; SERVIÇOS DE || AROMOTERAPIA; SERVIÇOS DE || CROMOTERAPIA; SERVIÇOS DE || DO-IN; SERVIÇOS DE || ECOTERAPIA; SERVIÇOS DE || EQUOTERAPIA; SERVIÇOS DE || HIPNOTERAPIA; ATIVIDADES DE || MASSOTERAPIA || REIKI; SERVIÇOS DE || ROLFING; SERVIÇOS DE || SHIATSU; SERVIÇOS DE || TERAPIA FLORAL; SERVIÇOS DE || TERAPIA INDIANA; SERVIÇOS DE || TERAPIA REICHIANA; SERVIÇOS DE || TERAPIAS ALTERNATIVAS; SERVIÇOS DE || TERAPIAS NÃO TRADICIONAIS; SERVIÇOS DE","8610101|8610102|8621601|8621602|8622400|8630501|8630502|8630503|8630504|8630506|8630507|8630599|8640201|8640202|8640203|8640204|8640205|8640206|8640207|8640208|8640209|8640210|8640211|8640212|8640213|8640214|8640299|8650001|8650002|8650003|8650004|8650005|8650006|8650007|8650099|8660700|8690902|8690903|8690904|8690999","OK","","","nao-ratificado"
"8690-9/02","8690902","ATIVIDADES DE BANCO DE LEITE HUMANO","Atende","Sim","Não","III|V","III:De 6% até 33%|V:De 15,5% até 30,5%","Sim","Q","SAÚDE HUMANA E SERVIÇOS SOCIAIS","86","ATIVIDADES DE ATENÇÃO À SAÚDE HUMANA","869","ATIVIDADES DE ATENÇÃO À SAÚDE HUMANA NÃO ESPECIFICADAS ANTERIORMENTE","86909","ATIVIDADES DE ATENÇÃO À SAÚDE HUMANA NÃO ESPECIFICADAS ANTERIORMENTE","as atividades dos bancos de leite humano, quando realizadas em locais independentes de unidades hospitalares","","BANCO DE LEITE HUMANO; ATIVIDADE DE || BANCO DE LEITE MATERNO; ATIVIDADE DE","8610101|8610102|8621601|8621602|8622400|8630501|8630502|8630503|8630504|8630506|8630507|8630599|8640201|8640202|8640203|8640204|8640205|8640206|8640207|8640208|8640209|8640210|8640211|8640212|8640213|8640214|8640299|8650001|8650002|8650003|8650004|8650005|8650006|8650007|8650099|8660700|8690901|8690903|8690904|8690999","OK","","","nao-ratificado"
"8690-9/03","8690903","ATIVIDADES DE ACUPUNTURA","Atende","Sim","Não","III|V","III:De 6% até 33%|V:De 15,5% até 30,5%","Sim","Q","SAÚDE HUMANA E SERVIÇOS SOCIAIS","86","ATIVIDADES DE ATENÇÃO À SAÚDE HUMANA","869","ATIVIDADES DE ATENÇÃO À SAÚDE HUMANA NÃO ESPECIFICADAS ANTERIORMENTE","86909","ATIVIDADES DE ATENÇÃO À SAÚDE HUMANA NÃO ESPECIFICADAS ANTERIORMENTE","as atividades de acupuntura","","ACUPUNTURA; SERVIÇOS DE || ACUPUNTURISTA; SERVIÇOS DE || AURICULOTERAPIA; SERVIÇOS DE","8610101|8610102|8621601|8621602|8622400|8630501|8630502|8630503|8630504|8630506|8630507|8630599|8640201|8640202|8640203|8640204|8640205|8640206|8640207|8640208|8640209|8640210|8640211|8640212|8640213|8640214|8640299|8650001|8650002|8650003|8650004|8650005|8650006|8650007|8650099|8660700|8690901|8690902|8690904|8690999","OK","","","nao-ratificado"
"8690-9/04","8690904","ATIVIDADES DE PODOLOGIA","Atende","Sim","Não","III|V","III:De 6% até 33%|V:De 15,5% até 30,5%","Sim","Q","SAÚDE HUMANA E SERVIÇOS SOCIAIS","86","ATIVIDADES DE ATENÇÃO À SAÚDE HUMANA","869","ATIVIDADES DE ATENÇÃO À SAÚDE HUMANA NÃO ESPECIFICADAS ANTERIORMENTE","86909","ATIVIDADES DE ATENÇÃO À SAÚDE HUMANA NÃO ESPECIFICADAS ANTERIORMENTE","as atividades de podologia e similares","","PODOLOGIA || PODÓLOGOS; SERVIÇOS DE || TRATAMENTO DOS PÉS (PODOLOGIA); SERVIÇOS DE","8610101|8610102|8621601|8621602|8622400|8630501|8630502|8630503|8630504|8630506|8630507|8630599|8640201|8640202|8640203|8640204|8640205|8640206|8640207|8640208|8640209|8640210|8640211|8640212|8640213|8640214|8640299|8650001|8650002|8650003|8650004|8650005|8650006|8650007|8650099|8660700|8690901|8690902|8690903|8690999","OK","","","nao-ratificado"
"8690-9/99","8690999","OUTRAS ATIVIDADES DE ATENÇÃO À SAÚDE HUMANA NÃO ESPECIFICADAS ANTERIORMENTE","Atende","Sim","Não","III|V","III:De 6% até 33%|V:De 15,5% até 30,5%","Sim","Q","SAÚDE HUMANA E SERVIÇOS SOCIAIS","86","ATIVIDADES DE ATENÇÃO À SAÚDE HUMANA","869","ATIVIDADES DE ATENÇÃO À SAÚDE HUMANA NÃO ESPECIFICADAS ANTERIORMENTE","86909","ATIVIDADES DE ATENÇÃO À SAÚDE HUMANA NÃO ESPECIFICADAS ANTERIORMENTE","as atividades de parteiras e curandeiros || os serviços de apoio à mulher durante o ciclo gravídico-puerperal (doula) || as atividades de outros profissionais de área de saúde, não especificadas anteriormente","","CURANDEIRO; SERVIÇOS DE || DOULA; ATIVIDADES DE || PARTEIRA; SERVIÇOS DE","8610101|8610102|8621601|8621602|8622400|8630501|8630502|8630503|8630504|8630506|8630507|8630599|8640201|8640202|8640203|8640204|8640205|8640206|8640207|8640208|8640209|8640210|8640211|8640212|8640213|8640214|8640299|8650001|8650002|8650003|8650004|8650005|8650006|8650007|8650099|8660700|8690901|8690902|8690903|8690904","OK","","","nao-ratificado"
"8711-5/01","8711501","CLÍNICAS E RESIDÊNCIAS GERIÁTRICAS","Atende","Sim","Não","III|V","III:De 6% até 33%|V:De 15,5% até 30,5%","Sim","Q","SAÚDE HUMANA E SERVIÇOS SOCIAIS","87","ATIVIDADES DE ATENÇÃO À SAÚDE HUMANA INTEGRADAS COM ASSISTÊNCIA SOCIAL, PRESTADAS EM RESIDÊNCIAS COLETIVAS E PARTICULARES","871","ATIVIDADES DE ASSISTÊNCIA A IDOSOS, DEFICIENTES FÍSICOS, IMUNODEPRIMIDOS E CONVALESCENTES, E DE INFRA-ESTRUTURA E APOIO A PACIENTES PRESTADAS EM RESIDÊNCIAS COLETIVAS E PARTICULARES","87115","ATIVIDADES DE ASSISTÊNCIA A IDOSOS, DEFICIENTES FÍSICOS, IMUNODEPRIMIDOS E CONVALESCENTES PRESTADAS EM RESIDÊNCIAS COLETIVAS E PARTICULARES","o fornecimento de serviços em clínicas e residências geriátricas ou domicílios coletivos para idosos que não têm condições de saúde e/ou não desejam viver de forma independente. A infra-estrutura oferecida por estes locais, inclui além do fornecimento de alojamento e alimentação, cuidados médicos e psicológicos, serviços de enfermagem e de acompanhantes","as atividades de consultas médicas prestadas a pacientes externos (8630-5/03) || as atividades das instituições de longa permanência para idosos (8711-5/02) || os condomínios residenciais para idosos e deficientes físicos (8711-5/05) || as atividades dos albergues assistenciais (8730-1/02)","CASA DE REPOUSO PARA IDOSOS || CASA GERIÁTRICA COM INTERNAÇÃO || CENTRO GERIÁTRICO COM INTERNAÇÃO || CENTRO MÉDICO GERIÁTRICO || CLÍNICA GERIÁTRICA COM INTERNAÇÃO || RESIDÊNCIAS GERIÁTRICAS","8711502|8711503|8711504|8711505|8712300|8720401|8720499|8730101|8730102|8730199","OK","","","nao-ratificado"
"8711-5/02","8711502","INSTITUIÇÕES DE LONGA PERMANÊNCIA PARA IDOSOS","Atende","Sim","Não","III","III:De 6% até 33%","Não","Q","SAÚDE HUMANA E SERVIÇOS SOCIAIS","87","ATIVIDADES DE ATENÇÃO À SAÚDE HUMANA INTEGRADAS COM ASSISTÊNCIA SOCIAL, PRESTADAS EM RESIDÊNCIAS COLETIVAS E PARTICULARES","871","ATIVIDADES DE ASSISTÊNCIA A IDOSOS, DEFICIENTES FÍSICOS, IMUNODEPRIMIDOS E CONVALESCENTES, E DE INFRA-ESTRUTURA E APOIO A PACIENTES PRESTADAS EM RESIDÊNCIAS COLETIVAS E PARTICULARES","87115","ATIVIDADES DE ASSISTÊNCIA A IDOSOS, DEFICIENTES FÍSICOS, IMUNODEPRIMIDOS E CONVALESCENTES PRESTADAS EM RESIDÊNCIAS COLETIVAS E PARTICULARES","as atividades de assistência social a idosos sem condições econômicas para se manterem prestadas em estabelecimentos públicos, filantrópicos ou privados (asilos) equipados para atender a necessidades de alojamento, alimentação, higiene e lazer. Estes estabelecimentos podem oferecer cuidados médicos esporádicos","as atividades de consultas médicas prestadas a pacientes externos (8630-5/03) || os condomínios residenciais para idosos e deficientes físicos (8711-5/05) || as atividades dos albergues assistenciais (8730-1/02)","ABRIGO DE IDOSOS || ASILO PARA IDOSOS || CASA PARA VELHICE COM ALOJAMENTO || INSTITUIÇÕES DE LONGA PERMANÊNCIA PARA IDOSOS - ILPI || LAR DE IDOSOS || RESIDÊNCIAS PROTEGIDAS DESTINADAS AO ABRIGO DE IDOSOS","8711501|8711503|8711504|8711505|8712300|8720401|8720499|8730101|8730102|8730199","OK","","","nao-ratificado"
"8712-3/00","8712300","ATIVIDADES DE FORNECIMENTO DE INFRAESTRUTURA DE APOIO E ASSISTÊNCIA A PACIENTE NO DOMICÍLIO","Atende","Sim","Sim","III","III:De 6% até 33%","Não","Q","SAÚDE HUMANA E SERVIÇOS SOCIAIS","87","ATIVIDADES DE ATENÇÃO À SAÚDE HUMANA INTEGRADAS COM ASSISTÊNCIA SOCIAL, PRESTADAS EM RESIDÊNCIAS COLETIVAS E PARTICULARES","871","ATIVIDADES DE ASSISTÊNCIA A IDOSOS, DEFICIENTES FÍSICOS, IMUNODEPRIMIDOS E CONVALESCENTES, E DE INFRA-ESTRUTURA E APOIO A PACIENTES PRESTADAS EM RESIDÊNCIAS COLETIVAS E PARTICULARES","87123","ATIVIDADES DE FORNECIMENTO DE INFRAESTRUTURA DE APOIO E ASSISTÊNCIA A PACIENTE NO DOMICÍLIO","o fornecimento de infra-estrutura ou de equipamentos hospitalares (camas hospitalares, aparelhos de oxigênio, suportes, cadeiras de rodas, etc.) a pacientes em suas casas. Freqüentemente esses equipamentos são acompanhados de pessoas especializadas para operá-los","as atividades de enfermagem prestadas por profissionais independentes (8650-0/01) || as clínicas e residências geriátricas (8711-5/01) || as atividades dos albergues assistenciais (8730-1/02)","ACOMPANHAMENTO DE ENFERMOS OU DOENTES EM DOMICÍLIOS; SERVIÇO DE || FORNECIMENTO DE EQUIPAMENTOS ACOMPANHADOS DE PROFISSIONAIS DA ÁREA DE SAÚDE A PACIENTES NO DOMICÍLIO || FORNECIMENTO DE INFRA-ESTRUTURA DE APOIO E ASSISTÊNCIA À SAÚDE A PACIENTES NO DOMICÍLIO || HOMECARE; SERVIÇOS DE ATENDIMENTO MÉDICO HOSPITALAR NO DOMICÍLIO","8711501|8711502|8711503|8711504|8711505|8720401|8720499|8730101|8730102|8730199","OK","","","nao-ratificado"
"9001-9/01","9001901","PRODUÇÃO TEATRAL","Atende","Sim","Sim","III","III:De 6% até 33%","Não","R","ARTES, CULTURA, ESPORTE E RECREAÇÃO","90","ATIVIDADES ARTÍSTICAS, CRIATIVAS E DE ESPETÁCULOS","900","ATIVIDADES ARTÍSTICAS, CRIATIVAS E DE ESPETÁCULOS","90019","ARTES CÊNICAS, ESPETÁCULOS E ATIVIDADES COMPLEMENTARES","as atividades de produção e promoção de apresentações ao vivo de grupos e companhias de teatro em casas de espetáculos e em teatros || as demais atividades das companhias de teatro || as atividades de atores independentes","as atividades de agenciamento de profissionais para atividades culturais e artísticas (7490-1/05) || as atividades de agenciamento de elenco, inclusive para o teatro (7810-8/00) || as atividades de reserva e de venda de ingressos para teatro (7990-2/00) || as atividades de gestão de salas de teatro (9003-5/00)","ARTES CÊNICAS TEATRAIS INDEPENDENTES; ATIVIDADES DE || ATOR INDEPENDENTE; ATIVIDADE DE || COMPANHIA DE TEATRO || COMPANHIA TEATRAL; ATIVIDADE DE || EVENTO CULTURAL TEATRAL || GRUPO, CONJUNTO TEATRAL; ATIVIDADE DE || ORGANIZAÇÃO, PROMOÇÃO DE EVENTOS DE TEATRO; ATIVIDADE DE || PRODUÇÃO TEATRAL; ATIVIDADE DE || SERVIÇOS DE FIGURAÇÃO","9001902|9001903|9001904|9001905|9001906|9001999|9002701|9002702|9003500","OK","","","nao-ratificado"
"9001-9/02","9001902","PRODUÇÃO MUSICAL","Atende","Sim","Sim","III","III:De 6% até 33%","Não","R","ARTES, CULTURA, ESPORTE E RECREAÇÃO","90","ATIVIDADES ARTÍSTICAS, CRIATIVAS E DE ESPETÁCULOS","900","ATIVIDADES ARTÍSTICAS, CRIATIVAS E DE ESPETÁCULOS","90019","ARTES CÊNICAS, ESPETÁCULOS E ATIVIDADES COMPLEMENTARES","as atividades de produção e promoção de bandas, grupos musicais, orquestras e outras companhias musicais || as atividades de concertos e óperas || as atividades de músicos independentes","as atividades de reserva e de venda de ingressos para as atividades musicais (7990-2/00) || as atividades de gestão de espaços para produção musical (9003-5/00)","ARRANJO MUSICAL; PRODUÇÃO DE || ARTES CÊNICAS MUSICAIS INDEPENDENTES; ATIVIDADES DE || BANDA MUSICAL; ATIVIDADE DE || COMPANHIAS MUSICAIS; ATIVIDADE DE || COMPOSIÇÃO DE PARTITURAS; ATIVIDADE DE || CONCERTOS E ÓPERAS; ATIVIDADES DE || CONJUNTO MUSICAL; ATIVIDADE DE || CORAL; ATIVIDADES DE || EVENTO CULTURAL MUSICAL || EVENTOS MUSICAIS; ORGANIZAÇÃO DE, PROMOÇÃO DE || GRUPO MUSICAL; ATIVIDADE DE || MÚSICO; ATIVIDADE DE || ORQUESTRA MUSICAL; ATIVIDADE DE || ORQUESTRA; ATIVIDADE DE || PRODUÇÃO MUSICAL; ATIVIDADE DE || TRIO ELÉTRICO; ATIVIDADE DE","9001901|9001903|9001904|9001905|9001906|9001999|9002701|9002702|9003500","OK","","","nao-ratificado"
"9001-9/03","9001903","PRODUÇÃO DE ESPETÁCULOS DE DANÇA","Atende","Sim","Não","III","III:De 6% até 33%","Não","R","ARTES, CULTURA, ESPORTE E RECREAÇÃO","90","ATIVIDADES ARTÍSTICAS, CRIATIVAS E DE ESPETÁCULOS","900","ATIVIDADES ARTÍSTICAS, CRIATIVAS E DE ESPETÁCULOS","90019","ARTES CÊNICAS, ESPETÁCULOS E ATIVIDADES COMPLEMENTARES","a produção e promoção de espetáculos das companhias e grupos de dança || as atividades de profissionais da dança independentes","as atividades de reserva e de venda de ingressos para espetáculos de dança (7990-2/00) || as atividades de gestão de espaços para produção de espetáculos de dança (9003-5/00)","ARTES CÊNICAS DE DANÇA INDEPENDENTES; ATIVIDADES DE || CONJUNTO DE DANÇA FOLCLÓRICA; ATIVIDADE DE || CONJUNTO DE FOLCLORE; ATIVIDADE DE || ESPETÁCULO DE DANÇA; ATIVIDADE DE || ESPETÁCULOS DE DANÇA; PRODUÇÃO, CRIAÇÃO, PROMOÇÃO || EVENTO CULTURAL DE DANÇA || EVENTOS DE DANÇA; ORGANIZAÇÃO DE, PROMOÇÃO DE || GRUPO DE DANÇA FOLCLÓRICA; ATIVIDADE DE || GRUPO DE DANÇA; ATIVIDADE DE || PROFISSIONAIS DE DANÇA INDEPENDENTES; ATIVIDADES DE","9001901|9001902|9001904|9001905|9001906|9001999|9002701|9002702|9003500","OK","","","nao-ratificado"
"9001-9/04","9001904","PRODUÇÃO DE ESPETÁCULOS CIRCENSES, DE MARIONETES E SIMILARES","Atende","Sim","Não","III","III:De 6% até 33%","Não","R","ARTES, CULTURA, ESPORTE E RECREAÇÃO","90","ATIVIDADES ARTÍSTICAS, CRIATIVAS E DE ESPETÁCULOS","900","ATIVIDADES ARTÍSTICAS, CRIATIVAS E DE ESPETÁCULOS","90019","ARTES CÊNICAS, ESPETÁCULOS E ATIVIDADES COMPLEMENTARES","a produção e promoção de espetáculos circenses, de marionetes e similares","","CIRCENSE; PRODUÇÃO DE ESPETÁCULO || CIRCO; ATIVIDADE DE || ESPETÁCULO CIRCENSE || EVENTO CULTURAL DE CIRCO, FANTOCHE, MARIONETE || EVENTOS DE CIRCO, FANTOCHE, MARIONETE; ORGANIZAÇÃO DE, PROMOÇÃO DE || FANTOCHES; PRODUÇÃO DE ESPETÁCULO || MARIONETE; ESPETÁCULO DE || MARIONETES; PRODUÇÃO DE ESPETÁCULO","9001901|9001902|9001903|9001905|9001906|9001999|9002701|9002702|9003500","OK","","","nao-ratificado"
"9001-9/05","9001905","PRODUÇÃO DE ESPETÁCULOS DE RODEIOS, VAQUEJADAS E SIMILARES","Atende","Sim","Não","III","III:De 6% até 33%","Não","R","ARTES, CULTURA, ESPORTE E RECREAÇÃO","90","ATIVIDADES ARTÍSTICAS, CRIATIVAS E DE ESPETÁCULOS","900","ATIVIDADES ARTÍSTICAS, CRIATIVAS E DE ESPETÁCULOS","90019","ARTES CÊNICAS, ESPETÁCULOS E ATIVIDADES COMPLEMENTARES","a produção e promoção de espetáculos de rodeios, vaquejadas e similares","","RODEIO; PRODUÇÃO DE ESPETÁCULO DE || VAQUEJADA; PRODUÇÃO DE ESPETÁCULO DE","9001901|9001902|9001903|9001904|9001906|9001999|9002701|9002702|9003500","OK","","","nao-ratificado"
"9001-9/06","9001906","ATIVIDADES DE SONORIZAÇÃO E DE ILUMINAÇÃO","Atende","Sim","Sim","III","III:De 6% até 33%","Não","R","ARTES, CULTURA, ESPORTE E RECREAÇÃO","90","ATIVIDADES ARTÍSTICAS, CRIATIVAS E DE ESPETÁCULOS","900","ATIVIDADES ARTÍSTICAS, CRIATIVAS E DE ESPETÁCULOS","90019","ARTES CÊNICAS, ESPETÁCULOS E ATIVIDADES COMPLEMENTARES","as atividades de sonorização e iluminação de salas de teatro, de música e de outros espaços dedicados a atividades artísticas e culturais","","EQUIPAMENTO DE SOM COM OPERADOR; ATIVIDADE DE || FORNECIMENTO DE SOM PARA CASAS DE ESPETÁCULOS; SERVIÇOS DE || ILUMINAÇÃO CÊNICA; SERVIÇOS DE || ILUMINAÇÃO LIGADA ÀS ATIVIDADES ARTÍSTICAS, CÊNICAS; SERVIÇOS DE || SONORIZAÇÃO DE ESPAÇOS PARA ARTES CÊNICAS || TELÃO COM OPERADOR; ATIVIDADE DE FORNECIMENTO DE","9001901|9001902|9001903|9001904|9001905|9001999|9002701|9002702|9003500","OK","","","nao-ratificado"
"9001-9/99","9001999","ARTES CÊNICAS, ESPETÁCULOS E ATIVIDADES COMPLEMENTARES NÃO ESPECIFICADAS ANTERIORMENTE","Atende","Sim","Não","III","III:De 6% até 33%","Não","R","ARTES, CULTURA, ESPORTE E RECREAÇÃO","90","ATIVIDADES ARTÍSTICAS, CRIATIVAS E DE ESPETÁCULOS","900","ATIVIDADES ARTÍSTICAS, CRIATIVAS E DE ESPETÁCULOS","90019","ARTES CÊNICAS, ESPETÁCULOS E ATIVIDADES COMPLEMENTARES","a produção de espetáculos de som e luz || a produção de shows pirotécnicos || as atividades de diretores, produtores e empresários de eventos artísticos ao vivo || as atividades de apresentadores de programa de televisão e de rádio || as atividades de cenografia || as atividades de elaboração de roteiros de teatro, cinema, etc. || a produção e promoção de espetáculos artísticos e de eventos culturais não especificados anteriormente","a produção de filmes em estúdios cinematográficos (5911-1/01) || as atividades de animação e efeitos especiais em filmes (5912-0/99) || as atividades de exibição cinematográfica (5914-6/00) || as atividades de agenciamento de profissionais para atividades culturais e artísticas (7490-1/05) || as atividades de agenciamento de elenco, inclusive para o teatro (7810-8/00) || as atividades de reserva e de venda de ingressos para espetáculos teatrais, musicais, de dança e demais atividades cênicas e de espetáculos (7990-2/00) || as atividades de atores independentes (9001-9/01) || as atividades de músicos independentes (9001-9/02) || as atividades de profissionais da dança independentes (9001-9/03) || as atividades de sonorização e iluminação de salas de teatro, de música e de outros espaços dedicados a atividades artísticas e culturais (9001-9/06)","PREPARAÇÃO DE ELENCO PARA ATIVIDADES ARTÍSTICAS; SERVIÇOS DE || APRESENTADORES DE PROGRAMAS DE TELEVISÃO E RÁDIO; ATIVIDADES DE || CENOGRAFIA LIGADA ÀS ATIVIDADES ARTÍSTICAS; SERVIÇOS DE || DIRETORES, PRODUTORES E EMPRESÁRIOS DE EVENTOS ARTÍSTICOS AO VIVO; ATIVIDADES DE || EFEITOS ESPECIAIS LIGADOS ÀS ATIVIDADES ARTÍSTICAS; SERVIÇOS DE || ELABORAÇÃO DE ROTEIROS; ATIVIDADES DE || ESPETÁCULO DE FOGOS DE ARTIFÍCIO || ESPETÁCULO DE SOM E LUZ || ESPETÁCULO PIROTÉCNICO || FIGURINOS ESTILIZADOS; SERVIÇOS DE CRIAÇÃO DE || MONTAGEM DE CENÁRIOS; SERVIÇOS DE || OPERAÇÃO DE CÂMERA; SERVIÇOS DE || ROTEIRISTA; ATIVIDADES DE || SERVIÇOS AUXILIARES ÀS ATIVIDADES ARTÍSTICAS","9001901|9001902|9001903|9001904|9001905|9001906|9002701|9002702|9003500","OK","","","nao-ratificado"
"9002-7/01","9002701","ATIVIDADES DE ARTISTAS PLÁSTICOS, JORNALISTAS INDEPENDENTES E ESCRITORES","Atende","Sim","Não","III|V","III:De 6% até 33%|V:De 15,5% até 30,5%","Sim","R","ARTES, CULTURA, ESPORTE E RECREAÇÃO","90","ATIVIDADES ARTÍSTICAS, CRIATIVAS E DE ESPETÁCULOS","900","ATIVIDADES ARTÍSTICAS, CRIATIVAS E DE ESPETÁCULOS","90027","CRIAÇÃO ARTÍSTICA","as atividades de artistas plásticos, escultores, pintores || as atividades de criadores de desenho animado, gravadores, etc. || as atividades de escritores de todos os tipos de assuntos, inclusive técnicos || as atividades de jornalistas independentes","","ARTISTAS PLÁSTICOS; ATIVIDADES DE || ATIVIDADES LITERÁRIAS || CALIGRAFISTA; ATIVIDADES DE || CARTUNISTA; SERVIÇOS DE || CRIADOR DE DESENHO ANIMADO; ATIVIDADE DE || CRIAÇÃO ARTISTICA; ATIVIDADES DE || CRIAÇÃO DE FOTOGRAVURAS; ATIVIDADE DE || DESENHISTAS E COLORISTAS; ATIVIDADES DE || DIREITOS AUTORAIS DE OBRAS DE ARTE; GESTÃO DE || ESCRITOR; ATIVIDADE DE || ESCULTOR; ATIVIDADE DE || ILUSTRADOR DE LIVROS; SERVIÇOS DE || JORNALISTA INDEPENDENTE; ATIVIDADE DE || PINTOR ARTÍSTICO; ATIVIDADE DE || PINTURA DE ARTESANATO; SERVIÇOS DE","9001901|9001902|9001903|9001904|9001905|9001906|9001999|9002702|9003500","OK","","","nao-ratificado"
"9002-7/02","9002702","RESTAURAÇÃO DE OBRAS DE ARTE","Atende","Sim","Sim","III","III:De 6% até 33%","Não","R","ARTES, CULTURA, ESPORTE E RECREAÇÃO","90","ATIVIDADES ARTÍSTICAS, CRIATIVAS E DE ESPETÁCULOS","900","ATIVIDADES ARTÍSTICAS, CRIATIVAS E DE ESPETÁCULOS","90027","CRIAÇÃO ARTÍSTICA","as atividades de restauração de obras de arte, como quadros, esculturas, etc.","a restauração de órgãos e outros instrumentos musicais históricos (3319-8/00) || as obras de reforma de prédios históricos (4120-4/00) || a restauração de móveis (9529-1/05)","OBJETOS DE ARTE; RESTAURAÇÃO DE || RESTAURAÇÃO DE ESCULTURAS; SERVIÇOS DE || RESTAURAÇÃO DE OBRAS DE ARTE; SERVIÇOS DE || RESTAURAÇÃO DE OBRAS E IMAGENS SACRAS || RESTAURAÇÃO DE QUADROS; SERVIÇOS DE","9001901|9001902|9001903|9001904|9001905|9001906|9001999|9002701|9003500","OK","","","nao-ratificado"
"9003-5/00","9003500","GESTÃO DE ESPAÇOS PARA ARTES CÊNICAS, ESPETÁCULOS E OUTRAS ATIVIDADES ARTÍSTICAS","Atende","Sim","Não","III","III:De 6% até 33%","Não","R","ARTES, CULTURA, ESPORTE E RECREAÇÃO","90","ATIVIDADES ARTÍSTICAS, CRIATIVAS E DE ESPETÁCULOS","900","ATIVIDADES ARTÍSTICAS, CRIATIVAS E DE ESPETÁCULOS","90035","GESTÃO DE ESPAÇOS PARA ARTES CÊNICAS, ESPETÁCULOS E OUTRAS ATIVIDADES ARTÍSTICAS","a gestão de salas de teatro, de música e de outras atividades artísticas e culturais || a exploração de casas de espetáculos || a gestão de casas de cultura","as atividades de exibição cinematográfica (5914-6/00) || as atividades de produção teatral e apresentações em casas de espetáculos e em teatros (9001-9/01) || as atividades de exploração de salões de dança, de bailes, discotecas, cabarés, danceterias e atividades similares || (9329-8/01)","CASA DE CULTURA || CASA DE ESPETÁCULOS || CASA DE SHOWS || EXPLORAÇÃO DE CAFÉS-TEATRO || EXPLORAÇÃO DE SALAS DE ESPETÁCULOS || GESTÃO DE SALAS DE ESPETÁCULOS || GESTÃO DE SALAS DE MÚSICA || GESTÃO DE SALAS DE TEATRO || GESTÃO DE SALAS DEDICADAS A ATIVIDADES ARTÍSTICAS || SALA DE ESPETÁCULOS || SALA DE SHOWS; ATIVIDADE DE GESTÃO DE || TEATRO; GESTÃO DE SALA DE","9001901|9001902|9001903|9001904|9001905|9001906|9001999|9002701|9002702","OK","","","nao-ratificado"
"9101-5/00","9101500","ATIVIDADES DE BIBLIOTECAS E ARQUIVOS","Atende","Sim","Não","III","III:De 6% até 33%","Não","R","ARTES, CULTURA, ESPORTE E RECREAÇÃO","91","ATIVIDADES LIGADAS AO PATRIMÔNIO CULTURAL E AMBIENTAL","910","ATIVIDADES LIGADAS AO PATRIMÔNIO CULTURAL E AMBIENTAL","91015","ATIVIDADES DE BIBLIOTECAS E ARQUIVOS","as atividades de documentação e informação de bibliotecas de todos os tipos, salas de leitura, áudio e projeção, destinadas a servir o público em geral || as atividades de catalogação de coleções || o empréstimo e armazenamento de livros, mapas, periódicos, revistas, fitas de vídeo, DVDs, obras de arte, etc. || as atividades de recuperação de informação || as bibliotecas e os serviços de armazenamento de fotos e filmes || a gestão de bibliotecas e de arquivos públicos","o aluguel de fitas de vídeo, DVDs, CDs e similares (7722-5/00)","ARQUIVO; ATIVIDADE DE || BIBLIOTECA || CATALOGAÇÃO DE COLEÇÕES; ATIVIDADES DE || DOCUMENTAÇÃO E PESQUISA BIBLIOGRÁFICA; ATIVIDADE DE || EMPRÉSTIMO E ARMAZENAMENTO DE LIVROS, MAPAS, PERIÓDICOS, REVISTAS, FITAS DE VÍDEO, DVDS, OBRAS DE ARTE, ETC; ATIVIDADES DE || GESTÃO DE ARQUIVOS PÚBLICOS || GESTÃO DE BIBLIOTECAS PÚBLICAS || RECUPERAÇÃO DE INFORMAÇÃO (BUSCA EM COLEÇÕES DE BIBLIOTECAS OU ARQUIVOS); ATIVIDADES DE || SALAS DE LEITURA","9102301|9102302|9103100","OK","","","nao-ratificado"
"9102-3/01","9102301","ATIVIDADES DE MUSEUS E DE EXPLORAÇÃO DE LUGARES E PRÉDIOS HISTÓRICOS E ATRAÇÕES SIMILARES","Atende","Sim","Não","III","III:De 6% até 33%","Não","R","ARTES, CULTURA, ESPORTE E RECREAÇÃO","91","ATIVIDADES LIGADAS AO PATRIMÔNIO CULTURAL E AMBIENTAL","910","ATIVIDADES LIGADAS AO PATRIMÔNIO CULTURAL E AMBIENTAL","91023","ATIVIDADES DE MUSEUS E DE EXPLORAÇÃO, RESTAURAÇÃO ARTÍSTICA E CONSERVAÇÃO DE LUGARES E PRÉDIOS HISTÓRICOS E ATRAÇÕES SIMILARES","a gestão de museus de todo tipo: || #- os museus de arte, de jóias, de móveis, de costumes, cerâmicas, objetos de prata || #- os museus de história natural, de ciência e tecnologia, inclusive os museus militares e outros museus especializados || #- os museus ao ar livre || a operação de lugares e prédios históricos e atrações similares","as atividades de bibliotecas e arquivos (9101-5/00)","CASA HISTÓRICA; ATIVIDADE DE || EXPLORAÇÃO DE LUGARES E PRÉDIOS HISTÓRICOS || GESTÃO DE MUSEUS || MUSEU || MUSEU DE ARTE; ATIVIDADE DE || MUSEU DE CIÊNCIA E TECNOLOGIA; ATIVIDADE DE || MUSEU DE HISTÓRIA; ATIVIDADE DE || MUSEU MILITAR; ATIVIDADE DE || PINACOTECA; ATIVIDADES DE || PLANETÁRIO; ATIVIDADES DE","9101500|9102302|9103100","OK","","","nao-ratificado"
"9102-3/02","9102302","RESTAURAÇÃO E CONSERVAÇÃO DE LUGARES E PRÉDIOS HISTÓRICOS","Atende","Sim","Não","III","III:De 6% até 33%","Não","R","ARTES, CULTURA, ESPORTE E RECREAÇÃO","91","ATIVIDADES LIGADAS AO PATRIMÔNIO CULTURAL E AMBIENTAL","910","ATIVIDADES LIGADAS AO PATRIMÔNIO CULTURAL E AMBIENTAL","91023","ATIVIDADES DE MUSEUS E DE EXPLORAÇÃO, RESTAURAÇÃO ARTÍSTICA E CONSERVAÇÃO DE LUGARES E PRÉDIOS HISTÓRICOS E ATRAÇÕES SIMILARES","a restauração e a conservação de lugares e prédios históricos e atrações similares","as obras de reforma de prédios históricos (4120-4/00) || a restauração de obras de arte (9002-7/02) || a restauração de móveis (9529-1/05)","CONSERVAÇÃO DE LUGARES E EDIFÍCIOS HISTÓRICOS; ATIVIDADE DE || CONSERVAÇÃO DO PATRIMÔNIO HISTÓRICO; ATIVIDADE DE || RESTAURAÇÃO ARTÍSTICA DE PRÉDIOS HISTÓRICOS; ATIVIDADES DE","9101500|9102301|9103100","OK","","","nao-ratificado"
"9311-5/00","9311500","GESTÃO DE INSTALAÇÕES DE ESPORTES","Atende","Sim","Não","III","III:De 6% até 33%","Não","R","ARTES, CULTURA, ESPORTE E RECREAÇÃO","93","ATIVIDADES ESPORTIVAS E DE RECREAÇÃO E LAZER","931","ATIVIDADES ESPORTIVAS","93115","GESTÃO DE INSTALAÇÕES DE ESPORTES","a gestão de instalações esportivas para a organização de eventos esportivos e prática de esportes, em espaços cobertos ou ao ar livre, com ou sem assentos para espectadores, tais como: || #- estádios de futebol || #- pistas e circuitos para corridas automobilísticas || #- hipódromos e centros de equitação || #- arenas de rodeio || #- estádios de atletismo || #- piscinas || #- ginásios e quadras de basquete || #- ginásios e quadras de voleibol || #- quadras de tênis || #- ginásios para boxe || #- pistas de patinação || #- ginásios, quadras e outros tipos de instalações para a prática de outros esportes || a organização e a operação de eventos esportivos para profissionais ou amadores realizadas por organizações que utilizam suas próprias instalações || o fornecimento e administração de pessoal que opera instalações para a prática de esportes","o aluguel de equipamentos recreativos e esportivos (7721-7/00) || o ensino de esportes (8591-1/00) || as instalações dedicadas às atividades de condicionamento físico (9313-1/00)","ARENAS DE RODEIO; GESTÃO DE || AUTÓDROMOS; GESTÃO DE || CAMPO OU QUADRA DE FUTEBOL; LOCAÇÃO DE || CAMPOS DE GOLFE; GESTÃO DE || CENTRO DE EQUITAÇÃO; EXPLORAÇÃO DE || ESTÁDIO DE ESPORTES || ESTÁDIO DE FUTEBOL || ESTÁDIOS DE ATLETISMO; GESTÃO DE || ESTÁDIOS; GESTÃO DE || GESTÃO DE ESTÁDIO || GESTÃO DE GINÁSIO DE ESPORTES || GESTÃO DE INSTALAÇÕES ESPORTIVAS || GINÁSIO DE ESPORTES || GINÁSIO DE ESPORTES; GESTÃO DE || HIPÓDROMO; GESTÃO DE || PISCINAS ESPORTIVAS; GESTÃO DE || PISTA DE GELO PARA PATINAÇÃO; EXPLORAÇÃO DE || PISTA DE PATINAÇÃO; EXPLORAÇÃO DE || QUADRAS DE BASQUETE; GESTÃO DE || QUADRAS DE BOXE; GESTÃO DE || QUADRAS DE SQUASH; GESTÃO DE || QUADRAS DE TÊNIS; GESTÃO DE || QUADRAS DE VOLEIBOL; GESTÃO DE || QUADRAS ESPORTIVAS; GESTÃO DE || QUADRAS POLIESPORTIVAS; GESTÃO DE","9312300|9313100|9319101|9319199|9321200|9329801|9329802|9329803|9329804|9329899","OK","","","nao-ratificado"
"9313-1/00","9313100","ATIVIDADES DE CONDICIONAMENTO FÍSICO","Atende","Sim","Não","III|V","III:De 6% até 33%|V:De 15,5% até 30,5%","Sim","R","ARTES, CULTURA, ESPORTE E RECREAÇÃO","93","ATIVIDADES ESPORTIVAS E DE RECREAÇÃO E LAZER","931","ATIVIDADES ESPORTIVAS","93131","ATIVIDADES DE CONDICIONAMENTO FÍSICO","as atividades de condicionamento físico (fitness), tais como: ginástica, musculação, yoga, pilates, alongamento corporal, anti-ginática, etc., realizadas em academias, centros de saúde física e outros locais especializados || as atividades de hidroginástica || as atividades de instrutores de educação física, inclusive individuais (personnal trainers)","as atividades de fisioterapia (8650-0/04) || os serviços de hidroterapia (8650-0/04)","ACADEMIA DE GINÁSTICA; ATIVIDADE DE || ACADEMIA DE MUSCULAÇÃO E AERÓBICA || AERÓBICA; ATIVIDADE DE || ALONGAMENTO CORPORAL || ANTI-GINÁSTICA || CONDICIONAMENTO FÍSICO; ATIVIDADES DE || CROSSFIT; ATIVIDADES DE || EDUCAÇÃO FÍSICA; ATIVIDADES DE INSTRUTORES DE || FITNESS || GINÁSTICA E MUSCULAÇÃO; ACADEMIA DE || GINÁSTICA LABORAL SERVIÇOS DE || HIDROGINÁSTICA; ATIVIDADE DE || IOGA || MUSCULAÇÃO; ATIVIDADES DE || PERSONAL TRAINERS; SERVIÇOS DE || PILATES || TREINAMENTO FUNCIONAL; ATIVIDADES DE || YOGA","9311500|9312300|9319101|9319199|9321200|9329801|9329802|9329803|9329804|9329899","OK","","","nao-ratificado"
"9319-1/01","9319101","PRODUÇÃO E PROMOÇÃO DE EVENTOS ESPORTIVOS","Atende","Sim","Não","III","III:De 6% até 33%","Não","R","ARTES, CULTURA, ESPORTE E RECREAÇÃO","93","ATIVIDADES ESPORTIVAS E DE RECREAÇÃO E LAZER","931","ATIVIDADES ESPORTIVAS","93191","ATIVIDADES ESPORTIVAS NÃO ESPECIFICADAS ANTERIORMENTE","as atividades de produtores ou promotores de eventos e competições esportivas com ou sem infra-estrutura, tais como: || #- as atividades ligadas à organização de campeonatos de futebol, basquete, voleibol, tênis,atletismo, etc. || #- as atividades ligadas à organização de eventos e competições de esportes motorizados, como corrida de automóveis, karts, motos, etc. || #- as atividades ligadas à organização de eventos e competições hípicas e kennels clubes || as atividades de regulação esportiva || as atividades de ligas esportivas || as atividades ligadas à organização de eventos e competições de esportes motorizados como automóveis, karts, motos, etc.","as atividades de ensino de esportes em escolas esportivas ou por professores independentes (8591-1/00)","ASSOCIAÇÃO ESPORTIVA || FEDERAÇÃO DE ESPORTE || FEDERAÇÃO ESPORTIVA || KENNELS CLUBES || ORGANIZAÇÃO DE COMPETIÇÕES HÍPICAS; ATIVIDADES DE || ORGANIZAÇÃO DE CORRIDA DE AUTOMÓVEIS; ATIVIDADE DE || ORGANIZAÇÃO DE CORRIDA DE KARTS; ATIVIDADE DE || ORGANIZAÇÃO DE CORRIDA DE MOTOS; ATIVIDADE DE || ORGANIZAÇÃO, PRODUÇÃO E PROMOÇÃO DE EVENTOS ESPORTIVOS; SERVIÇOS DE || REGULAÇÃO ESPORTIVA; ATIVIDADES DE","9311500|9312300|9313100|9319199|9321200|9329801|9329802|9329803|9329804|9329899","OK","","","nao-ratificado"
"9319-1/99","9319199","OUTRAS ATIVIDADES ESPORTIVAS NÃO ESPECIFICADAS ANTERIORMENTE","Atende","Sim","Não","III|V","III:De 6% até 33%|V:De 15,5% até 30,5%","Sim","R","ARTES, CULTURA, ESPORTE E RECREAÇÃO","93","ATIVIDADES ESPORTIVAS E DE RECREAÇÃO E LAZER","931","ATIVIDADES ESPORTIVAS","93191","ATIVIDADES ESPORTIVAS NÃO ESPECIFICADAS ANTERIORMENTE","as atividades de profissionais que atuam por conta própria em atividades esportivas, tais como atletas, árbitros, treinadores, juízes, etc. || a atividade de pesca esportiva e de lazer || as atividades de apoio à pesca e caça esportivas || a operação de estábulos de hipódromos","o aluguel de material esportivo (7721-7/00) || as atividades ligadas à organização de eventos e competições de esportes motorizados, como automóveis, karts, motos, etc. (9319-1/01) || o aluguel de pedalinhos (9329-8/99)","ALPINISMO; ATIVIDADE DE || ALPINISMO; CLUBE DE || ATLETAS ESPORTIVOS POR CONTA PRÓPRIA; ATIVIDADES DE || BAIAS, PICADEIROS E SEMOVENTES; ALUGUEL DE || CAÇA ESPORTIVA; EXPLORAÇÃO DE || CRONOMETRAGEM PARA COMPETIÇÕES ESPORTIVAS; SERVIÇOS DE || JOGADORES DE FUTEBOL, VÔLEI, BASQUETE; ATIVIDADES DE || OPERAÇÃO DE ESTÁBULOS DE HIPÓDROMOS || PESCA ESPORTIVA E DE LAZER; ATIVIDADE DE || PESQUE PAGUE, PESCA DE LAZER; ATIVIDADE DE || TREINADORES ESPORTIVOS POR CONTA PRÓPRIA; ATIVIDADES DE || ÁRBITROS E JUÍZES ESPORTIVOS POR CONTA PRÓPRIA; ATIVIDADES DE","9311500|9312300|9313100|9319101|9321200|9329801|9329802|9329803|9329804|9329899","OK","","","nao-ratificado"
"9329-8/02","9329802","EXPLORAÇÃO DE BOLICHES","Atende","Sim","Não","III","III:De 6% até 33%","Não","R","ARTES, CULTURA, ESPORTE E RECREAÇÃO","93","ATIVIDADES ESPORTIVAS E DE RECREAÇÃO E LAZER","932","ATIVIDADES DE RECREAÇÃO E LAZER","93298","ATIVIDADES DE RECREAÇÃO E LAZER NÃO ESPECIFICADAS ANTERIORMENTE","as atividades de exploração dos estabelecimentos de boliche","","BOLICHE; EXPLORAÇÃO DE","9311500|9312300|9313100|9319101|9319199|9321200|9329801|9329803|9329804|9329899","OK","","","nao-ratificado"
"9329-8/03","9329803","EXPLORAÇÃO DE JOGOS DE SINUCA, BILHAR E SIMILARES","Atende","Sim","Sim","III","III:De 6% até 33%","Não","R","ARTES, CULTURA, ESPORTE E RECREAÇÃO","93","ATIVIDADES ESPORTIVAS E DE RECREAÇÃO E LAZER","932","ATIVIDADES DE RECREAÇÃO E LAZER","93298","ATIVIDADES DE RECREAÇÃO E LAZER NÃO ESPECIFICADAS ANTERIORMENTE","as atividades de exploração de estabelecimentos de jogos de sinuca, bilhar e similares","","BILHAR; SALÃO DE, EXPLORAÇÃO DE || SINUCA; SALÃO DE, EXPLORAÇÃO DE","9311500|9312300|9313100|9319101|9319199|9321200|9329801|9329802|9329804|9329899","OK","","","nao-ratificado"
"9329-8/04","9329804","EXPLORAÇÃO DE JOGOS ELETRÔNICOS RECREATIVOS","Atende","Sim","Sim","III","III:De 6% até 33%","Não","R","ARTES, CULTURA, ESPORTE E RECREAÇÃO","93","ATIVIDADES ESPORTIVAS E DE RECREAÇÃO E LAZER","932","ATIVIDADES DE RECREAÇÃO E LAZER","93298","ATIVIDADES DE RECREAÇÃO E LAZER NÃO ESPECIFICADAS ANTERIORMENTE","a exploração de estabelecimentos de jogos eletrônicos recreativos","as salas de acesso à internet (8299-7/07) || as atividades de exploração de casas de bingo (9200-3/01)","ACESSO À INTERNET PARA JOGOS EM REDE || CYBER CAFÉ COM PREDOMINANCIA DE EXPLORAÇÃO DE JOGOS ELETRÔNICOS E ACESSO À INTERNET || EXPLORAÇÃO DE JOGOS NO COMPUTADOR; SERVIÇOS DE || JOGO DE FLIPERAMA; EXPLORAÇÃO DE || JOGOS ELETRÔNICOS; EXPLORAÇÃO DE || LAN HOUSE COM ACESSO À INTERNET PREDOMINANTEMENTE PARA JOGOS EM REDE","9311500|9312300|9313100|9319101|9319199|9321200|9329801|9329802|9329803|9329899","OK","","","nao-ratificado"
"9329-8/99","9329899","OUTRAS ATIVIDADES DE RECREAÇÃO E LAZER NÃO ESPECIFICADAS ANTERIORMENTE","Atende","Sim","Sim","III","III:De 6% até 33%","Não","R","ARTES, CULTURA, ESPORTE E RECREAÇÃO","93","ATIVIDADES ESPORTIVAS E DE RECREAÇÃO E LAZER","932","ATIVIDADES DE RECREAÇÃO E LAZER","93298","ATIVIDADES DE RECREAÇÃO E LAZER NÃO ESPECIFICADAS ANTERIORMENTE","as atividades de operação da infra-estrutura de transportes recreacionais, como as marinas, garagens, estacionamentos para a guarda de embarcações, atracadores, etc. || a organização de feiras e shows de natureza recreacional || a exploração de pedalinhos || a exploração de karts || a exploração de trenzinhos recreacionais || outras atividades relacionadas ao lazer não especificadas anteriormente || o transporte para fins turísticos em veículos de tração animal","o transporte em trens turísticos, teleféricos e similares para exploração de pontos turísticos (4950-7/00) || os cruzeiros para pesca (divisão 50) || as atividades de campings (acampamentos) (5590-6/02) || as atividades de agenciamento de profissionais para atividades esportivas, culturais e artísticas (7490-1/05) || os serviços de organização de feiras, congressos, exposições e festas (8230-0/01) || as casas de festas e eventos (8230-0/02) || as artes cênicas e espetáculos (90.01-9/01, 90.01-9/02, 90.01-9-1/03, 90.01-9/04, 90.01-9/05, 90.01-9/06 e 90.01-9/99) || as atividades de museus e de exploração de lugares e prédios históricos e atrações similares (9102-3/01) || as atividades de exploração de jogos de azar e apostas (92.00-3/01, 92.00-3/02 e 92.00-3/99) || as atividades dos clubes sociais e esportivos (9312-3/00)","ANIMAÇÃO E RECREAÇÃO EM FESTAS E EVENTOS; ATIVIDADES DE || AQUÁRIO PARA VISITAÇÃO || BALONISMO PARA FINS DE RECREAÇÃO; ATIVIDADES DE || BARCOS PARA LAZER; LOCAÇÃO DE || BARCOS RECREATIVOS; LOCAÇÃO DE || CARRINHOS ELÉTRICOS EM CAMPO DE GOLFE; LOCAÇÃO DE || CHARRETES PARA PASSEIO; LOCAÇÃO DE || COLÔNIA DE FÉRIAS || EMBARCAÇÕES PARA FINS RECREATIVOS; LOCAÇÃO DE || EMBARCAÇÕES PARA LAZER; LOCAÇÃO DE || ENTRETENIMENTO INFANTIL; PRESTAÇÃO DE SERVIÇOS DE || ESCUNAS PARA FINS RECREATIVOS; LOCAÇÃO DE || ESCUNAS PARA LAZER; LOCAÇÃO DE || ESTACIONAMENTO DE BARCOS (MARINA) PARA RECREAÇÃO OU LAZER; ATIVIDADES DE || ESTADIA DE BARCOS; SERVIÇOS DE || ESTADIA PARA EMBARCAÇÕES DE ESPORTE E LAZER; SERVIÇOS DE || GARAGEM DE BARCOS; LANCHAS || GARAGEM NÁUTICA; GUARDA DE BARCOS DE LAZER || GUARDA DE BARCOS (MARINA) PARA RECREAÇÃO OU LAZER; ATIVIDADES DE || GUARDA DE EMBARCAÇÕES; SERVIÇOS DE || JOGO DE SNOOKER; EXPLORAÇÃO DE || KARTS; EXPLORAÇÃO DE || MARINA; GUARDA DE BARCOS, IATES, JET SKI || MINI BUGGY; LOCAÇÃO DE, ALUGUEL DE || NAÚTICA E LAZER; LOCAÇÃO DE, ALUGUEL DE || PAINT BALL; ATIVIDADES DE RECREAÇÃO COM || PEBOLIM, FUTEBOL DE MESA, TOTÓ; EXPLORAÇÃO DE || PEDALINHOS; LOCAÇÃO DE || PRANCHAS DE SURFE; LOCAÇÃO, ALUGUEL DE || SHOWS DE NATUREZA RECREACIONAL || SÍTIOS DE LAZER; ALUGUEL DE || TRENZINHO PARA PASSEIOS TURÍSTICOS;  EXPLORAÇÃO DE || TRENZINHO RECREACIONAL; EXPLORAÇÃO DE || VAGAS PARA BARCOS; SERVIÇOS DE || VAGAS PARA EMBARCAÇÕES; SERVIÇOS DE || VEÍCULOS DE TRAÇÃO ANIMAL; TRANSPORTE DE","9311500|9312300|9313100|9319101|9319199|9321200|9329801|9329802|9329803|9329804","OK","","","nao-ratificado"
"9511-8/00","9511800","REPARAÇÃO E MANUTENÇÃO DE COMPUTADORES E DE EQUIPAMENTOS PERIFÉRICOS","Atende","Sim","Sim","III","III:De 6% até 33%","Não","S","OUTRAS ATIVIDADES DE SERVIÇOS","95","REPARAÇÃO E MANUTENÇÃO DE EQUIPAMENTOS DE INFORMÁTICA E COMUNICAÇÃO E DE OBJETOS PESSOAIS E DOMÉSTICOS","951","REPARAÇÃO E MANUTENÇÃO DE EQUIPAMENTOS DE INFORMÁTICA E COMUNICAÇÃO","95118","REPARAÇÃO E MANUTENÇÃO DE COMPUTADORES E DE EQUIPAMENTOS PERIFÉRICOS","a reparação e manutenção de computadores, inclusive portáteis e de equipamentos de informática periféricos, tais como impressoras, teclados, drivers, projetores, scanners, mouses, etc. || a reparação e manutenção dos terminais de auto-atendimento, como caixas eletrônicos de bancos","a instalação de computadores e equipamentos de informática associada à fabricação (grupo 26.2) e à venda (4751-2/00) || o serviço de instalação de equipamentos e programas de computador (6209-1/00)","APARELHOS DE INFORMÁTICA; MANUTENÇÃO DE, REPARAÇÃO DE || ASSISTÊNCIA TÉCNICA EM COMPUTADORES; SERVIÇOS DE || ASSISTÊNCIA TÉCNICA EM EQUIPAMENTOS DE INFORMÁTICA; SERVIÇOS DE || ASSISTÊNCIA TÉCNICA EM MICROCOMPUTADORES; SERVIÇOS DE || CAIXAS ELETRÔNICOS DE BANCOS; MANUTENÇÃO DE, REPARAÇÃO DE || COMPUTADORES; CONSERTO DE, REPARO DE || COMPUTADORES; MANUTENÇÃO, REPARAÇÃO DE || EQUIPAMENTO PERIFÉRICO CONEXO; MANUTENÇÃO DE, REPARAÇÃO DE || EQUIPAMENTOS DE INFORMÁTICA; MANUTENÇÃO DE, REPARAÇÃO DE, CONSERTO DE || EQUIPAMENTOS DE PROCESSAMENTO DE DADOS; MANUTENÇÃO DE, REPARAÇÃO DE || EQUIPAMENTOS EMISSORES DE CUPOM FISCAL; MANUTENÇÃO DE || IMPRESSORAS; MANUTENÇÃO DE, REPARAÇÃO DE, CONSERTO DE || MICROCOMPUTADORES; MANUTENÇÃO DE, REPARAÇÃO DE || MÁQUINA COPIADORA, XEROGRÁFICA, FOTOSTÁTICA; ASSISTÊNCIA TÉCNICA EM || MÁQUINA DE CARTÃO DE CRÉDITO; MANUTENÇÃO DE, REPARAÇÃO DE, CONSERTO DE || PROJETOR; CONSERTO, REPARAÇÃO, MANUTENÇÃO DE || SCANNERS (ESCÂNER); MANUTENÇÃO DE, REPARAÇÃO DE, CONSERTO DE || SUPORTE E MANUTENÇÃO DE HARDWARE, INCLUSIVE UPGRADE; SERVIÇOS DE || TECLADO E MOUSE; CONSERTO, REPARAÇÃO, MANUTENÇÃO DE || TERMINAIS DE AUTO-ATENDIMENTO DE BANCOS; MANUTENÇÃO DE, REPARAÇÃO DE","9512600|9521500|9529101|9529102|9529103|9529104|9529105|9529106|9529199","OK","","","nao-ratificado"
"9512-6/00","9512600","REPARAÇÃO E MANUTENÇÃO DE EQUIPAMENTOS DE COMUNICAÇÃO","Atende","Sim","Sim","III","III:De 6% até 33%","Não","S","OUTRAS ATIVIDADES DE SERVIÇOS","95","REPARAÇÃO E MANUTENÇÃO DE EQUIPAMENTOS DE INFORMÁTICA E COMUNICAÇÃO E DE OBJETOS PESSOAIS E DOMÉSTICOS","951","REPARAÇÃO E MANUTENÇÃO DE EQUIPAMENTOS DE INFORMÁTICA E COMUNICAÇÃO","95126","REPARAÇÃO E MANUTENÇÃO DE EQUIPAMENTOS DE COMUNICAÇÃO","a reparação e manutenção de equipamentos de comunicação, tais como: || #- telefones fixos e móveis, celulares || #- aparelhos telefônicos de uso público || #- aparelhos de fax || #- equipamentos de comunicação: modems, roteadores, pontes || #- equipamentos de rádio de transmissão-recepção || #- câmeras de televisão e de vídeo de uso profissional","","APARELHO TELEFÔNICO DE USO PÚBLICO; REPARAÇÃO DE, MANUTENÇÃO DE || APARELHO TELEFÔNICO; REPARAÇÃO DE, MANUTENÇÃO DE || CELULAR, TELEFONE; REPARAÇÃO DE, MANUTENÇÃO DE || CÂMERAS DE TELEVISÃO E DE VÍDEO DE USO PROFISSIONAL; REPARAÇÃO E MANUTENÇÃO DE || EQUIPAMENTOS DE CENTRAIS TELEFONICAS, MANUTENÇÃO E REPARAÇÃO EXECUTADA POR UNIDADE ESPECIALIZADA || EQUIPAMENTOS DE COMUNICAÇÃO; REPARAÇÃO DE, MANUTENÇÃO DE || EQUIPAMENTOS DE RADIOTELEFONIA E RADIOTELEGRAFIA, MANUTENÇÃO E REPARAÇÃO EXECUTADA POR UNIDADE ESPECIALIZADA || EQUIPAMENTOS PARA ESTAÇÕES TELEFÔNICAS, MANUTENÇÃO E REPARAÇÃO EXECUTADA POR UNIDADE ESPECIALIZADA || EQUIPAMENTOS TRANSMISSORES DE RADIO E TELEVISÃO, MANUTENÇÃO E REPARAÇÃO EXECUTADA POR UNIDADE ESPECIALIZADA || FAX; REPARAÇÃO, MANUTENÇÃO DE || MODEMS; REPARAÇÃO E MANUTENÇÃO DE || ROTEADORES; REPARAÇÃO E MANUTENÇÃO DE || RÁDIO DE TRANSMISSÃO-RECEPÇÃO; REPARAÇÃO E MANUTENÇÃO DE EQUIPAMENTOS DE || SISTEMAS DE CIRCUITOS INTERNOS DE SEGURANÇA; MANUTENÇÃO DE,  REPARAÇÃO DE || SISTEMAS DE INTERCOMUNICAÇÃO; MANUTENÇÃO DE, REPARAÇÃO DE || TELEFONE; CONSERTO, REPARAÇÃO, MANUTENÇÃO, ASSISTÊNCIA TÉCNICA DE || TELEFONIA FIXA, EQUIPAMENTOS DE; MANUTENÇÃO DE, REPARAÇÃO DE || TELEFONIA MÓVEL CELULAR; MANUTENÇÃO,  REPARAÇÃO DE EQUIPAMENTOS DE","9511800|9521500|9529101|9529102|9529103|9529104|9529105|9529106|9529199","OK","","","nao-ratificado"
"9521-5/00","9521500","REPARAÇÃO E MANUTENÇÃO DE EQUIPAMENTOS ELETROELETRÔNICOS DE USO PESSOAL E DOMÉSTICO","Atende","Sim","Sim","III","III:De 6% até 33%","Não","S","OUTRAS ATIVIDADES DE SERVIÇOS","95","REPARAÇÃO E MANUTENÇÃO DE EQUIPAMENTOS DE INFORMÁTICA E COMUNICAÇÃO E DE OBJETOS PESSOAIS E DOMÉSTICOS","952","REPARAÇÃO E MANUTENÇÃO DE OBJETOS E EQUIPAMENTOS PESSOAIS E DOMÉSTICOS","95215","REPARAÇÃO E MANUTENÇÃO DE EQUIPAMENTOS ELETROELETRÔNICOS DE USO PESSOAL E DOMÉSTICO","a reparação e manutenção de máquinas e aparelhos eletrodomésticos, tais como: || #- televisores, rádios, videocassetes, DVDs, aparelhos de som, reprodutores de CDs || #- máquinas de lavar, secadoras || #- máquinas de costura de uso doméstico || #- fogões, geladeiras || #- filmadoras, câmeras fotográficas de uso doméstico, etc. || a reparação e manutenção de equipamentos de jardinagem || a reparação e manutenção de ar condicionado de uso doméstico ou industrial","a reparação e manutenção de sistema de ar condicionado central (4322-3/02) || a reparação e manutenção de aparelhos telefônicos fixos e móveis e celulares (9512-6/00) || a reparação de câmeras de televisão e de vídeo de uso profissional (9512-6/00)","ALARMES DE USO DOMÉSTICO; MANUTENÇÃO DE, REPARAÇÃO DE, CONSERTO DE || ALARMES RESIDENCIAIS; MANUTENÇÃO DE, REPARAÇÃO DE, CONSERTO DE || ANTENAS E SEUS RECEPTORES PARA USO INDIVIDUAL E COLETIVO; MANUTENÇÃO E REPARAÇÃO DE || APARELHO DE REPRODUÇÃO E GRAVAÇÃO DE CDS E DVDS; REPARAÇÃO E MANUTENÇÃO DE || APARELHOS DE REFRIGERAÇÃO DOMÉSTICOS; MANUTENÇÃO DE, REPARAÇÃO DE, CONSERTO DE || APARELHOS DE SOM E VÍDEO; MANUTENÇÃO DE, REPARAÇÃO DE, CONSERTO DE || APARELHOS DOMÉSTICOS; MANUTENÇÃO DE, REPARAÇÃO DE, CONSERTO DE || APARELHOS E EQUIPAMENTOS DE AR CONDICIONADO PARA USO NÃO INDUSTRIAL, QUANDO EXECUTADA POR UNIDADE ESPECIALIZADA; INSTALAÇÃO E MANUTENÇÃO DE || APARELHOS ELETRODOMÉSTICOS; CONSERTO, MANUTENÇÃO, REPARAÇÃO DE || AQUECEDORES; MAUTENÇÃO DE, REPARAÇÃO DE, CONSERTO DE || AR CONDICIONADO DOMÉSTICO; CONSERTO, MANUTENÇÃO, REPARAÇÃO DE || AR CONDICIONANDO PARA RESIDÊNCIAS; MANUTENÇÃO DE, REPARAÇÃO DE || CÂMERAS FOTOGRÁFICAS DE USO DOMÉSTICO; REPARAÇÃO DE, CONSERTO DE || ELETRODOMÉSTICOS; CONSERTO, MANUTENÇÃO, REPARAÇÃO DE || ELETRÔNICOS DOMÉSTICOS; CONSERTO, MANUTENÇÃO, REPARAÇÃO DE || EQUIPAMENTOS DOMÉSTICOS; CONSERTO, MANUTENÇÃO, REPARAÇÃO DE || FILMADORAS; REPARAÇÃO, CONSERTO DE || FILTRO, PURIFICADOR DE ÁGUA, OZONIZADORES; MANUTENÇÃO DE, REPARAÇÃO DE, CONSERTO DE || FOGÃO DOMÉSTICO; MANUTENÇÃO, REPARAÇÃO, CONSERTO DE || GELADEIRA, REFRIGERADOR E FREEZER PARA USO DOMÉSTICO; CONSERTO, MANUTENÇÃO, REPARAÇÃO DE || MÁQUINA DE LAVAR LOUÇAS; REPARAÇÃO DE, CONSERTO DE || MÁQUINA DE LAVAR ROUPAS; REPARAÇÃO DE, CONSERTO DE || MÁQUINAS DE COSTURA DE USO DOMÉSTICO; REPARAÇÃO E MANUTENÇÃO DE || MÁQUINAS DOMÉSTICAS; MANUTENÇÃO DE, REPARAÇÃO DE || MÁQUINAS E EQUIPAMENTOS FOTOGRÁFICOS; REPARAÇÃO DE, CONSERTO DE || MÁQUINAS SECADORAS DE ROUPA E LOUÇA; REPARAÇÃO E MANUTENÇÃO DE || OFICINA DE ELETRODOMÉSTICOS || OFICINA DE ELETRÔNICOS DOMÉSTICOS || PEÇAS E ACESSÓRIOS PARA ELETRODOMÉSTICOS; INSTALAÇÃO DE || RÁDIOS; REPARAÇÃO DE, CONSERTO DE || TELEVISÃO, TELEVISOR, TV; MANUTENÇÃO DE, REPARAÇÃO DE, CONSERTO DE || VÍDEO CASSETE; CONSERTO, MANUTENÇÃO , REPARAÇÃO DE","9511800|9512600|9529101|9529102|9529103|9529104|9529105|9529106|9529199","OK","","","nao-ratificado"
"9529-1/01","9529101","REPARAÇÃO DE CALÇADOS, DE BOLSAS E ARTIGOS DE VIAGEM","Atende","Sim","Sim","III","III:De 6% até 33%","Não","S","OUTRAS ATIVIDADES DE SERVIÇOS","95","REPARAÇÃO E MANUTENÇÃO DE EQUIPAMENTOS DE INFORMÁTICA E COMUNICAÇÃO E DE OBJETOS PESSOAIS E DOMÉSTICOS","952","REPARAÇÃO E MANUTENÇÃO DE OBJETOS E EQUIPAMENTOS PESSOAIS E DOMÉSTICOS","95291","REPARAÇÃO E MANUTENÇÃO DE OBJETOS E EQUIPAMENTOS PESSOAIS E DOMÉSTICOS NÃO ESPECIFICADOS ANTERIORMENTE","a reparação de calçados de qualquer material || a reparação de bolsas e artigos de viagem","","ARTIGOS DE VIAGEM; REPARAÇÃO DE, CONSERTO DE || BOLSAS; REPARAÇÃO DE, CONSERTO DE || CALÇADOS DE QUALQUER MATERIAL; RENOVAÇÃO, REPARAÇÃO, CONSERTO DE || RENOVADORA DE CALÇADOS || SAPATEIRO || SAPATOS; RENOVAÇÃO, REPARAÇÃO, CONSERTO DE || TÊNIS; REPARAÇÃO DE, CONSERTO DE","9511800|9512600|9521500|9529102|9529103|9529104|9529105|9529106|9529199","OK","","","nao-ratificado"
"9529-1/02","9529102","CHAVEIROS","Atende","Sim","Sim","III","III:De 6% até 33%","Não","S","OUTRAS ATIVIDADES DE SERVIÇOS","95","REPARAÇÃO E MANUTENÇÃO DE EQUIPAMENTOS DE INFORMÁTICA E COMUNICAÇÃO E DE OBJETOS PESSOAIS E DOMÉSTICOS","952","REPARAÇÃO E MANUTENÇÃO DE OBJETOS E EQUIPAMENTOS PESSOAIS E DOMÉSTICOS","95291","REPARAÇÃO E MANUTENÇÃO DE OBJETOS E EQUIPAMENTOS PESSOAIS E DOMÉSTICOS NÃO ESPECIFICADOS ANTERIORMENTE","as atividades de execução de cópias de chaves (chaveiros) || as atividades de reparação e conserto de cadeados e fechaduras","","CADEADOS; REPARAÇÃO DE, CONSERTO DE || CHAVEIRO || CÓPIA DE CHAVES; OFICINA DE || FECHADURAS; REPARAÇÃO DE, CONSERTO DE","9511800|9512600|9521500|9529101|9529103|9529104|9529105|9529106|9529199","OK","","","nao-ratificado"
"9529-1/03","9529103","REPARAÇÃO DE RELÓGIOS","Atende","Sim","Sim","III","III:De 6% até 33%","Não","S","OUTRAS ATIVIDADES DE SERVIÇOS","95","REPARAÇÃO E MANUTENÇÃO DE EQUIPAMENTOS DE INFORMÁTICA E COMUNICAÇÃO E DE OBJETOS PESSOAIS E DOMÉSTICOS","952","REPARAÇÃO E MANUTENÇÃO DE OBJETOS E EQUIPAMENTOS PESSOAIS E DOMÉSTICOS","95291","REPARAÇÃO E MANUTENÇÃO DE OBJETOS E EQUIPAMENTOS PESSOAIS E DOMÉSTICOS NÃO ESPECIFICADOS ANTERIORMENTE","a reparação de relógios e cronômetros","","ARTIGOS DE RELOJOARIA; CONSERTO DE, REPARAÇÃO DE || CRONÔMETROS; REPARAÇÃO E MANUTENÇÃO DE || RELÓGIOS; REPARAÇÃO DE, CONSERTO DE","9511800|9512600|9521500|9529101|9529102|9529104|9529105|9529106|9529199","OK","","","nao-ratificado"
"9529-1/05","9529105","REPARAÇÃO DE ARTIGOS DO MOBILIÁRIO","Atende","Sim","Sim","III","III:De 6% até 33%","Não","S","OUTRAS ATIVIDADES DE SERVIÇOS","95","REPARAÇÃO E MANUTENÇÃO DE EQUIPAMENTOS DE INFORMÁTICA E COMUNICAÇÃO E DE OBJETOS PESSOAIS E DOMÉSTICOS","952","REPARAÇÃO E MANUTENÇÃO DE OBJETOS E EQUIPAMENTOS PESSOAIS E DOMÉSTICOS","95291","REPARAÇÃO E MANUTENÇÃO DE OBJETOS E EQUIPAMENTOS PESSOAIS E DOMÉSTICOS NÃO ESPECIFICADOS ANTERIORMENTE","a restauração de móveis e a reparação de artigos de madeira e do mobiliário || os serviços de estofador","a restauração de obras de arte (9002-7/02)","ARMÁRIOS; CONSERTO DE, REPARAÇÃO DE || ARTIGOS DE MADEIRA; REPARAÇÃO DE, CONSERTO DE || ARTIGOS DE TAPEÇARIA; REPARAÇÃO DE, CONSERTO DE || ARTIGOS DO MOBILIÁRIO; ESTOFAMENTO DE || ARTIGOS DO MOBILIÁRIO; REPARAÇÃO DE, CONSERTO DE || EMPALHADOR; SERVIÇOS DE || EMPALHAMENTO DE CADEIRAS; SERVIÇOS DE || ENVERNIZAÇÃO DE MÓVEIS; SERVIÇOS DE || ESTOFADOR; SERVIÇOS DE || ESTOFADOS; REPARAÇÃO DE, CONSERTO DE, REFORMA DE || ESTOFARIA; SERVIÇOS DE || IMPERMEABILIZAÇÃO DE MÓVEIS; SERVIÇOS DE || MOBILIÁRIO; REPARAÇÃO DE, CONSERTO DE || MÓVEIS; REPARAÇÃO, CONSERTO, RESTAURAÇÃO DE || PERSIANAS; REPARAÇÃO DE, CONSERTO DE || SOFÁS; REPARAÇÃO DE || TOLDOS; REPARAÇÃO DE, MANUTENÇÃO DE, CONSERTO DE","9511800|9512600|9521500|9529101|9529102|9529103|9529104|9529106|9529199","OK","","","nao-ratificado"
"9529-1/06","9529106","REPARAÇÃO DE JÓIAS","Atende","Sim","Sim","III","III:De 6% até 33%","Não","S","OUTRAS ATIVIDADES DE SERVIÇOS","95","REPARAÇÃO E MANUTENÇÃO DE EQUIPAMENTOS DE INFORMÁTICA E COMUNICAÇÃO E DE OBJETOS PESSOAIS E DOMÉSTICOS","952","REPARAÇÃO E MANUTENÇÃO DE OBJETOS E EQUIPAMENTOS PESSOAIS E DOMÉSTICOS","95291","REPARAÇÃO E MANUTENÇÃO DE OBJETOS E EQUIPAMENTOS PESSOAIS E DOMÉSTICOS NÃO ESPECIFICADOS ANTERIORMENTE","a reparação de jóias","","GRAVAÇÃO EM JÓIAS; SERVIÇOS DE || JÓIAS; REPARAÇÃO, CONSERTO DE","9511800|9512600|9521500|9529101|9529102|9529103|9529104|9529105|9529199","OK","","","nao-ratificado"
"9529-1/99","9529199","REPARAÇÃO E MANUTENÇÃO DE OUTROS OBJETOS E EQUIPAMENTOS PESSOAIS E DOMÉSTICOS NÃO ESPECIFICADOS ANTERIORMENTE","Atende","Sim","Sim","III","III:De 6% até 33%","Não","S","OUTRAS ATIVIDADES DE SERVIÇOS","95","REPARAÇÃO E MANUTENÇÃO DE EQUIPAMENTOS DE INFORMÁTICA E COMUNICAÇÃO E DE OBJETOS PESSOAIS E DOMÉSTICOS","952","REPARAÇÃO E MANUTENÇÃO DE OBJETOS E EQUIPAMENTOS PESSOAIS E DOMÉSTICOS","95291","REPARAÇÃO E MANUTENÇÃO DE OBJETOS E EQUIPAMENTOS PESSOAIS E DOMÉSTICOS NÃO ESPECIFICADOS ANTERIORMENTE","a reparação de equipamentos esportivos || a reparação de livros || a reparação de instrumentos musicais, exceto históricos || a recuperação de artigos e acessórios do vestuário || a reparação de brinquedos || a reparação de artigos de tecidos || a reparação de artigos de borracha || os serviços rápidos que prestam diversos serviços conjuntamente || o serviço de afinação de pianos","a restauração de obras de arte (9002-7/02) || a reparação e manutenção de equipamentos eletroeletrônicos de uso pessoal e doméstico (9521-5/00) || a reparação de câmeras fotográficas e filmadoras de uso doméstico (9521-5/00) || a reparação de calçados (9529-1/01) || a reparação e manutenção de bicicletas, triciclos e outros veículos não-motorizados (9529-1/04) || a reparação de jóias (9529-1/06)","ACESSÓRIOS DO VESTUÁRIO; RECUPERAÇÃO, REPARAÇÃO, CONSERTO DE || AFIADOR DE ARTIGOS DE CUTELARIA || AMOLADOR DE ARTIGOS DE CUTELARIA || AMOLADOR DE FACAS;ATIVIDADE DE || ARTIGOS DE BORRACHA; REPARAÇÃO DE, CONSERTO DE || ARTIGOS DE CUTELARIA; REPARAÇÃO DE, CONSERTO DE || ARTIGOS DE METAL; REPARAÇÃO DE, CONSERTO DE || ARTIGOS DE PELE; REPARAÇÃO DE, CONSERTO DE || ARTIGOS DE TECIDOS; REPARAÇÃO DE, CONSERTO DE || ARTIGOS DO VESTUÁRIO; RECUPERAÇÃO, REPARAÇÃO, CONSERTO DE || ARTIGOS ÓTICOS; CONSERTO DE, REPARAÇÃO DE || BRINQUEDOS; REPARAÇÃO DE, CONSERTO DE || CADEIRA DE RODA MOTORIZADA; REPARAÇÃO E MANUTENÇÃO || CALÇAS, CAMISAS, TERNOS, VESTIDOS; CONSERTO DE, REPARAÇÃO DE || CERZIDEIRA; SERVIÇOS DE || CONSERTO DE ROUPAS; SERVIÇOS DE || EQUIPAMENTOS ESPORTIVOS (ESTEIRAS, BIKES E MÁQUINAS); REPARAÇÃO E MANUTENÇÃO DE || GUARDA-CHUVA; REPARAÇÃO DE, CONSERTO DE || INSTRUMENTOS MUSICAIS; REPARAÇÃO DE, CONSERTO DE || LIVROS; RESTAURAÇÃO DE || LONA; REPARAÇÃO DE, CONSERTO DE || MALA; REPARAÇÃO DE, CONSERTO DE || PANELAS, BALDES; REPARAÇÃO DE, CONSERTO DE || PANELEIRO; SERVIÇOS DE || PIANOS; AFINAÇÃO DE || REDES DE DORMIR DOMÉSTICAS; REPARAÇÃO DE, CONSERTO DE || SELAS, ARREIOS, RÉDEAS; REPARAÇÃO DE, CONSERTO DE || VIOLÃO; CONSERTO DE, REPARAÇÃO DE || ÓCULOS; REPARAÇÃO DE, CONSERTO DE","9511800|9512600|9521500|9529101|9529102|9529103|9529104|9529105|9529106","OK","","","nao-ratificado"
"9601-7/01","9601701","LAVANDERIAS","Atende","Sim","Sim","III","III:De 6% até 33%","Não","S","OUTRAS ATIVIDADES DE SERVIÇOS","96","OUTRAS ATIVIDADES DE SERVIÇOS PESSOAIS","960","OUTRAS ATIVIDADES DE SERVIÇOS PESSOAIS","96017","LAVANDERIAS, TINTURARIAS E TOALHEIROS","as atividades de lavar, passar e limpar todo tipo de artigos têxteis e do vestuário, inclusive couro e peles || as atividades de lavanderias de auto-serviço || a lavagem de tapetes, carpetes e cortinas, inclusive na residência do cliente || os serviços de coleta e entrega de roupas para lavanderias e os postos de recebimento de lavanderias","o aluguel de objetos do vestuário combinados com serviço de lavanderia (7723-3/00) || a reparação e consertos de artigos e acessórios do vestuário, quando realizados como atividade independente || (9529-1/99)","DESINFECÇÃO TÊXTIL; SERVIÇOS DE || HIGIENIZAÇÃO DE AVENTAIS, LUVAS; SERVIÇOS DE || HIGIENIZAÇÃO DE ROUPAS; SERVIÇOS DE || LAVAGEM A SECO; SERVIÇOS DE || LAVAGEM AUTOMÁTICA DE ROUPAS || LAVAGEM DE CARPETES; SERVIÇOS DE || LAVAGEM DE CORTINA; SERVIÇOS DE || LAVAGEM DE ROUPAS; SERVIÇOS DE || LAVAGEM DE TAPETE; SERVIÇOS DE || LAVANDERIA AUTOMÁTICA || LAVANDERIA DE AUTO-SERVIÇO || LAVANDERIA; SERVIÇOS DE || LAVAR E PASSAR ROUPAS; SERVIÇOS DE || LIMPEZA DE ROUPAS; SERVIÇOS DE || PASSADORIA DE ROUPAS; SERVIÇOS DE || POSTO DE COLETA DE LAVANDERIA || POSTO DE COLETA, POSTO DE ENTREGA DE ROUPAS PARA LAVAGEM; SERVIÇOS DE || ROUPAS DE COURO E PELE; LAVAGEM DE","9601702|9601703|9602501|9602502|9603301|9603302|9603303|9603304|9603305|9603399|9609202|9609204|9609205|9609206|9609207|9609208|9609299","OK","","","nao-ratificado"
"9601-7/02","9601702","TINTURARIAS","Atende","Sim","Sim","III","III:De 6% até 33%","Não","S","OUTRAS ATIVIDADES DE SERVIÇOS","96","OUTRAS ATIVIDADES DE SERVIÇOS PESSOAIS","960","OUTRAS ATIVIDADES DE SERVIÇOS PESSOAIS","96017","LAVANDERIAS, TINTURARIAS E TOALHEIROS","as atividades de tingimento de todo tipo de artigos têxteis e do vestuário, inclusive de couro e peles || os serviços de coleta e entrega de roupas para tinturarias","o tingimento industrial (1340-5/02)","COLETA E ENTREGA DE ROUPAS PARA TINTURARIAS; SERVIÇOS DE || LAVAR E TINGIR ROUPAS; SERVIÇOS DE || POSTO DE COLETA DE TINTURARIA || TINGIMENTO DE ARTIGOS TÊXTEIS E DE VESTUÁRIO; SERVIÇOS DE || TINGIMENTOS DE COURO E PELES; SERVIÇOS DE || TINTURARIA; SERVIÇOS DE","9601701|9601703|9602501|9602502|9603301|9603302|9603303|9603304|9603305|9603399|9609202|9609204|9609205|9609206|9609207|9609208|9609299","OK","","","nao-ratificado"
"9601-7/03","9601703","TOALHEIROS","Atende","Sim","Sim","III","III:De 6% até 33%","Não","S","OUTRAS ATIVIDADES DE SERVIÇOS","96","OUTRAS ATIVIDADES DE SERVIÇOS PESSOAIS","960","OUTRAS ATIVIDADES DE SERVIÇOS PESSOAIS","96017","LAVANDERIAS, TINTURARIAS E TOALHEIROS","os serviços associados de aluguel e lavagem de roupas de cama, mesa e banho, de uniformes de trabalho e artigos relacionados","","LAVAGEM DE ROUPAS INDUSTRIAIS; SERVIÇOS DE || LAVAGEM DE UNIFORMES; SERVIÇOS DE || ROUPAS DE CAMA, MESA E BANHO; ALUGUEL DE, LOCAÇÃO DE || ROUPAS DE CAMA, MESA E BANHO; LAVAGEM DE || TOALHAS; ALUGUEL DE, LOCAÇÃO DE || TOALHEIRO || UNIDADES ESPECIALIZADAS EM LAVANDERIA HOSPITALAR QUANDO REALIZADOS POR TERCEIROS; SERVIÇOS DE || UNIFORMES DE TRABALHO; ALUGUEL DE, LOCAÇÃO DE","9601701|9601702|9602501|9602502|9603301|9603302|9603303|9603304|9603305|9603399|9609202|9609204|9609205|9609206|9609207|9609208|9609299","OK","","","nao-ratificado"
"9602-5/01","9602501","CABELEIREIROS, MANICURE E PEDICURE","Atende","Sim","Sim","III","III:De 6% até 33%","Não","S","OUTRAS ATIVIDADES DE SERVIÇOS","96","OUTRAS ATIVIDADES DE SERVIÇOS PESSOAIS","960","OUTRAS ATIVIDADES DE SERVIÇOS PESSOAIS","96025","CABELEIREIROS E OUTRAS ATIVIDADES DE TRATAMENTO DE BELEZA","as atividades de lavagem, corte, penteado, tingimento e outros tratamentos do cabelo || os serviços de barbearia || as atividades de manicure e pedicure","a fabricação de perucas (3299-0/99) || a atividade de podologia (8690-9/04) || as atividades de limpeza de pele, massagem facial, maquilagem, etc. (9602-5/02) || a atividade de depilação (9602-5/02)","ALISAMENTO, PERMANENTE DE CABELO; SERVIÇOS DE || BARBEARIA || BARBEIRO; SALÃO DE || CABELEIREIRO; SERVIÇOS DE || CALISTA; SERVIÇOS DE || COIFFURE || CORTE DE CABELO; SERVIÇOS DE || EMBELEZAMENTO DOS CABELOS; SERVIÇOS DE || HIDRATAÇÃO DE CABELOS; SERVIÇOS DE || LAVAGEM E PENTEADO DE CABELO; SERVIÇOS DE || MANICURA; SERVIÇOS DE || PEDICURE, MANICURE; SERVIÇOS DE || PEDICURO; SERVIÇOS DE || RELAXAMENTO DE CABELOS; SERVIÇOS DE || SALÃO DE CABELEIREIRO || SALÃO DE CABELEIREIRO UNISSEX || TINGIMENTO DE CABELO; SERVIÇOS DE || TINTURA E PINTURA DE CABELO; SERVIÇO DE || TRATAMENTO CAPILAR; SERVIÇOS DE || TRATAMENTO DOS CABELOS; SERVIÇOS DE","9601701|9601702|9601703|9602502|9603301|9603302|9603303|9603304|9603305|9603399|9609202|9609204|9609205|9609206|9609207|9609208|9609299","OK","","","nao-ratificado"
"9602-5/02","9602502","ATIVIDADES DE ESTÉTICA E OUTROS SERVIÇOS DE CUIDADOS COM A BELEZA","Atende","Sim","Sim","III","III:De 6% até 33%","Não","S","OUTRAS ATIVIDADES DE SERVIÇOS","96","OUTRAS ATIVIDADES DE SERVIÇOS PESSOAIS","960","OUTRAS ATIVIDADES DE SERVIÇOS PESSOAIS","96025","CABELEIREIROS E OUTRAS ATIVIDADES DE TRATAMENTO DE BELEZA","as atividades de limpeza de pele, massagem facial, maquilagem, etc. || a atividade de depilação || as atividades de massagem estética e para emagrecimento || as atividades de spas que não operam estabelecimentos hoteleiros || outras atividades de tratamento de beleza não especificadas anteriormente","as clínicas dermatológicas com recursos para a realização de procedimentos cirúrgicos e exames complementares (8630-5/01) || as atividades de manicure e pedicure(9602-5/01)","BRONZEAMENTO ARTIFICIAL; SERVIÇOS DE || CLÍNICA DE EMAGRECIMENTO COM USO DE EQUIPAMENTOS || CORRENTE RUSSA; SERVIÇO DE || DEPILAÇÃO COM CERA; SERVIÇOS DE || DEPILAÇÃO; SERVIÇOS DE || DESIGN, DEPILAÇÃO E LIMPEZA DE SOBRANCELHAS; SERVIÇOS DE || ENDERMOTERAPIA; SERVIÇO DE || ESTETICISTA; SERVIÇOS DE || ESTÉTICA CORPORAL; SERVIÇOS DE || HIDRATAÇÃO DE PELE; SERVIÇOS DE || HIGIENE E BELEZA; SERVIÇOS DE || HIGIENE E EMBELEZAMENTO; SERVIÇOS DE || HIGIENE PESSOAL; SERVIÇOS DE || INSTITUTO DE BELEZA; SERVIÇOS DE || INSTITUTO DE EMAGRECIMENTO COM USO DE EQUIPAMENTOS || INSTITUTO DE MASSAGEM ESTÉTICA || LIMPEZA DE PELE; SERVIÇOS DE || LIMPEZA FACIAL; SERVIÇOS DE || MAQUIAGEM; SERVIÇOS DE || MAQUILAGEM; SERVIÇOS DE || MASSAGEM ESTÉTICA; SERVIÇOS DE || MASSAGEM FACIAL; SERVIÇOS DE || MASSAGEM PARA EMAGRECIMENTO; ATIVIDADE DE || MICROPIGMENTAÇÃO DE SOBRANCELHA; SERVIÇOS DE || PEELING; SERVIÇOS DE || REVITALIZAÇÃO DE PELE; SERVIÇOS DE || SPA SEM SERVIÇO DE ALOJAMENTO; SERVIÇOS DE || TONIFICAÇÃO DE PELE; SERVIÇOS DE || TRATAMENTO ESTÉTICO; SERVIÇOS DE || TRATAMENTO FACIAL; SERVIÇOS DE","9601701|9601702|9601703|9602501|9603301|9603302|9603303|9603304|9603305|9603399|9609202|9609204|9609205|9609206|9609207|9609208|9609299","OK","","","nao-ratificado"
"9609-2/02","9609202","AGÊNCIAS MATRIMONIAIS","Atende","Sim","Sim","III","III:De 6% até 33%","Não","S","OUTRAS ATIVIDADES DE SERVIÇOS","96","OUTRAS ATIVIDADES DE SERVIÇOS PESSOAIS","960","OUTRAS ATIVIDADES DE SERVIÇOS PESSOAIS","96092","ATIVIDADES DE SERVIÇOS PESSOAIS NÃO ESPECIFICADAS ANTERIORMENTE","as atividades de agências matrimoniais","","AGÊNCIA DE CASAMENTO || AGÊNCIA MATRIMONIAL","9601701|9601702|9601703|9602501|9602502|9603301|9603302|9603303|9603304|9603305|9603399|9609204|9609205|9609206|9609207|9609208|9609299","OK","","","nao-ratificado"
"9609-2/05","9609205","ATIVIDADES DE SAUNA E BANHOS","Atende","Sim","Não","III","III:De 6% até 33%","Não","S","OUTRAS ATIVIDADES DE SERVIÇOS","96","OUTRAS ATIVIDADES DE SERVIÇOS PESSOAIS","960","OUTRAS ATIVIDADES DE SERVIÇOS PESSOAIS","96092","ATIVIDADES DE SERVIÇOS PESSOAIS NÃO ESPECIFICADAS ANTERIORMENTE","as atividades de sauna, banhos turcos, banhos a vapor, massagens e relaxamento","","BANHO DE VAPOR; SERVIÇOS DE || BANHO TURCO; SERVIÇOS DE || CASA DE BANHO; SERVIÇOS DE || MASSAGENS PARA FINS DE RELAXAMENTO MUSCULAR; SERVIÇOS DE || SAUNA; SERVIÇOS DE || TERMAS; SERVIÇOS DE","9601701|9601702|9601703|9602501|9602502|9603301|9603302|9603303|9603304|9603305|9603399|9609202|9609204|9609206|9609207|9609208|9609299","OK","","","nao-ratificado"
"9609-2/06","9609206","SERVIÇOS DE TATUAGEM E COLOCAÇÃO DE PIERCING","Atende","Sim","Sim","III","III:De 6% até 33%","Não","S","OUTRAS ATIVIDADES DE SERVIÇOS","96","OUTRAS ATIVIDADES DE SERVIÇOS PESSOAIS","960","OUTRAS ATIVIDADES DE SERVIÇOS PESSOAIS","96092","ATIVIDADES DE SERVIÇOS PESSOAIS NÃO ESPECIFICADAS ANTERIORMENTE","as atividades  tatuagem || as atividades de colocação de piercing","","PIERCING; SERVIÇOS DE COLOCAÇÃO DE || TATUAGEM; SERVIÇOS DE","9601701|9601702|9601703|9602501|9602502|9603301|9603302|9603303|9603304|9603305|9603399|9609202|9609204|9609205|9609207|9609208|9609299","OK","","","nao-ratificado"
"9609-2/07","9609207","ALOJAMENTO DE ANIMAIS DOMÉSTICOS","Atende","Sim","Sim","III","III:De 6% até 33%","Não","S","OUTRAS ATIVIDADES DE SERVIÇOS","96","OUTRAS ATIVIDADES DE SERVIÇOS PESSOAIS","960","OUTRAS ATIVIDADES DE SERVIÇOS PESSOAIS","96092","ATIVIDADES DE SERVIÇOS PESSOAIS NÃO ESPECIFICADAS ANTERIORMENTE","as atividades de alojamento de animais domésticos || os serviços de adestramento de animais domésticos.","as atividades veterinárias (7500-1/00) || os serviços de adestramento de cães de guarda (8011-1/02) || higiene e embelezamento de animais domésticos (9609-2/08)","ADESTRAMENTO DE ANIMAIS DOMÉSTICOS; SERVIÇOS DE || ALOJAMENTO DE ANIMAIS DOMÉSTICOS; SERVIÇOS DE || ALOJAMENTO, HOTEL DE ANIMAIS DOMÉSTICOS E DE ESTIMAÇÃO; SERVIÇOS DE || HOSPEDAGEM DE ANIMAIS DOMÉSTICOS; SERVIÇOS DE","9601701|9601702|9601703|9602501|9602502|9603301|9603302|9603303|9603304|9603305|9603399|9609202|9609204|9609205|9609206|9609208|9609299","OK","","","nao-ratificado"
"9609-2/08","9609208","HIGIENE E EMBELEZAMENTO DE ANIMAIS DOMÉSTICOS","Atende","Sim","Sim","III","III:De 6% até 33%","Não","S","OUTRAS ATIVIDADES DE SERVIÇOS","96","OUTRAS ATIVIDADES DE SERVIÇOS PESSOAIS","960","OUTRAS ATIVIDADES DE SERVIÇOS PESSOAIS","96092","ATIVIDADES DE SERVIÇOS PESSOAIS NÃO ESPECIFICADAS ANTERIORMENTE","higiene e embelezamento de animais domésticos","as atividades veterinárias (7500-1/00) || os serviços de adestramento de cães de guarda (8011-1/02) || as atividades de alojamento para animais domésticos (9609-2/07) || os serviços de adestramento de animais domésticos, exceto cães de guarda ( 9609-2/07)","BANHO EM ANIMAIS DOMÉSTICOS; SERVIÇOS DE || CORTE DE PELO EM ANIMAIS DOMÉSTICOS; SERVIÇOS DE || CUIDADOS DE ANIMAIS DOMÉSTICOS || EMBELEZAMENTO DE ANIMAIS; SERVIÇOS DE || HIGIENE E EMBELEZAMENTO DE ANIMAIS DOMÉSTICOS; SERVIÇOS DE || PET SHOP - BANHO, CORTE, EMBELEZAMENTO || PET SHOP - SERVIÇOS PARA ANIMAIS DOMÉSTICOS || PREPARAÇÃO DE ANIMAIS PARA EXPOSIÇÃO; SERVIÇOS DE || TOSA DE PELO EM ANIMAIS DOMÉSTICOS || TOSQUIA DE PELOS EM ANIMAIS DOMÉSTICOS","9601701|9601702|9601703|9602501|9602502|9603301|9603302|9603303|9603304|9603305|9603399|9609202|9609204|9609205|9609206|9609207|9609299","OK","","","nao-ratificado"
"9609-2/99","9609299","OUTRAS ATIVIDADES DE SERVIÇOS PESSOAIS NÃO ESPECIFICADAS ANTERIORMENTE","Atende","Sim","Sim","III","III:De 6% até 33%","Não","S","OUTRAS ATIVIDADES DE SERVIÇOS","96","OUTRAS ATIVIDADES DE SERVIÇOS PESSOAIS","960","OUTRAS ATIVIDADES DE SERVIÇOS PESSOAIS","96092","ATIVIDADES DE SERVIÇOS PESSOAIS NÃO ESPECIFICADAS ANTERIORMENTE","as atividades de astrólogos, videntes e similares || as atividades de engraxates, carregadores de malas || as atividades de manobristas de automóveis (serviços de valet) || os serviços de segurança de piscina em prédios || as atividades de mensagens fonadas (telemensagem) || serviços de cuidados de crianças de forma esporádica (baby siter) || exploração de chuveiro eletrônico || exploração de sanitários públicos","a atividade de organização de feiras, congressos, exposições e festas (8230-0/01) || as atividades das agências matrimoniais (9609-2/02) || alojamento de animais domésticos (9609-2/07) || os serviços domésticos (9700-5/00) || higiene e embelezamento de animais domésticos (9609-2/08)","ASTROLOGIA; SERVIÇOS DE || ASTRÓLOGO; SERVIÇOS DE || ATIVIDADE DE PROTEÇÃO E LACRAÇÃO DE BAGAGENS || BABY SITER; SERVIÇOS DE || CARREGADOR DE MALA; SERVIÇOS DE || CARTOMANCIA; SERVIÇOS DE || CARTOMANTE; SERVIÇOS DE || CONSULTORIA EM ORGANIZAÇÃO PESSOAL (PERSONAL ORGANIZER); ATIVIDADE DE || CUIDADOR DE IDOSO; SERVIÇOS DE || CUIDADOS DE BEBÊS E CRIANÇAS; SERVIÇOS DE || EMBALAGEM, EMPACOTAMENTO DE MALAS EM AEROPORTOS; SERVIÇOS DE || ENGRAXATARIA; SERVIÇOS DE || ENGRAXATE; SERVIÇOS DE || GUARDA DE PISCINA EM PRÉDIOS; SERVIÇOS DE || GUARDA DE PISCINA; SERVIÇOS DE || GUARDIÃO DE PISCINA; SERVIÇOS DE || JOGO DE BÚZIOS; SERVIÇOS DE || JOGO DE TARÔ; SERVIÇOS DE || LAVAGEM DE SOFÁ; SERVIÇOS DE || LAVAGEM, LIMPEZA, HIGIENIZAÇÃO DE ESTOFADO, EXCETO DE VEÍCULOS; SERVIÇOS DE || LAVAGEM, LIMPEZA, HIGIENIZAÇÃO DE SOFÁ; SERVIÇOS DE || LUSTRAÇÃO DE CALÇADOS; SERVIÇOS DE || MANOBREIRO DE AUTOMÓVEIS; SERVIÇOS DE || MANOBRISTA DE AUTOMÓVEIS; SERVIÇOS DE || MANOBRISTA DE VEÍCULOS; SERVIÇOS DE || MANOBRISTAS; SERVIÇOS DE || MENSAGEM AO VIVO; SERVIÇOS DE || MENSAGENS FONADAS; SERVIÇOS DE || PASSEADOR DE CÃES; SERVIÇOS DE || PERFURAÇÃO DE LÓBULO AURICULAR; SERVIÇOS DE || QUIROMANCIA; SERVIÇOS DE || SALÃO DE ENGRAXATE || SEGURANÇA DE PISCINA EM PRÉDIOS; SERVIÇOS DE || SERVIÇOS ESOTÉRICOS POR TELEFONE || SERVIÇOS PESSOAIS POR TELEFONE, DISQUE SEXO, DISQUE AMIZADE E SIMILARES || TARÓLOGO; SERVIÇOS DE || TELEMENSAGENS PESSOAIS; SERVIÇOS DE || VALET PARKING || VIDENTE E SIMILARES; SERVIÇOS DE || VIGILANTE EM PISCINA; SERVIÇOS DE","9601701|9601702|9601703|9602501|9602502|9603301|9603302|9603303|9603304|9603305|9603399|9609202|9609204|9609205|9609206|9609207|9609208","OK","","","nao-ratificado"