linha,cnae_raw,cnae,descricao,anexo,fator_r,aliquota,atende,categoria_slug,flags,url
"1","3250706","3250706","Serviços de prótese dentária","V","Sim","15.5","Atende","fabricacao-de-produtos-diversos","par_fator_r","/consulta-cnae/fabricacao-de-produtos-diversos/3250706-servicos-de-protese-dentaria/"
"2","3250706","3250706","Serviços de prótese dentária","III","Sim","6","Atende","fabricacao-de-produtos-diversos","par_fator_r","/consulta-cnae/fabricacao-de-produtos-diversos/3250706-servicos-de-protese-dentaria/"
"3","3250709","3250709","Serviço de laboratório óptico","V","Sim","15.5","Atende","fabricacao-de-produtos-diversos","par_fator_r","/consulta-cnae/fabricacao-de-produtos-diversos/3250709-servico-de-laboratorio-optico/"
"4","3250709","3250709","Serviço de laboratório óptico","III","Sim","6","Atende","fabricacao-de-produtos-diversos","par_fator_r","/consulta-cnae/fabricacao-de-produtos-diversos/3250709-servico-de-laboratorio-optico/"
"5","4399101","4399101","Administração de obras","III","Não","6","Atende","servicos-especializados-para-construcao","","/consulta-cnae/servicos-especializados-para-construcao/4399101-administracao-de-obras/"
"6","4512901","4512901","Representantes comerciais e agentes do comércio de veículos automotores","V","Sim","15.5","Atende","comercio-e-reparacao-de-veiculos-automotores-e-motocicletas","fator_r_sim_sem_par","/consulta-cnae/comercio-e-reparacao-de-veiculos-automotores-e-motocicletas/4512901-representantes-comerciais-e-agentes-do-comercio-de-veiculos-automotores/"
"7","4530702","4530702","Comércio por atacado de pneumáticos e câmaras-de-ar","I","Não","4","Atende","comercio-e-reparacao-de-veiculos-automotores-e-motocicletas","","/consulta-cnae/comercio-e-reparacao-de-veiculos-automotores-e-motocicletas/4530702-comercio-por-atacado-de-pneumaticos-e-camaras-de-ar/"
"8","4530703","4530703","Comércio a varejo de peças e acessórios novos para veículos automotores","I","Não","4","Atende","comercio-e-reparacao-de-veiculos-automotores-e-motocicletas","","/consulta-cnae/comercio-e-reparacao-de-veiculos-automotores-e-motocicletas/4530703-comercio-a-varejo-de-pecas-e-acessorios-novos-para-veiculos-automotores/"
"9","4530704","4530704","Comércio a varejo de peças e acessórios usados para veículos automotores","I","Não","4","Atende","comercio-e-reparacao-de-veiculos-automotores-e-motocicletas","","/consulta-cnae/comercio-e-reparacao-de-veiculos-automotores-e-motocicletas/4530704-comercio-a-varejo-de-pecas-e-acessorios-usados-para-veiculos-automotores/"
"10","4530705","4530705","Comércio a varejo de pneumáticos e câmaras-de-ar","I","Não","4","Atende","comercio-e-reparacao-de-veiculos-automotores-e-motocicletas","","/consulta-cnae/comercio-e-reparacao-de-veiculos-automotores-e-motocicletas/4530705-comercio-a-varejo-de-pneumaticos-e-camaras-de-ar/"
"11","4530706","4530706","Representantes comerciais e agentes do comércio de peças e acessórios novos e usados para veículos automotores","V","Sim","15.5","Atende","comercio-e-reparacao-de-veiculos-automotores-e-motocicletas","fator_r_sim_sem_par","/consulta-cnae/comercio-e-reparacao-de-veiculos-automotores-e-motocicletas/4530706-representantes-comerciais-e-agentes-do-comercio-de-pecas-e-acessorios-novos-e-usados-para-veiculos-automotores/"
"12","4541202","4541202","Comércio por atacado de peças e acessórios para motocicletas e motonetas","I","Não","4","Atende","comercio-e-reparacao-de-veiculos-automotores-e-motocicletas","","/consulta-cnae/comercio-e-reparacao-de-veiculos-automotores-e-motocicletas/4541202-comercio-por-atacado-de-pecas-e-acessorios-para-motocicletas-e-motonetas/"
"13","4541206","4541206","Comércio a varejo de peças e acessórios novos para motocicletas e motonetas","I","Não","4","Atende","comercio-e-reparacao-de-veiculos-automotores-e-motocicletas","","/consulta-cnae/comercio-e-reparacao-de-veiculos-automotores-e-motocicletas/4541206-comercio-a-varejo-de-pecas-e-acessorios-novos-para-motocicletas-e-motonetas/"
"14","4541207","4541207","Comércio a varejo de peças e acessórios usados para motocicletas e motonetas","I","Não","4","Atende","comercio-e-reparacao-de-veiculos-automotores-e-motocicletas","","/consulta-cnae/comercio-e-reparacao-de-veiculos-automotores-e-motocicletas/4541207-comercio-a-varejo-de-pecas-e-acessorios-usados-para-motocicletas-e-motonetas/"
"15","4542101","4542101","Representantes comerciais e agentes do comércio de motocicletas e motonetas, peças e acessórios","V","Sim","15.5","Atende","comercio-e-reparacao-de-veiculos-automotores-e-motocicletas","fator_r_sim_sem_par","/consulta-cnae/comercio-e-reparacao-de-veiculos-automotores-e-motocicletas/4542101-representantes-comerciais-e-agentes-do-comercio-de-motocicletas-e-motonetas-pecas-e-acessorios/"
"16","4611700","4611700","Representantes comerciais e agentes do comércio de matérias-primas agrícolas e animais vivos","V","Sim","15.5","Atende","comercio-por-atacado-exceto-veiculos-automotores-e-motocicletas","fator_r_sim_sem_par","/consulta-cnae/comercio-por-atacado-exceto-veiculos-automotores-e-motocicletas/4611700-representantes-comerciais-e-agentes-do-comercio-de-materias-primas-agricolas-e-animais-vivos/"
"17","4612500","4612500","Representantes comerciais e agentes do comércio de combustíveis, minerais, produtos siderúrgicos e químicos","V","Sim","15.5","Atende","comercio-por-atacado-exceto-veiculos-automotores-e-motocicletas","fator_r_sim_sem_par","/consulta-cnae/comercio-por-atacado-exceto-veiculos-automotores-e-motocicletas/4612500-representantes-comerciais-e-agentes-do-comercio-de-combustiveis-minerais-produtos-siderurgicos-e-quimicos/"
"18","4613300","4613300","Representantes comerciais e agentes do comércio de madeira, material de construção e ferragens","V","Sim","15.5","Atende","comercio-por-atacado-exceto-veiculos-automotores-e-motocicletas","fator_r_sim_sem_par","/consulta-cnae/comercio-por-atacado-exceto-veiculos-automotores-e-motocicletas/4613300-representantes-comerciais-e-agentes-do-comercio-de-madeira-material-de-construcao-e-ferragens/"
"19","4614100","4614100","Representantes comerciais e agentes do comércio de máquinas, equipamentos, embarcações e aeronaves","V","Sim","15.5","Atende","comercio-por-atacado-exceto-veiculos-automotores-e-motocicletas","fator_r_sim_sem_par","/consulta-cnae/comercio-por-atacado-exceto-veiculos-automotores-e-motocicletas/4614100-representantes-comerciais-e-agentes-do-comercio-de-maquinas-equipamentos-embarcacoes-e-aeronaves/"
"20","4615000","4615000","Representantes comerciais e agentes do comércio de eletrodomésticos, móveis e artigos de uso doméstico","V","Sim","15.5","Atende","comercio-por-atacado-exceto-veiculos-automotores-e-motocicletas","fator_r_sim_sem_par","/consulta-cnae/comercio-por-atacado-exceto-veiculos-automotores-e-motocicletas/4615000-representantes-comerciais-e-agentes-do-comercio-de-eletrodomesticos-moveis-e-artigos-de-uso-domestico/"
"21","4616800","4616800","Representantes comerciais e agentes do comércio de têxteis, vestuário, calçados e artigos de viagem","V","Sim","15.5","Atende","comercio-por-atacado-exceto-veiculos-automotores-e-motocicletas","fator_r_sim_sem_par","/consulta-cnae/comercio-por-atacado-exceto-veiculos-automotores-e-motocicletas/4616800-representantes-comerciais-e-agentes-do-comercio-de-texteis-vestuario-calcados-e-artigos-de-viagem/"
"22","4617600","4617600","Representantes comerciais e agentes do comércio de produtos alimentícios, bebidas e fumo","V","Sim","15.5","Atende","comercio-por-atacado-exceto-veiculos-automotores-e-motocicletas","fator_r_sim_sem_par","/consulta-cnae/comercio-por-atacado-exceto-veiculos-automotores-e-motocicletas/4617600-representantes-comerciais-e-agentes-do-comercio-de-produtos-alimenticios-bebidas-e-fumo/"
"23","4618401","4618401","Representantes comerciais e agentes do comércio de medicamentos, cosméticos e produtos de perfumaria","V","Sim","15.5","Atende","comercio-por-atacado-exceto-veiculos-automotores-e-motocicletas","fator_r_sim_sem_par","/consulta-cnae/comercio-por-atacado-exceto-veiculos-automotores-e-motocicletas/4618401-representantes-comerciais-e-agentes-do-comercio-de-medicamentos-cosmeticos-e-produtos-de-perfumaria/"
"24","4618402","4618402","Representantes comerciais e agentes do comércio de instrumentos e materiais odonto-médico-hospitalares","V","Sim","15.5","Atende","comercio-por-atacado-exceto-veiculos-automotores-e-motocicletas","fator_r_sim_sem_par","/consulta-cnae/comercio-por-atacado-exceto-veiculos-automotores-e-motocicletas/4618402-representantes-comerciais-e-agentes-do-comercio-de-instrumentos-e-materiais-odonto-medico-hospitalares/"
"25","4618403","4618403","Representantes comerciais e agentes do comércio de jornais, revistas e outras publicações","V","Sim","15.5","Atende","comercio-por-atacado-exceto-veiculos-automotores-e-motocicletas","fator_r_sim_sem_par","/consulta-cnae/comercio-por-atacado-exceto-veiculos-automotores-e-motocicletas/4618403-representantes-comerciais-e-agentes-do-comercio-de-jornais-revistas-e-outras-publicacoes/"
"26","4618499","4618499","Outros representantes comerciais e agentes do comércio especializado em produtos não especificados anteriormente","V","Sim","15.5","Atende","comercio-por-atacado-exceto-veiculos-automotores-e-motocicletas","fator_r_sim_sem_par","/consulta-cnae/comercio-por-atacado-exceto-veiculos-automotores-e-motocicletas/4618499-outros-representantes-comerciais-e-agentes-do-comercio-especializado-em-produtos-nao-especificados-anteriormente/"
"27","4619200","4619200","Representantes comerciais e agentes do comércio de mercadorias em geral não especializado","V","Sim","15.5","Atende","comercio-por-atacado-exceto-veiculos-automotores-e-motocicletas","fator_r_sim_sem_par","/consulta-cnae/comercio-por-atacado-exceto-veiculos-automotores-e-motocicletas/4619200-representantes-comerciais-e-agentes-do-comercio-de-mercadorias-em-geral-nao-especializado/"
"28","4711301","4711301","Comércio varejista de mercadorias em geral, com predominância de produtos alimentícios – hipermercados","I","Não","4","Atende","comercio-varejista","","/consulta-cnae/comercio-varejista/4711301-comercio-varejista-de-mercadorias-em-geral-com-predominancia-de-produtos-alimenticios-hipermercados/"
"29","4711302","4711302","Comércio varejista de mercadorias em geral, com predominância de produtos alimentícios – supermercados","I","Não","4","Atende","comercio-varejista","","/consulta-cnae/comercio-varejista/4711302-comercio-varejista-de-mercadorias-em-geral-com-predominancia-de-produtos-alimenticios-supermercados/"
"30","4712100","4712100","Comércio varejista de mercadorias em geral, com predominância de produtos alimentícios – minimercados, mercearias e armazéns","I","Não","4","Atende","comercio-varejista","","/consulta-cnae/comercio-varejista/4712100-comercio-varejista-de-mercadorias-em-geral-com-predominancia-de-produtos-alimenticios-minimercados-mercearias-e-armazens/"
"31","4713002","4713002","Lojas de variedades, exceto lojas de departamentos ou magazines","I","Não","4","Atende","comercio-varejista","","/consulta-cnae/comercio-varejista/4713002-lojas-de-variedades-exceto-lojas-de-departamentos-ou-magazines/"
"32","4713004","4713004","Lojas de departamentos ou magazines, exceto lojas francas (duty free)","I","Não","4","Atende","comercio-varejista","","/consulta-cnae/comercio-varejista/4713004-lojas-de-departamentos-ou-magazines-exceto-lojas-francas-duty-free/"
"33","4721102","4721102","Padaria e confeitaria com predominância de revenda","I","Não","4","Atende","comercio-varejista","","/consulta-cnae/comercio-varejista/4721102-padaria-e-confeitaria-com-predominancia-de-revenda/"
"34","4721103","4721103","Comércio varejista de laticínios e frios","I","Não","4","Atende","comercio-varejista","","/consulta-cnae/comercio-varejista/4721103-comercio-varejista-de-laticinios-e-frios/"
"35","4721104","4721104","Comércio varejista de doces, balas, bombons e semelhantes","I","Não","4","Atende","comercio-varejista","","/consulta-cnae/comercio-varejista/4721104-comercio-varejista-de-doces-balas-bombons-e-semelhantes/"
"36","4723700","4723700","Comércio varejista de bebidas","I","Não","4","Atende","comercio-varejista","","/consulta-cnae/comercio-varejista/4723700-comercio-varejista-de-bebidas/"
"37","4724500","4724500","Comércio varejista de hortifrutigranjeiros","I","Não","4","Atende","comercio-varejista","","/consulta-cnae/comercio-varejista/4724500-comercio-varejista-de-hortifrutigranjeiros/"
"38","4729601","4729601","Tabacaria","I","Não","4","Atende","comercio-varejista","","/consulta-cnae/comercio-varejista/4729601-tabacaria/"
"39","4729699","4729699","Comércio varejista de produtos alimentícios em geral ou especializado em produtos alimentícios não especificados anteriormente","I","Não","4","Atende","comercio-varejista","","/consulta-cnae/comercio-varejista/4729699-comercio-varejista-de-produtos-alimenticios-em-geral-ou-especializado-em-produtos-alimenticios-nao-especificados-anteriormente/"
"40","4743100","4743100","Comércio varejista de vidros","I","Não","4","Atende","comercio-varejista","","/consulta-cnae/comercio-varejista/4743100-comercio-varejista-de-vidros/"
"41","4744002","4744002","Comércio varejista de madeira e artefatos","I","Não","4","Atende","comercio-varejista","","/consulta-cnae/comercio-varejista/4744002-comercio-varejista-de-madeira-e-artefatos/"
"42","4751201","4751201","Comércio varejista especializado de equipamentos e suprimentos de informática","I","Não","4","Atende","comercio-varejista","","/consulta-cnae/comercio-varejista/4751201-comercio-varejista-especializado-de-equipamentos-e-suprimentos-de-informatica/"
"43","4751202","4751202","Recarga de cartuchos para equipamentos de informática","III","Não","6","Atende","comercio-varejista","","/consulta-cnae/comercio-varejista/4751202-recarga-de-cartuchos-para-equipamentos-de-informatica/"
"44","4752100","4752100","Comércio varejista especializado de equipamentos de telefonia e comunicação","I","Não","4","Atende","comercio-varejista","","/consulta-cnae/comercio-varejista/4752100-comercio-varejista-especializado-de-equipamentos-de-telefonia-e-comunicacao/"
"45","4753900","4753900","Comércio varejista especializado de eletrodomésticos e equipamentos de áudio e vídeo","I","Não","4","Atende","comercio-varejista","","/consulta-cnae/comercio-varejista/4753900-comercio-varejista-especializado-de-eletrodomesticos-e-equipamentos-de-audio-e-video/"
"46","4754701","4754701","Comércio varejista de móveis","I","Não","4","Atende","comercio-varejista","","/consulta-cnae/comercio-varejista/4754701-comercio-varejista-de-moveis/"
"47","4754702","4754702","Comércio varejista de artigos de colchoaria","I","Não","4","Atende","comercio-varejista","","/consulta-cnae/comercio-varejista/4754702-comercio-varejista-de-artigos-de-colchoaria/"
"48","4754703","4754703","Comércio varejista de artigos de iluminação","I","Não","4","Atende","comercio-varejista","","/consulta-cnae/comercio-varejista/4754703-comercio-varejista-de-artigos-de-iluminacao/"
"49","4755501","4755501","Comércio varejista de tecidos","I","Não","4","Atende","comercio-varejista","","/consulta-cnae/comercio-varejista/4755501-comercio-varejista-de-tecidos/"
"50","4755502","4755502","Comércio varejista de artigos de armarinho","I","Não","4","Atende","comercio-varejista","","/consulta-cnae/comercio-varejista/4755502-comercio-varejista-de-artigos-de-armarinho/"
"51","4755503","4755503","Comércio varejista de artigos de cama, mesa e banho","I","Não","4","Atende","comercio-varejista","","/consulta-cnae/comercio-varejista/4755503-comercio-varejista-de-artigos-de-cama-mesa-e-banho/"
"52","4756300","4756300","Comércio varejista especializado de instrumentos musicais e acessórios","I","Não","4","Atende","comercio-varejista","","/consulta-cnae/comercio-varejista/4756300-comercio-varejista-especializado-de-instrumentos-musicais-e-acessorios/"
"53","4757100","4757100","Comércio varejista especializado de peças e acessórios para aparelhos eletroeletrônicos para uso doméstico, exceto informática e comunicação","I","Não","4","Atende","comercio-varejista","","/consulta-cnae/comercio-varejista/4757100-comercio-varejista-especializado-de-pecas-e-acessorios-para-aparelhos-eletroeletronicos-para-uso-domestico-exceto-informatica-e-comunicacao/"
"54","4759801","4759801","Comércio varejista de artigos de tapeçaria, cortinas e persianas","I","Não","4","Atende","comercio-varejista","","/consulta-cnae/comercio-varejista/4759801-comercio-varejista-de-artigos-de-tapecaria-cortinas-e-persianas/"
"55","4759899","4759899","Comércio varejista de outros artigos de uso doméstico não especificados anteriormente","I","Não","4","Atende","comercio-varejista","","/consulta-cnae/comercio-varejista/4759899-comercio-varejista-de-outros-artigos-de-uso-domestico-nao-especificados-anteriormente/"
"56","4761001","4761001","Comércio varejista de livros","I","Não","4","Atende","comercio-varejista","","/consulta-cnae/comercio-varejista/4761001-comercio-varejista-de-livros/"
"57","4761002","4761002","Comércio varejista de jornais e revistas","I","Não","4","Atende","comercio-varejista","","/consulta-cnae/comercio-varejista/4761002-comercio-varejista-de-jornais-e-revistas/"
"58","4761003","4761003","Comércio varejista de artigos de papelaria","I","Não","4","Atende","comercio-varejista","","/consulta-cnae/comercio-varejista/4761003-comercio-varejista-de-artigos-de-papelaria/"
"59","4762800","4762800","Comércio varejista de discos, cds, dvds e fitas","I","Não","4","Atende","comercio-varejista","","/consulta-cnae/comercio-varejista/4762800-comercio-varejista-de-discos-cds-dvds-e-fitas/"
"60","4763601","4763601","Comércio varejista de brinquedos e artigos recreativos","I","Não","4","Atende","comercio-varejista","","/consulta-cnae/comercio-varejista/4763601-comercio-varejista-de-brinquedos-e-artigos-recreativos/"
"61","4763602","4763602","Comércio varejista de artigos esportivos","I","Não","4","Atende","comercio-varejista","","/consulta-cnae/comercio-varejista/4763602-comercio-varejista-de-artigos-esportivos/"
"62","4763603","4763603","Comércio varejista de bicicletas e triciclos peças e acessórios","I","Não","4","Atende","comercio-varejista","","/consulta-cnae/comercio-varejista/4763603-comercio-varejista-de-bicicletas-e-triciclos-pecas-e-acessorios/"
"63","4763604","4763604","Comércio varejista de artigos de caça, pesca e camping","I","Não","4","Atende","comercio-varejista","","/consulta-cnae/comercio-varejista/4763604-comercio-varejista-de-artigos-de-caca-pesca-e-camping/"
"64","4772500","4772500","Comércio varejista de cosméticos, produtos de perfumaria e de higiene pessoal","I","Não","4","Atende","comercio-varejista","","/consulta-cnae/comercio-varejista/4772500-comercio-varejista-de-cosmeticos-produtos-de-perfumaria-e-de-higiene-pessoal/"
"65","4774100","4774100","Comércio varejista de artigos de óptica","I","Não","4","Atende","comercio-varejista","","/consulta-cnae/comercio-varejista/4774100-comercio-varejista-de-artigos-de-optica/"
"66","4781400","4781400","Comércio varejista de artigos do vestuário e acessórios","I","Não","4","Atende","comercio-varejista","","/consulta-cnae/comercio-varejista/4781400-comercio-varejista-de-artigos-do-vestuario-e-acessorios/"
"67","4782201","4782201","Comércio varejista de calçados","I","Não","4","Atende","comercio-varejista","","/consulta-cnae/comercio-varejista/4782201-comercio-varejista-de-calcados/"
"68","4782202","4782202","Comércio varejista de artigos de viagem","I","Não","4","Atende","comercio-varejista","","/consulta-cnae/comercio-varejista/4782202-comercio-varejista-de-artigos-de-viagem/"
"69","4783102","4783102","Comércio varejista de artigos de relojoaria","I","Não","4","Atende","comercio-varejista","","/consulta-cnae/comercio-varejista/4783102-comercio-varejista-de-artigos-de-relojoaria/"
"70","4785701","4785701","Comércio varejista de antigüidades","I","Não","4","Atende","comercio-varejista","","/consulta-cnae/comercio-varejista/4785701-comercio-varejista-de-antiguidades/"
"71","4785799","4785799","Comércio varejista de outros artigos usados","I","Não","4","Atende","comercio-varejista","","/consulta-cnae/comercio-varejista/4785799-comercio-varejista-de-outros-artigos-usados/"
"72","4789001","4789001","Comércio varejista de suvenires, bijuterias e artesanatos","I","Não","4","Atende","comercio-varejista","","/consulta-cnae/comercio-varejista/4789001-comercio-varejista-de-suvenires-bijuterias-e-artesanatos/"
"73","4789002","4789002","Comércio varejista de plantas e flores naturais","I","Não","4","Atende","comercio-varejista","","/consulta-cnae/comercio-varejista/4789002-comercio-varejista-de-plantas-e-flores-naturais/"
"74","4789003","4789003","Comércio varejista de objetos de arte","I","Não","4","Atende","comercio-varejista","","/consulta-cnae/comercio-varejista/4789003-comercio-varejista-de-objetos-de-arte/"
"75","4789007","4789007","Comércio varejista de equipamentos para escritório","I","Não","4","Atende","comercio-varejista","","/consulta-cnae/comercio-varejista/4789007-comercio-varejista-de-equipamentos-para-escritorio/"
"76","4789008","4789008","Comércio varejista de artigos fotográficos e para filmagem","I","Não","4","Atende","comercio-varejista","","/consulta-cnae/comercio-varejista/4789008-comercio-varejista-de-artigos-fotograficos-e-para-filmagem/"
"77","4789099","4789099","Comércio varejista de outros produtos não especificados anteriormente","I","Não","4","Atende","comercio-varejista","","/consulta-cnae/comercio-varejista/4789099-comercio-varejista-de-outros-produtos-nao-especificados-anteriormente/"
"78","5611201","5611201","Restaurantes e similares","I","Não","4","Atende","alimentacao","","/consulta-cnae/alimentacao/5611201-restaurantes-e-similares/"
"79","5611203","5611203","Lanchonetes, casas de chá, de sucos e similares","I","Não","4","Atende","alimentacao","","/consulta-cnae/alimentacao/5611203-lanchonetes-casas-de-cha-de-sucos-e-similares/"
"80","5611204","5611204","Bares e outros estabelecimentos especializados em servir bebidas, sem entretenimento","I","Não","4","Atende","alimentacao","","/consulta-cnae/alimentacao/5611204-bares-e-outros-estabelecimentos-especializados-em-servir-bebidas-sem-entretenimento/"
"81","5620101","5620101","Fornecimento de alimentos preparados preponderantemente para empresas","I","Não","4","Atende","alimentacao","","/consulta-cnae/alimentacao/5620101-fornecimento-de-alimentos-preparados-preponderantemente-para-empresas/"
"82","5620103","5620103","Cantinas – serviços de alimentação privativos","I","Não","4","Atende","alimentacao","","/consulta-cnae/alimentacao/5620103-cantinas-servicos-de-alimentacao-privativos/"
"83","5620104","5620104","Fornecimento de alimentos preparados preponderantemente para consumo domiciliar","I","Não","4","Atende","alimentacao","","/consulta-cnae/alimentacao/5620104-fornecimento-de-alimentos-preparados-preponderantemente-para-consumo-domiciliar/"
"84","5911101","5911101","Estúdios cinematográficos","III","Não","6","Atende","atividades-cinematograficas-producao-de-videos-e-de-programas-de-televisao-gravacao-de-som-e-edicao-de-musica","","/consulta-cnae/atividades-cinematograficas-producao-de-videos-e-de-programas-de-televisao-gravacao-de-som-e-edicao-de-musica/5911101-estudios-cinematograficos/"
"85","5911102","5911102","Produção de filmes para publicidade","III","Não","6","Atende","atividades-cinematograficas-producao-de-videos-e-de-programas-de-televisao-gravacao-de-som-e-edicao-de-musica","","/consulta-cnae/atividades-cinematograficas-producao-de-videos-e-de-programas-de-televisao-gravacao-de-som-e-edicao-de-musica/5911102-producao-de-filmes-para-publicidade/"
"86","5911199","5911199","Atividades de produção cinematográfica, de vídeos e de programas de televisão não especificadas anteriormente","III","Não","6","Atende","atividades-cinematograficas-producao-de-videos-e-de-programas-de-televisao-gravacao-de-som-e-edicao-de-musica","","/consulta-cnae/atividades-cinematograficas-producao-de-videos-e-de-programas-de-televisao-gravacao-de-som-e-edicao-de-musica/5911199-atividades-de-producao-cinematografica-de-videos-e-de-programas-de-televisao-nao-especificadas-anteriormente/"
"87","5912001","5912001","Serviços de dublagem","III","Não","6","Atende","atividades-cinematograficas-producao-de-videos-e-de-programas-de-televisao-gravacao-de-som-e-edicao-de-musica","","/consulta-cnae/atividades-cinematograficas-producao-de-videos-e-de-programas-de-televisao-gravacao-de-som-e-edicao-de-musica/5912001-servicos-de-dublagem/"
"88","5912002","5912002","Serviços de mixagem sonora em produção audiovisual","III","Não","6","Atende","atividades-cinematograficas-producao-de-videos-e-de-programas-de-televisao-gravacao-de-som-e-edicao-de-musica","","/consulta-cnae/atividades-cinematograficas-producao-de-videos-e-de-programas-de-televisao-gravacao-de-som-e-edicao-de-musica/5912002-servicos-de-mixagem-sonora-em-producao-audiovisual/"
"89","5912099","5912099","Atividades de pós-produção cinematográfica, de vídeos e de programas de televisão não especificadas anteriormente","III","Não","6","Atende","atividades-cinematograficas-producao-de-videos-e-de-programas-de-televisao-gravacao-de-som-e-edicao-de-musica","","/consulta-cnae/atividades-cinematograficas-producao-de-videos-e-de-programas-de-televisao-gravacao-de-som-e-edicao-de-musica/5912099-atividades-de-pos-producao-cinematografica-de-videos-e-de-programas-de-televisao-nao-especificadas-anteriormente/"
"90","5913800","5913800","Distribuição cinematográfica, de vídeo e de programas de televisão","III","Não","6","Atende","atividades-cinematograficas-producao-de-videos-e-de-programas-de-televisao-gravacao-de-som-e-edicao-de-musica","","/consulta-cnae/atividades-cinematograficas-producao-de-videos-e-de-programas-de-televisao-gravacao-de-som-e-edicao-de-musica/5913800-distribuicao-cinematografica-de-video-e-de-programas-de-televisao/"
"91","5914600","5914600","Atividades de exibição cinematográfica","III","Não","6","Atende","atividades-cinematograficas-producao-de-videos-e-de-programas-de-televisao-gravacao-de-som-e-edicao-de-musica","","/consulta-cnae/atividades-cinematograficas-producao-de-videos-e-de-programas-de-televisao-gravacao-de-som-e-edicao-de-musica/5914600-atividades-de-exibicao-cinematografica/"
"92","5920100","5920100","Atividades de gravação de som e de edição de música","III","Não","6","Atende","atividades-cinematograficas-producao-de-videos-e-de-programas-de-televisao-gravacao-de-som-e-edicao-de-musica","","/consulta-cnae/atividades-cinematograficas-producao-de-videos-e-de-programas-de-televisao-gravacao-de-som-e-edicao-de-musica/5920100-atividades-de-gravacao-de-som-e-de-edicao-de-musica/"
"93","6201501","6201501","Desenvolvimento de programas de computador sob encomenda","V","Sim","15.5","Atende","atividades-dos-servicos-de-tecnologia-da-informacao","par_fator_r","/consulta-cnae/atividades-dos-servicos-de-tecnologia-da-informacao/6201501-desenvolvimento-de-programas-de-computador-sob-encomenda/"
"94","6201501","6201501","Desenvolvimento de programas de computador sob encomenda","III","Sim","6","Atende","atividades-dos-servicos-de-tecnologia-da-informacao","par_fator_r","/consulta-cnae/atividades-dos-servicos-de-tecnologia-da-informacao/6201501-desenvolvimento-de-programas-de-computador-sob-encomenda/"
"95","6201502","6201502","Web design","V","Sim","15.5","Atende","atividades-dos-servicos-de-tecnologia-da-informacao","par_fator_r","/consulta-cnae/atividades-dos-servicos-de-tecnologia-da-informacao/6201502-web-design/"
"96","6201502","6201502","Web design","III","Sim","6","Atende","atividades-dos-servicos-de-tecnologia-da-informacao","par_fator_r","/consulta-cnae/atividades-dos-servicos-de-tecnologia-da-informacao/6201502-web-design/"
"97","6202300","6202300","Desenvolvimento e licenciamento de programas de computador customizáveis","V","Sim","15.5","Atende","atividades-dos-servicos-de-tecnologia-da-informacao","par_fator_r","/consulta-cnae/atividades-dos-servicos-de-tecnologia-da-informacao/6202300-desenvolvimento-e-licenciamento-de-programas-de-computador-customizaveis/"
"98","6202300","6202300","Desenvolvimento e licenciamento de programas de computador customizáveis","III","Sim","6","Atende","atividades-dos-servicos-de-tecnologia-da-informacao","par_fator_r","/consulta-cnae/atividades-dos-servicos-de-tecnologia-da-informacao/6202300-desenvolvimento-e-licenciamento-de-programas-de-computador-customizaveis/"
"99","6203100","6203100","Desenvolvimento e licenciamento de programas de computador não-customizáveis","V","Sim","15.5","Atende","atividades-dos-servicos-de-tecnologia-da-informacao","par_fator_r","/consulta-cnae/atividades-dos-servicos-de-tecnologia-da-informacao/6203100-desenvolvimento-e-licenciamento-de-programas-de-computador-nao-customizaveis/"
"100","6203100","6203100","Desenvolvimento e licenciamento de programas de computador não-customizáveis","III","Sim","6","Atende","atividades-dos-servicos-de-tecnologia-da-informacao","par_fator_r","/consulta-cnae/atividades-dos-servicos-de-tecnologia-da-informacao/6203100-desenvolvimento-e-licenciamento-de-programas-de-computador-nao-customizaveis/"
"101","6204000","6204000","Consultoria em tecnologia da informação","V","Sim","15.5","Atende","atividades-dos-servicos-de-tecnologia-da-informacao","fator_r_sim_sem_par","/consulta-cnae/atividades-dos-servicos-de-tecnologia-da-informacao/6204000-consultoria-em-tecnologia-da-informacao/"
"102","6209100","6209100","Suporte técnico, manutenção e outros serviços em tecnologia da informação","V","Sim","15.5","Atende","atividades-dos-servicos-de-tecnologia-da-informacao","par_fator_r","/consulta-cnae/atividades-dos-servicos-de-tecnologia-da-informacao/6209100-suporte-tecnico-manutencao-e-outros-servicos-em-tecnologia-da-informacao/"
"103","6209100","6209100","Suporte técnico, manutenção e outros serviços em tecnologia da informação","III","Sim","6","Atende","atividades-dos-servicos-de-tecnologia-da-informacao","par_fator_r","/consulta-cnae/atividades-dos-servicos-de-tecnologia-da-informacao/6209100-suporte-tecnico-manutencao-e-outros-servicos-em-tecnologia-da-informacao/"
"104","6311900","6311900","Tratamento de dados, provedores de serviços de aplicação e serviços de hospedagem na internet","V","Sim","15.5","Atende","atividades-de-prestacao-de-servicos-de-informacao","par_fator_r","/consulta-cnae/atividades-de-prestacao-de-servicos-de-informacao/6311900-tratamento-de-dados-provedores-de-servicos-de-aplicacao-e-servicos-de-hospedagem-na-internet/"
"105","6311900","6311900","Tratamento de dados, provedores de serviços de aplicação e serviços de hospedagem na internet","III","Sim","6","Atende","atividades-de-prestacao-de-servicos-de-informacao","par_fator_r","/consulta-cnae/atividades-de-prestacao-de-servicos-de-informacao/6311900-tratamento-de-dados-provedores-de-servicos-de-aplicacao-e-servicos-de-hospedagem-na-internet/"
"106","6319400","6319400","Portais, provedores de conteúdo e outros serviços de informação na internet","V","Sim","15.5","Atende","atividades-de-prestacao-de-servicos-de-informacao","par_fator_r","/consulta-cnae/atividades-de-prestacao-de-servicos-de-informacao/6319400-portais-provedores-de-conteudo-e-outros-servicos-de-informacao-na-internet/"
"107","6319400","6319400","Portais, provedores de conteúdo e outros serviços de informação na internet","III","Sim","6","Atende","atividades-de-prestacao-de-servicos-de-informacao","par_fator_r","/consulta-cnae/atividades-de-prestacao-de-servicos-de-informacao/6319400-portais-provedores-de-conteudo-e-outros-servicos-de-informacao-na-internet/"
"108","6391700","6391700","Agências de notícias","III","Não","6","Atende","atividades-de-prestacao-de-servicos-de-informacao","","/consulta-cnae/atividades-de-prestacao-de-servicos-de-informacao/6391700-agencias-de-noticias/"
"109","6399200","6399200","Outras atividades de prestação de serviços de informação não especificadas anteriormente","III","Não","6","Atende","atividades-de-prestacao-de-servicos-de-informacao","","/consulta-cnae/atividades-de-prestacao-de-servicos-de-informacao/6399200-outras-atividades-de-prestacao-de-servicos-de-informacao-nao-especificadas-anteriormente/"
"110","6619302","6619302","Correspondentes de instituições financeiras","III","Não","6","Atende","atividades-auxiliares-dos-servicos-financeiros-seguros-previdencia-complementar-e-planos-de-saude","","/consulta-cnae/atividades-auxiliares-dos-servicos-financeiros-seguros-previdencia-complementar-e-planos-de-saude/6619302-correspondentes-de-instituicoes-financeiras/"
"111","6621501","6621501","Peritos e avaliadores de seguros","V","Sim","15.5","Atende","atividades-auxiliares-dos-servicos-financeiros-seguros-previdencia-complementar-e-planos-de-saude","fator_r_sim_sem_par","/consulta-cnae/atividades-auxiliares-dos-servicos-financeiros-seguros-previdencia-complementar-e-planos-de-saude/6621501-peritos-e-avaliadores-de-seguros/"
"112","6621502","6621502","Auditoria e consultoria atuarial","V","Sim","15.5","Atende","atividades-auxiliares-dos-servicos-financeiros-seguros-previdencia-complementar-e-planos-de-saude","fator_r_sim_sem_par","/consulta-cnae/atividades-auxiliares-dos-servicos-financeiros-seguros-previdencia-complementar-e-planos-de-saude/6621502-auditoria-e-consultoria-atuarial/"
"113","6622300","6622300","Corretores e agentes de seguros, de planos de previdência complementar e de saúde","III","Não","6","Atende","atividades-auxiliares-dos-servicos-financeiros-seguros-previdencia-complementar-e-planos-de-saude","","/consulta-cnae/atividades-auxiliares-dos-servicos-financeiros-seguros-previdencia-complementar-e-planos-de-saude/6622300-corretores-e-agentes-de-seguros-de-planos-de-previdencia-complementar-e-de-saude/"
"114","6629100","6629100","Atividades auxiliares dos seguros, da previdência complementar e dos planos de saúde não especificadas anteriormente","III","Não","6","Atende","atividades-auxiliares-dos-servicos-financeiros-seguros-previdencia-complementar-e-planos-de-saude","","/consulta-cnae/atividades-auxiliares-dos-servicos-financeiros-seguros-previdencia-complementar-e-planos-de-saude/6629100-atividades-auxiliares-dos-seguros-da-previdencia-complementar-e-dos-planos-de-saude-nao-especificadas-anteriormente/"
"115","6821801","6821801","Corretagem na compra e venda e avaliação de imóveis","III","Não","6","Atende","atividades-imobiliarias","","/consulta-cnae/atividades-imobiliarias/6821801-corretagem-na-compra-e-venda-e-avaliacao-de-imoveis/"
"116","6821802","6821802","Corretagem no aluguel de imóveis","III","Não","6","Atende","atividades-imobiliarias","","/consulta-cnae/atividades-imobiliarias/6821802-corretagem-no-aluguel-de-imoveis/"
"117","6911701","6911701","Serviços advocatícios","IV","Não","4.5","Atende","atividades-juridicas-de-contabilidade-e-de-auditoria","","/consulta-cnae/atividades-juridicas-de-contabilidade-e-de-auditoria/6911701-servicos-advocaticios/"
"118","6911703","6911703","Agente de propriedade industrial","V","Sim","15.5","Atende","atividades-juridicas-de-contabilidade-e-de-auditoria","fator_r_sim_sem_par","/consulta-cnae/atividades-juridicas-de-contabilidade-e-de-auditoria/6911703-agente-de-propriedade-industrial/"
"119","7020400","7020400","Atividades de consultoria em gestão empresarial, exceto consultoria técnica específica","V","Sim","15.5","Atende","atividades-de-sedes-de-empresas-e-de-consultoria-em-gestao-empresarial","fator_r_sim_sem_par","/consulta-cnae/atividades-de-sedes-de-empresas-e-de-consultoria-em-gestao-empresarial/7020400-atividades-de-consultoria-em-gestao-empresarial-exceto-consultoria-tecnica-especifica/"
"120","7111100","7111100","Serviços de arquitetura","III","Sim","6","Atende","servicos-de-arquitetura-e-engenharia-testes-e-analises-tecnicas","fator_r_sim_sem_par","/consulta-cnae/servicos-de-arquitetura-e-engenharia-testes-e-analises-tecnicas/7111100-servicos-de-arquitetura/"
"121","7112000","7112000","Serviços de engenharia","V","Sim","15.5","Atende","servicos-de-arquitetura-e-engenharia-testes-e-analises-tecnicas","fator_r_sim_sem_par","/consulta-cnae/servicos-de-arquitetura-e-engenharia-testes-e-analises-tecnicas/7112000-servicos-de-engenharia/"
"122","7119701","7119701","Serviços de cartografia, topografia e geodésia","V","Sim","15.5","Atende","servicos-de-arquitetura-e-engenharia-testes-e-analises-tecnicas","fator_r_sim_sem_par","/consulta-cnae/servicos-de-arquitetura-e-engenharia-testes-e-analises-tecnicas/7119701-servicos-de-cartografia-topografia-e-geodesia/"
"123","7119702","7119702","Atividades de estudos geológicos","V","Sim","15.5","Atende","servicos-de-arquitetura-e-engenharia-testes-e-analises-tecnicas","fator_r_sim_sem_par","/consulta-cnae/servicos-de-arquitetura-e-engenharia-testes-e-analises-tecnicas/7119702-atividades-de-estudos-geologicos/"
"124","7119703","7119703","Serviços de desenho técnico relacionados à arquitetura e engenharia","V","Sim","15.5","Atende","servicos-de-arquitetura-e-engenharia-testes-e-analises-tecnicas","fator_r_sim_sem_par","/consulta-cnae/servicos-de-arquitetura-e-engenharia-testes-e-analises-tecnicas/7119703-servicos-de-desenho-tecnico-relacionados-a-arquitetura-e-engenharia/"
"125","7119704","7119704","Serviços de perícia técnica relacionados à segurança do trabalho","V","Sim","15.5","Atende","servicos-de-arquitetura-e-engenharia-testes-e-analises-tecnicas","fator_r_sim_sem_par","/consulta-cnae/servicos-de-arquitetura-e-engenharia-testes-e-analises-tecnicas/7119704-servicos-de-pericia-tecnica-relacionados-a-seguranca-do-trabalho/"
"126","7119799","7119799","Atividades técnicas relacionadas à engenharia e arquitetura não especificadas anteriormente","V","Sim","15.5","Atende","servicos-de-arquitetura-e-engenharia-testes-e-analises-tecnicas","fator_r_sim_sem_par","/consulta-cnae/servicos-de-arquitetura-e-engenharia-testes-e-analises-tecnicas/7119799-atividades-tecnicas-relacionadas-a-engenharia-e-arquitetura-nao-especificadas-anteriormente/"
"127","7120100","7120100","Testes e análises técnicas","V","Sim","15.5","Atende","servicos-de-arquitetura-e-engenharia-testes-e-analises-tecnicas","fator_r_sim_sem_par","/consulta-cnae/servicos-de-arquitetura-e-engenharia-testes-e-analises-tecnicas/7120100-testes-e-analises-tecnicas/"
"128","7210000","7210000","Pesquisa e desenvolvimento experimental em ciências físicas e naturais","V","Sim","15.5","Atende","pesquisa-e-desenvolvimento-cientifico","fator_r_sim_sem_par","/consulta-cnae/pesquisa-e-desenvolvimento-cientifico/7210000-pesquisa-e-desenvolvimento-experimental-em-ciencias-fisicas-e-naturais/"
"129","7220700","7220700","Pesquisa e desenvolvimento experimental em ciências sociais e humanas","V","Sim","15.5","Atende","pesquisa-e-desenvolvimento-cientifico","fator_r_sim_sem_par","/consulta-cnae/pesquisa-e-desenvolvimento-cientifico/7220700-pesquisa-e-desenvolvimento-experimental-em-ciencias-sociais-e-humanas/"
"130","7311400","7311400","Agências de publicidade","V","Sim","15.5","Atende","publicidade-e-pesquisa-de-mercado","fator_r_sim_sem_par","/consulta-cnae/publicidade-e-pesquisa-de-mercado/7311400-agencias-de-publicidade/"
"131","7312200","7312200","Agenciamento de espaços para publicidade exceto em veículos de comunicação","III","Não","6","Atende","publicidade-e-pesquisa-de-mercado","","/consulta-cnae/publicidade-e-pesquisa-de-mercado/7312200-agenciamento-de-espacos-para-publicidade-exceto-em-veiculos-de-comunicacao/"
"132","7319001","7319001","Criação de estandes para feiras e exposições","V","Sim","15.5","Atende","publicidade-e-pesquisa-de-mercado","fator_r_sim_sem_par","/consulta-cnae/publicidade-e-pesquisa-de-mercado/7319001-criacao-de-estandes-para-feiras-e-exposicoes/"
"133","7319002","7319002","Promoção de vendas","III","Não","6","Atende","publicidade-e-pesquisa-de-mercado","","/consulta-cnae/publicidade-e-pesquisa-de-mercado/7319002-promocao-de-vendas/"
"134","7319003","7319003","Marketing direto","III","Não","6","Atende","publicidade-e-pesquisa-de-mercado","","/consulta-cnae/publicidade-e-pesquisa-de-mercado/7319003-marketing-direto/"
"135","7319004","7319004","Consultoria em publicidade","V","Sim","15.5","Atende","publicidade-e-pesquisa-de-mercado","fator_r_sim_sem_par","/consulta-cnae/publicidade-e-pesquisa-de-mercado/7319004-consultoria-em-publicidade/"
"136","7319099","7319099","Outras atividades de publicidade não especificadas anteriormente","III","Não","6","Atende","publicidade-e-pesquisa-de-mercado","","/consulta-cnae/publicidade-e-pesquisa-de-mercado/7319099-outras-atividades-de-publicidade-nao-especificadas-anteriormente/"
"137","7320300","7320300","Pesquisas de mercado e de opinião pública","V","Sim","15.5","Atende","publicidade-e-pesquisa-de-mercado","fator_r_sim_sem_par","/consulta-cnae/publicidade-e-pesquisa-de-mercado/7320300-pesquisas-de-mercado-e-de-opiniao-publica/"
"138","7410202","7410202","Design de interiores","V","Sim","15.5","Atende","outras-atividades-profissionais-cientificas-e-tecnicas","par_anomalo","/consulta-cnae/outras-atividades-profissionais-cientificas-e-tecnicas/7410202-design-de-interiores/"
"139","7410202","7410202","Design de interiores","IV","Sim","4.5","Atende","outras-atividades-profissionais-cientificas-e-tecnicas","par_anomalo","/consulta-cnae/outras-atividades-profissionais-cientificas-e-tecnicas/7410202-design-de-interiores/"
"140","7410203","7410203","Design de produto","V","Sim","15.5","Atende","outras-atividades-profissionais-cientificas-e-tecnicas","fator_r_sim_sem_par","/consulta-cnae/outras-atividades-profissionais-cientificas-e-tecnicas/7410203-design-de-produto/"
"141","7410299","7410299","Atividades de design não especificadas anteriormente","V","Sim","15.5","Atende","outras-atividades-profissionais-cientificas-e-tecnicas","fator_r_sim_sem_par","/consulta-cnae/outras-atividades-profissionais-cientificas-e-tecnicas/7410299-atividades-de-design-nao-especificadas-anteriormente/"
"142","7420001","7420001","Atividades de produção de fotografias, exceto aérea e submarina","III","Não","6","Atende","outras-atividades-profissionais-cientificas-e-tecnicas","","/consulta-cnae/outras-atividades-profissionais-cientificas-e-tecnicas/7420001-atividades-de-producao-de-fotografias-exceto-aerea-e-submarina/"
"143","7420002","7420002","Atividades de produção de fotografias aéreas e submarinas","III","Não","6","Atende","outras-atividades-profissionais-cientificas-e-tecnicas","","/consulta-cnae/outras-atividades-profissionais-cientificas-e-tecnicas/7420002-atividades-de-producao-de-fotografias-aereas-e-submarinas/"
"144","7420003","7420003","Laboratórios fotográficos","III","Não","6","Atende","outras-atividades-profissionais-cientificas-e-tecnicas","","/consulta-cnae/outras-atividades-profissionais-cientificas-e-tecnicas/7420003-laboratorios-fotograficos/"
"145","7420004","7420004","Filmagem de festas e eventos","III","Não","6","Atende","outras-atividades-profissionais-cientificas-e-tecnicas","","/consulta-cnae/outras-atividades-profissionais-cientificas-e-tecnicas/7420004-filmagem-de-festas-e-eventos/"
"146","7420005","7420005","Serviços de microfilmagem","III","Não","6","Atende","outras-atividades-profissionais-cientificas-e-tecnicas","","/consulta-cnae/outras-atividades-profissionais-cientificas-e-tecnicas/7420005-servicos-de-microfilmagem/"
"147","7490101","7490101","Serviços de tradução, interpretação e similares","V","Sim","15.5","Atende","outras-atividades-profissionais-cientificas-e-tecnicas","fator_r_sim_sem_par","/consulta-cnae/outras-atividades-profissionais-cientificas-e-tecnicas/7490101-servicos-de-traducao-interpretacao-e-similares/"
"148","7490102","7490102","Escafandria e mergulho","III","Não","6","Atende","outras-atividades-profissionais-cientificas-e-tecnicas","","/consulta-cnae/outras-atividades-profissionais-cientificas-e-tecnicas/7490102-escafandria-e-mergulho/"
"149","7490103","7490103","Serviços de agronomia e de consultoria às atividades agrícolas e pecuárias","V","Sim","15.5","Atende","outras-atividades-profissionais-cientificas-e-tecnicas","fator_r_sim_sem_par","/consulta-cnae/outras-atividades-profissionais-cientificas-e-tecnicas/7490103-servicos-de-agronomia-e-de-consultoria-as-atividades-agricolas-e-pecuarias/"
"150","7490104","7490104","Atividades de intermediação e agenciamento de serviços e negócios em geral, exceto imobiliários","V","Sim","15.5","Atende","outras-atividades-profissionais-cientificas-e-tecnicas","fator_r_sim_sem_par","/consulta-cnae/outras-atividades-profissionais-cientificas-e-tecnicas/7490104-atividades-de-intermediacao-e-agenciamento-de-servicos-e-negocios-em-geral-exceto-imobiliarios/"
"151","7490105","7490105","Agenciamento de profissionais para atividades esportivas, culturais e artísticas","V","Sim","15.5","Atende","outras-atividades-profissionais-cientificas-e-tecnicas","fator_r_sim_sem_par","/consulta-cnae/outras-atividades-profissionais-cientificas-e-tecnicas/7490105-agenciamento-de-profissionais-para-atividades-esportivas-culturais-e-artisticas/"
"152","7490199","7490199","Outras atividades profissionais, científicas e técnicas não especificadas anteriormente","V","Sim","15.5","Atende","outras-atividades-profissionais-cientificas-e-tecnicas","fator_r_sim_sem_par","/consulta-cnae/outras-atividades-profissionais-cientificas-e-tecnicas/7490199-outras-atividades-profissionais-cientificas-e-tecnicas-nao-especificadas-anteriormente/"
"153","7500100","7500100","Atividades veterinárias","V","Sim","15.5","Atende","atividades-veterinarias","fator_r_sim_sem_par","/consulta-cnae/atividades-veterinarias/7500100-atividades-veterinarias/"
"154","7721700","7721700","Aluguel de equipamentos recreativos e esportivos","III","Não","6","Atende","alugueis-nao-imobiliarios-e-gestao-de-ativos-intangiveis-nao-financeiros","","/consulta-cnae/alugueis-nao-imobiliarios-e-gestao-de-ativos-intangiveis-nao-financeiros/7721700-aluguel-de-equipamentos-recreativos-e-esportivos/"
"155","7722500","7722500","Aluguel de fitas de vídeo, dvds e similares","III","Não","6","Atende","alugueis-nao-imobiliarios-e-gestao-de-ativos-intangiveis-nao-financeiros","","/consulta-cnae/alugueis-nao-imobiliarios-e-gestao-de-ativos-intangiveis-nao-financeiros/7722500-aluguel-de-fitas-de-video-dvds-e-similares/"
"156","7723300","7723300","Aluguel de objetos do vestuário, jóias e acessórios","III","Não","6","Atende","alugueis-nao-imobiliarios-e-gestao-de-ativos-intangiveis-nao-financeiros","","/consulta-cnae/alugueis-nao-imobiliarios-e-gestao-de-ativos-intangiveis-nao-financeiros/7723300-aluguel-de-objetos-do-vestuario-joias-e-acessorios/"
"157","7729201","7729201","Aluguel de aparelhos de jogos eletrônicos","III","Não","6","Atende","alugueis-nao-imobiliarios-e-gestao-de-ativos-intangiveis-nao-financeiros","","/consulta-cnae/alugueis-nao-imobiliarios-e-gestao-de-ativos-intangiveis-nao-financeiros/7729201-aluguel-de-aparelhos-de-jogos-eletronicos/"
"158","7729202","7729202","Aluguel de móveis, utensílios e aparelhos de uso doméstico e pessoal; instrumentos musicais","III","Não","6","Atende","alugueis-nao-imobiliarios-e-gestao-de-ativos-intangiveis-nao-financeiros","","/consulta-cnae/alugueis-nao-imobiliarios-e-gestao-de-ativos-intangiveis-nao-financeiros/7729202-aluguel-de-moveis-utensilios-e-aparelhos-de-uso-domestico-e-pessoal-instrumentos-musicais/"
"159","7729203","7729203","Aluguel de material médico","III","Não","6","Atende","alugueis-nao-imobiliarios-e-gestao-de-ativos-intangiveis-nao-financeiros","","/consulta-cnae/alugueis-nao-imobiliarios-e-gestao-de-ativos-intangiveis-nao-financeiros/7729203-aluguel-de-material-medico/"
"160","7729299","7729299","Aluguel de outros objetos pessoais e domésticos não especificados anteriormente","III","Não","6","Atende","alugueis-nao-imobiliarios-e-gestao-de-ativos-intangiveis-nao-financeiros","","/consulta-cnae/alugueis-nao-imobiliarios-e-gestao-de-ativos-intangiveis-nao-financeiros/7729299-aluguel-de-outros-objetos-pessoais-e-domesticos-nao-especificados-anteriormente/"
"161","7731400","7731400","Aluguel de máquinas e equipamentos agrícolas sem operador","III","Não","6","Atende","alugueis-nao-imobiliarios-e-gestao-de-ativos-intangiveis-nao-financeiros","","/consulta-cnae/alugueis-nao-imobiliarios-e-gestao-de-ativos-intangiveis-nao-financeiros/7731400-aluguel-de-maquinas-e-equipamentos-agricolas-sem-operador/"
"162","7732201","7732201","Aluguel de máquinas e equipamentos para construção sem operador, exceto andaimes","III","Não","6","Atende","alugueis-nao-imobiliarios-e-gestao-de-ativos-intangiveis-nao-financeiros","","/consulta-cnae/alugueis-nao-imobiliarios-e-gestao-de-ativos-intangiveis-nao-financeiros/7732201-aluguel-de-maquinas-e-equipamentos-para-construcao-sem-operador-exceto-andaimes/"
"163","7732202","7732202","Aluguel de andaimes","III","Não","6","Atende","alugueis-nao-imobiliarios-e-gestao-de-ativos-intangiveis-nao-financeiros","","/consulta-cnae/alugueis-nao-imobiliarios-e-gestao-de-ativos-intangiveis-nao-financeiros/7732202-aluguel-de-andaimes/"
"164","7733100","7733100","Aluguel de máquinas e equipamentos para escritório","III","Não","6","Atende","alugueis-nao-imobiliarios-e-gestao-de-ativos-intangiveis-nao-financeiros","","/consulta-cnae/alugueis-nao-imobiliarios-e-gestao-de-ativos-intangiveis-nao-financeiros/7733100-aluguel-de-maquinas-e-equipamentos-para-escritorio/"
"165","7739001","7739001","Aluguel de máquinas e equipamentos para extração de minérios e petróleo, sem operador","III","Não","6","Atende","alugueis-nao-imobiliarios-e-gestao-de-ativos-intangiveis-nao-financeiros","","/consulta-cnae/alugueis-nao-imobiliarios-e-gestao-de-ativos-intangiveis-nao-financeiros/7739001-aluguel-de-maquinas-e-equipamentos-para-extracao-de-minerios-e-petroleo-sem-operador/"
"166","7739002","7739002","Aluguel de equipamentos científicos, médicos e hospitalares, sem operador","III","Não","6","Atende","alugueis-nao-imobiliarios-e-gestao-de-ativos-intangiveis-nao-financeiros","","/consulta-cnae/alugueis-nao-imobiliarios-e-gestao-de-ativos-intangiveis-nao-financeiros/7739002-aluguel-de-equipamentos-cientificos-medicos-e-hospitalares-sem-operador/"
"167","7739003","7739003","Aluguel de palcos, coberturas e outras estruturas de uso temporário, exceto andaimes","III","Não","6","Atende","alugueis-nao-imobiliarios-e-gestao-de-ativos-intangiveis-nao-financeiros","","/consulta-cnae/alugueis-nao-imobiliarios-e-gestao-de-ativos-intangiveis-nao-financeiros/7739003-aluguel-de-palcos-coberturas-e-outras-estruturas-de-uso-temporario-exceto-andaimes/"
"168","7739099","7739099","Aluguel de outras máquinas e equipamentos comerciais e industriais não especificados anteriormente, sem operador","III","Não","6","Atende","alugueis-nao-imobiliarios-e-gestao-de-ativos-intangiveis-nao-financeiros","","/consulta-cnae/alugueis-nao-imobiliarios-e-gestao-de-ativos-intangiveis-nao-financeiros/7739099-aluguel-de-outras-maquinas-e-equipamentos-comerciais-e-industriais-nao-especificados-anteriormente-sem-operador/"
"169","7740300","7740300","Gestão de ativos intangíveis não-financeiros","V","Sim","15.5","Atende","alugueis-nao-imobiliarios-e-gestao-de-ativos-intangiveis-nao-financeiros","fator_r_sim_sem_par","/consulta-cnae/alugueis-nao-imobiliarios-e-gestao-de-ativos-intangiveis-nao-financeiros/7740300-gestao-de-ativos-intangiveis-nao-financeiros/"
"170","7911200","7911200","Agências de viagens","III","Não","6","Atende","agencias-de-viagens-operadores-turisticos-e-servicos-de-reservas","","/consulta-cnae/agencias-de-viagens-operadores-turisticos-e-servicos-de-reservas/7911200-agencias-de-viagens/"
"171","7912100","7912100","Operadores turísticos","III","Não","6","Atende","agencias-de-viagens-operadores-turisticos-e-servicos-de-reservas","","/consulta-cnae/agencias-de-viagens-operadores-turisticos-e-servicos-de-reservas/7912100-operadores-turisticos/"
"172","7990200","7990200","Serviços de reservas e outros serviços de turismo não especificados anteriormente","III","Não","6","Atende","agencias-de-viagens-operadores-turisticos-e-servicos-de-reservas","","/consulta-cnae/agencias-de-viagens-operadores-turisticos-e-servicos-de-reservas/7990200-servicos-de-reservas-e-outros-servicos-de-turismo-nao-especificados-anteriormente/"
"173","8011102","8011102","Serviços de adestramento de cães de guarda","III","Não","6","Atende","atividades-de-vigilancia-seguranca-e-investigacao","","/consulta-cnae/atividades-de-vigilancia-seguranca-e-investigacao/8011102-servicos-de-adestramento-de-caes-de-guarda/"
"174","8030700","8030700","Atividades de investigação particular","V","Sim","15.5","Atende","atividades-de-vigilancia-seguranca-e-investigacao","fator_r_sim_sem_par","/consulta-cnae/atividades-de-vigilancia-seguranca-e-investigacao/8030700-atividades-de-investigacao-particular/"
"175","8121400","8121400","Limpeza em prédios e em domicílios","IV","Não","4.5","Atende","servicos-para-edificios-e-atividades-paisagisticas","","/consulta-cnae/servicos-para-edificios-e-atividades-paisagisticas/8121400-limpeza-em-predios-e-em-domicilios/"
"176","8122200","8122200","Imunização e controle de pragas urbanas","IV","Não","4.5","Atende","servicos-para-edificios-e-atividades-paisagisticas","","/consulta-cnae/servicos-para-edificios-e-atividades-paisagisticas/8122200-imunizacao-e-controle-de-pragas-urbanas/"
"177","8129000","8129000","Atividades de limpeza não especificadas anteriormente","IV","Não","4.5","Atende","servicos-para-edificios-e-atividades-paisagisticas","","/consulta-cnae/servicos-para-edificios-e-atividades-paisagisticas/8129000-atividades-de-limpeza-nao-especificadas-anteriormente/"
"178","8130300","8130300","Atividades paisagísticas","IV","Não","4.5","Atende","servicos-para-edificios-e-atividades-paisagisticas","","/consulta-cnae/servicos-para-edificios-e-atividades-paisagisticas/8130300-atividades-paisagisticas/"
"179","8211300","8211300","Serviços combinados de escritório e apoio administrativo","III","Não","6","Atende","servicos-de-escritorio-de-apoio-administrativo-e-outros-servicos-prestados-principalmente-as-empresas","","/consulta-cnae/servicos-de-escritorio-de-apoio-administrativo-e-outros-servicos-prestados-principalmente-as-empresas/8211300-servicos-combinados-de-escritorio-e-apoio-administrativo/"
"180","8219999","8219999","Preparação de documentos e serviços especializados de apoio administrativo não especificados anteriormente","III","Não","6","Atende","servicos-de-escritorio-de-apoio-administrativo-e-outros-servicos-prestados-principalmente-as-empresas","","/consulta-cnae/servicos-de-escritorio-de-apoio-administrativo-e-outros-servicos-prestados-principalmente-as-empresas/8219999-preparacao-de-documentos-e-servicos-especializados-de-apoio-administrativo-nao-especificados-anteriormente/"
"181","8220200","8220200","Atividades de teleatendimento","III","Não","6","Atende","servicos-de-escritorio-de-apoio-administrativo-e-outros-servicos-prestados-principalmente-as-empresas","","/consulta-cnae/servicos-de-escritorio-de-apoio-administrativo-e-outros-servicos-prestados-principalmente-as-empresas/8220200-atividades-de-teleatendimento/"
"182","8230001","8230001","Serviços de organização de feiras, congressos, exposições e festas","III","Não","6","Atende","servicos-de-escritorio-de-apoio-administrativo-e-outros-servicos-prestados-principalmente-as-empresas","","/consulta-cnae/servicos-de-escritorio-de-apoio-administrativo-e-outros-servicos-prestados-principalmente-as-empresas/8230001-servicos-de-organizacao-de-feiras-congressos-exposicoes-e-festas/"
"183","8230002","8230002","Casas de festas e eventos","III","Não","6","Atende","servicos-de-escritorio-de-apoio-administrativo-e-outros-servicos-prestados-principalmente-as-empresas","","/consulta-cnae/servicos-de-escritorio-de-apoio-administrativo-e-outros-servicos-prestados-principalmente-as-empresas/8230002-casas-de-festas-e-eventos/"
"184","8291100","8291100","Atividades de cobrança e informações cadastrais","III","Não","6","Atende","servicos-de-escritorio-de-apoio-administrativo-e-outros-servicos-prestados-principalmente-as-empresas","","/consulta-cnae/servicos-de-escritorio-de-apoio-administrativo-e-outros-servicos-prestados-principalmente-as-empresas/8291100-atividades-de-cobranca-e-informacoes-cadastrais/"
"185","8299701","8299701","Medição de consumo de energia elétrica, gás e água","III","Não","6","Atende","servicos-de-escritorio-de-apoio-administrativo-e-outros-servicos-prestados-principalmente-as-empresas","","/consulta-cnae/servicos-de-escritorio-de-apoio-administrativo-e-outros-servicos-prestados-principalmente-as-empresas/8299701-medicao-de-consumo-de-energia-eletrica-gas-e-agua/"
"186","8299703","8299703","Serviços de gravação de carimbos, exceto confecção","III","Não","6","Atende","servicos-de-escritorio-de-apoio-administrativo-e-outros-servicos-prestados-principalmente-as-empresas","","/consulta-cnae/servicos-de-escritorio-de-apoio-administrativo-e-outros-servicos-prestados-principalmente-as-empresas/8299703-servicos-de-gravacao-de-carimbos-exceto-confeccao/"
"187","8299707","8299707","Salas de acesso à internet","III","Não","6","Atende","servicos-de-escritorio-de-apoio-administrativo-e-outros-servicos-prestados-principalmente-as-empresas","","/consulta-cnae/servicos-de-escritorio-de-apoio-administrativo-e-outros-servicos-prestados-principalmente-as-empresas/8299707-salas-de-acesso-a-internet/"
"188","8299799","8299799","Outras atividades de serviços prestados principalmente às empresas não especificadas anteriormente","V","Sim","15.5","Atende","servicos-de-escritorio-de-apoio-administrativo-e-outros-servicos-prestados-principalmente-as-empresas","par_fator_r","/consulta-cnae/servicos-de-escritorio-de-apoio-administrativo-e-outros-servicos-prestados-principalmente-as-empresas/8299799-outras-atividades-de-servicos-prestados-principalmente-as-empresas-nao-especificadas-anteriormente/"
"189","8299799","8299799","Outras atividades de serviços prestados principalmente às empresas não especificadas anteriormente","III","Sim","6","Atende","servicos-de-escritorio-de-apoio-administrativo-e-outros-servicos-prestados-principalmente-as-empresas","par_fator_r","/consulta-cnae/servicos-de-escritorio-de-apoio-administrativo-e-outros-servicos-prestados-principalmente-as-empresas/8299799-outras-atividades-de-servicos-prestados-principalmente-as-empresas-nao-especificadas-anteriormente/"
"190","8511200","8511200","Educação infantil – creche","III","Não","6","Atende","educacao","","/consulta-cnae/educacao/8511200-educacao-infantil-creche/"
"191","8512100","8512100","Educação infantil – pré-escola","III","Não","6","Atende","educacao","","/consulta-cnae/educacao/8512100-educacao-infantil-pre-escola/"
"192","8513900","8513900","Ensino fundamental","III","Não","6","Atende","educacao","","/consulta-cnae/educacao/8513900-ensino-fundamental/"
"193","8520100","8520100","Ensino médio","III","Não","6","Atende","educacao","","/consulta-cnae/educacao/8520100-ensino-medio/"
"194","8531700","8531700","Educação superior – graduação","V","Sim","15.5","Atende","educacao","fator_r_sim_sem_par","/consulta-cnae/educacao/8531700-educacao-superior-graduacao/"
"195","8532500","8532500","Educação superior – graduação e pós-graduação","V","Sim","15.5","Atende","educacao","fator_r_sim_sem_par","/consulta-cnae/educacao/8532500-educacao-superior-graduacao-e-pos-graduacao/"
"196","8533300","8533300","Educação superior – pós-graduação e extensão","V","Sim","15.5","Atende","educacao","fator_r_sim_sem_par","/consulta-cnae/educacao/8533300-educacao-superior-pos-graduacao-e-extensao/"
"197","8541400","8541400","Educação profissional de nível técnico","III","Não","6","Atende","educacao","","/consulta-cnae/educacao/8541400-educacao-profissional-de-nivel-tecnico/"
"198","8542200","8542200","Educação profissional de nível tecnológico","V","Sim","15.5","Atende","educacao","fator_r_sim_sem_par","/consulta-cnae/educacao/8542200-educacao-profissional-de-nivel-tecnologico/"
"199","8550302","8550302","Atividades de apoio à educação, exceto caixas escolares","V","Sim","15.5","Atende","educacao","fator_r_sim_sem_par","/consulta-cnae/educacao/8550302-atividades-de-apoio-a-educacao-exceto-caixas-escolares/"
"200","8591100","8591100","Ensino de esportes","V","Sim","15.5","Atende","educacao","par_fator_r","/consulta-cnae/educacao/8591100-ensino-de-esportes/"
"201","8591100","8591100","Ensino de esportes","III","Sim","6","Atende","educacao","par_fator_r","/consulta-cnae/educacao/8591100-ensino-de-esportes/"
"202","8592901","8592901","Ensino de dança","V","Sim","15.5","Atende","educacao","par_fator_r","/consulta-cnae/educacao/8592901-ensino-de-danca/"
"203","8592901","8592901","Ensino de dança","III","Sim","6","Atende","educacao","par_fator_r","/consulta-cnae/educacao/8592901-ensino-de-danca/"
"204","8592902","8592902","Ensino de artes cênicas, exceto dança","III","Não","6","Atende","educacao","","/consulta-cnae/educacao/8592902-ensino-de-artes-cenicas-exceto-danca/"
"205","8592903","8592903","Ensino de música","III","Não","6","Atende","educacao","","/consulta-cnae/educacao/8592903-ensino-de-musica/"
"206","8592999","8592999","Ensino de arte e cultura não especificado anteriormente","III","Não","6","Atende","educacao","","/consulta-cnae/educacao/8592999-ensino-de-arte-e-cultura-nao-especificado-anteriormente/"
"207","8593700","8593700","Ensino de idiomas","III","Não","6","Atende","educacao","","/consulta-cnae/educacao/8593700-ensino-de-idiomas/"
"208","8599603","8599603","Treinamento em informática","III","Não","6","Atende","educacao","","/consulta-cnae/educacao/8599603-treinamento-em-informatica/"
"209","8599604","8599604","Treinamento em desenvolvimento profissional e gerencial","III","Não","6","Atende","educacao","","/consulta-cnae/educacao/8599604-treinamento-em-desenvolvimento-profissional-e-gerencial/"
"210","8599605","8599605","Cursos preparatórios para concursos","III","Não","6","Atende","educacao","","/consulta-cnae/educacao/8599605-cursos-preparatorios-para-concursos/"
"211","8599699","8599699","Outras atividades de ensino não especificadas anteriormente","III","Não","6","Atende","educacao","","/consulta-cnae/educacao/8599699-outras-atividades-de-ensino-nao-especificadas-anteriormente/"
"212","8610101","8610101","Atividades de atendimento hospitalar, exceto pronto-socorro e unidades para atendimento a urgências","III","Sim","6","Atende","atividades-de-atencao-a-saude-humana","fator_r_sim_sem_par","/consulta-cnae/atividades-de-atencao-a-saude-humana/8610101-atividades-de-atendimento-hospitalar-exceto-pronto-socorro-e-unidades-para-atendimento-a-urgencias/"
"213","8630501","8630501","Atividade médica ambulatorial com recursos para realização de procedimentos cirúrgicos","III","Sim","6","Atende","atividades-de-atencao-a-saude-humana","fator_r_sim_sem_par","/consulta-cnae/atividades-de-atencao-a-saude-humana/8630501-atividade-medica-ambulatorial-com-recursos-para-realizacao-de-procedimentos-cirurgicos/"
"214","8630502","8630502","Atividade médica ambulatorial com recursos para realização de exames complementares","III","Sim","6","Atende","atividades-de-atencao-a-saude-humana","fator_r_sim_sem_par","/consulta-cnae/atividades-de-atencao-a-saude-humana/8630502-atividade-medica-ambulatorial-com-recursos-para-realizacao-de-exames-complementares/"
"215","8630503","8630503","Atividade médica ambulatorial restrita a consultas","III","Sim","6","Atende","atividades-de-atencao-a-saude-humana","fator_r_sim_sem_par","/consulta-cnae/atividades-de-atencao-a-saude-humana/8630503-atividade-medica-ambulatorial-restrita-a-consultas/"
"216","8630504","8630504","Atividade odontológica","III","Sim","6","Atende","atividades-de-atencao-a-saude-humana","fator_r_sim_sem_par","/consulta-cnae/atividades-de-atencao-a-saude-humana/8630504-atividade-odontologica/"
"217","8630506","8630506","Serviços de vacinação e imunização humana","III","Sim","6","Atende","atividades-de-atencao-a-saude-humana","fator_r_sim_sem_par","/consulta-cnae/atividades-de-atencao-a-saude-humana/8630506-servicos-de-vacinacao-e-imunizacao-humana/"
"218","8630507","8630507","Atividades de reprodução humana assistida","III","Sim","6","Atende","atividades-de-atencao-a-saude-humana","fator_r_sim_sem_par","/consulta-cnae/atividades-de-atencao-a-saude-humana/8630507-atividades-de-reproducao-humana-assistida/"
"219","8630599","8630599","Atividades de atenção ambulatorial não especificadas anteriormente","III","Sim","6","Atende","atividades-de-atencao-a-saude-humana","fator_r_sim_sem_par","/consulta-cnae/atividades-de-atencao-a-saude-humana/8630599-atividades-de-atencao-ambulatorial-nao-especificadas-anteriormente/"
"220","8640201","8640201","Laboratórios de anatomia patológica e citológica","V","Sim","15.5","Atende","atividades-de-atencao-a-saude-humana","par_fator_r","/consulta-cnae/atividades-de-atencao-a-saude-humana/8640201-laboratorios-de-anatomia-patologica-e-citologica/"
"221","8640201","8640201","Laboratórios de anatomia patológica e citológica","III","Sim","6","Atende","atividades-de-atencao-a-saude-humana","par_fator_r","/consulta-cnae/atividades-de-atencao-a-saude-humana/8640201-laboratorios-de-anatomia-patologica-e-citologica/"
"222","8640202","8640202","Laboratórios clínicos","V","Sim","15.5","Atende","atividades-de-atencao-a-saude-humana","par_fator_r","/consulta-cnae/atividades-de-atencao-a-saude-humana/8640202-laboratorios-clinicos/"
"223","8640202","8640202","Laboratórios clínicos","III","Sim","6","Atende","atividades-de-atencao-a-saude-humana","par_fator_r","/consulta-cnae/atividades-de-atencao-a-saude-humana/8640202-laboratorios-clinicos/"
"224","8640203","8640203","Serviços de diálise e nefrologia","III","Sim","6","Atende","atividades-de-atencao-a-saude-humana","fator_r_sim_sem_par","/consulta-cnae/atividades-de-atencao-a-saude-humana/8640203-servicos-de-dialise-e-nefrologia/"
"225","8640204","8640204","Serviços de tomografia","V","Sim","15.5","Atende","atividades-de-atencao-a-saude-humana","par_fator_r","/consulta-cnae/atividades-de-atencao-a-saude-humana/8640204-servicos-de-tomografia/"
"226","8640204","8640204","Serviços de tomografia","III","Sim","6","Atende","atividades-de-atencao-a-saude-humana","par_fator_r","/consulta-cnae/atividades-de-atencao-a-saude-humana/8640204-servicos-de-tomografia/"
"227","8640205","8640205","Serviços de diagnóstico por imagem com uso de radiação ionizante, exceto tomografia","V","Sim","15.5","Atende","atividades-de-atencao-a-saude-humana","par_fator_r","/consulta-cnae/atividades-de-atencao-a-saude-humana/8640205-servicos-de-diagnostico-por-imagem-com-uso-de-radiacao-ionizante-exceto-tomografia/"
"228","8640205","8640205","Serviços de diagnóstico por imagem com uso de radiação ionizante, exceto tomografia","III","Sim","6","Atende","atividades-de-atencao-a-saude-humana","par_fator_r","/consulta-cnae/atividades-de-atencao-a-saude-humana/8640205-servicos-de-diagnostico-por-imagem-com-uso-de-radiacao-ionizante-exceto-tomografia/"
"229","8640206","8640206","Serviços de ressonância magnética","V","Sim","15.5","Atende","atividades-de-atencao-a-saude-humana","par_fator_r","/consulta-cnae/atividades-de-atencao-a-saude-humana/8640206-servicos-de-ressonancia-magnetica/"
"230","8640206","8640206","Serviços de ressonância magnética","III","Sim","6","Atende","atividades-de-atencao-a-saude-humana","par_fator_r","/consulta-cnae/atividades-de-atencao-a-saude-humana/8640206-servicos-de-ressonancia-magnetica/"
"231","8640207","8640207","Serviços de diagnóstico por imagem sem uso de radiação ionizante, exceto ressonância magnética","V","Sim","15.5","Atende","atividades-de-atencao-a-saude-humana","par_fator_r","/consulta-cnae/atividades-de-atencao-a-saude-humana/8640207-servicos-de-diagnostico-por-imagem-sem-uso-de-radiacao-ionizante-exceto-ressonancia-magnetica/"
"232","8640207","8640207","Serviços de diagnóstico por imagem sem uso de radiação ionizante, exceto ressonância magnética","III","Sim","6","Atende","atividades-de-atencao-a-saude-humana","par_fator_r","/consulta-cnae/atividades-de-atencao-a-saude-humana/8640207-servicos-de-diagnostico-por-imagem-sem-uso-de-radiacao-ionizante-exceto-ressonancia-magnetica/"
"233","8640208","8640208","Serviços de diagnóstico por registro gráfico – ecg, eeg e outros exames análogos","V","Sim","15.5","Atende","atividades-de-atencao-a-saude-humana","par_fator_r","/consulta-cnae/atividades-de-atencao-a-saude-humana/8640208-servicos-de-diagnostico-por-registro-grafico-ecg-eeg-e-outros-exames-analogos/"
"234","8640208","8640208","Serviços de diagnóstico por registro gráfico – ecg, eeg e outros exames análogos","III","Sim","6","Atende","atividades-de-atencao-a-saude-humana","par_fator_r","/consulta-cnae/atividades-de-atencao-a-saude-humana/8640208-servicos-de-diagnostico-por-registro-grafico-ecg-eeg-e-outros-exames-analogos/"
"235","8640209","8640209","Serviços de diagnóstico por métodos ópticos – endoscopia e outros exames análogos","V","Sim","15.5","Atende","atividades-de-atencao-a-saude-humana","par_fator_r","/consulta-cnae/atividades-de-atencao-a-saude-humana/8640209-servicos-de-diagnostico-por-metodos-opticos-endoscopia-e-outros-exames-analogos/"
"236","8640209","8640209","Serviços de diagnóstico por métodos ópticos – endoscopia e outros exames análogos","III","Sim","6","Atende","atividades-de-atencao-a-saude-humana","par_fator_r","/consulta-cnae/atividades-de-atencao-a-saude-humana/8640209-servicos-de-diagnostico-por-metodos-opticos-endoscopia-e-outros-exames-analogos/"
"237","8640210","8640210","Serviços de quimioterapia","III","Sim","6","Atende","atividades-de-atencao-a-saude-humana","fator_r_sim_sem_par","/consulta-cnae/atividades-de-atencao-a-saude-humana/8640210-servicos-de-quimioterapia/"
"238","8640211","8640211","Serviços de radioterapia","III","Sim","6","Atende","atividades-de-atencao-a-saude-humana","fator_r_sim_sem_par","/consulta-cnae/atividades-de-atencao-a-saude-humana/8640211-servicos-de-radioterapia/"
"239","8640212","8640212","Serviços de hemoterapia","III","Sim","6","Atende","atividades-de-atencao-a-saude-humana","fator_r_sim_sem_par","/consulta-cnae/atividades-de-atencao-a-saude-humana/8640212-servicos-de-hemoterapia/"
"240","8640213","8640213","Serviços de litotripsia","III","Sim","6","Atende","atividades-de-atencao-a-saude-humana","fator_r_sim_sem_par","/consulta-cnae/atividades-de-atencao-a-saude-humana/8640213-servicos-de-litotripsia/"
"241","8640214","8640214","Serviços de bancos de células e tecidos humanos","III","Sim","6","Atende","atividades-de-atencao-a-saude-humana","fator_r_sim_sem_par","/consulta-cnae/atividades-de-atencao-a-saude-humana/8640214-servicos-de-bancos-de-celulas-e-tecidos-humanos/"
"242","8640299","8640299","Atividades de serviços de complementação diagnóstica e terapêutica não especificadas anteriormente","III","Sim","6","Atende","atividades-de-atencao-a-saude-humana","fator_r_sim_sem_par","/consulta-cnae/atividades-de-atencao-a-saude-humana/8640299-atividades-de-servicos-de-complementacao-diagnostica-e-terapeutica-nao-especificadas-anteriormente/"
"243","8650001","8650001","Atividades de enfermagem","III","Sim","6","Atende","atividades-de-atencao-a-saude-humana","fator_r_sim_sem_par","/consulta-cnae/atividades-de-atencao-a-saude-humana/8650001-atividades-de-enfermagem/"
"244","8650002","8650002","Atividades de profissionais da nutrição","III","Sim","6","Atende","atividades-de-atencao-a-saude-humana","fator_r_sim_sem_par","/consulta-cnae/atividades-de-atencao-a-saude-humana/8650002-atividades-de-profissionais-da-nutricao/"
"245","8650003","8650003","Atividades de psicologia e psicanálise","III","Sim","6","Atende","atividades-de-atencao-a-saude-humana","fator_r_sim_sem_par","/consulta-cnae/atividades-de-atencao-a-saude-humana/8650003-atividades-de-psicologia-e-psicanalise/"
"246","8650004","8650004","Atividades de fisioterapia","III","Sim","6","Atende","atividades-de-atencao-a-saude-humana","linha_duplicada_identica","/consulta-cnae/atividades-de-atencao-a-saude-humana/8650004-atividades-de-fisioterapia/"
"247","8650004","8650004","Atividades de fisioterapia","III","Sim","6","Atende","atividades-de-atencao-a-saude-humana","linha_duplicada_identica","/consulta-cnae/atividades-de-atencao-a-saude-humana/8650004-atividades-de-fisioterapia/"
"248","8650005","8650005","Atividades de terapia ocupacional","III","Sim","6","Atende","atividades-de-atencao-a-saude-humana","fator_r_sim_sem_par","/consulta-cnae/atividades-de-atencao-a-saude-humana/8650005-atividades-de-terapia-ocupacional/"
"249","8650006","8650006","Atividades de fonoaudiologia","III","Sim","6","Atende","atividades-de-atencao-a-saude-humana","fator_r_sim_sem_par","/consulta-cnae/atividades-de-atencao-a-saude-humana/8650006-atividades-de-fonoaudiologia/"
"250","8650007","8650007","Atividades de terapia de nutrição enteral e parenteral","V","Sim","15.5","Atende","atividades-de-atencao-a-saude-humana","fator_r_sim_sem_par","/consulta-cnae/atividades-de-atencao-a-saude-humana/8650007-atividades-de-terapia-de-nutricao-enteral-e-parenteral/"
"251","8650099","8650099","Atividades de profissionais da área de saúde não especificadas anteriormente","V","Sim","15.5","Atende","atividades-de-atencao-a-saude-humana","fator_r_sim_sem_par","/consulta-cnae/atividades-de-atencao-a-saude-humana/8650099-atividades-de-profissionais-da-area-de-saude-nao-especificadas-anteriormente/"
"252","8660700","8660700","Atividades de apoio à gestão de saúde","V","Sim","15.5","Atende","atividades-de-atencao-a-saude-humana","fator_r_sim_sem_par","/consulta-cnae/atividades-de-atencao-a-saude-humana/8660700-atividades-de-apoio-a-gestao-de-saude/"
"253","8690901","8690901","Atividades de práticas integrativas e complementares em saúde humana","V","Sim","15.5","Atende","atividades-de-atencao-a-saude-humana","fator_r_sim_sem_par","/consulta-cnae/atividades-de-atencao-a-saude-humana/8690901-atividades-de-praticas-integrativas-e-complementares-em-saude-humana/"
"254","8690903","8690903","Atividades de acupuntura","III","Sim","6","Atende","atividades-de-atencao-a-saude-humana","fator_r_sim_sem_par","/consulta-cnae/atividades-de-atencao-a-saude-humana/8690903-atividades-de-acupuntura/"
"255","8690904","8690904","Atividades de podologia","III","Sim","6","Atende","atividades-de-atencao-a-saude-humana","fator_r_sim_sem_par","/consulta-cnae/atividades-de-atencao-a-saude-humana/8690904-atividades-de-podologia/"
"256","8690999","8690999","Outras atividades de atenção à saúde humana não especificadas anteriormente","V","Sim","15.5","Atende","atividades-de-atencao-a-saude-humana","fator_r_sim_sem_par","/consulta-cnae/atividades-de-atencao-a-saude-humana/8690999-outras-atividades-de-atencao-a-saude-humana-nao-especificadas-anteriormente/"
"257","9001901","9001901","Produção teatral","III","Não","6","Atende","atividades-artisticas-criativas-e-de-espetaculos","","/consulta-cnae/atividades-artisticas-criativas-e-de-espetaculos/9001901-producao-teatral/"
"258","9001902","9001902","Produção musical","III","Não","6","Atende","atividades-artisticas-criativas-e-de-espetaculos","","/consulta-cnae/atividades-artisticas-criativas-e-de-espetaculos/9001902-producao-musical/"
"259","9001903","9001903","Produção de espetáculos de dança","III","Não","6","Atende","atividades-artisticas-criativas-e-de-espetaculos","","/consulta-cnae/atividades-artisticas-criativas-e-de-espetaculos/9001903-producao-de-espetaculos-de-danca/"
"260","9001904","9001904","Produção de espetáculos circenses, de marionetes e similares","III","Não","6","Atende","atividades-artisticas-criativas-e-de-espetaculos","","/consulta-cnae/atividades-artisticas-criativas-e-de-espetaculos/9001904-producao-de-espetaculos-circenses-de-marionetes-e-similares/"
"261","9001905","9001905","Produção de espetáculos de rodeios, vaquejadas e similares","III","Não","6","Atende","atividades-artisticas-criativas-e-de-espetaculos","","/consulta-cnae/atividades-artisticas-criativas-e-de-espetaculos/9001905-producao-de-espetaculos-de-rodeios-vaquejadas-e-similares/"
"262","9001906","9001906","Atividades de sonorização e de iluminação","III","Não","6","Atende","atividades-artisticas-criativas-e-de-espetaculos","","/consulta-cnae/atividades-artisticas-criativas-e-de-espetaculos/9001906-atividades-de-sonorizacao-e-de-iluminacao/"
"263","9001999","9001999","Artes cênicas, espetáculos e atividades complementares não especificadas anteriormente","III","Não","6","Atende","atividades-artisticas-criativas-e-de-espetaculos","","/consulta-cnae/atividades-artisticas-criativas-e-de-espetaculos/9001999-artes-cenicas-espetaculos-e-atividades-complementares-nao-especificadas-anteriormente/"
"264","9002701","9002701","Atividades de artistas plásticos, jornalistas independentes e escritores","V","Sim","15.5","Atende","atividades-artisticas-criativas-e-de-espetaculos","fator_r_sim_sem_par","/consulta-cnae/atividades-artisticas-criativas-e-de-espetaculos/9002701-atividades-de-artistas-plasticos-jornalistas-independentes-e-escritores/"
"265","9002702","9002702","Restauração de obras de arte","III","Não","6","Atende","atividades-artisticas-criativas-e-de-espetaculos","","/consulta-cnae/atividades-artisticas-criativas-e-de-espetaculos/9002702-restauracao-de-obras-de-arte/"
"266","9311500","9311500","Gestão de instalações de esportes","III","Não","6","Atende","atividades-esportivas-e-de-recreacao-e-lazer","","/consulta-cnae/atividades-esportivas-e-de-recreacao-e-lazer/9311500-gestao-de-instalacoes-de-esportes/"
"267","9313100","9313100","Atividades de condicionamento físico","V","Sim","15.5","Atende","atividades-esportivas-e-de-recreacao-e-lazer","par_fator_r","/consulta-cnae/atividades-esportivas-e-de-recreacao-e-lazer/9313100-atividades-de-condicionamento-fisico/"
"268","9313100","9313100","Atividades de condicionamento físico","III","Sim","6","Atende","atividades-esportivas-e-de-recreacao-e-lazer","par_fator_r","/consulta-cnae/atividades-esportivas-e-de-recreacao-e-lazer/9313100-atividades-de-condicionamento-fisico/"
"269","9319101","9319101","Produção e promoção de eventos esportivos","III","Não","6","Atende","atividades-esportivas-e-de-recreacao-e-lazer","","/consulta-cnae/atividades-esportivas-e-de-recreacao-e-lazer/9319101-producao-e-promocao-de-eventos-esportivos/"
"270","9319199","9319199","Outras atividades esportivas não especificadas anteriormente","III","Não","6","Atende","atividades-esportivas-e-de-recreacao-e-lazer","","/consulta-cnae/atividades-esportivas-e-de-recreacao-e-lazer/9319199-outras-atividades-esportivas-nao-especificadas-anteriormente/"
"271","9329802","9329802","Exploração de boliches","III","Não","6","Atende","atividades-esportivas-e-de-recreacao-e-lazer","","/consulta-cnae/atividades-esportivas-e-de-recreacao-e-lazer/9329802-exploracao-de-boliches/"
"272","9329803","9329803","Exploração de jogos de sinuca, bilhar e similares","III","Não","6","Atende","atividades-esportivas-e-de-recreacao-e-lazer","","/consulta-cnae/atividades-esportivas-e-de-recreacao-e-lazer/9329803-exploracao-de-jogos-de-sinuca-bilhar-e-similares/"
"273","9329804","9329804","Exploração de jogos eletrônicos recreativos","III","Não","6","Atende","atividades-esportivas-e-de-recreacao-e-lazer","","/consulta-cnae/atividades-esportivas-e-de-recreacao-e-lazer/9329804-exploracao-de-jogos-eletronicos-recreativos/"
"274","9329899","9329899","Outras atividades de recreação e lazer não especificadas anteriormente","III","Não","6","Atende","atividades-esportivas-e-de-recreacao-e-lazer","","/consulta-cnae/atividades-esportivas-e-de-recreacao-e-lazer/9329899-outras-atividades-de-recreacao-e-lazer-nao-especificadas-anteriormente/"
"275","9511800","9511800","Reparação e manutenção de computadores e de equipamentos periféricos","III","Não","6","Atende","reparacao-e-manutencao-de-equipamentos-de-informatica-e-comunicacao-e-de-objetos-pessoais-e-domesticos","","/consulta-cnae/reparacao-e-manutencao-de-equipamentos-de-informatica-e-comunicacao-e-de-objetos-pessoais-e-domesticos/9511800-reparacao-e-manutencao-de-computadores-e-de-equipamentos-perifericos/"
"276","9512600","9512600","Reparação e manutenção de equipamentos de comunicação","III","Não","6","Atende","reparacao-e-manutencao-de-equipamentos-de-informatica-e-comunicacao-e-de-objetos-pessoais-e-domesticos","","/consulta-cnae/reparacao-e-manutencao-de-equipamentos-de-informatica-e-comunicacao-e-de-objetos-pessoais-e-domesticos/9512600-reparacao-e-manutencao-de-equipamentos-de-comunicacao/"
"277","9521500","9521500","Reparação e manutenção de equipamentos eletroeletrônicos de uso pessoal e doméstico","III","Não","6","Atende","reparacao-e-manutencao-de-equipamentos-de-informatica-e-comunicacao-e-de-objetos-pessoais-e-domesticos","","/consulta-cnae/reparacao-e-manutencao-de-equipamentos-de-informatica-e-comunicacao-e-de-objetos-pessoais-e-domesticos/9521500-reparacao-e-manutencao-de-equipamentos-eletroeletronicos-de-uso-pessoal-e-domestico/"
"278","9529101","9529101","Reparação de calçados, bolsas e artigos de viagem","III","Não","6","Atende","reparacao-e-manutencao-de-equipamentos-de-informatica-e-comunicacao-e-de-objetos-pessoais-e-domesticos","","/consulta-cnae/reparacao-e-manutencao-de-equipamentos-de-informatica-e-comunicacao-e-de-objetos-pessoais-e-domesticos/9529101-reparacao-de-calcados-bolsas-e-artigos-de-viagem/"
"279","9529102","9529102","Chaveiros","III","Não","6","Atende","reparacao-e-manutencao-de-equipamentos-de-informatica-e-comunicacao-e-de-objetos-pessoais-e-domesticos","","/consulta-cnae/reparacao-e-manutencao-de-equipamentos-de-informatica-e-comunicacao-e-de-objetos-pessoais-e-domesticos/9529102-chaveiros/"
"280","9529103","9529103","Reparação de relógios","III","Não","6","Atende","reparacao-e-manutencao-de-equipamentos-de-informatica-e-comunicacao-e-de-objetos-pessoais-e-domesticos","","/consulta-cnae/reparacao-e-manutencao-de-equipamentos-de-informatica-e-comunicacao-e-de-objetos-pessoais-e-domesticos/9529103-reparacao-de-relogios/"
"281","9529104","9529104","Reparação de bicicletas, triciclos e outros veículos não-motorizados","III","Não","6","Não atende","reparacao-e-manutencao-de-equipamentos-de-informatica-e-comunicacao-e-de-objetos-pessoais-e-domesticos","","/consulta-cnae/reparacao-e-manutencao-de-equipamentos-de-informatica-e-comunicacao-e-de-objetos-pessoais-e-domesticos/9529104-reparacao-de-bicicletas-triciclos-e-outros-veiculos-nao-motorizados/"
"282","9529105","9529105","Reparação de artigos do mobiliário","III","Não","6","Atende","reparacao-e-manutencao-de-equipamentos-de-informatica-e-comunicacao-e-de-objetos-pessoais-e-domesticos","","/consulta-cnae/reparacao-e-manutencao-de-equipamentos-de-informatica-e-comunicacao-e-de-objetos-pessoais-e-domesticos/9529105-reparacao-de-artigos-do-mobiliario/"
"283","9529106","9529106","Reparação de jóias","III","Não","6","Atende","reparacao-e-manutencao-de-equipamentos-de-informatica-e-comunicacao-e-de-objetos-pessoais-e-domesticos","","/consulta-cnae/reparacao-e-manutencao-de-equipamentos-de-informatica-e-comunicacao-e-de-objetos-pessoais-e-domesticos/9529106-reparacao-de-joias/"
"284","9529199","9529199","Reparação e manutenção de outros objetos e equipamentos pessoais e domésticos não especificados anteriormente","III","Não","6","Atende","reparacao-e-manutencao-de-equipamentos-de-informatica-e-comunicacao-e-de-objetos-pessoais-e-domesticos","","/consulta-cnae/reparacao-e-manutencao-de-equipamentos-de-informatica-e-comunicacao-e-de-objetos-pessoais-e-domesticos/9529199-reparacao-e-manutencao-de-outros-objetos-e-equipamentos-pessoais-e-domesticos-nao-especificados-anteriormente/"
"285","9601701","9601701","Lavanderias","III","Não","6","Atende","outras-atividades-de-servicos-pessoais","","/consulta-cnae/outras-atividades-de-servicos-pessoais/9601701-lavanderias/"
"286","9601702","9601702","Tinturarias","III","Não","6","Atende","outras-atividades-de-servicos-pessoais","","/consulta-cnae/outras-atividades-de-servicos-pessoais/9601702-tinturarias/"
"287","9601703","9601703","Toalheiros","III","Não","6","Atende","outras-atividades-de-servicos-pessoais","","/consulta-cnae/outras-atividades-de-servicos-pessoais/9601703-toalheiros/"
"288","9602501","9602501","Cabeleireiros, manicure e pedicure","III","Não","6","Atende","outras-atividades-de-servicos-pessoais","","/consulta-cnae/outras-atividades-de-servicos-pessoais/9602501-cabeleireiros-manicure-e-pedicure/"
"289","9602502","9602502","Atividades de estética e outros serviços de cuidados com a beleza","III","Não","6","Atende","outras-atividades-de-servicos-pessoais","","/consulta-cnae/outras-atividades-de-servicos-pessoais/9602502-atividades-de-estetica-e-outros-servicos-de-cuidados-com-a-beleza/"
"290","9609202","9609202","Agências matrimoniais","III","Não","6","Atende","outras-atividades-de-servicos-pessoais","","/consulta-cnae/outras-atividades-de-servicos-pessoais/9609202-agencias-matrimoniais/"
"291","9609205","9609205","Atividades de sauna e banhos","III","Não","6","Atende","outras-atividades-de-servicos-pessoais","","/consulta-cnae/outras-atividades-de-servicos-pessoais/9609205-atividades-de-sauna-e-banhos/"
"292","9609206","9609206","Serviços de tatuagem e colocação de piercing","III","Não","6","Atende","outras-atividades-de-servicos-pessoais","","/consulta-cnae/outras-atividades-de-servicos-pessoais/9609206-servicos-de-tatuagem-e-colocacao-de-piercing/"
"293","9609207","9609207","Alojamento de animais domésticos","III","Não","6","Atende","outras-atividades-de-servicos-pessoais","","/consulta-cnae/outras-atividades-de-servicos-pessoais/9609207-alojamento-de-animais-domesticos/"
"294","9609208","9609208","Higiene e embelezamento de animais domésticos","III","Não","6","Atende","outras-atividades-de-servicos-pessoais","","/consulta-cnae/outras-atividades-de-servicos-pessoais/9609208-higiene-e-embelezamento-de-animais-domesticos/"
"295","9609299","9609299","Outras atividades de serviços pessoais não especificadas anteriormente","III","Não","6","Atende","outras-atividades-de-servicos-pessoais","","/consulta-cnae/outras-atividades-de-servicos-pessoais/9609299-outras-atividades-de-servicos-pessoais-nao-especificadas-anteriormente/"
"296","161003","0161003","Serviço de preparação de terreno, cultivo e colheita","III","Não","6","Atende","agricultura-pecuaria-e-servicos-relacionados","zero_esquerda_restaurado","/consulta-cnae/agricultura-pecuaria-e-servicos-relacionados/0161003-servico-de-preparacao-de-terreno-cultivo-e-colheita/"
"297","162803","0162803","Serviço de manejo de animais","III","Não","6","Atende","agricultura-pecuaria-e-servicos-relacionados","zero_esquerda_restaurado","/consulta-cnae/agricultura-pecuaria-e-servicos-relacionados/0162803-servico-de-manejo-de-animais/"
"298","322107","0322107","Atividades de apoio à aqüicultura em água doce","III","Não","6","Atende","pesca-e-aquicultura","zero_esquerda_restaurado","/consulta-cnae/pesca-e-aquicultura/0322107-atividades-de-apoio-a-aquicultura-em-agua-doce/"
"299","1099604","1099604","Fabricação de gelo comum","II","Não","4.5","Atende","fabricacao-de-produtos-alimenticios","","/consulta-cnae/fabricacao-de-produtos-alimenticios/1099604-fabricacao-de-gelo-comum/"
"300","3312102","3312102","Manutenção e reparação de aparelhos e instrumentos de medida, teste e controle","III","Não","6","Atende","manutencao-reparacao-e-instalacao-de-maquinas-e-equipamentos","","/consulta-cnae/manutencao-reparacao-e-instalacao-de-maquinas-e-equipamentos/3312102-manutencao-e-reparacao-de-aparelhos-e-instrumentos-de-medida-teste-e-controle/"
"301","3312103","3312103","Manutenção e reparação de aparelhos eletromédicos e eletroterapêuticos e equipamentos de irradiação","III","Não","6","Atende","manutencao-reparacao-e-instalacao-de-maquinas-e-equipamentos","","/consulta-cnae/manutencao-reparacao-e-instalacao-de-maquinas-e-equipamentos/3312103-manutencao-e-reparacao-de-aparelhos-eletromedicos-e-eletroterapeuticos-e-equipamentos-de-irradiacao/"
"302","3312104","3312104","Manutenção e reparação de equipamentos e instrumentos ópticos","III","Não","6","Atende","manutencao-reparacao-e-instalacao-de-maquinas-e-equipamentos","","/consulta-cnae/manutencao-reparacao-e-instalacao-de-maquinas-e-equipamentos/3312104-manutencao-e-reparacao-de-equipamentos-e-instrumentos-opticos/"
"303","3313901","3313901","Manutenção e reparação de geradores, transformadores e motores elétricos","III","Não","6","Atende","manutencao-reparacao-e-instalacao-de-maquinas-e-equipamentos","","/consulta-cnae/manutencao-reparacao-e-instalacao-de-maquinas-e-equipamentos/3313901-manutencao-e-reparacao-de-geradores-transformadores-e-motores-eletricos/"
"304","3313902","3313902","Manutenção e reparação de baterias e acumuladores elétricos, exceto para veículos","III","Não","6","Atende","manutencao-reparacao-e-instalacao-de-maquinas-e-equipamentos","","/consulta-cnae/manutencao-reparacao-e-instalacao-de-maquinas-e-equipamentos/3313902-manutencao-e-reparacao-de-baterias-e-acumuladores-eletricos-exceto-para-veiculos/"
"305","3313999","3313999","Manutenção e reparação de máquinas, aparelhos e materiais elétricos não especificados anteriormente","III","Não","6","Atende","manutencao-reparacao-e-instalacao-de-maquinas-e-equipamentos","","/consulta-cnae/manutencao-reparacao-e-instalacao-de-maquinas-e-equipamentos/3313999-manutencao-e-reparacao-de-maquinas-aparelhos-e-materiais-eletricos-nao-especificados-anteriormente/"
"306","3314701","3314701","Manutenção e reparação de máquinas motrizes não-elétricas","III","Não","6","Atende","manutencao-reparacao-e-instalacao-de-maquinas-e-equipamentos","","/consulta-cnae/manutencao-reparacao-e-instalacao-de-maquinas-e-equipamentos/3314701-manutencao-e-reparacao-de-maquinas-motrizes-nao-eletricas/"
"307","3314702","3314702","Manutenção e reparação de equipamentos hidráulicos e pneumáticos, exceto válvulas","III","Não","6","Atende","manutencao-reparacao-e-instalacao-de-maquinas-e-equipamentos","","/consulta-cnae/manutencao-reparacao-e-instalacao-de-maquinas-e-equipamentos/3314702-manutencao-e-reparacao-de-equipamentos-hidraulicos-e-pneumaticos-exceto-valvulas/"
"308","3314703","3314703","Manutenção e reparação de válvulas industriais","III","Não","6","Atende","manutencao-reparacao-e-instalacao-de-maquinas-e-equipamentos","","/consulta-cnae/manutencao-reparacao-e-instalacao-de-maquinas-e-equipamentos/3314703-manutencao-e-reparacao-de-valvulas-industriais/"
"309","3314704","3314704","Manutenção e reparação de compressores","III","Não","6","Atende","manutencao-reparacao-e-instalacao-de-maquinas-e-equipamentos","","/consulta-cnae/manutencao-reparacao-e-instalacao-de-maquinas-e-equipamentos/3314704-manutencao-e-reparacao-de-compressores/"
"310","3314705","3314705","Manutenção e reparação de equipamentos de transmissão para fins industriais","III","Não","6","Atende","manutencao-reparacao-e-instalacao-de-maquinas-e-equipamentos","","/consulta-cnae/manutencao-reparacao-e-instalacao-de-maquinas-e-equipamentos/3314705-manutencao-e-reparacao-de-equipamentos-de-transmissao-para-fins-industriais/"
"311","3314706","3314706","Manutenção e reparação de máquinas, aparelhos e equipamentos para instalações térmicas","III","Não","6","Atende","manutencao-reparacao-e-instalacao-de-maquinas-e-equipamentos","","/consulta-cnae/manutencao-reparacao-e-instalacao-de-maquinas-e-equipamentos/3314706-manutencao-e-reparacao-de-maquinas-aparelhos-e-equipamentos-para-instalacoes-termicas/"
"312","3314707","3314707","Manutenção e reparação de máquinas e aparelhos de refrigeração e ventilação para uso industrial e comercial","III","Não","6","Atende","manutencao-reparacao-e-instalacao-de-maquinas-e-equipamentos","","/consulta-cnae/manutencao-reparacao-e-instalacao-de-maquinas-e-equipamentos/3314707-manutencao-e-reparacao-de-maquinas-e-aparelhos-de-refrigeracao-e-ventilacao-para-uso-industrial-e-comercial/"
"313","3314708","3314708","Manutenção e reparação de máquinas, equipamentos e aparelhos para transporte e elevação de cargas","III","Não","6","Atende","manutencao-reparacao-e-instalacao-de-maquinas-e-equipamentos","","/consulta-cnae/manutencao-reparacao-e-instalacao-de-maquinas-e-equipamentos/3314708-manutencao-e-reparacao-de-maquinas-equipamentos-e-aparelhos-para-transporte-e-elevacao-de-cargas/"
"314","3314709","3314709","Manutenção e reparação de máquinas de escrever, calcular e de outros equipamentos não-eletrônicos para escritório","III","Não","6","Atende","manutencao-reparacao-e-instalacao-de-maquinas-e-equipamentos","","/consulta-cnae/manutencao-reparacao-e-instalacao-de-maquinas-e-equipamentos/3314709-manutencao-e-reparacao-de-maquinas-de-escrever-calcular-e-de-outros-equipamentos-nao-eletronicos-para-escritorio/"
"315","3314710","3314710","Manutenção e reparação de máquinas e equipamentos para uso geral não especificados anteriormente","III","Não","6","Atende","manutencao-reparacao-e-instalacao-de-maquinas-e-equipamentos","","/consulta-cnae/manutencao-reparacao-e-instalacao-de-maquinas-e-equipamentos/3314710-manutencao-e-reparacao-de-maquinas-e-equipamentos-para-uso-geral-nao-especificados-anteriormente/"
"316","3314711","3314711","Manutenção e reparação de máquinas e equipamentos para agricultura e pecuária","III","Não","6","Atende","manutencao-reparacao-e-instalacao-de-maquinas-e-equipamentos","","/consulta-cnae/manutencao-reparacao-e-instalacao-de-maquinas-e-equipamentos/3314711-manutencao-e-reparacao-de-maquinas-e-equipamentos-para-agricultura-e-pecuaria/"
"317","3314712","3314712","Manutenção e reparação de tratores agrícolas","III","Não","6","Atende","manutencao-reparacao-e-instalacao-de-maquinas-e-equipamentos","","/consulta-cnae/manutencao-reparacao-e-instalacao-de-maquinas-e-equipamentos/3314712-manutencao-e-reparacao-de-tratores-agricolas/"
"318","3314713","3314713","Manutenção e reparação de máquinas-ferramenta","III","Não","6","Atende","manutencao-reparacao-e-instalacao-de-maquinas-e-equipamentos","","/consulta-cnae/manutencao-reparacao-e-instalacao-de-maquinas-e-equipamentos/3314713-manutencao-e-reparacao-de-maquinas-ferramenta/"
"319","3314714","3314714","Manutenção e reparação de máquinas e equipamentos para a prospecção e extração de petróleo","III","Não","6","Atende","manutencao-reparacao-e-instalacao-de-maquinas-e-equipamentos","","/consulta-cnae/manutencao-reparacao-e-instalacao-de-maquinas-e-equipamentos/3314714-manutencao-e-reparacao-de-maquinas-e-equipamentos-para-a-prospeccao-e-extracao-de-petroleo/"
"320","3314715","3314715","Manutenção e reparação de máquinas e equipamentos para uso na extração mineral, exceto na extração de petróleo","III","Não","6","Atende","manutencao-reparacao-e-instalacao-de-maquinas-e-equipamentos","","/consulta-cnae/manutencao-reparacao-e-instalacao-de-maquinas-e-equipamentos/3314715-manutencao-e-reparacao-de-maquinas-e-equipamentos-para-uso-na-extracao-mineral-exceto-na-extracao-de-petroleo/"
"321","3314716","3314716","Manutenção e reparação de tratores, exceto agrícolas","III","Não","6","Atende","manutencao-reparacao-e-instalacao-de-maquinas-e-equipamentos","","/consulta-cnae/manutencao-reparacao-e-instalacao-de-maquinas-e-equipamentos/3314716-manutencao-e-reparacao-de-tratores-exceto-agricolas/"
"322","3314717","3314717","Manutenção e reparação de máquinas e equipamentos de terraplenagem, pavimentação e construção, exceto tratores","III","Não","6","Atende","manutencao-reparacao-e-instalacao-de-maquinas-e-equipamentos","","/consulta-cnae/manutencao-reparacao-e-instalacao-de-maquinas-e-equipamentos/3314717-manutencao-e-reparacao-de-maquinas-e-equipamentos-de-terraplenagem-pavimentacao-e-construcao-exceto-tratores/"
"323","3314718","3314718","Manutenção e reparação de máquinas para a indústria metalúrgica, exceto máquinas-ferramenta","III","Não","6","Atende","manutencao-reparacao-e-instalacao-de-maquinas-e-equipamentos","","/consulta-cnae/manutencao-reparacao-e-instalacao-de-maquinas-e-equipamentos/3314718-manutencao-e-reparacao-de-maquinas-para-a-industria-metalurgica-exceto-maquinas-ferramenta/"
"324","3314719","3314719","Manutenção e reparação de máquinas e equipamentos para as indústrias de alimentos, bebidas e fumo","III","Não","6","Atende","manutencao-reparacao-e-instalacao-de-maquinas-e-equipamentos","","/consulta-cnae/manutencao-reparacao-e-instalacao-de-maquinas-e-equipamentos/3314719-manutencao-e-reparacao-de-maquinas-e-equipamentos-para-as-industrias-de-alimentos-bebidas-e-fumo/"
"325","3314720","3314720","Manutenção e reparação de máquinas e equipamentos para a indústria têxtil, do vestuário, do couro e calçados","III","Não","6","Atende","manutencao-reparacao-e-instalacao-de-maquinas-e-equipamentos","","/consulta-cnae/manutencao-reparacao-e-instalacao-de-maquinas-e-equipamentos/3314720-manutencao-e-reparacao-de-maquinas-e-equipamentos-para-a-industria-textil-do-vestuario-do-couro-e-calcados/"
"326","3314721","3314721","Manutenção e reparação de máquinas e aparelhos para a indústria de celulose, papel e papelão e artefatos","III","Não","6","Atende","manutencao-reparacao-e-instalacao-de-maquinas-e-equipamentos","","/consulta-cnae/manutencao-reparacao-e-instalacao-de-maquinas-e-equipamentos/3314721-manutencao-e-reparacao-de-maquinas-e-aparelhos-para-a-industria-de-celulose-papel-e-papelao-e-artefatos/"
"327","3314722","3314722","Manutenção e reparação de máquinas e aparelhos para a indústria do plástico","III","Não","6","Atende","manutencao-reparacao-e-instalacao-de-maquinas-e-equipamentos","","/consulta-cnae/manutencao-reparacao-e-instalacao-de-maquinas-e-equipamentos/3314722-manutencao-e-reparacao-de-maquinas-e-aparelhos-para-a-industria-do-plastico/"
"328","3314799","3314799","Manutenção e reparação de outras máquinas e equipamentos para usos industriais não especificados anteriormente","III","Não","6","Atende","manutencao-reparacao-e-instalacao-de-maquinas-e-equipamentos","","/consulta-cnae/manutencao-reparacao-e-instalacao-de-maquinas-e-equipamentos/3314799-manutencao-e-reparacao-de-outras-maquinas-e-equipamentos-para-usos-industriais-nao-especificados-anteriormente/"
"329","3315500","3315500","Manutenção e reparação de veículos ferroviários","III","Não","6","Atende","manutencao-reparacao-e-instalacao-de-maquinas-e-equipamentos","","/consulta-cnae/manutencao-reparacao-e-instalacao-de-maquinas-e-equipamentos/3315500-manutencao-e-reparacao-de-veiculos-ferroviarios/"
"330","3316301","3316301","Manutenção e reparação de aeronaves, exceto a manutenção na pista","III","Não","6","Atende","manutencao-reparacao-e-instalacao-de-maquinas-e-equipamentos","","/consulta-cnae/manutencao-reparacao-e-instalacao-de-maquinas-e-equipamentos/3316301-manutencao-e-reparacao-de-aeronaves-exceto-a-manutencao-na-pista/"
"331","3316302","3316302","Manutenção de aeronaves na pista","III","Não","6","Atende","manutencao-reparacao-e-instalacao-de-maquinas-e-equipamentos","","/consulta-cnae/manutencao-reparacao-e-instalacao-de-maquinas-e-equipamentos/3316302-manutencao-de-aeronaves-na-pista/"
"332","3317101","3317101","Manutenção e reparação de embarcações e estruturas flutuantes","III","Não","6","Atende","manutencao-reparacao-e-instalacao-de-maquinas-e-equipamentos","","/consulta-cnae/manutencao-reparacao-e-instalacao-de-maquinas-e-equipamentos/3317101-manutencao-e-reparacao-de-embarcacoes-e-estruturas-flutuantes/"
"333","3317102","3317102","Manutenção e reparação de embarcações para esporte e lazer","III","Não","6","Atende","manutencao-reparacao-e-instalacao-de-maquinas-e-equipamentos","","/consulta-cnae/manutencao-reparacao-e-instalacao-de-maquinas-e-equipamentos/3317102-manutencao-e-reparacao-de-embarcacoes-para-esporte-e-lazer/"
"334","3319800","3319800","Manutenção e reparação de equipamentos e produtos não especificados anteriormente","III","Não","6","Atende","manutencao-reparacao-e-instalacao-de-maquinas-e-equipamentos","","/consulta-cnae/manutencao-reparacao-e-instalacao-de-maquinas-e-equipamentos/3319800-manutencao-e-reparacao-de-equipamentos-e-produtos-nao-especificados-anteriormente/"
"335","3321000","3321000","Instalação de máquinas e equipamentos industriais","III","Não","6","Atende","manutencao-reparacao-e-instalacao-de-maquinas-e-equipamentos","","/consulta-cnae/manutencao-reparacao-e-instalacao-de-maquinas-e-equipamentos/3321000-instalacao-de-maquinas-e-equipamentos-industriais/"
"336","4211102","4211102","Pintura para sinalização em pistas rodoviárias e aeroportos","III","Não","6","Atende","obras-de-infra-estrutura","","/consulta-cnae/obras-de-infra-estrutura/4211102-pintura-para-sinalizacao-em-pistas-rodoviarias-e-aeroportos/"
"337","4221903","4221903","Manutenção de redes de distribuição de energia elétrica","III","Não","6","Atende","obras-de-infra-estrutura","","/consulta-cnae/obras-de-infra-estrutura/4221903-manutencao-de-redes-de-distribuicao-de-energia-eletrica/"
"338","4221905","4221905","Manutenção de estações e redes de telecomunicações","III","Não","6","Atende","obras-de-infra-estrutura","","/consulta-cnae/obras-de-infra-estrutura/4221905-manutencao-de-estacoes-e-redes-de-telecomunicacoes/"
"339","4313400","4313400","Obras de terraplenagem","IV","Não","4.5","Atende","servicos-especializados-para-construcao","","/consulta-cnae/servicos-especializados-para-construcao/4313400-obras-de-terraplenagem/"
"340","4321500","4321500","Instalação e manutenção elétrica","IV","Não","4.5","Atende","servicos-especializados-para-construcao","","/consulta-cnae/servicos-especializados-para-construcao/4321500-instalacao-e-manutencao-eletrica/"
"341","4322301","4322301","Instalações hidráulicas, sanitárias e de gás","IV","Não","4.5","Atende","servicos-especializados-para-construcao","","/consulta-cnae/servicos-especializados-para-construcao/4322301-instalacoes-hidraulicas-sanitarias-e-de-gas/"
"342","4322302","4322302","Instalação e manutenção de sistemas centrais de ar condicionado, de ventilação e refrigeração","III","Não","6","Atende","servicos-especializados-para-construcao","","/consulta-cnae/servicos-especializados-para-construcao/4322302-instalacao-e-manutencao-de-sistemas-centrais-de-ar-condicionado-de-ventilacao-e-refrigeracao/"
"343","4322303","4322303","Instalações de sistema de prevenção contra incêndio","III","Não","6","Atende","servicos-especializados-para-construcao","","/consulta-cnae/servicos-especializados-para-construcao/4322303-instalacoes-de-sistema-de-prevencao-contra-incendio/"
"344","4329101","4329101","Instalação de painéis publicitários","III","Não","6","Atende","servicos-especializados-para-construcao","","/consulta-cnae/servicos-especializados-para-construcao/4329101-instalacao-de-paineis-publicitarios/"
"345","4329102","4329102","Instalação de equipamentos para orientação à navegação marítima, fluvial e lacustre","III","Não","6","Atende","servicos-especializados-para-construcao","","/consulta-cnae/servicos-especializados-para-construcao/4329102-instalacao-de-equipamentos-para-orientacao-a-navegacao-maritima-fluvial-e-lacustre/"
"346","4329103","4329103","Instalação, manutenção e reparação de elevadores, escadas e esteiras rolantes","III","Não","6","Atende","servicos-especializados-para-construcao","","/consulta-cnae/servicos-especializados-para-construcao/4329103-instalacao-manutencao-e-reparacao-de-elevadores-escadas-e-esteiras-rolantes/"
"347","4329104","4329104","Montagem e instalação de sistemas e equipamentos de iluminação e sinalização em vias públicas, portos e aeroportos","III","Não","6","Atende","servicos-especializados-para-construcao","","/consulta-cnae/servicos-especializados-para-construcao/4329104-montagem-e-instalacao-de-sistemas-e-equipamentos-de-iluminacao-e-sinalizacao-em-vias-publicas-portos-e-aeroportos/"
"348","4329105","4329105","Tratamentos térmicos, acústicos ou de vibração","III","Não","6","Atende","servicos-especializados-para-construcao","","/consulta-cnae/servicos-especializados-para-construcao/4329105-tratamentos-termicos-acusticos-ou-de-vibracao/"
"349","4399102","4399102","Montagem e desmontagem de andaimes e outras estruturas temporárias","III","Não","6","Atende","servicos-especializados-para-construcao","","/consulta-cnae/servicos-especializados-para-construcao/4399102-montagem-e-desmontagem-de-andaimes-e-outras-estruturas-temporarias/"
"350","4511101","4511101","Comércio a varejo de automóveis, camionetas e utilitários novos","I","Não","4","Atende","comercio-e-reparacao-de-veiculos-automotores-e-motocicletas","","/consulta-cnae/comercio-e-reparacao-de-veiculos-automotores-e-motocicletas/4511101-comercio-a-varejo-de-automoveis-camionetas-e-utilitarios-novos/"
"351","4520001","4520001","Serviços de manutenção e reparação mecânica de veículos automotores","III","Não","6","Atende","comercio-e-reparacao-de-veiculos-automotores-e-motocicletas","","/consulta-cnae/comercio-e-reparacao-de-veiculos-automotores-e-motocicletas/4520001-servicos-de-manutencao-e-reparacao-mecanica-de-veiculos-automotores/"
"352","4520002","4520002","Serviços de lanternagem ou funilaria e pintura de veículos automotores","III","Não","6","Atende","comercio-e-reparacao-de-veiculos-automotores-e-motocicletas","","/consulta-cnae/comercio-e-reparacao-de-veiculos-automotores-e-motocicletas/4520002-servicos-de-lanternagem-ou-funilaria-e-pintura-de-veiculos-automotores/"
"353","4520003","4520003","Serviços de manutenção e reparação elétrica de veículos automotores","III","Não","6","Atende","comercio-e-reparacao-de-veiculos-automotores-e-motocicletas","","/consulta-cnae/comercio-e-reparacao-de-veiculos-automotores-e-motocicletas/4520003-servicos-de-manutencao-e-reparacao-eletrica-de-veiculos-automotores/"
"354","4520004","4520004","Serviços de alinhamento e balanceamento de veículos automotores","III","Não","6","Atende","comercio-e-reparacao-de-veiculos-automotores-e-motocicletas","","/consulta-cnae/comercio-e-reparacao-de-veiculos-automotores-e-motocicletas/4520004-servicos-de-alinhamento-e-balanceamento-de-veiculos-automotores/"
"355","4520005","4520005","Serviços de lavagem, lubrificação e polimento de veículos automotores","III","Não","6","Atende","comercio-e-reparacao-de-veiculos-automotores-e-motocicletas","","/consulta-cnae/comercio-e-reparacao-de-veiculos-automotores-e-motocicletas/4520005-servicos-de-lavagem-lubrificacao-e-polimento-de-veiculos-automotores/"
"356","4520006","4520006","Serviços de borracharia para veículos automotores","III","Não","6","Atende","comercio-e-reparacao-de-veiculos-automotores-e-motocicletas","","/consulta-cnae/comercio-e-reparacao-de-veiculos-automotores-e-motocicletas/4520006-servicos-de-borracharia-para-veiculos-automotores/"
"357","4520007","4520007","Serviços de instalação, manutenção e reparação de acessórios para veículos automotores","III","Não","6","Atende","comercio-e-reparacao-de-veiculos-automotores-e-motocicletas","","/consulta-cnae/comercio-e-reparacao-de-veiculos-automotores-e-motocicletas/4520007-servicos-de-instalacao-manutencao-e-reparacao-de-acessorios-para-veiculos-automotores/"
"358","4520008","4520008","Serviços de capotaria","III","Não","6","Atende","comercio-e-reparacao-de-veiculos-automotores-e-motocicletas","","/consulta-cnae/comercio-e-reparacao-de-veiculos-automotores-e-motocicletas/4520008-servicos-de-capotaria/"
"359","4530701","4530701","Comércio por atacado de peças e acessórios novos para veículos automotores","I","Não","4","Atende","comercio-e-reparacao-de-veiculos-automotores-e-motocicletas","","/consulta-cnae/comercio-e-reparacao-de-veiculos-automotores-e-motocicletas/4530701-comercio-por-atacado-de-pecas-e-acessorios-novos-para-veiculos-automotores/"
"360","4541203","4541203","Comércio a varejo de motocicletas e motonetas novas","I","Não","4","Atende","comercio-e-reparacao-de-veiculos-automotores-e-motocicletas","","/consulta-cnae/comercio-e-reparacao-de-veiculos-automotores-e-motocicletas/4541203-comercio-a-varejo-de-motocicletas-e-motonetas-novas/"
"361","4541204","4541204","Comércio a varejo de motocicletas e motonetas usadas","I","Não","4","Atende","comercio-e-reparacao-de-veiculos-automotores-e-motocicletas","","/consulta-cnae/comercio-e-reparacao-de-veiculos-automotores-e-motocicletas/4541204-comercio-a-varejo-de-motocicletas-e-motonetas-usadas/"
"362","4543900","4543900","Manutenção e reparação de motocicletas e motonetas","III","Não","6","Atende","comercio-e-reparacao-de-veiculos-automotores-e-motocicletas","","/consulta-cnae/comercio-e-reparacao-de-veiculos-automotores-e-motocicletas/4543900-manutencao-e-reparacao-de-motocicletas-e-motonetas/"
"363","4722902","4722902","Peixaria","I","Não","4","Atende","comercio-varejista","","/consulta-cnae/comercio-varejista/4722902-peixaria/"
"364","4729602","4729602","Comércio varejista de mercadorias em lojas de conveniência","I","Não","4","Atende","comercio-varejista","","/consulta-cnae/comercio-varejista/4729602-comercio-varejista-de-mercadorias-em-lojas-de-conveniencia/"
"365","4741500","4741500","Comércio varejista de tintas e materiais para pintura","I","Não","4","Atende","comercio-varejista","","/consulta-cnae/comercio-varejista/4741500-comercio-varejista-de-tintas-e-materiais-para-pintura/"
"366","4742300","4742300","Comércio varejista de material elétrico","I","Não","4","Atende","comercio-varejista","","/consulta-cnae/comercio-varejista/4742300-comercio-varejista-de-material-eletrico/"
"367","4744001","4744001","Comércio varejista de ferragens e ferramentas","I","Não","4","Atende","comercio-varejista","","/consulta-cnae/comercio-varejista/4744001-comercio-varejista-de-ferragens-e-ferramentas/"
"368","4744003","4744003","Comércio varejista de materiais hidráulicos","I","Não","4","Atende","comercio-varejista","","/consulta-cnae/comercio-varejista/4744003-comercio-varejista-de-materiais-hidraulicos/"
"369","4744004","4744004","Comércio varejista de cal, areia, pedra britada, tijolos e telhas","I","Não","4","Atende","comercio-varejista","","/consulta-cnae/comercio-varejista/4744004-comercio-varejista-de-cal-areia-pedra-britada-tijolos-e-telhas/"
"370","4744005","4744005","Comércio varejista de materiais de construção não especificados anteriormente","I","Não","4","Atende","comercio-varejista","","/consulta-cnae/comercio-varejista/4744005-comercio-varejista-de-materiais-de-construcao-nao-especificados-anteriormente/"
"371","4744006","4744006","Comércio varejista de pedras para revestimento","I","Não","4","Atende","comercio-varejista","","/consulta-cnae/comercio-varejista/4744006-comercio-varejista-de-pedras-para-revestimento/"
"372","4744099","4744099","Comércio varejista de materiais de construção em geral","I","Não","4","Atende","comercio-varejista","","/consulta-cnae/comercio-varejista/4744099-comercio-varejista-de-materiais-de-construcao-em-geral/"
"373","4763605","4763605","Comércio varejista de embarcações e outros veículos recreativos peças e acessórios","I","Não","4","Atende","comercio-varejista","","/consulta-cnae/comercio-varejista/4763605-comercio-varejista-de-embarcacoes-e-outros-veiculos-recreativos-pecas-e-acessorios/"
"374","4771704","4771704","Comércio varejista de medicamentos veterinários","I","Não","4","Atende","comercio-varejista","","/consulta-cnae/comercio-varejista/4771704-comercio-varejista-de-medicamentos-veterinarios/"
"375","4773300","4773300","Comércio varejista de artigos médicos e ortopédicos","I","Não","4","Atende","comercio-varejista","","/consulta-cnae/comercio-varejista/4773300-comercio-varejista-de-artigos-medicos-e-ortopedicos/"
"376","4789005","4789005","Comércio varejista de produtos saneantes domissanitários","I","Não","4","Atende","comercio-varejista","","/consulta-cnae/comercio-varejista/4789005-comercio-varejista-de-produtos-saneantes-domissanitarios/"
"377","4789006","4789006","Comércio varejista de fogos de artifício e artigos pirotécnicos","I","Não","4","Atende","comercio-varejista","","/consulta-cnae/comercio-varejista/4789006-comercio-varejista-de-fogos-de-artificio-e-artigos-pirotecnicos/"
"378","4789009","4789009","Comércio varejista de armas e munições","I","Não","4","Atende","comercio-varejista","","/consulta-cnae/comercio-varejista/4789009-comercio-varejista-de-armas-e-municoes/"
"379","5211702","5211702","Guarda-móveis","III","Não","6","Atende","armazenamento-e-atividades-auxiliares-dos-transportes","","/consulta-cnae/armazenamento-e-atividades-auxiliares-dos-transportes/5211702-guarda-moveis/"
"380","5320201","5320201","Serviços de malote não realizados pelo correio nacional","III","Não","6","Atende","correio-e-outras-atividades-de-entrega","","/consulta-cnae/correio-e-outras-atividades-de-entrega/5320201-servicos-de-malote-nao-realizados-pelo-correio-nacional/"
"381","5320202","5320202","Serviços de entrega rápida","III","Não","6","Atende","correio-e-outras-atividades-de-entrega","","/consulta-cnae/correio-e-outras-atividades-de-entrega/5320202-servicos-de-entrega-rapida/"
"382","5510801","5510801","Hotéis","III","Não","6","Atende","alojamento","","/consulta-cnae/alojamento/5510801-hoteis/"
"383","5510802","5510802","Apart-hotéis","III","Não","6","Atende","alojamento","","/consulta-cnae/alojamento/5510802-apart-hoteis/"
"384","5510803","5510803","Motéis","III","Não","6","Atende","alojamento","","/consulta-cnae/alojamento/5510803-moteis/"
"385","5590601","5590601","Albergues, exceto assistenciais","III","Não","6","Atende","alojamento","","/consulta-cnae/alojamento/5590601-albergues-exceto-assistenciais/"
"386","5590602","5590602","Campings","III","Não","6","Atende","alojamento","","/consulta-cnae/alojamento/5590602-campings/"
"387","5590603","5590603","Pensões (alojamento)","III","Não","6","Atende","alojamento","","/consulta-cnae/alojamento/5590603-pensoes-alojamento/"
"388","5590699","5590699","Outros alojamentos não especificados anteriormente","III","Não","6","Atende","alojamento","","/consulta-cnae/alojamento/5590699-outros-alojamentos-nao-especificados-anteriormente/"
"389","5620102","5620102","Serviços de alimentação para eventos e recepções – bufê","III","Não","6","Atende","alimentacao","par_anomalo","/consulta-cnae/alimentacao/5620102-servicos-de-alimentacao-para-eventos-e-recepcoes-bufe/"
"390","5620102","5620102","Serviços de alimentação para eventos e recepções – bufê","I","Não","4","Atende","alimentacao","par_anomalo","/consulta-cnae/alimentacao/5620102-servicos-de-alimentacao-para-eventos-e-recepcoes-bufe/"
"391","5811500","5811500","Edição de livros","III","Não","6","Atende","edicao-e-edicao-integrada-a-impressao","","/consulta-cnae/edicao-e-edicao-integrada-a-impressao/5811500-edicao-de-livros/"
"392","5812301","5812301","Edição de jornais diários","III","Não","6","Atende","edicao-e-edicao-integrada-a-impressao","","/consulta-cnae/edicao-e-edicao-integrada-a-impressao/5812301-edicao-de-jornais-diarios/"
"393","5812302","5812302","Edição de jornais não diários","III","Não","6","Atende","edicao-e-edicao-integrada-a-impressao","","/consulta-cnae/edicao-e-edicao-integrada-a-impressao/5812302-edicao-de-jornais-nao-diarios/"
"394","5813100","5813100","Edição de revistas","III","Não","6","Atende","edicao-e-edicao-integrada-a-impressao","","/consulta-cnae/edicao-e-edicao-integrada-a-impressao/5813100-edicao-de-revistas/"
"395","5819100","5819100","Edição de cadastros, listas e outros produtos gráficos","III","Não","6","Atende","edicao-e-edicao-integrada-a-impressao","","/consulta-cnae/edicao-e-edicao-integrada-a-impressao/5819100-edicao-de-cadastros-listas-e-outros-produtos-graficos/"
"396","6822600","6822600","Gestão e administração da propriedade imobiliária","V","Sim","15.5","Atende","atividades-imobiliarias","par_fator_r","/consulta-cnae/atividades-imobiliarias/6822600-gestao-e-administracao-da-propriedade-imobiliaria/"
"397","6822600","6822600","Gestão e administração da propriedade imobiliária","III","Sim","6","Atende","atividades-imobiliarias","par_fator_r","/consulta-cnae/atividades-imobiliarias/6822600-gestao-e-administracao-da-propriedade-imobiliaria/"
"398","7711000","7711000","Locação de automóveis sem condutor","III","Não","6","Atende","alugueis-nao-imobiliarios-e-gestao-de-ativos-intangiveis-nao-financeiros","","/consulta-cnae/alugueis-nao-imobiliarios-e-gestao-de-ativos-intangiveis-nao-financeiros/7711000-locacao-de-automoveis-sem-condutor/"
"399","8020001","8020001","Atividades de monitoramento de sistemas de segurança eletrônico","IV","Não","4.5","Atende","atividades-de-vigilancia-seguranca-e-investigacao","","/consulta-cnae/atividades-de-vigilancia-seguranca-e-investigacao/8020001-atividades-de-monitoramento-de-sistemas-de-seguranca-eletronico/"
"400","8219901","8219901","Fotocópias","III","Não","6","Atende","servicos-de-escritorio-de-apoio-administrativo-e-outros-servicos-prestados-principalmente-as-empresas","","/consulta-cnae/servicos-de-escritorio-de-apoio-administrativo-e-outros-servicos-prestados-principalmente-as-empresas/8219901-fotocopias/"
"401","8599601","8599601","Formação de condutores","III","Não","6","Atende","educacao","","/consulta-cnae/educacao/8599601-formacao-de-condutores/"
"402","8599602","8599602","Cursos de pilotagem","III","Não","6","Atende","educacao","","/consulta-cnae/educacao/8599602-cursos-de-pilotagem/"
"403","8610102","8610102","Atividades de atendimento em pronto-socorro e unidades hospitalares para atendimento a urgências","III","Sim","6","Atende","atividades-de-atencao-a-saude-humana","fator_r_sim_sem_par","/consulta-cnae/atividades-de-atencao-a-saude-humana/8610102-atividades-de-atendimento-em-pronto-socorro-e-unidades-hospitalares-para-atendimento-a-urgencias/"
"404","8621601","8621601","Uti móvel","III","Sim","6","Atende","atividades-de-atencao-a-saude-humana","fator_r_sim_sem_par","/consulta-cnae/atividades-de-atencao-a-saude-humana/8621601-uti-movel/"
"405","8621602","8621602","Serviços móveis de atendimento a urgências, exceto por uti móvel","III","Sim","6","Atende","atividades-de-atencao-a-saude-humana","fator_r_sim_sem_par","/consulta-cnae/atividades-de-atencao-a-saude-humana/8621602-servicos-moveis-de-atendimento-a-urgencias-exceto-por-uti-movel/"
"406","8622400","8622400","Serviços de remoção de pacientes, exceto os serviços móveis de atendimento a urgências","V","Sim","15.5","Atende","atividades-de-atencao-a-saude-humana","fator_r_sim_sem_par","/consulta-cnae/atividades-de-atencao-a-saude-humana/8622400-servicos-de-remocao-de-pacientes-exceto-os-servicos-moveis-de-atendimento-a-urgencias/"
"407","8690902","8690902","Atividades de banco de leite humano","III","Sim","6","Atende","atividades-de-atencao-a-saude-humana","fator_r_sim_sem_par","/consulta-cnae/atividades-de-atencao-a-saude-humana/8690902-atividades-de-banco-de-leite-humano/"
"408","8711501","8711501","Clínicas e residências geriátricas","V","Sim","15.5","Atende","atividades-de-atencao-a-saude-humana-integradas-com-assistencia-social-prestadas-em-residencias-coletivas-e-particulares","fator_r_sim_sem_par","/consulta-cnae/atividades-de-atencao-a-saude-humana-integradas-com-assistencia-social-prestadas-em-residencias-coletivas-e-particulares/8711501-clinicas-e-residencias-geriatricas/"
"409","8711502","8711502","Instituições de longa permanência para idosos","III","Não","6","Atende","atividades-de-atencao-a-saude-humana-integradas-com-assistencia-social-prestadas-em-residencias-coletivas-e-particulares","","/consulta-cnae/atividades-de-atencao-a-saude-humana-integradas-com-assistencia-social-prestadas-em-residencias-coletivas-e-particulares/8711502-instituicoes-de-longa-permanencia-para-idosos/"
"410","8712300","8712300","Atividades de fornecimento de infra-estrutura de apoio e assistência a paciente no domicílio","III","Não","6","Atende","atividades-de-atencao-a-saude-humana-integradas-com-assistencia-social-prestadas-em-residencias-coletivas-e-particulares","","/consulta-cnae/atividades-de-atencao-a-saude-humana-integradas-com-assistencia-social-prestadas-em-residencias-coletivas-e-particulares/8712300-atividades-de-fornecimento-de-infra-estrutura-de-apoio-e-assistencia-a-paciente-no-domicilio/"
"411","9003500","9003500","Gestão de espaços para artes cênicas, espetáculos e outras atividades artísticas","III","Não","6","Atende","atividades-artisticas-criativas-e-de-espetaculos","","/consulta-cnae/atividades-artisticas-criativas-e-de-espetaculos/9003500-gestao-de-espacos-para-artes-cenicas-espetaculos-e-outras-atividades-artisticas/"
"412","9101500","9101500","Atividades de bibliotecas e arquivos","III","Não","6","Atende","atividades-ligadas-ao-patrimonio-cultural-e-ambiental","","/consulta-cnae/atividades-ligadas-ao-patrimonio-cultural-e-ambiental/9101500-atividades-de-bibliotecas-e-arquivos/"
"413","9102301","9102301","Atividades de museus e de exploração de lugares e prédios históricos e atrações similares","III","Não","6","Atende","atividades-ligadas-ao-patrimonio-cultural-e-ambiental","","/consulta-cnae/atividades-ligadas-ao-patrimonio-cultural-e-ambiental/9102301-atividades-de-museus-e-de-exploracao-de-lugares-e-predios-historicos-e-atracoes-similares/"
"414","9102302","9102302","Restauração e conservação de lugares e prédios históricos","III","Não","6","Atende","atividades-ligadas-ao-patrimonio-cultural-e-ambiental","","/consulta-cnae/atividades-ligadas-ao-patrimonio-cultural-e-ambiental/9102302-restauracao-e-conservacao-de-lugares-e-predios-historicos/"
"415","6612605","6612605","Agentes de investimentos em aplicações financeiras","III","Não","6","Atende","atividades-auxiliares-dos-servicos-financeiros-seguros-previdencia-complementar-e-planos-de-saude","","/consulta-cnae/atividades-auxiliares-dos-servicos-financeiros-seguros-previdencia-complementar-e-planos-de-saude/6612605-agentes-de-investimentos-em-aplicacoes-financeiras/"
"416","6911702","6911702","Atividades auxiliares da justiça","III","Não","6","Atende","atividades-juridicas-de-contabilidade-e-de-auditoria","","/consulta-cnae/atividades-juridicas-de-contabilidade-e-de-auditoria/6911702-atividades-auxiliares-da-justica/"
"417","4120400","4120400","Construção de edifícios","IV","Não","4.5","Não atende","construcao-de-edificios","","/consulta-cnae/construcao-de-edificios/4120400-construcao-de-edificios/"